Word,Sets,Source,Checks,Score,Synonyms,Generated,Added
non,LOT,10000 list,3,0,False,False,2025-09-08
electronic,DRESS LOT,10000 list,3,0,False,False,2025-09-08
Com,LOT,10000 list,3,0,False,False,2025-09-08
our,MOUTH,10000 list,3,0,False,False,2025-09-08
well,DRESS,10000 list,3,0,False,False,2025-09-08
example,BATH,10000 list,3,0,False,False,2025-09-08
given,KIT,10000 list,3,0,False,False,2025-09-08
france,BATH,10000 list,3,0,False,False,2025-09-08
entry,DRESS HAPPY,10000 list,3,0,False,False,2025-09-08
stay,FACE,10000 list,3,0,False,False,2025-09-08
king,KIT,10000 list,3,0,False,False,2025-09-08
bay,FACE,10000 list,3,0,False,False,2025-09-08
engine,DRESS KIT,10000 list,3,0,False,False,2025-09-08
regional,FLEECE KIT,10000 list,3,0,False,False,2025-09-08
institute,KIT GOOSE,10000 list,3,0,False,False,2025-09-08
build,KIT,10000 list,3,0,False,False,2025-09-08
season,FLEECE,10000 list,3,0,False,False,2025-09-08
anything,DRESS HAPPY KIT,10000 list,3,0,False,False,2025-09-08
effective,DRESS KIT,10000 list,3,0,False,False,2025-09-08
effect,DRESS,10000 list,3,0,False,False,2025-09-08
eur,CURE,10000 list,3,0,False,False,2025-09-08
selection,DRESS,10000 list,3,0,False,False,2025-09-08
pdf,FLEECE DRESS,10000 list,3,0,False,False,2025-09-08
usr,GOOSE DRESS START,10000 list,3,0,False,False,2025-09-08
jewelry,GOOSE (LETTER) HAPPY,10000 list,3,0,False,False,2025-09-08
fine,PRICE,10000 list,3,0,False,False,2025-09-08
homepage,GOAT FACE,10000 list,3,0,False,False,2025-09-08
military,KIT (SQUARE) HAPPY,10000 list,3,0,False,False,2025-09-08
rental,DRESS,10000 list,3,0,False,False,2025-09-08
leave,FLEECE,10000 list,3,0,False,False,2025-09-08
british,KIT,10000 list,3,0,False,False,2025-09-08
pre,FLEECE,10000 list,3,0,False,False,2025-09-08
zip,KIT,10000 list,3,0,False,False,2025-09-08
tuesday,GOOSE FACE,10000 list,3,0,False,False,2025-09-08
client,PRICE,10000 list,3,0,False,False,2025-09-08
sample,TRAP,10000 list,3,0,False,False,2025-09-08
band,TRAP,10000 list,3,0,False,False,2025-09-08
george,NORTH,10000 list,3,0,False,False,2025-09-08
went,DRESS,10000 list,3,0,False,False,2025-09-08
registration,DRESS KIT FACE,10000 list,3,0,False,False,2025-09-08
fri,PRICE,10000 list,3,0,False,False,2025-09-08
washington,CLOTH KIT,10000 list,3,0,False,False,2025-09-08
foreign,LOT/NORTH KIT,10000 list,3,0,False,False,2025-09-08
law,THOUGHT,10000 list,3,0,False,False,2025-09-08
non,LOT,10000 list,3,0,False,False,2025-09-08
war,NORTH,10000 list,3,0,False,False,2025-09-08
holiday,LOT FACE,10000 list,3,0,False,False,2025-09-08
electronic,DRESS LOT KIT,10000 list,3,0,False,False,2025-09-08
corporation,NORTH FACE,10000 list,3,0,False,False,2025-09-08
channel,TRAP,10000 list,3,0,False,False,2025-09-08
fund,STRUT,10000 list,3,0,False,False,2025-09-08
custom,STRUT,10000 list,3,0,False,False,2025-09-08
located,GOAT FACE,10000 list,3,0,False,False,2025-09-08
asian,FACE,10000 list,3,0,False,False,2025-09-08
inn,KIT,10000 list,3,0,False,False,2025-09-08
cnet,,10000 list,3,0,False,False,2025-09-08
ltd,KIT,10000 list,3,0,False,False,2025-09-08
late,FACE,10000 list,3,0,False,False,2025-09-08
fall,THOUGHT,10000 list,3,0,False,False,2025-09-08
featured,FLEECE NURSE,10000 list,3,0,False,False,2025-09-08
responsible,KIT LOT,10000 list,3,0,False,False,2025-09-08
inc,KIT,10000 list,3,0,False,False,2025-09-08
win,KIT,10000 list,3,0,False,False,2025-09-08
reason,FLEECE,10000 list,3,0,False,False,2025-09-08
tool,GOOSE,10000 list,3,0,False,False,2025-09-08
spring,KIT,10000 list,3,0,False,False,2025-09-08
mon,STRUT,10000 list,3,0,False,False,2025-09-08
com,LOT,10000 list,3,0,False,False,2025-09-08
answer,BATH lettER,10000 list,3,0,False,False,2025-09-08
friendly,DRESS happY,10000 list,3,0,False,False,2025-09-08
independent,KIT DRESS,10000 list,3,0,False,False,2025-09-08
deal,FLEECE,10000 list,3,0,False,False,2025-09-08
tue,GOOSE,10000 list,3,0,False,False,2025-09-08
thank,TRAP,10000 list,3,0,False,False,2025-09-08
animal,TRAP KIT,10000 list,3,0,False,False,2025-09-08
mexico,DRESS GOAT,10000 list,3,0,False,False,2025-09-08
simply,KIT HAPPY,10000 list,3,0,False,False,2025-09-08
christian,KIT,10000 list,3,0,False,False,2025-09-08
favorite,FACE KIT,10000 list,3,0,False,False,2025-09-08
option,LOT,10000 list,3,0,False,False,2025-09-08
recently,FLEECE happY,10000 list,3,0,False,False,2025-09-08
built,KIT,10000 list,3,0,False,False,2025-09-08
connection,DRESS,10000 list,3,0,False,False,2025-09-08
anti,TRAP FLEECE/PRICE,10000 list,3,0,False,False,2025-09-08
nokia,GOAT/LOT FLEECE,10000 list,3,0,False,False,2025-09-08
tel,DRESS,10000 list,3,0,False,False,2025-09-08
carolina,TRAP/SQUARE PRICE,10000 list,3,0,False,False,2025-09-08
hospital,CLOTH,10000 list,3,0,False,False,2025-09-08
disease,KIT FLEECE,10000 list,3,0,False,False,2025-09-08
kit,KIT,10000 list,3,0,False,False,2025-09-08
command,BATH,10000 list,3,0,False,False,2025-09-08
express,DRESS,10000 list,3,0,False,False,2025-09-08
anal,FACE,10000 list,3,0,False,False,2025-09-08
award,NORTH,10000 list,3,0,False,False,2025-09-08
tree,FLEECE,10000 list,3,0,False,False,2025-09-08
ensure,CURE,10000 list,3,0,False,False,2025-09-08
involved,KIT LOT,10000 list,3,0,False,False,2025-09-08
pussy,FOOT happY,10000 list,3,0,False,False,2025-09-08
directly,(PRICE) DRESS happY,10000 list,3,0,False,False,2025-09-08
rule,GOOSE,10000 list,3,0,False,False,2025-09-08
mac,TRAP,10000 list,3,0,False,False,2025-09-08
iii,PRICE,10000 list,3,0,False,False,2025-09-08
gmt,FLEECE DRESS,10000 list,3,0,False,False,2025-09-08
catalog,TRAP LOT,10000 list,3,0,False,False,2025-09-08
searches,NURSE,10000 list,3,0,False,False,2025-09-08
xml,DRESS,10000 list,3,0,False,False,2025-09-08
bin,KIT,10000 list,3,0,False,False,2025-09-08
sexy,DRESS HAPPY,10000 list,3,0,False,False,2025-09-08
grand,BATH,10000 list,3,0,False,False,2025-09-08
trial,PRICE,10000 list,3,0,False,False,2025-09-08
canadian,FACE FLEECE,10000 list,3,0,False,False,2025-09-08
normal,NORTH,10000 list,3,0,False,False,2025-09-08
educational,DRESS FACE,10000 list,3,0,False,False,2025-09-08
abstract,TRAP,10000 list,3,0,False,False,2025-09-08
responsibility,LOT KIT HAPPY,10000 list,3,0,False,False,2025-09-08
guest,DRESS,10000 list,3,0,False,False,2025-09-08
multi,STRUT PRICE/FLEECE,10000 list,3,0,False,False,2025-09-08
vacation,FACE,10000 list,3,0,False,False,2025-09-08
academic,TRAP DRESS KIT,10000 list,3,0,False,False,2025-09-08
completed,FLEECE,10000 list,3,0,False,False,2025-09-08
skin,KIT,10000 list,3,0,False,False,2025-09-08
indian,KIT FLEECE,10000 list,3,0,False,False,2025-09-08
prev,FLEECE,10000 list,3,0,False,False,2025-09-08
ring,KIT,10000 list,3,0,False,False,2025-09-08
filter,KIT lettER,10000 list,3,0,False,False,2025-09-08
vehicle,FLEECE (KIT),10000 list,3,0,False,False,2025-09-08
int,KIT,10000 list,3,0,False,False,2025-09-08
panel,TRAP,10000 list,3,0,False,False,2025-09-08
german,NURSE,10000 list,3,0,False,False,2025-09-08
plant,BATH,10000 list,3,0,False,False,2025-09-08
faculty,TRAP HAPPY,10000 list,3,0,False,False,2025-09-08
sense,DRESS,10000 list,3,0,False,False,2025-09-08
released,FLEECE,10000 list,3,0,False,False,2025-09-08
approved,GOOSE,10000 list,3,0,False,False,2025-09-08
usb,GOOSE DRESS FLEECE,10000 list,3,0,False,False,2025-09-08
php,FLEECE,10000 list,3,0,False,False,2025-09-08
phentermine,DRESS NURSE KIT,10000 list,3,0,False,False,2025-09-08
etc,DRESS NURSE,10000 list,3,0,False,False,2025-09-08
battery,TRAP HAPPY,10000 list,3,0,False,False,2025-09-08
youth,GOOSE,10000 list,3,0,False,False,2025-09-08
submitted,STRUT KIT,10000 list,3,0,False,False,2025-09-08
debt,DRESS,10000 list,3,0,False,False,2025-09-08
dance,BATH,10000 list,3,0,False,False,2025-09-08
msn,DRESS,10000 list,3,0,False,False,2025-09-08
itself,KIT DRESS,10000 list,3,0,False,False,2025-09-08
defined,PRICE,10000 list,3,0,False,False,2025-09-08
fee,FLEECE,10000 list,3,0,False,False,2025-09-08
studio,GOOSE FLEECE GOAT,10000 list,3,0,False,False,2025-09-08
min,KIT,10000 list,3,0,False,False,2025-09-08
aid,FACE,10000 list,3,0,False,False,2025-09-08
minimum,KIT,10000 list,3,0,False,False,2025-09-08
isbn,PRICE DRESS FLEECE,10000 list,3,0,False,False,2025-09-08
block,LOT,10000 list,3,0,False,False,2025-09-08
increased,KIT FLEECE,10000 list,3,0,False,False,2025-09-08
steel,FLEECE,10000 list,3,0,False,False,2025-09-08
classes,BATH,10000 list,3,0,False,False,2025-09-08
ohio,GOAT PRICE,10000 list,3,0,False,False,2025-09-08
electric,DRESS KIT,10000 list,3,0,False,False,2025-09-08
saw,THOUGHT,10000 list,3,0,False,False,2025-09-08
businesses,KIT,10000 list,3,0,False,False,2025-09-08
respect,DRESS,10000 list,3,0,False,False,2025-09-08
xxx,DRESS,10000 list,3,0,False,False,2025-09-08
farm,START,10000 list,3,0,False,False,2025-09-08
peace,FLEECE,10000 list,3,0,False,False,2025-09-08
campus,TRAP,10000 list,3,0,False,False,2025-09-08
benefit,DRESS KIT,10000 list,3,0,False,False,2025-09-08
grant,BATH,10000 list,3,0,False,False,2025-09-08
fiction,KIT,10000 list,3,0,False,False,2025-09-08
watches,LOT KIT,10000 list,3,0,False,False,2025-09-08
fan,TRAP,10000 list,3,0,False,False,2025-09-08
ten,DRESS,10000 list,3,0,False,False,2025-09-08
respective,DRESS KIT,10000 list,3,0,False,False,2025-09-08
parent,SQUARE,10000 list,3,0,False,False,2025-09-08
michigan,KIT,10000 list,3,0,False,False,2025-09-08
columbia,STRUT FLEECE,10000 list,3,0,False,False,2025-09-08
stand,TRAP,10000 list,3,0,False,False,2025-09-08
helpful,DRESS,10000 list,3,0,False,False,2025-09-08
critical,KIT,10000 list,3,0,False,False,2025-09-08
musical,GOOSE KIT,10000 list,3,0,False,False,2025-09-08
angeles,TRAP DRESS/FLEECE,10000 list,3,0,False,False,2025-09-08
australian,CLOTH FACE FLEECE,10000 list,3,0,False,False,2025-09-08
chief,FLEECE,10000 list,3,0,False,False,2025-09-08
bottom,LOT commA,10000 list,3,0,False,False,2025-09-08
francisco,TRAP KIT GOAT,10000 list,3,0,False,False,2025-09-08
changed,FACE,10000 list,3,0,False,False,2025-09-08
begin,KIT,10000 list,3,0,False,False,2025-09-08
african,TRAP KIT,10000 list,3,0,False,False,2025-09-08
guidelines,PRICE,10000 list,3,0,False,False,2025-09-08
dev,DRESS,10000 list,3,0,False,False,2025-09-08
applied,PRICE,10000 list,3,0,False,False,2025-09-08
weekly,FLEECE HAPPY,10000 list,3,0,False,False,2025-09-08
vol,LOT,10000 list,3,0,False,False,2025-09-08
described,PRICE,10000 list,3,0,False,False,2025-09-08
demand,BATH,10000 list,3,0,False,False,2025-09-08
vegas,FACE,10000 list,3,0,False,False,2025-09-08
chris,KIT,10000 list,3,0,False,False,2025-09-08
advance,BATH,10000 list,3,0,False,False,2025-09-08
lee,FLEECE,10000 list,3,0,False,False,2025-09-08
difference,KIT,10000 list,3,0,False,False,2025-09-08
correct,DRESS,10000 list,3,0,False,False,2025-09-08
nation,FACE,10000 list,3,0,False,False,2025-09-08
piece,FLEECE,10000 list,3,0,False,False,2025-09-08
species,FLEECE,10000 list,3,0,False,False,2025-09-08
module,LOT GOOSE/commA,10000 list,3,0,False,False,2025-09-08
facility,KIT HAPPY,10000 list,3,0,False,False,2025-09-08
random,TRAP,10000 list,3,0,False,False,2025-09-08
documentation,LOT GOOSE DRESS FACE,10000 list,3,0,False,False,2025-09-08
chance,BATH,10000 list,3,0,False,False,2025-09-08
automotive,THOUGHT GOAT KIT,10000 list,3,0,False,False,2025-09-08
successful,DRESS STRUT,10000 list,3,0,False,False,2025-09-08
clinical,KIT,10000 list,3,0,False,False,2025-09-08
determine,NURSE KIT,10000 list,3,0,False,False,2025-09-08
milf,KIT,10000 list,3,0,False,False,2025-09-08
palm,PALM,10000 list,3,0,False,False,2025-09-08
commerce,LOT NURSE,10000 list,3,0,False,False,2025-09-08
fit,KIT,10000 list,3,0,False,False,2025-09-08
amateur,TRAP NURSE,10000 list,3,0,False,False,2025-09-08
www,STRUT GOOSE,10000 list,3,0,False,False,2025-09-08
cum,STRUT,10000 list,3,0,False,False,2025-09-08
steve,FLEECE,10000 list,3,0,False,False,2025-09-08
easily,FLEECE HAPPY,10000 list,3,0,False,False,2025-09-08
functional,STRUT,10000 list,3,0,False,False,2025-09-08
closed,GOAT,10000 list,3,0,False,False,2025-09-08
pink,KIT,10000 list,3,0,False,False,2025-09-08
zealand,FLEECE,10000 list,3,0,False,False,2025-09-08
balance,TRAP,10000 list,3,0,False,False,2025-09-08
shot,LOT,10000 list,3,0,False,False,2025-09-08
initial,KIT,10000 list,3,0,False,False,2025-09-08
scott,LOT,10000 list,3,0,False,False,2025-09-08
llc,DRESS FLEECE,10000 list,3,0,False,False,2025-09-08
sec,DRESS,10000 list,3,0,False,False,2025-09-08
canon,TRAP,10000 list,3,0,False,False,2025-09-08
optional,LOT,10000 list,3,0,False,False,2025-09-08
dictionary,KIT (SQUARE) HAPPY,10000 list,3,0,False,False,2025-09-08
context,LOT DRESS,10000 list,3,0,False,False,2025-09-08
apparel,TRAP/SQUARE,10000 list,3,0,False,False,2025-09-08
generally,DRESS HAPPY,10000 list,3,0,False,False,2025-09-08
count,MOUTH,10000 list,3,0,False,False,2025-09-08
breast,DRESS,10000 list,3,0,False,False,2025-09-08
ibm,PRICE FLEECE DRESS,10000 list,3,0,False,False,2025-09-08
johnson,LOT,10000 list,3,0,False,False,2025-09-08
quickly,KIT HAPPY,10000 list,3,0,False,False,2025-09-08
claim,FACE,10000 list,3,0,False,False,2025-09-08
kansas,TRAP,10000 list,3,0,False,False,2025-09-08
chemical,DRESS KIT,10000 list,3,0,False,False,2025-09-08
doctor,LOT,10000 list,3,0,False,False,2025-09-08
himself,KIT DRESS,10000 list,3,0,False,False,2025-09-08
component,GOAT,10000 list,3,0,False,False,2025-09-08
santa,TRAP,10000 list,3,0,False,False,2025-09-08
diamond,PRICE,10000 list,3,0,False,False,2025-09-08
israel,KIT FACE,10000 list,3,0,False,False,2025-09-08
jones,GOAT,10000 list,3,0,False,False,2025-09-08
arizona,TRAP KIT GOAT,10000 list,3,0,False,False,2025-09-08
keyword,FLEECE NURSE,10000 list,3,0,False,False,2025-09-08
username,GOOSE NURSE FACE,10000 list,3,0,False,False,2025-09-08
fuck,STRUT,10000 list,3,0,False,False,2025-09-08
produced,GOOSE,10000 list,3,0,False,False,2025-09-08
produce,GOAT GOOSE,10000 list,3,0,False,False,2025-09-08
pocket,LOT,10000 list,3,0,False,False,2025-09-08
jim,KIT,10000 list,3,0,False,False,2025-09-08
factor,TRAP LETTER,10000 list,3,0,False,False,2025-09-08
generated,DRESS LETTER FACE,10000 list,3,0,False,False,2025-09-08
administrative,TRAP KIT,10000 list,3,0,False,False,2025-09-08
administrate,TRAP KIT FACE,10000 list,3,0,False,False,2025-09-08
limit,KIT,10000 list,3,0,False,False,2025-09-08
began,(FLEECE) TRAP,10000 list,3,0,False,False,2025-09-08
louis,GOOSE KIT/FLEECE,10000 list,3,0,False,False,2025-09-08
bondage,LOT,10000 list,3,0,False,False,2025-09-08
del,DRESS,10000 list,3,0,False,False,2025-09-08
essential,DRESS,10000 list,3,0,False,False,2025-09-08
immediately,KIT FLEECE,10000 list,3,0,False,False,2025-09-08
admin,TRAP KIT,10000 list,3,0,False,False,2025-09-08
defense,(FLEECE) DRESS,10000 list,3,0,False,False,2025-09-08
designated,DRESS KIT FACE,10000 list,3,0,False,False,2025-09-08
joe,GOAT,10000 list,3,0,False,False,2025-09-08
integrated,KIT FACE,10000 list,3,0,False,False,2025-09-08
configuration,LOT KIT NURSE FACE,10000 list,3,0,False,False,2025-09-08
cock,LOT,10000 list,3,0,False,False,2025-09-08
comprehensive,LOT FLEECE DRESS,10000 list,3,0,False,False,2025-09-08
expert,DRESS NURSE,10000 list,3,0,False,False,2025-09-08
protect,DRESS,10000 list,3,0,False,False,2025-09-08
compliance,PRICE,10000 list,3,0,False,False,2025-09-08
prevent,DRESS,10000 list,3,0,False,False,2025-09-08
pennsylvania,DRESS FACE (FLEECE),10000 list,3,0,False,False,2025-09-08
spirit,(FLEECE) KIT,10000 list,3,0,False,False,2025-09-08
porno,NORTH GOAT,10000 list,3,0,False,False,2025-09-08
acceptance,DRESS,10000 list,3,0,False,False,2025-09-08
election,DRESS,10000 list,3,0,False,False,2025-09-08
branch,BATH,10000 list,3,0,False,False,2025-09-08
serve,NURSE,10000 list,3,0,False,False,2025-09-08
certified,NURSE PRICE,10000 list,3,0,False,False,2025-09-08
manage,TRAP,10000 list,3,0,False,False,2025-09-08
element,DRESS,10000 list,3,0,False,False,2025-09-08
interactive,KIT NURSE TRAP,10000 list,3,0,False,False,2025-09-08
quarter,THOUGHT LETTER,10000 list,3,0,False,False,2025-09-08
define,PRICE,10000 list,3,0,False,False,2025-09-08
religious,(FLEECE) KIT,10000 list,3,0,False,False,2025-09-08
breakfast,DRESS,10000 list,3,0,False,False,2025-09-08
kong,CLOTH,10000 list,3,0,False,False,2025-09-08
column,LOT,10000 list,3,0,False,False,2025-09-08
approximately,LOT HAPPY,10000 list,3,0,False,False,2025-09-08
domestic,DRESS KIT,10000 list,3,0,False,False,2025-09-08
sitemap,PRICE TRAP,10000 list,3,0,False,False,2025-09-08
moved,GOOSE,10000 list,3,0,False,False,2025-09-08
houston,GOOSE,10000 list,3,0,False,False,2025-09-08
comparison,LOT TRAP/SQUARE KIT,10000 list,3,0,False,False,2025-09-08
mental,DRESS,10000 list,3,0,False,False,2025-09-08
inch,KIT,10000 list,3,0,False,False,2025-09-08
damage,TRAP,10000 list,3,0,False,False,2025-09-08
gamma,TRAP,10000 list,3,0,False,False,2025-09-08
placed,FACE,10000 list,3,0,False,False,2025-09-08
failure,FACE NURSE,10000 list,3,0,False,False,2025-09-08
camp,TRAP,10000 list,3,0,False,False,2025-09-08
automatically,THOUGHT TRAP KIT HAPPY,10000 list,3,0,False,False,2025-09-08
auto,THOUGHT GOAT,10000 list,3,0,False,False,2025-09-08
minnesota,KIT GOAT,10000 list,3,0,False,False,2025-09-08
fill,KIT,10000 list,3,0,False,False,2025-09-08
jesus,FLEECE,10000 list,3,0,False,False,2025-09-08
profit,LOT KIT,10000 list,3,0,False,False,2025-09-08
expect,DRESS,10000 list,3,0,False,False,2025-09-08
extension,DRESS,10000 list,3,0,False,False,2025-09-08
seattle,FLEECE TRAP,10000 list,3,0,False,False,2025-09-08
golden,GOAT,10000 list,3,0,False,False,2025-09-08
completely,LOT FLEECE,10000 list,3,0,False,False,2025-09-08
senate,DRESS KIT/commA,10000 list,3,0,False,False,2025-09-08
funny,STRUT HAPPY,10000 list,3,0,False,False,2025-09-08
gene,FLEECE,10000 list,3,0,False,False,2025-09-08
electrical,DRESS KIT,10000 list,3,0,False,False,2025-09-08
applicable,TRAP KIT,10000 list,3,0,False,False,2025-09-08
disc,KIT,10000 list,3,0,False,False,2025-09-08
hentai,DRESS PRICE,10000 list,3,0,False,False,2025-09-08
warranty,CLOTH commA HAPPY,10000 list,3,0,False,False,2025-09-08
dedicated,DRESS FACE,10000 list,3,0,False,False,2025-09-08
indiana,KIT FLEECE TRAP,10000 list,3,0,False,False,2025-09-08
direction,NURSE/PRICE DRESS,10000 list,3,0,False,False,2025-09-08
delete,FLEECE,10000 list,3,0,False,False,2025-09-08
taxes,TRAP,10000 list,3,0,False,False,2025-09-08
criminal,KIT,10000 list,3,0,False,False,2025-09-08
wisconsin,KIT LOT,10000 list,3,0,False,False,2025-09-08
felt,DRESS,10000 list,3,0,False,False,2025-09-08
identified,PRICE DRESS KIT,10000 list,3,0,False,False,2025-09-08
pic,KIT,10000 list,3,0,False,False,2025-09-08
decided,KIT PRICE,10000 list,3,0,False,False,2025-09-08
graphic,TRAP KIT,10000 list,3,0,False,False,2025-09-08
atom,TRAP,10000 list,3,0,False,False,2025-09-08
estimated,DRESS FACE,10000 list,3,0,False,False,2025-09-08
brief,FLEECE,10000 list,3,0,False,False,2025-09-08
served,NURSE,10000 list,3,0,False,False,2025-09-08
miscellaneous,KIT FACE FLEECE,10000 list,3,0,False,False,2025-09-08
dining,PRICE KIT,10000 list,3,0,False,False,2025-09-08
integration,KIT FACE,10000 list,3,0,False,False,2025-09-08
disk,KIT,10000 list,3,0,False,False,2025-09-08
fix,KIT,10000 list,3,0,False,False,2025-09-08
handle,TRAP,10000 list,3,0,False,False,2025-09-08
desk,DRESS,10000 list,3,0,False,False,2025-09-08
pubmed,STRUT DRESS,10000 list,3,0,False,False,2025-09-08
diego,FLEECE FACE/DRESS GOAT,10000 list,3,0,False,False,2025-09-08
hong,CLOTH,10000 list,3,0,False,False,2025-09-08
behavior,FLEECE FACE NURSE,10000 list,3,0,False,False,2025-09-08
ray,FACE,10000 list,3,0,False,False,2025-09-08
frequently,FLEECE HAPPY,10000 list,3,0,False,False,2025-09-08
gain,FACE,10000 list,3,0,False,False,2025-09-08
laboratory,TRAP (NORTH) HAPPY,10000 list,3,0,False,False,2025-09-08
lack,TRAP,10000 list,3,0,False,False,2025-09-08
depth,DRESS,10000 list,3,0,False,False,2025-09-08
exactly,TRAP,10000 list,3,0,False,False,2025-09-08
dry,PRICE,10000 list,3,0,False,False,2025-09-08
maryland,SQUARE (FLEECE),10000 list,3,0,False,False,2025-09-08
eligible,DRESS KIT,10000 list,3,0,False,False,2025-09-08
forgot,LOT,10000 list,3,0,False,False,2025-09-08
billion,KIT (FLEECE),10000 list,3,0,False,False,2025-09-08
destination,DRESS KIT FACE,10000 list,3,0,False,False,2025-09-08
intelligence,KIT DRESS,10000 list,3,0,False,False,2025-09-08
dallas,TRAP,10000 list,3,0,False,False,2025-09-08
bought,THOUGHT,10000 list,3,0,False,False,2025-09-08
con,LOT,10000 list,3,0,False,False,2025-09-08
route,GOOSE/MOUTH,10000 list,3,0,False,False,2025-09-08
residential,DRESS,10000 list,3,0,False,False,2025-09-08
anime,TRAP KIT FACE,10000 list,3,0,False,False,2025-09-08
expression,DRESS,10000 list,3,0,False,False,2025-09-08
equity,DRESS KIT HAPPY,10000 list,3,0,False,False,2025-09-08
shared,SQUARE,10000 list,3,0,False,False,2025-09-08
spam,TRAP,10000 list,3,0,False,False,2025-09-08
acid,TRAP KIT,10000 list,3,0,False,False,2025-09-08
cent,DRESS,10000 list,3,0,False,False,2025-09-08
forced,FORCE,10000 list,3,0,False,False,2025-09-08
compatible,TRAP KIT,10000 list,3,0,False,False,2025-09-08
filed,PRICE,10000 list,3,0,False,False,2025-09-08
managed,TRAP,10000 list,3,0,False,False,2025-09-08
kelly,DRESS,10000 list,3,0,False,False,2025-09-08
toronto,LOT GOAT,10000 list,3,0,False,False,2025-09-08
theater,FLEECE lettER,10000 list,3,0,False,False,2025-09-08
var,START,10000 list,3,0,False,False,2025-09-08
font,LOT,10000 list,3,0,False,False,2025-09-08
injury,KIT NURSE HAPPY,10000 list,3,0,False,False,2025-09-08
ministry,KIT HAPPY,10000 list,3,0,False,False,2025-09-08
married,TRAP HAPPY,10000 list,3,0,False,False,2025-09-08
philadelphia,KIT DRESS FLEECE,10000 list,3,0,False,False,2025-09-08
portal,FORCE,10000 list,3,0,False,False,2025-09-08
fail,FACE,10000 list,3,0,False,False,2025-09-08
gratis,TRAP KIT,10000 list,3,0,False,False,2025-09-08
toward,FORCE,10000 list,3,0,False,False,2025-09-08
slightly,PRICE HAPPY,10000 list,3,0,False,False,2025-09-08
shemale,FLEECE FACE,10000 list,3,0,False,False,2025-09-08
doc,LOT,10000 list,3,0,False,False,2025-09-08
tennessee,DRESS FLEECE,10000 list,3,0,False,False,2025-09-08
combined,PRICE,10000 list,3,0,False,False,2025-09-08
representative,DRESS (FLEECE) KIT,10000 list,3,0,False,False,2025-09-08
frequency,FLEECE HAPPY,10000 list,3,0,False,False,2025-09-08
introduced,KIT GOOSE,10000 list,3,0,False,False,2025-09-08
reduced,(FLEECE) GOOSE,10000 list,3,0,False,False,2025-09-08
physics,KIT,10000 list,3,0,False,False,2025-09-08
spent,DRESS,10000 list,3,0,False,False,2025-09-08
daniel,TRAP,10000 list,3,0,False,False,2025-09-08
administrator,TRAP KIT FACE lettER,10000 list,3,0,False,False,2025-09-08
usd,GOOSE DRESS FLEECE,10000 list,3,0,False,False,2025-09-08
creation,FLEECE FACE commA,10000 list,3,0,False,False,2025-09-08
addresses,DRESS,10000 list,3,0,False,False,2025-09-08
crystal,KIT,10000 list,3,0,False,False,2025-09-08
writer,PRICE lettER,10000 list,3,0,False,False,2025-09-08
drink,KIT,10000 list,3,0,False,False,2025-09-08
gender,DRESS LETTER,10000 list,3,0,False,False,2025-09-08
dell,DRESS,10000 list,3,0,False,False,2025-09-08
practical,TRAP KIT,10000 list,3,0,False,False,2025-09-08
originally,KIT HAPPY,10000 list,3,0,False,False,2025-09-08
ann,TRAP,10000 list,3,0,False,False,2025-09-08
secondary,DRESS (SQUARE) HAPPY,10000 list,3,0,False,False,2025-09-08
henry,DRESS HAPPY,10000 list,3,0,False,False,2025-09-08
guess,DRESS,10000 list,3,0,False,False,2025-09-08
prevention,DRESS,10000 list,3,0,False,False,2025-09-08
presence,DRESS,10000 list,3,0,False,False,2025-09-08
instant,KIT,10000 list,3,0,False,False,2025-09-08
christ,PRICE,10000 list,3,0,False,False,2025-09-08
dan,TRAP,10000 list,3,0,False,False,2025-09-08
combination,LOT KIT FACE,10000 list,3,0,False,False,2025-09-08
devel,DRESS,10000 list,3,0,False,False,2025-09-08
guaranteed,TRAP FLEECE,10000 list,3,0,False,False,2025-09-08
inches,KIT,10000 list,3,0,False,False,2025-09-08
convention,LOT DRESS,10000 list,3,0,False,False,2025-09-08
cisco,KIT GOAT,10000 list,3,0,False,False,2025-09-08
bonus,GOAT,10000 list,3,0,False,False,2025-09-08
certification,NURSE KIT FACE,10000 list,3,0,False,False,2025-09-08
previously,FLEECE STRUT HAPPY,10000 list,3,0,False,False,2025-09-08
hey,FACE,10000 list,3,0,False,False,2025-09-08
disney,KIT HAPPY,10000 list,3,0,False,False,2025-09-08
bbc,FLEECE,10000 list,3,0,False,False,2025-09-08
improved,GOOSE,10000 list,3,0,False,False,2025-09-08
avg,TRAP,10000 list,3,0,False,False,2025-09-08
dress,DRESS,10000 list,3,0,False,False,2025-09-08
contemporary,DRESS (SQUARE) HAPPY,10000 list,3,0,False,False,2025-09-08
carried,TRAP HAPPY,10000 list,3,0,False,False,2025-09-08
happen,TRAP,10000 list,3,0,False,False,2025-09-08
panasonic,TRAP LOT KIT,10000 list,3,0,False,False,2025-09-08
permalink,NURSE KIT,10000 list,3,0,False,False,2025-09-08
gambling,TRAP KIT,10000 list,3,0,False,False,2025-09-08
caused,THOUGHT,10000 list,3,0,False,False,2025-09-08
indeed,KIT FLEECE,10000 list,3,0,False,False,2025-09-08
slow,GOAT,10000 list,3,0,False,False,2025-09-08
removal,(FLEECE) GOOSE,10000 list,3,0,False,False,2025-09-08
easier,FLEECE lettER,10000 list,3,0,False,False,2025-09-08
src,DRESS START FLEECE,10000 list,3,0,False,False,2025-09-08
liability,PRICE KIT HAPPY,10000 list,3,0,False,False,2025-09-08
kentucky,STRUT HAPPY,10000 list,3,0,False,False,2025-09-08
mostly,GOAT HAPPY,10000 list,3,0,False,False,2025-09-08
eric,DRESS KIT,10000 list,3,0,False,False,2025-09-08
spot,LOT,10000 list,3,0,False,False,2025-09-08
trackback,TRAP,10000 list,3,0,False,False,2025-09-08
spend,DRESS,10000 list,3,0,False,False,2025-09-08
factory,TRAP HAPPY,10000 list,3,0,False,False,2025-09-08
revised,PRICE,10000 list,3,0,False,False,2025-09-08
optical,LOT KIT,10000 list,3,0,False,False,2025-09-08
relative,DRESS KIT,10000 list,3,0,False,False,2025-09-08
clock,LOT,10000 list,3,0,False,False,2025-09-08
serial,NEAR FLEECE,10000 list,3,0,False,False,2025-09-08
relief,FLEECE,10000 list,3,0,False,False,2025-09-08
pda,FLEECE FACE,10000 list,3,0,False,False,2025-09-08
importance,KIT NORTH,10000 list,3,0,False,False,2025-09-08
dsl,FLEECE DRESS,10000 list,3,0,False,False,2025-09-08
planet,TRAP,10000 list,3,0,False,False,2025-09-08
webmaster,DRESS BATH,10000 list,3,0,False,False,2025-09-08
zum,STRUT,10000 list,3,0,False,False,2025-09-08
dna,FLEECE DRESS FACE,10000 list,3,0,False,False,2025-09-08
diff,KIT,10000 list,3,0,False,False,2025-09-08
prescription,KIT,10000 list,3,0,False,False,2025-09-08
empty,DRESS HAPPY,10000 list,3,0,False,False,2025-09-08
instance,KIT,10000 list,3,0,False,False,2025-09-08
licensed,PRICE,10000 list,3,0,False,False,2025-09-08
specifically,KIT HAPPY,10000 list,3,0,False,False,2025-09-08
tim,KIT,10000 list,3,0,False,False,2025-09-08
maine,FACE,10000 list,3,0,False,False,2025-09-08
sql,DRESS GOOSE,10000 list,3,0,False,False,2025-09-08
don,LOT,10000 list,3,0,False,False,2025-09-08
stress,DRESS,10000 list,3,0,False,False,2025-09-08
yeah,TRAP,10000 list,3,0,False,False,2025-09-08
sexo,DRESS GOAT,10000 list,3,0,False,False,2025-09-08
boxes,LOT,10000 list,3,0,False,False,2025-09-08
louisiana,GOOSE FLEECE TRAP,10000 list,3,0,False,False,2025-09-08
marketplace,START KIT FACE,10000 list,3,0,False,False,2025-09-08
evil,FLEECE (kit),10000 list,3,0,False,False,2025-09-08
wilson,KIT,10000 list,3,0,False,False,2025-09-08
evolution,DRESS GOOSE,10000 list,3,0,False,False,2025-09-08
acc,FACE FLEECE,10000 list,3,0,False,False,2025-09-08
generic,DRESS KIT,10000 list,3,0,False,False,2025-09-08
encyclopedia,PRICE GOAT FLEECE,10000 list,3,0,False,False,2025-09-08
ink,KIT,10000 list,3,0,False,False,2025-09-08
census,DRESS,10000 list,3,0,False,False,2025-09-08
competitive,DRESS KIT,10000 list,3,0,False,False,2025-09-08
exist,KIT,10000 list,3,0,False,False,2025-09-08
wheel,FLEECE,10000 list,3,0,False,False,2025-09-08
transit,TRAP KIT,10000 list,3,0,False,False,2025-09-08
dick,KIT,10000 list,3,0,False,False,2025-09-08
compact,LOT TRAP,10000 list,3,0,False,False,2025-09-08
poetry,GOAT HAPPY,10000 list,3,0,False,False,2025-09-08
bell,DRESS,10000 list,3,0,False,False,2025-09-08
matches,TRAP,10000 list,3,0,False,False,2025-09-08
width,KIT,10000 list,3,0,False,False,2025-09-08
array,FACE,10000 list,3,0,False,False,2025-09-08
accurate,TRAP NURSE KIT,10000 list,3,0,False,False,2025-09-08
stephen,FLEECE/DRESS,10000 list,3,0,False,False,2025-09-08
pin,KIT,10000 list,3,0,False,False,2025-09-08
annotation,TRAP FACE,10000 list,3,0,False,False,2025-09-08
raw,THOUGHT,10000 list,3,0,False,False,2025-09-08
establish,TRAP KIT,10000 list,3,0,False,False,2025-09-08
extent,DRESS,10000 list,3,0,False,False,2025-09-08
ben,DRESS,10000 list,3,0,False,False,2025-09-08
kill,KIT,10000 list,3,0,False,False,2025-09-08
aol,FACE GOAT DRESS,10000 list,3,0,False,False,2025-09-08
sweden,FLEECE,10000 list,3,0,False,False,2025-09-08
conflict,LOT KIT,10000 list,3,0,False,False,2025-09-08
mississippi,KIT HAPPY,10000 list,3,0,False,False,2025-09-08
connecticut,DRESS KIT STRUT,10000 list,3,0,False,False,2025-09-08
immediate,KIT FLEECE,10000 list,3,0,False,False,2025-09-08
agricultural,TRAP KIT STRUT NURSE,10000 list,3,0,False,False,2025-09-08
expand,TRAP,10000 list,3,0,False,False,2025-09-08
jordan,NORTH,10000 list,3,0,False,False,2025-09-08
participate,START KIT FACE,10000 list,3,0,False,False,2025-09-08
experienced,NEAR FLEECE,10000 list,3,0,False,False,2025-09-08
raised,FACE/PRICE,10000 list,3,0,False,False,2025-09-08
hat,TRAP,10000 list,3,0,False,False,2025-09-08
perl,NURSE,10000 list,3,0,False,False,2025-09-08
lib,KIT,10000 list,3,0,False,False,2025-09-08
indicate,KIT FACE,10000 list,3,0,False,False,2025-09-08
blonde,LOT,10000 list,3,0,False,False,2025-09-08
transmission,TRAP KIT,10000 list,3,0,False,False,2025-09-08
utc,GOOSE FLEECE,10000 list,3,0,False,False,2025-09-08
der,DRESS,10000 list,3,0,False,False,2025-09-08
extremely,FLEECE HAPPY,10000 list,3,0,False,False,2025-09-08
verzeichnis,NURSE PRICE KIT,10000 list,3,0,False,False,2025-09-08
equivalent,KIT,10000 list,3,0,False,False,2025-09-08
chemistry,DRESS HAPPY,10000 list,3,0,False,False,2025-09-08
neighborhood,FACE LETTER FOOT,10000 list,3,0,False,False,2025-09-08
advisory,PRICE NURSE HAPPY,10000 list,3,0,False,False,2025-09-08
cam,TRAP,10000 list,3,0,False,False,2025-09-08
curriculum,KIT STRUT,10000 list,3,0,False,False,2025-09-08
logic,LOT KIT,10000 list,3,0,False,False,2025-09-08
template,DRESS FACE/KIT,10000 list,3,0,False,False,2025-09-08
prince,KIT,10000 list,3,0,False,False,2025-09-08
investor,KIT DRESS lettER,10000 list,3,0,False,False,2025-09-08
identification,KIT/PRICE DRESS FACE,10000 list,3,0,False,False,2025-09-08
ram,TRAP,10000 list,3,0,False,False,2025-09-08
elementary,DRESS HAPPY,10000 list,3,0,False,False,2025-09-08
fox,LOT,10000 list,3,0,False,False,2025-09-08
respond,FLEECE/KIT LOT,10000 list,3,0,False,False,2025-09-08
exit,DRESS KIT,10000 list,3,0,False,False,2025-09-08
costa,CLOTH,10000 list,3,0,False,False,2025-09-08
belgium,DRESS STRUT,10000 list,3,0,False,False,2025-09-08
mesh,DRESS,10000 list,3,0,False,False,2025-09-08
trail,FACE,10000 list,3,0,False,False,2025-09-08
enforcement,DRESS FORCE,10000 list,3,0,False,False,2025-09-08
symbol,KIT,10000 list,3,0,False,False,2025-09-08
observed,LOT NURSE,10000 list,3,0,False,False,2025-09-08
setup,DRESS STRUT,10000 list,3,0,False,False,2025-09-08
glossary,CLOTH HAPPY,10000 list,3,0,False,False,2025-09-08
fiscal,KIT,10000 list,3,0,False,False,2025-09-08
denver,DRESS lettER,10000 list,3,0,False,False,2025-09-08
bond,LOT,10000 list,3,0,False,False,2025-09-08
ericsson,DRESS KIT,10000 list,3,0,False,False,2025-09-08
appendix,DRESS KIT,10000 list,3,0,False,False,2025-09-08
portion,NORTH,10000 list,3,0,False,False,2025-09-08
hampshire,TRAP NEAR/NURSE,10000 list,3,0,False,False,2025-09-08
cotton,LOT,10000 list,3,0,False,False,2025-09-08
controlled,LOT GOAT,10000 list,3,0,False,False,2025-09-08
dental,DRESS,10000 list,3,0,False,False,2025-09-08
border,FORCE lettER,10000 list,3,0,False,False,2025-09-08
arkansas,START THOUGHT,10000 list,3,0,False,False,2025-09-08
disabled,KIT FACE,10000 list,3,0,False,False,2025-09-08
authorized,THOUGHT LETTER PRICE,10000 list,3,0,False,False,2025-09-08
britain,KIT,10000 list,3,0,False,False,2025-09-08
retirement,PRICE LETTER,10000 list,3,0,False,False,2025-09-08
efficiency,KIT HAPPY,10000 list,3,0,False,False,2025-09-08
efficient,KIT,10000 list,3,0,False,False,2025-09-08
weblog,DRESS CLOTH,10000 list,3,0,False,False,2025-09-08
linear,KIT NEAT LETTER,10000 list,3,0,False,False,2025-09-08
specialty,DRESS HAPPY,10000 list,3,0,False,False,2025-09-08
jean,FLEECE,10000 list,3,0,False,False,2025-09-08
hop,LOT,10000 list,3,0,False,False,2025-09-08
carrier,TRAP FLEECE lettER,10000 list,3,0,False,False,2025-09-08
jewish,GOOSE KIT,10000 list,3,0,False,False,2025-09-08
portland,NORTH,10000 list,3,0,False,False,2025-09-08
gun,STRUT,10000 list,3,0,False,False,2025-09-08
reflect,(FLEECE) DRESS,10000 list,3,0,False,False,2025-09-08
pure,CURE,10000 list,3,0,False,False,2025-09-08
hell,DRESS,10000 list,3,0,False,False,2025-09-08
discovery,KIT STRUT LETTER HAPPY,10000 list,3,0,False,False,2025-09-08
draw,THOUGHT,10000 list,3,0,False,False,2025-09-08
confidence,LOT KIT,10000 list,3,0,False,False,2025-09-08
warm,NORTH,10000 list,3,0,False,False,2025-09-08
lewis,GOOSE KIT,10000 list,3,0,False,False,2025-09-08
consistent,LOT KIT,10000 list,3,0,False,False,2025-09-08
clearance,NEAR,10000 list,3,0,False,False,2025-09-08
inventory,KIT (NORTH) HAPPY,10000 list,3,0,False,False,2025-09-08
suck,STRUT,10000 list,3,0,False,False,2025-09-08
organisation,NORTH PRICE FACE,10000 list,3,0,False,False,2025-09-08
blowjob,GOAT LOT,10000 list,3,0,False,False,2025-09-08
indicated,KIT FACE,10000 list,3,0,False,False,2025-09-08
allen,TRAP,10000 list,3,0,False,False,2025-09-08
pdt,FLEECE,10000 list,3,0,False,False,2025-09-08
relation,FACE,10000 list,3,0,False,False,2025-09-08
enabled,FACE,10000 list,3,0,False,False,2025-09-08
montana,LOT TRAP,10000 list,3,0,False,False,2025-09-08
enhance,BATH,10000 list,3,0,False,False,2025-09-08
exact,TRAP,10000 list,3,0,False,False,2025-09-08
bound,MOUTH,10000 list,3,0,False,False,2025-09-08
parameter,TRAP lettER,10000 list,3,0,False,False,2025-09-08
adapter,TRAP lettER,10000 list,3,0,False,False,2025-09-08
formal,NORTH,10000 list,3,0,False,False,2025-09-08
contribute,LOT KIT GOOSE,10000 list,3,0,False,False,2025-09-08
lock,LOT,10000 list,3,0,False,False,2025-09-08
micro,PRICE GOAT,10000 list,3,0,False,False,2025-09-08
mile,PRICE,10000 list,3,0,False,False,2025-09-08
bowl,GOAT,10000 list,3,0,False,False,2025-09-08
submission,STRUT KIT,10000 list,3,0,False,False,2025-09-08
estimate,DRESS KIT,10000 list,3,0,False,False,2025-09-08
kid,KIT,10000 list,3,0,False,False,2025-09-08
regulatory,DRESS GOOSE FACE/NORTH HAPPY,10000 list,3,0,False,False,2025-09-08
inspection,KIT DRESS,10000 list,3,0,False,False,2025-09-08
cancel,TRAP,10000 list,3,0,False,False,2025-09-08
territory,DRESS KIT (NORTH) HAPPY,10000 list,3,0,False,False,2025-09-08
transaction,TRAP,10000 list,3,0,False,False,2025-09-08
delay,FACE,10000 list,3,0,False,False,2025-09-08
continuous,LOT KIT GOOSE STRUT,10000 list,3,0,False,False,2025-09-08
czech,DRESS,10000 list,3,0,False,False,2025-09-08
initiative,KIT,10000 list,3,0,False,False,2025-09-08
novel,LOT commA,10000 list,3,0,False,False,2025-09-08
pan,TRAP,10000 list,3,0,False,False,2025-09-08
disability,KIT HAPPY,10000 list,3,0,False,False,2025-09-08
idaho,PRICE GOAT,10000 list,3,0,False,False,2025-09-08
contractor,(LOT) TRAP lettER,10000 list,3,0,False,False,2025-09-08
examination,TRAP FACE,10000 list,3,0,False,False,2025-09-08
potter,LOT lettER,10000 list,3,0,False,False,2025-09-08
dish,KIT,10000 list,3,0,False,False,2025-09-08
committed,KIT,10000 list,3,0,False,False,2025-09-08
extensive,KIT DRESS,10000 list,3,0,False,False,2025-09-08
universe,GOOSE NURSE,10000 list,3,0,False,False,2025-09-08
candidate,TRAP KIT (FACE),10000 list,3,0,False,False,2025-09-08
patent,FACE/TRAP,10000 list,3,0,False,False,2025-09-08
slot,LOT,10000 list,3,0,False,False,2025-09-08
psp,FLEECE DRESS,10000 list,3,0,False,False,2025-09-08
planned,TRAP,10000 list,3,0,False,False,2025-09-08
lodge,LOT,10000 list,3,0,False,False,2025-09-08
consideration,KIT LETTER FACE,10000 list,3,0,False,False,2025-09-08
kernel,NURSE,10000 list,3,0,False,False,2025-09-08
gray,FACE,10000 list,3,0,False,False,2025-09-08
antonio,TRAP GOAT FLEECE,10000 list,3,0,False,False,2025-09-08
charged,START,10000 list,3,0,False,False,2025-09-08
under,STRUT,10000 list,3,0,False,False,2025-09-08
demo,DRESS GOAT,10000 list,3,0,False,False,2025-09-08
greece,FLEECE,10000 list,3,0,False,False,2025-09-08
swiss,KIT,10000 list,3,0,False,False,2025-09-08
liquid,KIT,10000 list,3,0,False,False,2025-09-08
nebraska,BATH,10000 list,3,0,False,False,2025-09-08
nfl,DRESS,10000 list,3,0,False,False,2025-09-08
twenty,DRESS HAPPY,10000 list,3,0,False,False,2025-09-08
expansion,TRAP,10000 list,3,0,False,False,2025-09-08
lincoln,KIT,10000 list,3,0,False,False,2025-09-08
premier,KIT/DRESS FLEECE lettER,10000 list,3,0,False,False,2025-09-08
milk,KIT,10000 list,3,0,False,False,2025-09-08
decide,KIT PRICE,10000 list,3,0,False,False,2025-09-08
consent,LOT DRESS,10000 list,3,0,False,False,2025-09-08
contest,DRESS,10000 list,3,0,False,False,2025-09-08
boot,GOOSE,10000 list,3,0,False,False,2025-09-08
dildo,KIT GOAT,10000 list,3,0,False,False,2025-09-08
chamber,FACE lettER,10000 list,3,0,False,False,2025-09-08
iso,PRICE GOAT,10000 list,3,0,False,False,2025-09-08
implement,KIT DRESS,10000 list,3,0,False,False,2025-09-08
scheduled,DRESS GOOSE,10000 list,3,0,False,False,2025-09-08
sum,STRUT,10000 list,3,0,False,False,2025-09-08
misc,KIT,10000 list,3,0,False,False,2025-09-08
calculator,TRAP FACE lettER,10000 list,3,0,False,False,2025-09-08
significantly,KIT happY,10000 list,3,0,False,False,2025-09-08
chicken,KIT,10000 list,3,0,False,False,2025-09-08
holdem,GOAT,10000 list,3,0,False,False,2025-09-08
shell,DRESS,10000 list,3,0,False,False,2025-09-08
province,LOT KIT,10000 list,3,0,False,False,2025-09-08
governor,STRUT lettER,10000 list,3,0,False,False,2025-09-08
spyware,PRICE SQUARE,10000 list,3,0,False,False,2025-09-08
constitution,LOT KIT GOOSE,10000 list,3,0,False,False,2025-09-08
consultation,LOT STRUT FACE,10000 list,3,0,False,False,2025-09-08
classroom,BATH GOOSE,10000 list,3,0,False,False,2025-09-08
democracy,LOT HAPPY,10000 list,3,0,False,False,2025-09-08
kim,KIT,10000 list,3,0,False,False,2025-09-08
resistance,KIT,10000 list,3,0,False,False,2025-09-08
symptoms,KIT,10000 list,3,0,False,False,2025-09-08
visitor,KIT lettER,10000 list,3,0,False,False,2025-09-08
twin,KIT,10000 list,3,0,False,False,2025-09-08
baltimore,THOUGHT NORTH,10000 list,3,0,False,False,2025-09-08
gateway,FACE,10000 list,3,0,False,False,2025-09-08
dont,GOAT,10000 list,3,0,False,False,2025-09-08
biological,PRICE LOT KIT,10000 list,3,0,False,False,2025-09-08
transition,BATH KIT commA,10000 list,3,0,False,False,2025-09-08
instrument,KIT commA,10000 list,3,0,False,False,2025-09-08
bruce,GOOSE,10000 list,3,0,False,False,2025-09-08
heaven,DRESS commA,10000 list,3,0,False,False,2025-09-08
classification,BATH KIT commA FACE,10000 list,3,0,False,False,2025-09-08
wikipedia,KIT commA FLEECE,10000 list,3,0,False,False,2025-09-08
cellular,DRESS GOOSE lettER,10000 list,3,0,False,False,2025-09-08
diabetes,PRICE commA FLEECE HAPPY,10000 list,3,0,False,False,2025-09-08
chip,KIT,10000 list,3,0,False,False,2025-09-08
flexible,DRESS commA,10000 list,3,0,False,False,2025-09-08
loved,STRUT,10000 list,3,0,False,False,2025-09-08
relatively,DRESS HAPPY,10000 list,3,0,False,False,2025-09-08
char,START,10000 list,3,0,False,False,2025-09-08
pittsburgh,KIT NURSE,10000 list,3,0,False,False,2025-09-08
saved,FACE,10000 list,3,0,False,False,2025-09-08
interaction,KIT NURSE TRAP,10000 list,3,0,False,False,2025-09-08
effectively,DRESS KIT HAPPY,10000 list,3,0,False,False,2025-09-08
outlook,MOUTH FOOT,10000 list,3,0,False,False,2025-09-08
echo,DRESS GOAT,10000 list,3,0,False,False,2025-09-08
que,GOOSE,10000 list,3,0,False,False,2025-09-08
grid,KIT,10000 list,3,0,False,False,2025-09-08
experimental,SQUARE DRESS,10000 list,3,0,False,False,2025-09-08
puerto,SQUARE GOAT,10000 list,3,0,False,False,2025-09-08
consolidation,LOT KIT FACE,10000 list,3,0,False,False,2025-09-08
voip,CHOICE,10000 list,3,0,False,False,2025-09-08
dependent,KIT DRESS,10000 list,3,0,False,False,2025-09-08
mechanical,TRAP KIT,10000 list,3,0,False,False,2025-09-08
delaware,DRESS SQUARE,10000 list,3,0,False,False,2025-09-08
banner,TRAP lettER,10000 list,3,0,False,False,2025-09-08
applicant,TRAP KIT,10000 list,3,0,False,False,2025-09-08
fig,KIT,10000 list,3,0,False,False,2025-09-08
cooperation,GOAT LOT LETTER FACE,10000 list,3,0,False,False,2025-09-08
acquisition,TRAP KIT,10000 list,3,0,False,False,2025-09-08
hairy,FACE HAPPY,10000 list,3,0,False,False,2025-09-08
cleveland,FLEECE,10000 list,3,0,False,False,2025-09-08
deposit,KIT LOT,10000 list,3,0,False,False,2025-09-08
sexcam,DRESS TRAP,10000 list,3,0,False,False,2025-09-08
sensitive,DRESS KIT,10000 list,3,0,False,False,2025-09-08
router,GOOSE/MOUTH lettER,10000 list,3,0,False,False,2025-09-08
completion,LOT FLEECE,10000 list,3,0,False,False,2025-09-08
milfhunter,KIT STRUT lettER,10000 list,3,0,False,False,2025-09-08
specification,DRESS KIT FACE,10000 list,3,0,False,False,2025-09-08
accident,TRAP KIT,10000 list,3,0,False,False,2025-09-08
resident,DRESS KIT,10000 list,3,0,False,False,2025-09-08
plot,LOT,10000 list,3,0,False,False,2025-09-08
possibly,LOT KIT HAPPY,10000 list,3,0,False,False,2025-09-08
typically,KIT HAPPY,10000 list,3,0,False,False,2025-09-08
regard,START,10000 list,3,0,False,False,2025-09-08
smooth,GOOSE,10000 list,3,0,False,False,2025-09-08
beastiality,FLEECE TRAP KIT happY,10000 list,3,0,False,False,2025-09-08
strike,PRICE,10000 list,3,0,False,False,2025-09-08
consumption,LOT STRUT,10000 list,3,0,False,False,2025-09-08
controller,GOAT lettER,10000 list,3,0,False,False,2025-09-08
ownership,GOAT NURSE KIT,10000 list,3,0,False,False,2025-09-08
penis,FLEECE KIT,10000 list,3,0,False,False,2025-09-08
legislative,DRESS KIT (FACE),10000 list,3,0,False,False,2025-09-08
anne,TRAP,10000 list,3,0,False,False,2025-09-08
bio,PRICE GOAT,10000 list,3,0,False,False,2025-09-08
molecular,DRESS GOOSE lettER,10000 list,3,0,False,False,2025-09-08
upskirt,STRUT NURSE,10000 list,3,0,False,False,2025-09-08
stored,FORCE,10000 list,3,0,False,False,2025-09-08
exam,TRAP,10000 list,3,0,False,False,2025-09-08
density,DRESS KIT HAPPY,10000 list,3,0,False,False,2025-09-08
hundred,STRUT,10000 list,3,0,False,False,2025-09-08
statistical,KIT,10000 list,3,0,False,False,2025-09-08
mention,DRESS commA,10000 list,3,0,False,False,2025-09-08
grey,FACE,10000 list,3,0,False,False,2025-09-08
operate,LOT NURSE FACE,10000 list,3,0,False,False,2025-09-08
bold,GOAT,10000 list,3,0,False,False,2025-09-08
von,LOT,10000 list,3,0,False,False,2025-09-08
scan,TRAP,10000 list,3,0,False,False,2025-09-08
blank,TRAP,10000 list,3,0,False,False,2025-09-08
enhanced,BATH,10000 list,3,0,False,False,2025-09-08
generate,DRESS NURSE FACE,10000 list,3,0,False,False,2025-09-08
humor,GOOSE lettER,10000 list,3,0,False,False,2025-09-08
exception,DRESS,10000 list,3,0,False,False,2025-09-08
lived,KIT,10000 list,3,0,False,False,2025-09-08
duration,CURE FACE commA,10000 list,3,0,False,False,2025-09-08
successfully,STRUT DRESS FOOT happY,10000 list,3,0,False,False,2025-09-08
sci,PRICE,10000 list,3,0,False,False,2025-09-08
fabric,TRAP KIT,10000 list,3,0,False,False,2025-09-08
edit,DRESS KIT,10000 list,3,0,False,False,2025-09-08
primarily,PRICE SQUARE KIT happY,10000 list,3,0,False,False,2025-09-08
recruitment,(FLEECE) GOOSE,10000 list,3,0,False,False,2025-09-08
sin,KIT,10000 list,3,0,False,False,2025-09-08
berlin,NURSE KIT,10000 list,3,0,False,False,2025-09-08
organized,FORCE PRICE,10000 list,3,0,False,False,2025-09-08
siemens,PRICE,10000 list,3,0,False,False,2025-09-08
adoption,LOT,10000 list,3,0,False,False,2025-09-08
expensive,KIT DRESS,10000 list,3,0,False,False,2025-09-08
meant,DRESS,10000 list,3,0,False,False,2025-09-08
expertise,DRESS NURSE FLEECE,10000 list,3,0,False,False,2025-09-08
mechanism,DRESS commA KIT,10000 list,3,0,False,False,2025-09-08
jewellery,GOOSE FLEECE,10000 list,3,0,False,False,2025-09-08
eventually,DRESS (GOOSE) happY,10000 list,3,0,False,False,2025-09-08
measured,DRESS NURSE,10000 list,3,0,False,False,2025-09-08
medline,DRESS PRICE,10000 list,3,0,False,False,2025-09-08
bottle,LOT,10000 list,3,0,False,False,2025-09-08
thousand,MOUTH commA,10000 list,3,0,False,False,2025-09-08
susan,GOOSE commA,10000 list,3,0,False,False,2025-09-08
monster,LOT lettER,10000 list,3,0,False,False,2025-09-08
bone,GOAT,10000 list,3,0,False,False,2025-09-08
collaboration,TRAP LETTER FACE,10000 list,3,0,False,False,2025-09-08
detection,commA DRESS,10000 list,3,0,False,False,2025-09-08
ftp,DRESS FLEECE,10000 list,3,0,False,False,2025-09-08
med,DRESS,10000 list,3,0,False,False,2025-09-08
entity,DRESS KIT happY,10000 list,3,0,False,False,2025-09-08
gate,FACE,10000 list,3,0,False,False,2025-09-08
moderator,LOT LETTER FACE,10000 list,3,0,False,False,2025-09-08
erotic,LOT KIT,10000 list,3,0,False,False,2025-09-08
collectables,DRESS,10000 list,3,0,False,False,2025-09-08
ethics,DRESS KIT,10000 list,3,0,False,False,2025-09-08
forever,DRESS lettER,10000 list,3,0,False,False,2025-09-08
leg,DRESS,10000 list,3,0,False,False,2025-09-08
neck,DRESS,10000 list,3,0,False,False,2025-09-08
wing,KIT,10000 list,3,0,False,False,2025-09-08
abc,FACE FLEECE,10000 list,3,0,False,False,2025-09-08
stereo,SQUARE FLEECE GOAT,10000 list,3,0,False,False,2025-09-08
commit,KIT,10000 list,3,0,False,False,2025-09-08
operational,LOT LETTER FACE,10000 list,3,0,False,False,2025-09-08
livecam,PRICE TRAP,10000 list,3,0,False,False,2025-09-08
jay,FACE,10000 list,3,0,False,False,2025-09-08
corresponding,NORTH LOT,10000 list,3,0,False,False,2025-09-08
belt,DRESS,10000 list,3,0,False,False,2025-09-08
jacket,TRAP,10000 list,3,0,False,False,2025-09-08
determination,NURSE KIT FACE,10000 list,3,0,False,False,2025-09-08
animation,TRAP KIT FACE,10000 list,3,0,False,False,2025-09-08
oracle,LOT/NORTH,10000 list,3,0,False,False,2025-09-08
lease,FLEECE,10000 list,3,0,False,False,2025-09-08
excess,DRESS,10000 list,3,0,False,False,2025-09-08
telecommunications,DRESS GOOSE KIT FACE,10000 list,3,0,False,False,2025-09-08
achieved,FLEECE,10000 list,3,0,False,False,2025-09-08
shipped,KIT,10000 list,3,0,False,False,2025-09-08
bestiality,FLEECE/DRESS FLEECE TRAP KIT HAPPY,10000 list,3,0,False,False,2025-09-08
approaches,GOAT KIT,10000 list,3,0,False,False,2025-09-08
voltage,GOAT,10000 list,3,0,False,False,2025-09-08
anthony,TRAP HAPPY,10000 list,3,0,False,False,2025-09-08
nintendo,KIT DRESS GOAT,10000 list,3,0,False,False,2025-09-08
franklin,TRAP KIT,10000 list,3,0,False,False,2025-09-08
angle,TRAP,10000 list,3,0,False,False,2025-09-08
vinyl,PRICE,10000 list,3,0,False,False,2025-09-08
ongoing,LOT GOAT KIT,10000 list,3,0,False,False,2025-09-08
blackjack,TRAP,10000 list,3,0,False,False,2025-09-08
convert,NURSE,10000 list,3,0,False,False,2025-09-08
possibility,CLOTH KIT HAPPY,10000 list,3,0,False,False,2025-09-08
analyst,TRAP KIT,10000 list,3,0,False,False,2025-09-08
gcc,FLEECE,10000 list,3,0,False,False,2025-09-08
respectively,DRESS KIT HAPPY,10000 list,3,0,False,False,2025-09-08
finland,KIT,10000 list,3,0,False,False,2025-09-08
derived,PRICE,10000 list,3,0,False,False,2025-09-08
asp,TRAP,10000 list,3,0,False,False,2025-09-08
oriented,NORTH FLEECE DRESS,10000 list,3,0,False,False,2025-09-08
pants,TRAP,10000 list,3,0,False,False,2025-09-08
columbus,STRUT,10000 list,3,0,False,False,2025-09-08
appointment,CHOICE,10000 list,3,0,False,False,2025-09-08
postage,GOAT,10000 list,3,0,False,False,2025-09-08
dial,PRICE,10000 list,3,0,False,False,2025-09-08
cheese,FLEECE,10000 list,3,0,False,False,2025-09-08
comic,LOT KIT,10000 list,3,0,False,False,2025-09-08
carefully,SQUARE STRUT,10000 list,3,0,False,False,2025-09-08
crack,TRAP,10000 list,3,0,False,False,2025-09-08
semester,DRESS LETTER,10000 list,3,0,False,False,2025-09-08
calculated,TRAP FACE,10000 list,3,0,False,False,2025-09-08
cumshot,STRUT LOT,10000 list,3,0,False,False,2025-09-08
fetish,DRESS KIT,10000 list,3,0,False,False,2025-09-08
incorporated,KIT NORTH FACE,10000 list,3,0,False,False,2025-09-08
fellow,DRESS GOAT,10000 list,3,0,False,False,2025-09-08
blind,PRICE,10000 list,3,0,False,False,2025-09-08
semi,DRESS HAPPY/PRICE,10000 list,3,0,False,False,2025-09-08
strongly,LOT HAPPY,10000 list,3,0,False,False,2025-09-08
cafe,TRAP FACE,10000 list,3,0,False,False,2025-09-08
hilton,KIT,10000 list,3,0,False,False,2025-09-08
ken,DRESS,10000 list,3,0,False,False,2025-09-08
exp,FLEECE DRESS,10000 list,3,0,False,False,2025-09-08
familiar,KIT NURSE,10000 list,3,0,False,False,2025-09-08
debian,DRESS FLEECE,10000 list,3,0,False,False,2025-09-08
till,KIT,10000 list,3,0,False,False,2025-09-08
pen,DRESS,10000 list,3,0,False,False,2025-09-08
epson,DRESS,10000 list,3,0,False,False,2025-09-08
sand,TRAP,10000 list,3,0,False,False,2025-09-08
madison,TRAP KIT,10000 list,3,0,False,False,2025-09-08
cpu,FLEECE GOOSE,10000 list,3,0,False,False,2025-09-08
ran,TRAP,10000 list,3,0,False,False,2025-09-08
actor,TRAP,10000 list,3,0,False,False,2025-09-08
seal,FLEECE,10000 list,3,0,False,False,2025-09-08
FACEallocated,TRAP,10000 list,3,0,False,False,2025-09-08
jon,LOT,10000 list,3,0,False,False,2025-09-08
substance,STRUT,10000 list,3,0,False,False,2025-09-08
prohibited,KIT,10000 list,3,0,False,False,2025-09-08
lecture,DRESS NURSE,10000 list,3,0,False,False,2025-09-08
simulation,KIT GOOSE FACE,10000 list,3,0,False,False,2025-09-08
ill,KIT,10000 list,3,0,False,False,2025-09-08
concentration,LOT FACE,10000 list,3,0,False,False,2025-09-08
lay,FACE,10000 list,3,0,False,False,2025-09-08
deck,DRESS,10000 list,3,0,False,False,2025-09-08
bankruptcy,TRAP STRUT HAPPY,10000 list,3,0,False,False,2025-09-08
optimization,LOT KIT FACE,10000 list,3,0,False,False,2025-09-08
temple,DRESS,10000 list,3,0,False,False,2025-09-08
genetic,DRESS KIT,10000 list,3,0,False,False,2025-09-08
promise,LOT,10000 list,3,0,False,False,2025-09-08
thin,KIT,10000 list,3,0,False,False,2025-09-08
mph,PRICE NURSE MOUTH,10000 list,3,0,False,False,2025-09-08
dose,GOAT,10000 list,3,0,False,False,2025-09-08
evaluate,TRAP GOOSE FACE,10000 list,3,0,False,False,2025-09-08
tiffany,KIT HAPPY,10000 list,3,0,False,False,2025-09-08
tropical,LOT KIT,10000 list,3,0,False,False,2025-09-08
collect,DRESS,10000 list,3,0,False,False,2025-09-08
bet,DRESS,10000 list,3,0,False,False,2025-09-08
composition,LOT KIT,10000 list,3,0,False,False,2025-09-08
vector,DRESS,10000 list,3,0,False,False,2025-09-08
shaved,FACE,10000 list,3,0,False,False,2025-09-08
existence,Kit,10000 list,3,0,False,False,2025-09-08
commentary,LOT (SQUARE) HAPPY,10000 list,3,0,False,False,2025-09-08
larry,SQUARE/TRAP,10000 list,3,0,False,False,2025-09-08
limousines,KIT FLEECE,10000 list,3,0,False,False,2025-09-08
def,DRESS,10000 list,3,0,False,False,2025-09-08
immigration,KIT FACE,10000 list,3,0,False,False,2025-09-08
necessarily,DRESS SQUARE,10000 list,3,0,False,False,2025-09-08
syntax,KIT TRAP,10000 list,3,0,False,False,2025-09-08
skill,KIT,10000 list,3,0,False,False,2025-09-08
everyday,DRESS HAPPY FACE,10000 list,3,0,False,False,2025-09-08
ethernet,FLEECE LETTER DRESS,10000 list,3,0,False,False,2025-09-08
trend,DRESS,10000 list,3,0,False,False,2025-09-08
postposted,GOAT,10000 list,3,0,False,False,2025-09-08
rhode,GOAT,10000 list,3,0,False,False,2025-09-08
nba,DRESS FLEECE FACE,10000 list,3,0,False,False,2025-09-08
busty,STRUT,10000 list,3,0,False,False,2025-09-08
coordinator,NORTH FACE LETTER,10000 list,3,0,False,False,2025-09-08
obviously,LOT FLEECE HAPPY,10000 list,3,0,False,False,2025-09-08
steven,FLEECE,10000 list,3,0,False,False,2025-09-08
handbook,TRAP FOOT,10000 list,3,0,False,False,2025-09-08
greg,DRESS,10000 list,3,0,False,False,2025-09-08
navigate,TRAP,10000 list,3,0,False,False,2025-09-08
epa,FLEECE FACE,10000 list,3,0,False,False,2025-09-08
fundamental,STRUT DRESS,10000 list,3,0,False,False,2025-09-08
receiver,FLEECE LETTER,10000 list,3,0,False,False,2025-09-08
progressive,DRESS KIT,10000 list,3,0,False,False,2025-09-08
cialis,FLEECE TRAP KIT,10000 list,3,0,False,False,2025-09-08
glance,BATH,10000 list,3,0,False,False,2025-09-08
scottish,LOT KIT,10000 list,3,0,False,False,2025-09-08
arcade,START FACE,10000 list,3,0,False,False,2025-09-08
richmond,Kit,10000 list,3,0,False,False,2025-09-08
sacramento,TRAP DRESS GOAT,10000 list,3,0,False,False,2025-09-08
ron,LOT,10000 list,3,0,False,False,2025-09-08
fiber,PRICE LETTER,10000 list,3,0,False,False,2025-09-08
depression,DRESS,10000 list,3,0,False,False,2025-09-08
platinum,TRAP STRUT,10000 list,3,0,False,False,2025-09-08
testimonials,DRESS GOAT,10000 list,3,0,False,False,2025-09-08
memorabilia,DRESS LETTER FLEECE,10000 list,3,0,False,False,2025-09-08
clinton,KIT,10000 list,3,0,False,False,2025-09-08
cartridge,START,10000 list,3,0,False,False,2025-09-08
alberta,TRAP/PALM NURSE,10000 list,3,0,False,False,2025-09-08
explanation,DRESS FACE,10000 list,3,0,False,False,2025-09-08
org,NORTH,10000 list,3,0,False,False,2025-09-08
cincinnati,KIT TRAP,10000 list,3,0,False,False,2025-09-08
subsection,STRUT DRESS,10000 list,3,0,False,False,2025-09-08
electricity,DRESS KIT HAPPY,10000 list,3,0,False,False,2025-09-08
spectrum,DRESS,10000 list,3,0,False,False,2025-09-08
pottery,LOT LETTER HAPPY,10000 list,3,0,False,False,2025-09-08
emphasis,DRESS KIT,10000 list,3,0,False,False,2025-09-08
aspect,TRAP DRESS,10000 list,3,0,False,False,2025-09-08
mexican,DRESS KIT,10000 list,3,0,False,False,2025-09-08
priced,PRICE,10000 list,3,0,False,False,2025-09-08
hist,KIT,10000 list,3,0,False,False,2025-09-08
lift,KIT,10000 list,3,0,False,False,2025-09-08
desired,PRICE,10000 list,3,0,False,False,2025-09-08
infection,KIT DRESS,10000 list,3,0,False,False,2025-09-08
firefox,PRICE LOT,10000 list,3,0,False,False,2025-09-08
expense,DRESS,10000 list,3,0,False,False,2025-09-08
eligibility,DRESS KIT HAPPY,10000 list,3,0,False,False,2025-09-08
venture,DRESS NURSE,10000 list,3,0,False,False,2025-09-08
clinic,KIT,10000 list,3,0,False,False,2025-09-08
healing,FLEECE KIT,10000 list,3,0,False,False,2025-09-08
princess,KIT,10000 list,3,0,False,False,2025-09-08
packet,TRAP,10000 list,3,0,False,False,2025-09-08
spray,FACE,10000 list,3,0,False,False,2025-09-08
bulletin,STRUT KIT,10000 list,3,0,False,False,2025-09-08
thompson,LOT,10000 list,3,0,False,False,2025-09-08
extend,DRESS,10000 list,3,0,False,False,2025-09-08
subsequent,STRUT DRESS,10000 list,3,0,False,False,2025-09-08
pat,TRAP,10000 list,3,0,False,False,2025-09-08
fell,DRESS,10000 list,3,0,False,False,2025-09-08
nelson,DRESS,10000 list,3,0,False,False,2025-09-08
arrived,PRICE,10000 list,3,0,False,False,2025-09-08
mayor,FACE LETTER,10000 list,3,0,False,False,2025-09-08
adequate,TRAP KIT,10000 list,3,0,False,False,2025-09-08
senator,DRESS,10000 list,3,0,False,False,2025-09-08
yield,FLEECE,10000 list,3,0,False,False,2025-09-08
dust,STRUT,10000 list,3,0,False,False,2025-09-08
hence,DRESS,10000 list,3,0,False,False,2025-09-08
losses,CLOTH,10000 list,3,0,False,False,2025-09-08
stopped,LOT,10000 list,3,0,False,False,2025-09-08
citysearch,KIT NURSE,10000 list,3,0,False,False,2025-09-08
closely,GOAT HAPPY,10000 list,3,0,False,False,2025-09-08
seriously,FLEECE STRUT HAPPY,10000 list,3,0,False,False,2025-09-08
kent,DRESS,10000 list,3,0,False,False,2025-09-08
nsw,DRESS STRUT,10000 list,3,0,False,False,2025-09-08
pci,FLEECE PRICE,10000 list,3,0,False,False,2025-09-08
pollution,GOOSE,10000 list,3,0,False,False,2025-09-08
guestbook,DRESS FOOT,10000 list,3,0,False,False,2025-09-08
shock,LOT,10000 list,3,0,False,False,2025-09-08
demonstrate,DRESS FACE,10000 list,3,0,False,False,2025-09-08
beast,FLEECE,10000 list,3,0,False,False,2025-09-08
operated,LOT LETTER FACE,10000 list,3,0,False,False,2025-09-08
experiment,SQUARE,10000 list,3,0,False,False,2025-09-08
counsel,MOUTH,10000 list,3,0,False,False,2025-09-08
federation,DRESS FACE,10000 list,3,0,False,False,2025-09-08
gordon,FORCE,10000 list,3,0,False,False,2025-09-08
mod,LOT,10000 list,3,0,False,False,2025-09-08
cluster,STRUT LETTER,10000 list,3,0,False,False,2025-09-08
lamp,TRAP,10000 list,3,0,False,False,2025-09-08
rico,FLEECE GOAT,10000 list,3,0,False,False,2025-09-08
phil,KIT,10000 list,3,0,False,False,2025-09-08
cst,FLEECE DRESS,10000 list,3,0,False,False,2025-09-08
http,FACE FLEECE,10000 list,3,0,False,False,2025-09-08
ceo,FLEECE GOAT,10000 list,3,0,False,False,2025-09-08
simpson,KIT,10000 list,3,0,False,False,2025-09-08
twiki,KIT FLEECE,10000 list,3,0,False,False,2025-09-08
satisfied,TRAP KIT PRICE,10000 list,3,0,False,False,2025-09-08
glad,TRAP,10000 list,3,0,False,False,2025-09-08
copper,LOT,10000 list,3,0,False,False,2025-09-08
rack,TRAP,10000 list,3,0,False,False,2025-09-08
medication,DRESS KIT FACE,10000 list,3,0,False,False,2025-09-08
rep,DRESS,10000 list,3,0,False,False,2025-09-08
dicke,KIT HAPPY,10000 list,3,0,False,False,2025-09-08
receipt,FLEECE,10000 list,3,0,False,False,2025-09-08
ordinary,NORTH (SQUARE) HAPPY,10000 list,3,0,False,False,2025-09-08
ghost,GOAT,10000 list,3,0,False,False,2025-09-08
violation,PRICE FACE,10000 list,3,0,False,False,2025-09-08
configure,KIT NURSE,10000 list,3,0,False,False,2025-09-08
mit,KIT,10000 list,3,0,False,False,2025-09-08
boss,CLOTH,10000 list,3,0,False,False,2025-09-08
institutional,KIT GOOSE,10000 list,3,0,False,False,2025-09-08
expectations,DRESS FACE,10000 list,3,0,False,False,2025-09-08
independence,KIT DRESS,10000 list,3,0,False,False,2025-09-08
metabolism,TRAP KIT,10000 list,3,0,False,False,2025-09-08
keith,FLEECE,10000 list,3,0,False,False,2025-09-08
cloudy,MOUTH,10000 list,3,0,False,False,2025-09-08
ross,CLOTH,10000 list,3,0,False,False,2025-09-08
chile,FLEECE/KIT FACE/FLEECE,10000 list,3,0,False,False,2025-09-08
plenty,DRESS,10000 list,3,0,False,False,2025-09-08
sentence,DRESS,10000 list,3,0,False,False,2025-09-08
excellence,DRESS,10000 list,3,0,False,False,2025-09-08
wealth,DRESS,10000 list,3,0,False,False,2025-09-08
recognize,DRESS PRICE,10000 list,3,0,False,False,2025-09-08
survival,NURSE PRICE,10000 list,3,0,False,False,2025-09-08
quest,DRESS,10000 list,3,0,False,False,2025-09-08
trans,REAP/BATH,10000 list,3,0,False,False,2025-09-08
api,FACE FLEECE PRICE,10000 list,3,0,False,False,2025-09-08
acrobat,TRAP,10000 list,3,0,False,False,2025-09-08
venue,DRESS GOOSE,10000 list,3,0,False,False,2025-09-08
athletic,TRAP DRESS KIT,10000 list,3,0,False,False,2025-09-08
coastal,GOAT,10000 list,3,0,False,False,2025-09-08
config,LOT KIT,10000 list,3,0,False,False,2025-09-08
intelligent,KIT DRESS,10000 list,3,0,False,False,2025-09-08
excel,DRESS,10000 list,3,0,False,False,2025-09-08
urw,GOOSE START STRUT,10000 list,3,0,False,False,2025-09-08
regardless,START,10000 list,3,0,False,False,2025-09-08
lan,FLEECE,10000 list,3,0,False,False,2025-09-08
enemy,DRESS HAPPY,10000 list,3,0,False,False,2025-09-08
wishlist,KIT,10000 list,3,0,False,False,2025-09-08
shit,KIT,10000 list,3,0,False,False,2025-09-08
republican,STRUT,10000 list,3,0,False,False,2025-09-08
latter,TRAP,10000 list,3,0,False,False,2025-09-08
thick,KIT,10000 list,3,0,False,False,2025-09-08
penalty,DRESS HAPPY,10000 list,3,0,False,False,2025-09-08
drum,STRUT,10000 list,3,0,False,False,2025-09-08
glasses,BATH,10000 list,3,0,False,False,2025-09-08
nec,DRESS,10000 list,3,0,False,False,2025-09-08
iraqi,KIT TRAP/PALM FLEECE,10000 list,3,0,False,False,2025-09-08
foto,GOAT,10000 list,3,0,False,False,2025-09-08
ease,FLEECE,10000 list,3,0,False,False,2025-09-08
amsterdam,TRAP LETTER,10000 list,3,0,False,False,2025-09-08
pupils,GOOSE,10000 list,3,0,False,False,2025-09-08
appreciate,FLEECE FACE,10000 list,3,0,False,False,2025-09-08
jerry,DRESS,10000 list,3,0,False,False,2025-09-08
troops,GOOSE,10000 list,3,0,False,False,2025-09-08
bulgaria,SQUARE FLEECE,10000 list,3,0,False,False,2025-09-08
broker,GOAT LETTER,10000 list,3,0,False,False,2025-09-08
believed,FLEECE,10000 list,3,0,False,False,2025-09-08
pine,PRICE,10000 list,3,0,False,False,2025-09-08
tend,DRESS,10000 list,3,0,False,False,2025-09-08
rick,KIT,10000 list,3,0,False,False,2025-09-08
partly,START HAPPY,10000 list,3,0,False,False,2025-09-08
nikon,KIT/PRICE LOT,10000 list,3,0,False,False,2025-09-08
customize,STRUT PRICE,10000 list,3,0,False,False,2025-09-08
tradition,KIT,10000 list,3,0,False,False,2025-09-08
candy,TRAP,10000 list,3,0,False,False,2025-09-08
donald,LOT,10000 list,3,0,False,False,2025-09-08
telecom,DRESS LOT,10000 list,3,0,False,False,2025-09-08
hunt,STRUT,10000 list,3,0,False,False,2025-09-08
complaint,FACE,10000 list,3,0,False,False,2025-09-08
scholarship,LOT LETTER KIT,10000 list,3,0,False,False,2025-09-08
mill,KIT,10000 list,3,0,False,False,2025-09-08
chronic,LOT KIT,10000 list,3,0,False,False,2025-09-08
tranny,TRAP,10000 list,3,0,False,False,2025-09-08
catering,FACE LETTER KIT,10000 list,3,0,False,False,2025-09-08
aud,THOUGHT,10000 list,3,0,False,False,2025-09-08
pound,MOUTH,10000 list,3,0,False,False,2025-09-08
burn,NURSE,10000 list,3,0,False,False,2025-09-08
bread,DRESS,10000 list,3,0,False,False,2025-09-08
tobacco,TRAP GOAT,10000 list,3,0,False,False,2025-09-08
incident,KIT,10000 list,3,0,False,False,2025-09-08
gonna,STRUT,10000 list,3,0,False,False,2025-09-08
crm,FLEECE START DRESS,10000 list,3,0,False,False,2025-09-08
decrease,FLEECE,10000 list,3,0,False,False,2025-09-08
pension,DRESS,10000 list,3,0,False,False,2025-09-08
billy,KIT,10000 list,3,0,False,False,2025-09-08
emerging,NURSE,10000 list,3,0,False,False,2025-09-08
bukkake,GOOSE PALM happY,10000 list,3,0,False,False,2025-09-08
capability,FACE KIT HAPPY,10000 list,3,0,False,False,2025-09-08
craig,DRESS/FACE,10000 list,3,0,False,False,2025-09-08
herself,NURSE DRESS,10000 list,3,0,False,False,2025-09-08
churches,NURSE,10000 list,3,0,False,False,2025-09-08
contributed,KIT GOOSE,10000 list,3,0,False,False,2025-09-08
solve,LOT,10000 list,3,0,False,False,2025-09-08
minority,PRICE/KIT CLOTH/NORTH KIT HAPPY,10000 list,3,0,False,False,2025-09-08
diverse,PRICE NURSE,10000 list,3,0,False,False,2025-09-08
amp,TRAP,10000 list,3,0,False,False,2025-09-08
ingredients,KIT FLEECE,10000 list,3,0,False,False,2025-09-08
johnny,LOT HAPPY,10000 list,3,0,False,False,2025-09-08
nancy,TRAP HAPPY,10000 list,3,0,False,False,2025-09-08
rehabilitation,FLEECE KIT FACE,10000 list,3,0,False,False,2025-09-08
clay,FACE,10000 list,3,0,False,False,2025-09-08
patches,TRAP,10000 list,3,0,False,False,2025-09-08
usc,GOOSE DRESS FLEECE,10000 list,3,0,False,False,2025-09-08
tremble,DRESS,10000 list,3,0,False,False,2025-09-08
divided,PRICE,10000 list,3,0,False,False,2025-09-08
blvd,STRUT START,10000 list,3,0,False,False,2025-09-08
amd,FACE DRESS FLEECE,10000 list,3,0,False,False,2025-09-08
correctly,DRESS HAPPY,10000 list,3,0,False,False,2025-09-08
insider,PRICE LETTER,10000 list,3,0,False,False,2025-09-08
geography,FLEECE LOT HAPPY,10000 list,3,0,False,False,2025-09-08
discrimination,KIT FACE,10000 list,3,0,False,False,2025-09-08
eve,FLEECE,10000 list,3,0,False,False,2025-09-08
marc,START,10000 list,3,0,False,False,2025-09-08
pleased,FLEECE,10000 list,3,0,False,False,2025-09-08
vitamin,KIT/PRICE,10000 list,3,0,False,False,2025-09-08
widely,PRICE HAPPY,10000 list,3,0,False,False,2025-09-08
implications,KIT FACE,10000 list,3,0,False,False,2025-09-08
functionality,STRUT TRAP HAPPY,10000 list,3,0,False,False,2025-09-08
emotional,GOAT,10000 list,3,0,False,False,2025-09-08
leaf,FLEECE,10000 list,3,0,False,False,2025-09-08
diesel,FLEECE,10000 list,3,0,False,False,2025-09-08
exceed,FLEECE BATH/TRAP KIT geographic FLEECE,10000 list,3,0,False,False,2025-09-08
rod,LOT,10000 list,3,0,False,False,2025-09-08
saudi,MOUTH HAPPY,10000 list,3,0,False,False,2025-09-08
fault,THOUGHT,10000 list,3,0,False,False,2025-09-08
preliminary,KIT (SQUARE) HAPPY,10000 list,3,0,False,False,2025-09-08
silk,KIT,10000 list,3,0,False,False,2025-09-08
promotional,GOAT,10000 list,3,0,False,False,2025-09-08
chevrolet,DRESS FACE,10000 list,3,0,False,False,2025-09-08
compiled,PRICE,10000 list,3,0,False,False,2025-09-08
generator,DRESS FACE LETTER,10000 list,3,0,False,False,2025-09-08
albert,TRAP NURSE,10000 list,3,0,False,False,2025-09-08
examine,TRAP KIT,10000 list,3,0,False,False,2025-09-08
graham,FACE,10000 list,3,0,False,False,2025-09-08
suspension,DRESS,10000 list,3,0,False,False,2025-09-08
bristol,KIT,10000 list,3,0,False,False,2025-09-08
correction,DRESS,10000 list,3,0,False,False,2025-09-08
communicate,GOOSE KIT FACE,10000 list,3,0,False,False,2025-09-08
showtimes,GOAT PRICE,10000 list,3,0,False,False,2025-09-08
cal,TRAP,10000 list,3,0,False,False,2025-09-08
infant,KIT,10000 list,3,0,False,False,2025-09-08
fluid,GOOSE KIT,10000 list,3,0,False,False,2025-09-08
kick,KIT,10000 list,3,0,False,False,2025-09-08
meal,FLEECE,10000 list,3,0,False,False,2025-09-08
machinery,FLEECE HAPPY,10000 list,3,0,False,False,2025-09-08
bandwidth,TRAP KIT,10000 list,3,0,False,False,2025-09-08
probability,LOT KIT HAPPY,10000 list,3,0,False,False,2025-09-08
pot,LOT,10000 list,3,0,False,False,2025-09-08
dimension,DRESS,10000 list,3,0,False,False,2025-09-08
img,KIT,10000 list,3,0,False,False,2025-09-08
barry,SQUARE/TRAP HAPPY,10000 list,3,0,False,False,2025-09-08
proven,GOOSE,10000 list,3,0,False,False,2025-09-08
cached,TRAP/FACE,10000 list,3,0,False,False,2025-09-08
slip,KIT,10000 list,3,0,False,False,2025-09-08
studied,STRUT FLEECE,10000 list,3,0,False,False,2025-09-08
rpm,START FLEECE DRESS,10000 list,3,0,False,False,2025-09-08
devil,DRESS,10000 list,3,0,False,False,2025-09-08
comply,PRICE,10000 list,3,0,False,False,2025-09-08
marie,FLEECE,10000 list,3,0,False,False,2025-09-08
illustrated,KIT FACE,10000 list,3,0,False,False,2025-09-08
cherry,DRESS/SQUARE HAPPY,10000 list,3,0,False,False,2025-09-08
continental,LOT DRESS,10000 list,3,0,False,False,2025-09-08
deutsch,CHOICE,10000 list,3,0,False,False,2025-09-08
kenya,DRESS,10000 list,3,0,False,False,2025-09-08
nutten,STRUT,10000 list,3,0,False,False,2025-09-08
earrings,FLEECE KIT,10000 list,3,0,False,False,2025-09-08
automated,THOUGHT FACE,10000 list,3,0,False,False,2025-09-08
quebec,DRESS,10000 list,3,0,False,False,2025-09-08
dennis,DRESS KIT,10000 list,3,0,False,False,2025-09-08
francis,BATH KIT,10000 list,3,0,False,False,2025-09-08
sized,PRICE,10000 list,3,0,False,False,2025-09-08
noticed,GOAT KIT,10000 list,3,0,False,False,2025-09-08
socket,LOT,10000 list,3,0,False,False,2025-09-08
literary,KIT (SQUARE) HAPPY,10000 list,3,0,False,False,2025-09-08
pill,KIT,10000 list,3,0,False,False,2025-09-08
childhood,PRICE FOOT,10000 list,3,0,False,False,2025-09-08
lat,TRAP,10000 list,3,0,False,False,2025-09-08
meta,DRESS,10000 list,3,0,False,False,2025-09-08
flexibility,DRESS KIT HAPPY,10000 list,3,0,False,False,2025-09-08
boundary,MOUTH HAPPY,10000 list,3,0,False,False,2025-09-08
mint,KIT,10000 list,3,0,False,False,2025-09-08
packard,TRAP,10000 list,3,0,False,False,2025-09-08
philip,KIT,10000 list,3,0,False,False,2025-09-08
spin,KIT,10000 list,3,0,False,False,2025-09-08
swedish,FLEECE KIT,10000 list,3,0,False,False,2025-09-08
deadline,DRESS PRICE,10000 list,3,0,False,False,2025-09-08
collins,LOT KIT,10000 list,3,0,False,False,2025-09-08
equipped,KIT,10000 list,3,0,False,False,2025-09-08
sur,NURSE,10000 list,3,0,False,False,2025-09-08
broadway,THOUGHT FACE,10000 list,3,0,False,False,2025-09-08
acquired,PRICE,10000 list,3,0,False,False,2025-09-08
entrance,DRESS,10000 list,3,0,False,False,2025-09-08
gnome,GOAT,10000 list,3,0,False,False,2025-09-08
declaration,DRESS FACE,10000 list,3,0,False,False,2025-09-08
gadgets,TRAP,10000 list,3,0,False,False,2025-09-08
automation,THOUGHT FACE,10000 list,3,0,False,False,2025-09-08
rev,DRESS,10000 list,3,0,False,False,2025-09-08
gospel,CLOTH,10000 list,3,0,False,False,2025-09-08
induced,KIT GOOSE,10000 list,3,0,False,False,2025-09-08
islamic,BATH KIT,10000 list,3,0,False,False,2025-09-08
ieee,PRICE FLEECE,10000 list,3,0,False,False,2025-09-08
pending,DRESS KIT,10000 list,3,0,False,False,2025-09-08
corp,NORTH,10000 list,3,0,False,False,2025-09-08
kennedy,DRESS HAPPY,10000 list,3,0,False,False,2025-09-08
triple,KIT,10000 list,3,0,False,False,2025-09-08
nyc,DRESS PRICE FLEECE,10000 list,3,0,False,False,2025-09-08
vincent,KIT,10000 list,3,0,False,False,2025-09-08
secured,GOOSE,10000 list,3,0,False,False,2025-09-08
destruction,STRUT,10000 list,3,0,False,False,2025-09-08
increasingly,KIT FLEECE HAPPY,10000 list,3,0,False,False,2025-09-08
disorder,KIT NORTH LETTER,10000 list,3,0,False,False,2025-09-08
toolbar,GOOSE START,10000 list,3,0,False,False,2025-09-08
basically,FACE HAPPY,10000 list,3,0,False,False,2025-09-08
conventional,DRESS,10000 list,3,0,False,False,2025-09-08
titans,PRICE,10000 list,3,0,False,False,2025-09-08
axis,TRAP KIT,10000 list,3,0,False,False,2025-09-08
sought,THOUGHT,10000 list,3,0,False,False,2025-09-08
firewall,PRICE THOUGHT,10000 list,3,0,False,False,2025-09-08
median,FLEECE,10000 list,3,0,False,False,2025-09-08
scanner,TRAP LETTER,10000 list,3,0,False,False,2025-09-08
herein,FLEECE KIT,10000 list,3,0,False,False,2025-09-08
occupational,LOT GOOSE FACE,10000 list,3,0,False,False,2025-09-08
animated,TRAP KIT FACE,10000 list,3,0,False,False,2025-09-08
rio,FLEECE GOAT,10000 list,3,0,False,False,2025-09-08
integer,KIT LETTER,10000 list,3,0,False,False,2025-09-08
bachelor,TRAP LETTER,10000 list,3,0,False,False,2025-09-08
engaged,FACE,10000 list,3,0,False,False,2025-09-08
montreal,LOT FLEECE,10000 list,3,0,False,False,2025-09-08
struct,STRUT,10000 list,3,0,False,False,2025-09-08
lenses,DRESS,10000 list,3,0,False,False,2025-09-08
binary,PRICE HAPPY,10000 list,3,0,False,False,2025-09-08
difficulty,KIT HAPPY,10000 list,3,0,False,False,2025-09-08
collective,DRESS KIT,10000 list,3,0,False,False,2025-09-08
coalition,GOAT KIT,10000 list,3,0,False,False,2025-09-08
dropped,LOT,10000 list,3,0,False,False,2025-09-08
enrollment,GOAT,10000 list,3,0,False,False,2025-09-08
collector,DRESS LETTER,10000 list,3,0,False,False,2025-09-08
arc,START,10000 list,3,0,False,False,2025-09-08
atlas,TRAP,10000 list,3,0,False,False,2025-09-08
carl,START,10000 list,3,0,False,False,2025-09-08
deleted,FLEECE,10000 list,3,0,False,False,2025-09-08
coat,GOAT,10000 list,3,0,False,False,2025-09-08
mitchell,KIT,10000 list,3,0,False,False,2025-09-08
rica,FLEECE,10000 list,3,0,False,False,2025-09-08
restoration,FACE,10000 list,3,0,False,False,2025-09-08
convenience,FLEECE,10000 list,3,0,False,False,2025-09-08
ralph,TRAP,10000 list,3,0,False,False,2025-09-08
defendant,DRESS,10000 list,3,0,False,False,2025-09-08
app,TRAP,10000 list,3,0,False,False,2025-09-08
embedded,DRESS,10000 list,3,0,False,False,2025-09-08
brochure,GOOSE,10000 list,3,0,False,False,2025-09-08
bestsellers,DRESS LETTER,10000 list,3,0,False,False,2025-09-08
petition,KIT,10000 list,3,0,False,False,2025-09-08
eminem,DRESS,10000 list,3,0,False,False,2025-09-08
antenna,DRESS,10000 list,3,0,False,False,2025-09-08
assumed,GOOSE,10000 list,3,0,False,False,2025-09-08
minneapolis,KIT TRAP KIT,10000 list,3,0,False,False,2025-09-08
belief,FLEECE,10000 list,3,0,False,False,2025-09-08
memphis,DRESS,10000 list,3,0,False,False,2025-09-08
decor,DRESS,10000 list,3,0,False,False,2025-09-08
ion,PRICE LOT,10000 list,3,0,False,False,2025-09-08
diameter,PRICE TRAP LETTER,10000 list,3,0,False,False,2025-09-08
ottawa,LOT,10000 list,3,0,False,False,2025-09-08
tit,KIT,10000 list,3,0,False,False,2025-09-08
bidder,KIT LETTER,10000 list,3,0,False,False,2025-09-08
evans,DRESS,10000 list,3,0,False,False,2025-09-08
herald,SQUARE,10000 list,3,0,False,False,2025-09-08
literacy,KIT HAPPY,10000 list,3,0,False,False,2025-09-08
fed,DRESS,10000 list,3,0,False,False,2025-09-08
plugin,STRUT KIT,10000 list,3,0,False,False,2025-09-08
modification,LOT KIT FACE,10000 list,3,0,False,False,2025-09-08
alice,TRAP KIT,10000 list,3,0,False,False,2025-09-08
suppose,GOAT,10000 list,3,0,False,False,2025-09-08
opposite,LOT,10000 list,3,0,False,False,2025-09-08
rapidly,TRAP KIT HAPPY,10000 list,3,0,False,False,2025-09-08
dealtime,FLEECE PRICE,10000 list,3,0,False,False,2025-09-08
ban,TRAP,10000 list,3,0,False,False,2025-09-08
temp,DRESS,10000 list,3,0,False,False,2025-09-08
intro,KIT GOAT,10000 list,3,0,False,False,2025-09-08
clerk,NURSE (START),10000 list,3,0,False,False,2025-09-08
vast,BATH,10000 list,3,0,False,False,2025-09-08
tramadol,TRAP LOT,10000 list,3,0,False,False,2025-09-08
holland,LOT,10000 list,3,0,False,False,2025-09-08
compilation,LOT KIT FACE,10000 list,3,0,False,False,2025-09-08
verification,SQUARE KIT FACE,10000 list,3,0,False,False,2025-09-08
odd,LOT,10000 list,3,0,False,False,2025-09-08
favor,FACE,10000 list,3,0,False,False,2025-09-08
attractive,TRAP KIT,10000 list,3,0,False,False,2025-09-08
jefferson,DRESS LETTER,10000 list,3,0,False,False,2025-09-08
ext,DRESS,10000 list,3,0,False,False,2025-09-08
arrive,PRICE,10000 list,3,0,False,False,2025-09-08
minimal,KIT,10000 list,3,0,False,False,2025-09-08
polyphonic,LOT HAPPY,10000 list,3,0,False,False,2025-09-08
lottery,LOT LETTER HAPPY,10000 list,3,0,False,False,2025-09-08
framed,FACE,10000 list,3,0,False,False,2025-09-08
outsourcing,MOUTH FORCE,10000 list,3,0,False,False,2025-09-08
licence,PRICE,10000 list,3,0,False,False,2025-09-08
allocation,TRAP FACE,10000 list,3,0,False,False,2025-09-08
discipline,KIT,10000 list,3,0,False,False,2025-09-08
demonstrated,DRESS FACE,10000 list,3,0,False,False,2025-09-08
alphabetical,TRAP DRESS,10000 list,3,0,False,False,2025-09-08
handheld,TRAP DRESS,10000 list,3,0,False,False,2025-09-08
trace,FACE,10000 list,3,0,False,False,2025-09-08
disposal,KIT GOAT commA,10000 list,3,0,False,False,2025-09-08
switches,KIT commA,10000 list,3,0,False,False,2025-09-08
voluntary,LOT SQUAR happY,10000 list,3,0,False,False,2025-09-08
ncaa,DRESS FLEECE STRUT FACE,10000 list,3,0,False,False,2025-09-08
consult,(LOT) STRUT,10000 list,3,0,False,False,2025-09-08
phd,FLEECE FACE,10000 list,3,0,False,False,2025-09-08
mask,BATH,10000 list,3,0,False,False,2025-09-08
inform,KIT NORTH,10000 list,3,0,False,False,2025-09-08
turkish,NURSE KIT,10000 list,3,0,False,False,2025-09-08
coal,GOAT,10000 list,3,0,False,False,2025-09-08
cry,PRICE,10000 list,3,0,False,False,2025-09-08
pentium,DRESS FLEECE,10000 list,3,0,False,False,2025-09-08
quantum,CLOTH STRUT,10000 list,3,0,False,False,2025-09-08
intent,KIT DRESS,10000 list,3,0,False,False,2025-09-08
largely,START happY,10000 list,3,0,False,False,2025-09-08
announce,commA MOUTH,10000 list,3,0,False,False,2025-09-08
aka,FACE,10000 list,3,0,False,False,2025-09-08
arrow,TRAP GOAT,10000 list,3,0,False,False,2025-09-08
inspired,KIT PRICE lettER,10000 list,3,0,False,False,2025-09-08
blade,FACE,10000 list,3,0,False,False,2025-09-08
oxygen,LOT KIT commA,10000 list,3,0,False,False,2025-09-08
canyon,TRAP,10000 list,3,0,False,False,2025-09-08
goto,GOAT GOOSE,10000 list,3,0,False,False,2025-09-08
passes,BATH commA,10000 list,3,0,False,False,2025-09-08
bibliography,KIT LOT FLEECE happY,10000 list,3,0,False,False,2025-09-08
compatibility,TRAP KIT happY,10000 list,3,0,False,False,2025-09-08
cooperative,GOAT/GOOSE LOT KIT,10000 list,3,0,False,False,2025-09-08
muslim,STRUT/GOOSE commA,10000 list,3,0,False,False,2025-09-08
neil,FLEECE commA,10000 list,3,0,False,False,2025-09-08
sleeve,FLEECE,10000 list,3,0,False,False,2025-09-08
netscape,DRESS FACE,10000 list,3,0,False,False,2025-09-08
beef,FLEECE,10000 list,3,0,False,False,2025-09-08
township,MOUTH KIT,10000 list,3,0,False,False,2025-09-08
cad,TRAP,10000 list,3,0,False,False,2025-09-08
robinson,LOT commA,10000 list,3,0,False,False,2025-09-08
jacksonville,TRAP commA KIT,10000 list,3,0,False,False,2025-09-08
tcp,FLEECE,10000 list,3,0,False,False,2025-09-08
olympic,KIT,10000 list,3,0,False,False,2025-09-08
dir,DRESS LETTER,10000 list,3,0,False,False,2025-09-08
roulette,GOOSE DRESS,10000 list,3,0,False,False,2025-09-08
decline,PRICE,10000 list,3,0,False,False,2025-09-08
medicare,DRESS KIT SQUARE,10000 list,3,0,False,False,2025-09-08
facilitate,KIT FACE,10000 list,3,0,False,False,2025-09-08
subscriber,STRUT PRICE lettER,10000 list,3,0,False,False,2025-09-08
valve,TRAP,10000 list,3,0,False,False,2025-09-08
val,TRAP,10000 list,3,0,False,False,2025-09-08
hewlett,GOOSE,10000 list,3,0,False,False,2025-09-08
proceed,commA/GOAT FLEECE,10000 list,3,0,False,False,2025-09-08
flickr,KIT,10000 list,3,0,False,False,2025-09-08
shelf,DRESS,10000 list,3,0,False,False,2025-09-08
liked,PRICE,10000 list,3,0,False,False,2025-09-08
denied,PRICE,10000 list,3,0,False,False,2025-09-08
freeware,FLEECE SQUARE,10000 list,3,0,False,False,2025-09-08
donation,GOAT FACE,10000 list,3,0,False,False,2025-09-08
katrina,FLEECE,10000 list,3,0,False,False,2025-09-08
cited,PRICE,10000 list,3,0,False,False,2025-09-08
lite,PRICE,10000 list,3,0,False,False,2025-09-08
organizational,NORTH PRICE FACE,10000 list,3,0,False,False,2025-09-08
realized,FLEECE PRICE,10000 list,3,0,False,False,2025-09-08
twelve,DRESS,10000 list,3,0,False,False,2025-09-08
gamecube,FACE GOOSE,10000 list,3,0,False,False,2025-09-08
portuguese,FORCE GOOSE FLEECE,10000 list,3,0,False,False,2025-09-08
titten,KIT,10000 list,3,0,False,False,2025-09-08
adverse,NURSE,10000 list,3,0,False,False,2025-09-08
excerpt,(DRESS) NURSE,10000 list,3,0,False,False,2025-09-08
discharge,KIT START,10000 list,3,0,False,False,2025-09-08
halloween,TRAP/PALM FLEECE,10000 list,3,0,False,False,2025-09-08
sing,KIT,10000 list,3,0,False,False,2025-09-08
albany,TRAP/THOUGHT HAPPY,10000 list,3,0,False,False,2025-09-08
hazardous,TRAP LETTER STRUT,10000 list,3,0,False,False,2025-09-08
stack,TRAP,10000 list,3,0,False,False,2025-09-08
housewares,MOUTH SQUARE,10000 list,3,0,False,False,2025-09-08
resistant,KIT,10000 list,3,0,False,False,2025-09-08
gbp,FLEECE,10000 list,3,0,False,False,2025-09-08
creator,FLEECE FACE LETTER,10000 list,3,0,False,False,2025-09-08
amber,TRAP LETTER,10000 list,3,0,False,False,2025-09-08
slideshow,PRICE GOAT,10000 list,3,0,False,False,2025-09-08
passage,TRAP,10000 list,3,0,False,False,2025-09-08
damn,TRAP,10000 list,3,0,False,False,2025-09-08
pierre,FLEECE SQUARE,10000 list,3,0,False,False,2025-09-08
jelsoft,DRESS CLOTH,10000 list,3,0,False,False,2025-09-08
oakland,GOAT,10000 list,3,0,False,False,2025-09-08
colombia,LOT STRUT FLEECE,10000 list,3,0,False,False,2025-09-08
camel,TRAP,10000 list,3,0,False,False,2025-09-08
KITunderlying,STRUT LETTER PRICE,10000 list,3,0,False,False,2025-09-08
wrestling,DRESS KIT,10000 list,3,0,False,False,2025-09-08
archived,START PRICE,10000 list,3,0,False,False,2025-09-08
arabia,FACE FLEECE,10000 list,3,0,False,False,2025-09-08
projection,DRESS,10000 list,3,0,False,False,2025-09-08
mathematical,TRAP,10000 list,3,0,False,False,2025-09-08
extract,(DRESS) TRAP,10000 list,3,0,False,False,2025-09-08
diagnostic,PRICE CLOTH KIT,10000 list,3,0,False,False,2025-09-08
indianapolis,KIT TRAP,10000 list,3,0,False,False,2025-09-08
courtesy,NURSE HAPPY,10000 list,3,0,False,False,2025-09-08
criticism,KIT,10000 list,3,0,False,False,2025-09-08
automobile,THOUGHT (GOAT) FLEECE,10000 list,3,0,False,False,2025-09-08
confidential,LOT DRESS,10000 list,3,0,False,False,2025-09-08
nissan,KIT/FLEECE TRAP/PALM,10000 list,3,0,False,False,2025-09-08
bracelet,FACE,10000 list,3,0,False,False,2025-09-08
injection,KIT DRESS,10000 list,3,0,False,False,2025-09-08
protective,DRESS KIT,10000 list,3,0,False,False,2025-09-08
cassette,DRESS,10000 list,3,0,False,False,2025-09-08
initially,KIT happY,10000 list,3,0,False,False,2025-09-08
indicator,KIT FACE lettER,10000 list,3,0,False,False,2025-09-08
norton,NORTH,10000 list,3,0,False,False,2025-09-08
eliminate,KIT FACE,10000 list,3,0,False,False,2025-09-08
mineral,KIT,10000 list,3,0,False,False,2025-09-08
sunglasses,STRUT BATH,10000 list,3,0,False,False,2025-09-08
canvas,TRAP,10000 list,3,0,False,False,2025-09-08
threshold,DRESS (GOAT),10000 list,3,0,False,False,2025-09-08
cemetery,DRESS (SQUARE) HAPPY,10000 list,3,0,False,False,2025-09-08
exploration,DRESS FACE,10000 list,3,0,False,False,2025-09-08
stem,DRESS,10000 list,3,0,False,False,2025-09-08
proxy,LOT,10000 list,3,0,False,False,2025-09-08
gangbang,TRAP,10000 list,3,0,False,False,2025-09-08
astronomy,LOT happY,10000 list,3,0,False,False,2025-09-08
lanka,TRAP,10000 list,3,0,False,False,2025-09-08
opt,LOT,10000 list,3,0,False,False,2025-09-08
drew,GOOSE,10000 list,3,0,False,False,2025-09-08
flu,GOOSE,10000 list,3,0,False,False,2025-09-08
translate,TRAP/BATH FACE,10000 list,3,0,False,False,2025-09-08
voted,GOAT,10000 list,3,0,False,False,2025-09-08
rap,TRAP,10000 list,3,0,False,False,2025-09-08
bishop,KIT,10000 list,3,0,False,False,2025-09-08
shaped,FACE,10000 list,3,0,False,False,2025-09-08
compression,DRESS,10000 list,3,0,False,False,2025-09-08
seasonal,FLEECE,10000 list,3,0,False,False,2025-09-08
constitutional,LOT KIT GOOSE,10000 list,3,0,False,False,2025-09-08
perfectly,NURSE HAPPY,10000 list,3,0,False,False,2025-09-08
tin,KIT,10000 list,3,0,False,False,2025-09-08
instantly,KIT happY,10000 list,3,0,False,False,2025-09-08
examined,KIT TRAP,10000 list,3,0,False,False,2025-09-08
trek,DRESS,10000 list,3,0,False,False,2025-09-08
encoding,GOAT,10000 list,3,0,False,False,2025-09-08
litigation,KIT FACE,10000 list,3,0,False,False,2025-09-08
lycos,LOT KIT/PRICE,10000 list,3,0,False,False,2025-09-08
horizontal,LOT/NORTH KIT LOT,10000 list,3,0,False,False,2025-09-08
artwork,START NURSE,10000 list,3,0,False,False,2025-09-08
terrorist,KIT,10000 list,3,0,False,False,2025-09-08
informational,KIT FACE,10000 list,3,0,False,False,2025-09-08
ecommerce,FLEECE LOT LETTER,10000 list,3,0,False,False,2025-09-08
rat,TRAP,10000 list,3,0,False,False,2025-09-08
prospective,DRESS KIT,10000 list,3,0,False,False,2025-09-08
equally,FLEECE happY,10000 list,3,0,False,False,2025-09-08
artificial,START KIT,10000 list,3,0,False,False,2025-09-08
coordination,GOAT FORCE KIT FACE,10000 list,3,0,False,False,2025-09-08
connector,DRESS lettER,10000 list,3,0,False,False,2025-09-08
combo,LOT GOAT,10000 list,3,0,False,False,2025-09-08
guilty,KIT HAPPY,10000 list,3,0,False,False,2025-09-08
activation,TRAP KIT FACE,10000 list,3,0,False,False,2025-09-08
naturally,TRAP happY,10000 list,3,0,False,False,2025-09-08
violent,PRICE,10000 list,3,0,False,False,2025-09-08
basin,FACE KIT,10000 list,3,0,False,False,2025-09-08
potentially,DRESS happY,10000 list,3,0,False,False,2025-09-08
dimensional,PRICE/KIT DRESS,10000 list,3,0,False,False,2025-09-08
cottage,LOT,10000 list,3,0,False,False,2025-09-08
mozilla,LOT KIT,10000 list,3,0,False,False,2025-09-08
byte,PRICE,10000 list,3,0,False,False,2025-09-08
latex,FACE DRESS,10000 list,3,0,False,False,2025-09-08
branches,BATH,10000 list,3,0,False,False,2025-09-08
delhi,DRESS FLEECE,10000 list,3,0,False,False,2025-09-08
locator,GOAT FACE,10000 list,3,0,False,False,2025-09-08
pantyhose,TRAP happY GOAT,10000 list,3,0,False,False,2025-09-08
nepal,(FACE) THOUGHT,10000 list,3,0,False,False,2025-09-08
juan,LOT/TRAP,10000 list,3,0,False,False,2025-09-08
complexity,DRESS KIT happY,10000 list,3,0,False,False,2025-09-08
constantly,LOT happY,10000 list,3,0,False,False,2025-09-08
presidential,DRESS,10000 list,3,0,False,False,2025-09-08
cod,LOT,10000 list,3,0,False,False,2025-09-08
moscow,CLOTH GOAT/MOUTH,10000 list,3,0,False,False,2025-09-08
thesis,FLEECE KIT,10000 list,3,0,False,False,2025-09-08
thru,GOOSE,10000 list,3,0,False,False,2025-09-08
jews,GOOSE,10000 list,3,0,False,False,2025-09-08
palestinian,TRAP KIT,10000 list,3,0,False,False,2025-09-08
trim,KIT,10000 list,3,0,False,False,2025-09-08
ceiling,FLEECE KIT,10000 list,3,0,False,False,2025-09-08
hispanic,KIT TRAP,10000 list,3,0,False,False,2025-09-08
hospitality,CLOTH KIT TRAP happY,10000 list,3,0,False,False,2025-09-08
gen,DRESS,10000 list,3,0,False,False,2025-09-08
procurement,CURE,10000 list,3,0,False,False,2025-09-08
bunch,STRUT,10000 list,3,0,False,False,2025-09-08
theoretical,FLEECE DRESS KIT,10000 list,3,0,False,False,2025-09-08
optimal,LOT KIT,10000 list,3,0,False,False,2025-09-08
quit,KIT,10000 list,3,0,False,False,2025-09-08
distinct,KIT,10000 list,3,0,False,False,2025-09-08
hopefully,GOAT STRUT happY,10000 list,3,0,False,False,2025-09-08
brilliant,KIT (FLEECE),10000 list,3,0,False,False,2025-09-08
gel,DRESS,10000 list,3,0,False,False,2025-09-08
todd,LOT,10000 list,3,0,False,False,2025-09-08
spoken,GOAT commA,10000 list,3,0,False,False,2025-09-08
evaluated,(FLEECE) TRAP GOOSE FACE,10000 list,3,0,False,False,2025-09-08
civic,KIT,10000 list,3,0,False,False,2025-09-08
thereof,DRESS,10000 list,3,0,False,False,2025-09-08
grill,KIT,10000 list,3,0,False,False,2025-09-08
grain,FACE,10000 list,3,0,False,False,2025-09-08
wanna,LOT,10000 list,3,0,False,False,2025-09-08
wishes,KIT,10000 list,3,0,False,False,2025-09-08
montgomery,(LOT) STRUT HAPPY,10000 list,3,0,False,False,2025-09-08
architectural,START KIT DRESS NURSE,10000 list,3,0,False,False,2025-09-08
louisville,GOOSE FLEECE KIT,10000 list,3,0,False,False,2025-09-08
virtually,NURSE STRUT HAPPY,10000 list,3,0,False,False,2025-09-08
cole,GOAT,10000 list,3,0,False,False,2025-09-08
candle,TRAP,10000 list,3,0,False,False,2025-09-08
authorization,THOUGHT LETTER PRICE FACE,10000 list,3,0,False,False,2025-09-08
lynn,KIT,10000 list,3,0,False,False,2025-09-08
formerly,FORCE LETTER happY,10000 list,3,0,False,False,2025-09-08
projector,DRESS,10000 list,3,0,False,False,2025-09-08
comparative,TRAP KIT,10000 list,3,0,False,False,2025-09-08
std,DRESS FLEECE,10000 list,3,0,False,False,2025-09-08
strictly,KIT happY,10000 list,3,0,False,False,2025-09-08
stanley,TRAP happY,10000 list,3,0,False,False,2025-09-08
surprised,PRICE,10000 list,3,0,False,False,2025-09-08
elegant,DRESS,10000 list,3,0,False,False,2025-09-08
vid,KIT,10000 list,3,0,False,False,2025-09-08
genealogy,FLEECE LOT HAPPY,10000 list,3,0,False,False,2025-09-08
opposed,GOAT,10000 list,3,0,False,False,2025-09-08
expenditure,DRESS KIT NURSE,10000 list,3,0,False,False,2025-09-08
panties,TRAP HAPPY,10000 list,3,0,False,False,2025-09-08
critics,KIT,10000 list,3,0,False,False,2025-09-08
solely,GOAT happY,10000 list,3,0,False,False,2025-09-08
salon,(TRAP) LOT,10000 list,3,0,False,False,2025-09-08
fda,DRESS FLEECE FACE,10000 list,3,0,False,False,2025-09-08
turbo,NURSE GOAT,10000 list,3,0,False,False,2025-09-08
voters,GOAT LETTER,10000 list,3,0,False,False,2025-09-08
phillips,KIT,10000 list,3,0,False,False,2025-09-08
bomb,LOT,10000 list,3,0,False,False,2025-09-08
investigate,KIT DRESS FACE,10000 list,3,0,False,False,2025-09-08
thy,PRICE,10000 list,3,0,False,False,2025-09-08
tongue,STRUT,10000 list,3,0,False,False,2025-09-08
tri,PRICE,10000 list,3,0,False,False,2025-09-08
danish,FACE KIT,10000 list,3,0,False,False,2025-09-08
pal,TRAP,10000 list,3,0,False,False,2025-09-08
proportion,FORCE,10000 list,3,0,False,False,2025-09-08
filename,PRICE FACE,10000 list,3,0,False,False,2025-09-08
florence,FORCE,10000 list,3,0,False,False,2025-09-08
invest,KIT DRESS,10000 list,3,0,False,False,2025-09-08
analyses,TRAP FLEECE,10000 list,3,0,False,False,2025-09-08
significance,KIT,10000 list,3,0,False,False,2025-09-08
scenario,START/SQUARE FLEECE GOAT,10000 list,3,0,False,False,2025-09-08
atomic,LOT KIT,10000 list,3,0,False,False,2025-09-08
approx,LOT,10000 list,3,0,False,False,2025-09-08
symposium,KIT GOAT FLEECE STRUT,10000 list,3,0,False,False,2025-09-08
arabic,TRAP/SQUARE KIT,10000 list,3,0,False,False,2025-09-08
faced,FACE,10000 list,3,0,False,False,2025-09-08
mat,TRAP,10000 list,3,0,False,False,2025-09-08
rachel,FACE,10000 list,3,0,False,False,2025-09-08
transmitted,BATH/TRAP KIT,10000 list,3,0,False,False,2025-09-08
ted,DRESS,10000 list,3,0,False,False,2025-09-08
intensive,DRESS KIT,10000 list,3,0,False,False,2025-09-08
kingston,KIT,10000 list,3,0,False,False,2025-09-08
sixth,KIT,10000 list,3,0,False,False,2025-09-08
deviant,FLEECE,10000 list,3,0,False,False,2025-09-08
noon,GOOSE,10000 list,3,0,False,False,2025-09-08
quoted,GOAT,10000 list,3,0,False,False,2025-09-08
correspondence,NORTH,10000 list,3,0,False,False,2025-09-08
bronze,LOT,10000 list,3,0,False,False,2025-09-08
sandy,TRAP HAPPY,10000 list,3,0,False,False,2025-09-08
separation,DRESS LETTER FACE,10000 list,3,0,False,False,2025-09-08
testimony,DRESS KIT HAPPY,10000 list,3,0,False,False,2025-09-08
macro,TRAP GOAT,10000 list,3,0,False,False,2025-09-08
mandatory,TRAP (FORCE) HAPPY,10000 list,3,0,False,False,2025-09-08
syndication,KIT FACE,10000 list,3,0,False,False,2025-09-08
gym,KIT,10000 list,3,0,False,False,2025-09-08
celebration,DRESS FACE,10000 list,3,0,False,False,2025-09-08
kde,FACE FLEECE,10000 list,3,0,False,False,2025-09-08
exotic,LOT KIT,10000 list,3,0,False,False,2025-09-08
signup,PRICE STRUT,10000 list,3,0,False,False,2025-09-08
damaged,TRAP,10000 list,3,0,False,False,2025-09-08
receptor,DRESS LETTER,10000 list,3,0,False,False,2025-09-08
piss,KIT,10000 list,3,0,False,False,2025-09-08
joel,GOAT,10000 list,3,0,False,False,2025-09-08
surgical,NURSE KIT,10000 list,3,0,False,False,2025-09-08
citation,PRICE FACE,10000 list,3,0,False,False,2025-09-08
proved,GOOSE,10000 list,3,0,False,False,2025-09-08
dozen,STRUT,10000 list,3,0,False,False,2025-09-08
benjamin,DRESS KIT,10000 list,3,0,False,False,2025-09-08
teeth,FEET,10000 list,3,0,False,False,2025-09-08
cloth,CLOTH,10000 list,3,0,False,False,2025-09-08
stamp,TRAP,10000 list,3,0,False,False,2025-09-08
salmon,TRAP,10000 list,3,0,False,False,2025-09-08
olympus,(GOAT) KIT,10000 list,3,0,False,False,2025-09-08
separated,DRESS FACE,10000 list,3,0,False,False,2025-09-08
proc,LOT,10000 list,3,0,False,False,2025-09-08
tan,TRAP,10000 list,3,0,False,False,2025-09-08
directive,(PRICE) DRESS (KIT),10000 list,3,0,False,False,2025-09-08
weapon,DRESS,10000 list,3,0,False,False,2025-09-08
isle,PRICE,10000 list,3,0,False,False,2025-09-08
stylish,PRICE (KIT),10000 list,3,0,False,False,2025-09-08
slim,KIT,10000 list,3,0,False,False,2025-09-08
luke,GOOSE,10000 list,3,0,False,False,2025-09-08
governing,STRUT lettER KIT,10000 list,3,0,False,False,2025-09-08
depot,DRESS/FLEECE GOAT,10000 list,3,0,False,False,2025-09-08
kenneth,DRESS,10000 list,3,0,False,False,2025-09-08
comp,LOT,10000 list,3,0,False,False,2025-09-08
alt,THOUGHT/TRAP,10000 list,3,0,False,False,2025-09-08
pie,PRICE,10000 list,3,0,False,False,2025-09-08
blend,DRESS,10000 list,3,0,False,False,2025-09-08
emission,KIT,10000 list,3,0,False,False,2025-09-08
pete,FLEECE,10000 list,3,0,False,False,2025-09-08
spec,DRESS,10000 list,3,0,False,False,2025-09-08
realty,FLEECE happY,10000 list,3,0,False,False,2025-09-08
janet,TRAP,10000 list,3,0,False,False,2025-09-08
penn,DRESS,10000 list,3,0,False,False,2025-09-08
recruiting,(FLEECE) GOOSE KIT,10000 list,3,0,False,False,2025-09-08
apparent,SQUARE/TRAP,10000 list,3,0,False,False,2025-09-08
instructional,KIT STRUT,10000 list,3,0,False,False,2025-09-08
excited,PRICE,10000 list,3,0,False,False,2025-09-08
helen,DRESS,10000 list,3,0,False,False,2025-09-08
balanced,TRAP,10000 list,3,0,False,False,2025-09-08
prescribed,PRICE,10000 list,3,0,False,False,2025-09-08
timely,PRICE happY,10000 list,3,0,False,False,2025-09-08
debug,FLEECE STRUT,10000 list,3,0,False,False,2025-09-08
chuck,STRUT,10000 list,3,0,False,False,2025-09-08
hon,STRUT,10000 list,3,0,False,False,2025-09-08
explicit,KIT,10000 list,3,0,False,False,2025-09-08
calculation,TRAP (GOOSE) FACE,10000 list,3,0,False,False,2025-09-08
ebook,FLEECE FOOT,10000 list,3,0,False,False,2025-09-08
consolidated,LOT (KIT) FACE,10000 list,3,0,False,False,2025-09-08
boob,GOOSE,10000 list,3,0,False,False,2025-09-08
newton,GOOSE,10000 list,3,0,False,False,2025-09-08
sept,DRESS,10000 list,3,0,False,False,2025-09-08
exceptional,DRESS,10000 list,3,0,False,False,2025-09-08
bingo,KIT GOAT,10000 list,3,0,False,False,2025-09-08
whilst,PRICE,10000 list,3,0,False,False,2025-09-08
ceramic,TRAP KIT,10000 list,3,0,False,False,2025-09-08
annually,TRAP GOOSE happY,10000 list,3,0,False,False,2025-09-08
atm,FACE FLEECE DRESS,10000 list,3,0,False,False,2025-09-08
xanax,TRAP TRAP/DRESS,10000 list,3,0,False,False,2025-09-08
cox,LOT,10000 list,3,0,False,False,2025-09-08
sunny,STRUT happY,10000 list,3,0,False,False,2025-09-08
queensland,FLEECE (TRAP),10000 list,3,0,False,False,2025-09-08
necklace,DRESS,10000 list,3,0,False,False,2025-09-08
composite,LOT KIT,10000 list,3,0,False,False,2025-09-08
cedar,FLEECE lettER,10000 list,3,0,False,False,2025-09-08
arranged,FACE,10000 list,3,0,False,False,2025-09-08
advocacy,TRAP happY,10000 list,3,0,False,False,2025-09-08
raleigh,TRAP/PALM happY,10000 list,3,0,False,False,2025-09-08
fold,GOAT,10000 list,3,0,False,False,2025-09-08
essentially,DRESS happY,10000 list,3,0,False,False,2025-09-08
mason,FACE,10000 list,3,0,False,False,2025-09-08
diagram,PRICE TRAP,10000 list,3,0,False,False,2025-09-08
slut,STRUT,10000 list,3,0,False,False,2025-09-08
ejaculation,TRAP (GOOSE) FACE,10000 list,3,0,False,False,2025-09-08
vic,KIT,10000 list,3,0,False,False,2025-09-08
victor,KIT lettER,10000 list,3,0,False,False,2025-09-08
utils,GOOSE KIT,10000 list,3,0,False,False,2025-09-08
advised,PRICE,10000 list,3,0,False,False,2025-09-08
brunswick,STRUT (KIT),10000 list,3,0,False,False,2025-09-08
spider,PRICE lettER,10000 list,3,0,False,False,2025-09-08
phys,KIT,10000 list,3,0,False,False,2025-09-08
calgary,TRAP LETTER HAPPY,10000 list,3,0,False,False,2025-09-08
interim,KIT NURSE,10000 list,3,0,False,False,2025-09-08
divine,PRICE,10000 list,3,0,False,False,2025-09-08
approve,GOOSE,10000 list,3,0,False,False,2025-09-08
intensity,KIT DRESS happY,10000 list,3,0,False,False,2025-09-08
technological,DRESS LOT,10000 list,3,0,False,False,2025-09-08
syndicate,KIT,10000 list,3,0,False,False,2025-09-08
dialog,PRICE LOT,10000 list,3,0,False,False,2025-09-08
calcium,TRAP,10000 list,3,0,False,False,2025-09-08
antivirus,TRAP happY/PRICE PRICE,10000 list,3,0,False,False,2025-09-08
shield,FLEECE,10000 list,3,0,False,False,2025-09-08
prague,PALM,10000 list,3,0,False,False,2025-09-08
bangladesh,TRAP DRESS,10000 list,3,0,False,False,2025-09-08
locally,GOAT happY,10000 list,3,0,False,False,2025-09-08
concluded,(LOT) GOOSE,10000 list,3,0,False,False,2025-09-08
pickup,KIT STRUT,10000 list,3,0,False,False,2025-09-08
desperate,DRESS,10000 list,3,0,False,False,2025-09-08
nascar,TRAP START,10000 list,3,0,False,False,2025-09-08
demonstration,DRESS FACE,10000 list,3,0,False,False,2025-09-08
governmental,STRUT lettER DRESS,10000 list,3,0,False,False,2025-09-08
manufactured,TRAP GOOSE TRAP lettER,10000 list,3,0,False,False,2025-09-08
graduation,TRAP GOOSE FACE,10000 list,3,0,False,False,2025-09-08
bend,DRESS,10000 list,3,0,False,False,2025-09-08
addiction,KIT,10000 list,3,0,False,False,2025-09-08
morocco,LOT GOAT,10000 list,3,0,False,False,2025-09-08
tommy,LOT HAPPY,10000 list,3,0,False,False,2025-09-08
springfield,KIT FLEECE,10000 list,3,0,False,False,2025-09-08
refused,GOOSE,10000 list,3,0,False,False,2025-09-08
exterior,(DRESS) NEAR FLEECE lettER,10000 list,3,0,False,False,2025-09-08
greeting,FLEECE KIT,10000 list,3,0,False,False,2025-09-08
ecology,(FLEECE) LOT happY,10000 list,3,0,False,False,2025-09-08
congo,CLOTH GOAT,10000 list,3,0,False,False,2025-09-08
glen,DRESS,10000 list,3,0,False,False,2025-09-08
nav,TRAP,10000 list,3,0,False,False,2025-09-08
verizon,PRICE,10000 list,3,0,False,False,2025-09-08
scored,FORCE,10000 list,3,0,False,False,2025-09-08
clone,GOAT,10000 list,3,0,False,False,2025-09-08
velocity,CLOTH happY,10000 list,3,0,False,False,2025-09-08
composed,GOAT,10000 list,3,0,False,False,2025-09-08
baseline,FACE PRICE,10000 list,3,0,False,False,2025-09-08
silicon,KIT,10000 list,3,0,False,False,2025-09-08
brazilian,KIT,10000 list,3,0,False,False,2025-09-08
identical,PRICE DRESS KIT,10000 list,3,0,False,False,2025-09-08
petroleum,GOAT FLEECE,10000 list,3,0,False,False,2025-09-08
compete,FLEECE,10000 list,3,0,False,False,2025-09-08
ist,KIT,10000 list,3,0,False,False,2025-09-08
honolulu,LOT GOOSE,10000 list,3,0,False,False,2025-09-08
retention,(FLEECE) DRESS,10000 list,3,0,False,False,2025-09-08
pond,LOT,10000 list,3,0,False,False,2025-09-08
thomson,LOT,10000 list,3,0,False,False,2025-09-08
daddy,TRAP,10000 list,3,0,False,False,2025-09-08
ferry,SQUARE,10000 list,3,0,False,False,2025-09-08
profession,DRESS,10000 list,3,0,False,False,2025-09-08
dam,TRAP,10000 list,3,0,False,False,2025-09-08
cnn,FLEECE DRESS,10000 list,3,0,False,False,2025-09-08
separately,DRESS happY,10000 list,3,0,False,False,2025-09-08
physiology,KIT FLEECE LOT happY,10000 list,3,0,False,False,2025-09-08
lil,KIT,10000 list,3,0,False,False,2025-09-08
participant,(START) KIT,10000 list,3,0,False,False,2025-09-08
recreational,DRESS FLEECE FACE,10000 list,3,0,False,False,2025-09-08
dominican,KIT,10000 list,3,0,False,False,2025-09-08
chad,TRAP,10000 list,3,0,False,False,2025-09-08
electron,(FLEECE) DRESS LOT,10000 list,3,0,False,False,2025-09-08
friendship,DRESS KIT,10000 list,3,0,False,False,2025-09-08
sys,KIT,10000 list,3,0,False,False,2025-09-08
rally,TRAP happY,10000 list,3,0,False,False,2025-09-08
provincial,KIT,10000 list,3,0,False,False,2025-09-08
rely,(FLEECE) PRICE,10000 list,3,0,False,False,2025-09-08
rochester,LOT DRESS lettER,10000 list,3,0,False,False,2025-09-08
dying,PRICE (KIT),10000 list,3,0,False,False,2025-09-08
encryption,KIT,10000 list,3,0,False,False,2025-09-08
imposed,KIT GOAT,10000 list,3,0,False,False,2025-09-08
scsi,DRESS FLEECE PRICE,10000 list,3,0,False,False,2025-09-08
focuses,GOATS,10000 list,3,0,False,False,2025-09-08
possession,DRESS,10000 list,3,0,False,False,2025-09-08
lemon,DRESS,10000 list,3,0,False,False,2025-09-08
toxic,LOT KIT,10000 list,3,0,False,False,2025-09-08
dns,FLEECE DRESS,10000 list,3,0,False,False,2025-09-08
nail,FACE,10000 list,3,0,False,False,2025-09-08
bizrate,KIT FACE,10000 list,3,0,False,False,2025-09-08
implied,(KIT) PRICE,10000 list,3,0,False,False,2025-09-08
span,TRAP,10000 list,3,0,False,False,2025-09-08
stanford,TRAP lettER,10000 list,3,0,False,False,2025-09-08
sox,LOT,10000 list,3,0,False,False,2025-09-08
stockings,LOT (KIT),10000 list,3,0,False,False,2025-09-08
respondent,(KIT) LOT,10000 list,3,0,False,False,2025-09-08
statute,TRAP GOOSE,10000 list,3,0,False,False,2025-09-08
shelter,DRESS lettER,10000 list,3,0,False,False,2025-09-08
chapel,TRAP,10000 list,3,0,False,False,2025-09-08
gamespot,FACE LOT,10000 list,3,0,False,False,2025-09-08
wordpress,NURSE DRESS,10000 list,3,0,False,False,2025-09-08
guided,PRICE,10000 list,3,0,False,False,2025-09-08
vulnerability,STRUT KIT happY,10000 list,3,0,False,False,2025-09-08
accountability,MOUTH KIT happY,10000 list,3,0,False,False,2025-09-08
accredited,DRESS (KIT),10000 list,3,0,False,False,2025-09-08
compressed,(LOT) DRESS,10000 list,3,0,False,False,2025-09-08
mixture,KIT lettER,10000 list,3,0,False,False,2025-09-08
zoophilia,GOOSE (KIT) FLEECE,10000 list,3,0,False,False,2025-09-08
bench,DRESS,10000 list,3,0,False,False,2025-09-08
hampton,TRAP,10000 list,3,0,False,False,2025-09-08
impressive,DRESS,10000 list,3,0,False,False,2025-09-08
accordingly,NORTH KIT happY,10000 list,3,0,False,False,2025-09-08
architect,START (KIT) DRESS,10000 list,3,0,False,False,2025-09-08
railroad,FACE GOAT,10000 list,3,0,False,False,2025-09-08
ash,TRAP,10000 list,3,0,False,False,2025-09-08
travesti,TRAP FLEECE,10000 list,3,0,False,False,2025-09-08
stuart,GOOSE lettER,10000 list,3,0,False,False,2025-09-08
ali,(TRAP) FLEECE,10000 list,3,0,False,False,2025-09-08
salad,TRAP,10000 list,3,0,False,False,2025-09-08
foam,GOAT,10000 list,3,0,False,False,2025-09-08
discretion,(KIT) DRESS,10000 list,3,0,False,False,2025-09-08
tft,FLEECE DRESS,10000 list,3,0,False,False,2025-09-08
jvc,FACE FLEECE,10000 list,3,0,False,False,2025-09-08
poem,GOAT,10000 list,3,0,False,False,2025-09-08
vibrator,PRICE FACE lettER,10000 list,3,0,False,False,2025-09-08
repository,CLOTH KIT (NORTH) happY,10000 list,3,0,False,False,2025-09-08
venice,DRESS (KIT),10000 list,3,0,False,False,2025-09-08
christianity,KIT FLEECE TRAP happY,10000 list,3,0,False,False,2025-09-08
veteran,DRESS (LETTER),10000 list,3,0,False,False,2025-09-08
executed,DRESS GOOSE,10000 list,3,0,False,False,2025-09-08
cgi,FLEECE PRICE,10000 list,3,0,False,False,2025-09-08
integral,KIT (DRESS),10000 list,3,0,False,False,2025-09-08
relax,(FLEECE) TRAP,10000 list,3,0,False,False,2025-09-08
namibia,KIT FLEECE,10000 list,3,0,False,False,2025-09-08
christina,KIT FLEECE,10000 list,3,0,False,False,2025-09-08
congressional,(LOT) DRESS,10000 list,3,0,False,False,2025-09-08
synopsis,KIT LOT,10000 list,3,0,False,False,2025-09-08
hardly,START happY,10000 list,3,0,False,False,2025-09-08
ecuador,DRESS FORCE,10000 list,3,0,False,False,2025-09-08
pixel,KIT,10000 list,3,0,False,False,2025-09-08
colin,LOT,10000 list,3,0,False,False,2025-09-08
bias,PRICE,10000 list,3,0,False,False,2025-09-08
bubble,STRUT,10000 list,3,0,False,False,2025-09-08
acquire,PRICE lettER,10000 list,3,0,False,False,2025-09-08
millennium,DRESS FLEECE,10000 list,3,0,False,False,2025-09-08
vessel,DRESS,10000 list,3,0,False,False,2025-09-08
viruses,PRICE,10000 list,3,0,False,False,2025-09-08
admitted,(TRAP) KIT,10000 list,3,0,False,False,2025-09-08
mem,DRESS,10000 list,3,0,False,False,2025-09-08
fancy,TRAP happY,10000 list,3,0,False,False,2025-09-08
equality,(FLEECE) LOT happY,10000 list,3,0,False,False,2025-09-08
samoa,(PALM) GOAT,10000 list,3,0,False,False,2025-09-08
fisheries,KIT lettER FLEECE,10000 list,3,0,False,False,2025-09-08
lauren,NORTH/LOT,10000 list,3,0,False,False,2025-09-08
macromedia,TRAP GOAT FLEECE,10000 list,3,0,False,False,2025-09-08
companion,TRAP,10000 list,3,0,False,False,2025-09-08
squad,LOT,10000 list,3,0,False,False,2025-09-08
analyze,TRAP PRICE,10000 list,3,0,False,False,2025-09-08
scroll,GOAT,10000 list,3,0,False,False,2025-09-08
swim,KIT,10000 list,3,0,False,False,2025-09-08
additionally,KIT happY,10000 list,3,0,False,False,2025-09-08
nano,TRAP GOAT,10000 list,3,0,False,False,2025-09-08
invalid,,10000 list,3,0,False,False,2025-09-08
retain,(FLEECE) FACE,10000 list,3,0,False,False,2025-09-08
tunnel,STRUT,10000 list,3,0,False,False,2025-09-08
chaos,FACE LOT,10000 list,3,0,False,False,2025-09-08
lithuania,KIT GOOSE FACE FLEECE,10000 list,3,0,False,False,2025-09-08
wheat,FLEECE,10000 list,3,0,False,False,2025-09-08
beaver,FLEECE,10000 list,3,0,False,False,2025-09-08
decorative,DRESS (KIT),10000 list,3,0,False,False,2025-09-08
confused,(LOT) GOOSE,10000 list,3,0,False,False,2025-09-08
compiler,(LOT) PRICE lettER,10000 list,3,0,False,False,2025-09-08
vii,DRESS,10000 list,3,0,False,False,2025-09-08
unity,GOOSE (KIT) happY,10000 list,3,0,False,False,2025-09-08
conjunction,(LOT) STRUT,10000 list,3,0,False,False,2025-09-08
indigenous,KIT,10000 list,3,0,False,False,2025-09-08
begun,(FLEECE) FOOT,10000 list,3,0,False,False,2025-09-08
cfr,FLEECE DRESS START,10000 list,3,0,False,False,2025-09-08
anchor,TRAP lettER,10000 list,3,0,False,False,2025-09-08
socks,LOT,10000 list,3,0,False,False,2025-09-08
validation,TRAP (KIT) FACE,10000 list,3,0,False,False,2025-09-08
stat,TRAP,10000 list,3,0,False,False,2025-09-08
essex,DRESS (KIT),10000 list,3,0,False,False,2025-09-08
differential,KIT (LETTER) DRESS,10000 list,3,0,False,False,2025-09-08
beaches,FLEECE,10000 list,3,0,False,False,2025-09-08
cruz,GOOSE,10000 list,3,0,False,False,2025-09-08
pendant,DRESS,10000 list,3,0,False,False,2025-09-08
dresses,DRESS,10000 list,3,0,False,False,2025-09-08
baptist,TRAP (KIT),10000 list,3,0,False,False,2025-09-08
scientist,PRICE (KIT),10000 list,3,0,False,False,2025-09-08
starsmerchant,START NURSE,10000 list,3,0,False,False,2025-09-08
arthritis,START PRICE (KIT),10000 list,3,0,False,False,2025-09-08
wallace,LOT,10000 list,3,0,False,False,2025-09-08
taxation,TRAP FACE,10000 list,3,0,False,False,2025-09-08
cuisine,(KIT) FLEECE,10000 list,3,0,False,False,2025-09-08
surely,CURE happY,10000 list,3,0,False,False,2025-09-08
myspace,PRICE FACE,10000 list,3,0,False,False,2025-09-08
theorem,FLEECE,10000 list,3,0,False,False,2025-09-08
inflation,KIT FACE,10000 list,3,0,False,False,2025-09-08
pray,FACE,10000 list,3,0,False,False,2025-09-08
topless,LOT,10000 list,3,0,False,False,2025-09-08
structured,STRUT (LETTER),10000 list,3,0,False,False,2025-09-08
reasonably,FLEECE happY,10000 list,3,0,False,False,2025-09-08
cattle,TRAP,10000 list,3,0,False,False,2025-09-08
flame,FACE,10000 list,3,0,False,False,2025-09-08
levitra,DRESS (KIT/FLEECE),10000 list,3,0,False,False,2025-09-08
monetary,LOT/STRUT SQUARE/DRESS HAPPY,10000 list,3,0,False,False,2025-09-08
pit,KIT,10000 list,3,0,False,False,2025-09-08
arlington,START KIT,10000 list,3,0,False,False,2025-09-08
mono,LOT GOAT,10000 list,3,0,False,False,2025-09-08
extraordinary,DRESS NORTH KIT SQUARE/DRESS happY,10000 list,3,0,False,False,2025-09-08
bolivia,KIT FLEECE,10000 list,3,0,False,False,2025-09-08
spell,DRESS,10000 list,3,0,False,False,2025-09-08
hottest,LOT (KIT),10000 list,3,0,False,False,2025-09-08
coordinate,GOOSE/GOAT NORTH FACE,10000 list,3,0,False,False,2025-09-08
exclusively,(DRESS) GOOSE (KIT) happY,10000 list,3,0,False,False,2025-09-08
emily,DRESS KIT happY,10000 list,3,0,False,False,2025-09-08
limitation,KIT FACE,10000 list,3,0,False,False,2025-09-08
widescreen,PRICE FLEECE,10000 list,3,0,False,False,2025-09-08
compile,(LOT) PRICE,10000 list,3,0,False,False,2025-09-08
illustration,KIT FACE,10000 list,3,0,False,False,2025-09-08
bridal,PRICE,10000 list,3,0,False,False,2025-09-08
inspiration,KIT FACE,10000 list,3,0,False,False,2025-09-08
curious,CURE FLEECE,10000 list,3,0,False,False,2025-09-08
rebate,FLEECE FACE,10000 list,3,0,False,False,2025-09-08
meetup,FLEECE STRUT,10000 list,3,0,False,False,2025-09-08
eclipse,(DRESS/FLEECE) KIT,10000 list,3,0,False,False,2025-09-08
rec,DRESS,10000 list,3,0,False,False,2025-09-08
aggregate,TRAP (FACE),10000 list,3,0,False,False,2025-09-08
detect,DRESS,10000 list,3,0,False,False,2025-09-08
actively,TRAP (KIT) happY,10000 list,3,0,False,False,2025-09-08
ampland,TRAP,10000 list,3,0,False,False,2025-09-08
complicated,LOT FACE,10000 list,3,0,False,False,2025-09-08
chem,DRESS,10000 list,3,0,False,False,2025-09-08
shopzilla,LOT KIT,10000 list,3,0,False,False,2025-09-08
injured,KIT NURSE,10000 list,3,0,False,False,2025-09-08
decorating,DRESS FACE KIT,10000 list,3,0,False,False,2025-09-08
ton,STRUT,10000 list,3,0,False,False,2025-09-08
collapse,TRAP,10000 list,3,0,False,False,2025-09-08
twinks,KIT,10000 list,3,0,False,False,2025-09-08
gif,KIT,10000 list,3,0,False,False,2025-09-08
techno,DRESS GOAT,10000 list,3,0,False,False,2025-09-08
beverage,DRESS,10000 list,3,0,False,False,2025-09-08
wired,PRICE,10000 list,3,0,False,False,2025-09-08
elvis,DRESS (KIT),10000 list,3,0,False,False,2025-09-08
latvia,TRAP/PALM FLEECE,10000 list,3,0,False,False,2025-09-08
forestry,NORTH/LOT happY,10000 list,3,0,False,False,2025-09-08
cant,BATH,10000 list,3,0,False,False,2025-09-08
infected,KIT DRESS,10000 list,3,0,False,False,2025-09-08
genesis,DRESS (KIT),10000 list,3,0,False,False,2025-09-08
barrier,TRAP/SQUARE FLEECE lettER,10000 list,3,0,False,False,2025-09-08
incorrect,KIT DRESS,10000 list,3,0,False,False,2025-09-08
furnishings,NURSE KIT,10000 list,3,0,False,False,2025-09-08
arise,PRICE,10000 list,3,0,False,False,2025-09-08
celtic,DRESS KIT,10000 list,3,0,False,False,2025-09-08
perception,DRESS,10000 list,3,0,False,False,2025-09-08
advise,PRICE,10000 list,3,0,False,False,2025-09-08
renaissance,DRESS (FACE) PALM,10000 list,3,0,False,False,2025-09-08
ordinance,NORTH KIT,10000 list,3,0,False,False,2025-09-08
hughes,GOOSE,10000 list,3,0,False,False,2025-09-08
chess,DRESS,10000 list,3,0,False,False,2025-09-08
brisbane,KIT,10000 list,3,0,False,False,2025-09-08
configured,KIT (NURSE),10000 list,3,0,False,False,2025-09-08
duck,STRUT,10000 list,3,0,False,False,2025-09-08
reveal,FLEECE,10000 list,3,0,False,False,2025-09-08
canal,TRAP,10000 list,3,0,False,False,2025-09-08
analytical,TRAP KIT,10000 list,3,0,False,False,2025-09-08
watson,LOT,10000 list,3,0,False,False,2025-09-08
lying,PRICE KIT,10000 list,3,0,False,False,2025-09-08
strict,KIT,10000 list,3,0,False,False,2025-09-08
saddam,PALM/TRAP,10000 list,3,0,False,False,2025-09-08
circulation,NURSE FACE,10000 list,3,0,False,False,2025-09-08
drill,KIT,10000 list,3,0,False,False,2025-09-08
offense,(LOT) DRESS,10000 list,3,0,False,False,2025-09-08
threesome,FLEECE (STRUT),10000 list,3,0,False,False,2025-09-08
bryan,PRICE,10000 list,3,0,False,False,2025-09-08
handjob,TRAP LOT,10000 list,3,0,False,False,2025-09-08
assumption,STRUT,10000 list,3,0,False,False,2025-09-08
transexuales,TRAP DRESS GOOSE,10000 list,3,0,False,False,2025-09-08
invention,KIT DRESS,10000 list,3,0,False,False,2025-09-08
nickname,KIT FACE,10000 list,3,0,False,False,2025-09-08
technician,DRESS KIT,10000 list,3,0,False,False,2025-09-08
inline,KIT PRICE,10000 list,3,0,False,False,2025-09-08
trick,KIT,10000 list,3,0,False,False,2025-09-08
enquiry,DRESS PRICE happY,10000 list,3,0,False,False,2025-09-08
timber,KIT lettER,10000 list,3,0,False,False,2025-09-08
volt,GOAT,10000 list,3,0,False,False,2025-09-08
intense,KIT DRESS,10000 list,3,0,False,False,2025-09-08
playlist,FACE KIT,10000 list,3,0,False,False,2025-09-08
supporters,FORCE lettER,10000 list,3,0,False,False,2025-09-08
steady,DRESS happY,10000 list,3,0,False,False,2025-09-08
dirt,NURSE,10000 list,3,0,False,False,2025-09-08
myers,PRICE lettER,10000 list,3,0,False,False,2025-09-08
saskatchewan,TRAP (GOOSE) (LOT),10000 list,3,0,False,False,2025-09-08
cancellation,TRAP FACE,10000 list,3,0,False,False,2025-09-08
enrolled,(DRESS) GOAT,10000 list,3,0,False,False,2025-09-08
publicly,STRUT KIT happY,10000 list,3,0,False,False,2025-09-08
hourly,MOUTH happY,10000 list,3,0,False,False,2025-09-08
veterinary,DRESS KIT SQUARE/DRESS happY,10000 list,3,0,False,False,2025-09-08
prostores,GOAT FORCE,10000 list,3,0,False,False,2025-09-08
intake,KIT FACE,10000 list,3,0,False,False,2025-09-08
relevance,DRESS,10000 list,3,0,False,False,2025-09-08
incentive,KIT DRESS,10000 list,3,0,False,False,2025-09-08
mechanics,TRAP (KIT),10000 list,3,0,False,False,2025-09-08
heavily,DRESS happY,10000 list,3,0,False,False,2025-09-08
swingers,KIT lettER,10000 list,3,0,False,False,2025-09-08
reflection,DRESS,10000 list,3,0,False,False,2025-09-08
sink,KIT,10000 list,3,0,False,False,2025-09-08
accompanied,STRUT FLEECE/happY,10000 list,3,0,False,False,2025-09-08
invitation,KIT FACE,10000 list,3,0,False,False,2025-09-08
devoted,GOAT,10000 list,3,0,False,False,2025-09-08
princeton,KIT,10000 list,3,0,False,False,2025-09-08
randy,TRAP HAPPY,10000 list,3,0,False,False,2025-09-08
hormone,NORTH GOAT,10000 list,3,0,False,False,2025-09-08
proprietary,PRICE (DRESS/SQUARE) happY,10000 list,3,0,False,False,2025-09-08
brick,KIT,10000 list,3,0,False,False,2025-09-08
grip,KIT,10000 list,3,0,False,False,2025-09-08
thumbzilla,STRUT KIT,10000 list,3,0,False,False,2025-09-08
medieval,(DRESS/KIT) FLEECE,10000 list,3,0,False,False,2025-09-08
pichunter,KIT STRUT lettER,10000 list,3,0,False,False,2025-09-08
captured,TRAP NURSE,10000 list,3,0,False,False,2025-09-08
watt,LOT,10000 list,3,0,False,False,2025-09-08
thehun,,10000 list,3,0,False,False,2025-09-08
decent,FLEECE,10000 list,3,0,False,False,2025-09-08
dayton,FACE,10000 list,3,0,False,False,2025-09-08
translated,TRAP FACE,10000 list,3,0,False,False,2025-09-08
shortly,NORTH happY,10000 list,3,0,False,False,2025-09-08
columnists,LOT (STRUT) (KIT),10000 list,3,0,False,False,2025-09-08
cabin,TRAP (KIT),10000 list,3,0,False,False,2025-09-08
innocent,KIT,10000 list,3,0,False,False,2025-09-08
bdsm,FLEECE DRESS,10000 list,3,0,False,False,2025-09-08
consensus,DRESS,10000 list,3,0,False,False,2025-09-08
valium,TRAP (happY),10000 list,3,0,False,False,2025-09-08
cordless,NORTH (DRESS),10000 list,3,0,False,False,2025-09-08
fired,PRICE,10000 list,3,0,False,False,2025-09-08
prot,LOT,10000 list,3,0,False,False,2025-09-08
trivia,KIT,10000 list,3,0,False,False,2025-09-08
adidas,(TRAP) KIT/FLEECE,10000 list,3,0,False,False,2025-09-08
intention,KIT DRESS,10000 list,3,0,False,False,2025-09-08
syria,(KIT) FLEECE,10000 list,3,0,False,False,2025-09-08
disagree,KIT FLEECE,10000 list,3,0,False,False,2025-09-08
klein,PRICE,10000 list,3,0,False,False,2025-09-08
undertaken,STRUT lettER FACE,10000 list,3,0,False,False,2025-09-08
leo,FLEECE GOAT,10000 list,3,0,False,False,2025-09-08
livesex,PRICE DRESS,10000 list,3,0,False,False,2025-09-08
statewide,FACE PRICE,10000 list,3,0,False,False,2025-09-08
semiconductor,DRESS happY/PRICE STRUT lettER,10000 list,3,0,False,False,2025-09-08
boolean,GOOSE (FLEECE),10000 list,3,0,False,False,2025-09-08
circular,NURSE lettER,10000 list,3,0,False,False,2025-09-08
mainland,FACE (TRAP),10000 list,3,0,False,False,2025-09-08
interact,KIT TRAP,10000 list,3,0,False,False,2025-09-08
happiness,TRAP HAPPY,10000 list,3,0,False,False,2025-09-08
substantially,STRUT TRAP happY,10000 list,3,0,False,False,2025-09-08
glenn,DRESS,10000 list,3,0,False,False,2025-09-08
identifier,PRICE DRESS KIT lettER,10000 list,3,0,False,False,2025-09-08
geo,FLEECE GOAT,10000 list,3,0,False,False,2025-09-08
worldsex,NURSE DRESS,10000 list,3,0,False,False,2025-09-08
doe,GOAT,10000 list,3,0,False,False,2025-09-08
startup,START STRUT,10000 list,3,0,False,False,2025-09-08
handy,TRAP,10000 list,3,0,False,False,2025-09-08
swap,LOT,10000 list,3,0,False,False,2025-09-08
exempt,DRESS,10000 list,3,0,False,False,2025-09-08
geometry,FLEECE LOT happY,10000 list,3,0,False,False,2025-09-08
flip,KIT,10000 list,3,0,False,False,2025-09-08
guild,KIT,10000 list,3,0,False,False,2025-09-08
correlation,NORTH FACE,10000 list,3,0,False,False,2025-09-08
gorgeous,NORTH,10000 list,3,0,False,False,2025-09-08
sim,KIT,10000 list,3,0,False,False,2025-09-08
dishes,KIT,10000 list,3,0,False,False,2025-09-08
chrysler,PRICE lettER,10000 list,3,0,False,False,2025-09-08
mcdonald,LOT,10000 list,3,0,False,False,2025-09-08
tribe,PRICE,10000 list,3,0,False,False,2025-09-08
rid,KIT,10000 list,3,0,False,False,2025-09-08
trinity,KIT happY,10000 list,3,0,False,False,2025-09-08
charleston,START,10000 list,3,0,False,False,2025-09-08
handled,TRAP,10000 list,3,0,False,False,2025-09-08
calm,PALM,10000 list,3,0,False,False,2025-09-08
davidson,FACE (KIT),10000 list,3,0,False,False,2025-09-08
copied,LOT happY,10000 list,3,0,False,False,2025-09-08
scotia,LOT GOAT happY,10000 list,3,0,False,False,2025-09-08
gibson,KIT,10000 list,3,0,False,False,2025-09-08
appreciated,FLEECE/KIT FACE,10000 list,3,0,False,False,2025-09-08
nicole,(KIT) GOAT,10000 list,3,0,False,False,2025-09-08
latino,(TRAP) FLEECE GOAT,10000 list,3,0,False,False,2025-09-08
albuquerque,TRAP NURSE happY,10000 list,3,0,False,False,2025-09-08
distinguished,KIT,10000 list,3,0,False,False,2025-09-08
asthma,TRAP,10000 list,3,0,False,False,2025-09-08
shareholders,SQUARE GOAT lettER,10000 list,3,0,False,False,2025-09-08
developmental,DRESS,10000 list,3,0,False,False,2025-09-08
zope,GOAT,10000 list,3,0,False,False,2025-09-08
regulated,DRESS (GOOSE) FACE,10000 list,3,0,False,False,2025-09-08
amend,DRESS,10000 list,3,0,False,False,2025-09-08
anticipated,TRAP KIT FACE,10000 list,3,0,False,False,2025-09-08
oriental,NORTH DRESS,10000 list,3,0,False,False,2025-09-08
zambia,TRAP happY,10000 list,3,0,False,False,2025-09-08
hydrogen,PRICE,10000 list,3,0,False,False,2025-09-08
webshots,DRESS LOT,10000 list,3,0,False,False,2025-09-08
sprint,KIT,10000 list,3,0,False,False,2025-09-08
comparable,SQUARE,10000 list,3,0,False,False,2025-09-08
chick,KIT,10000 list,3,0,False,False,2025-09-08
advocate,TRAP,10000 list,3,0,False,False,2025-09-08
tray,FACE,10000 list,3,0,False,False,2025-09-08
genome,FLEECE GOAT,10000 list,3,0,False,False,2025-09-08
medal,DRESS,10000 list,3,0,False,False,2025-09-08
coaches,GOAT,10000 list,3,0,False,False,2025-09-08
sol,GOAT,10000 list,3,0,False,False,2025-09-08
eco,FLEECE GOAT,10000 list,3,0,False,False,2025-09-08
arrange,FACE,10000 list,3,0,False,False,2025-09-08
bat,TRAP,10000 list,3,0,False,False,2025-09-08
booth,GOOSE,10000 list,3,0,False,False,2025-09-08
unified,GOOSE (KIT) PRICE,10000 list,3,0,False,False,2025-09-08
breed,FLEECE,10000 list,3,0,False,False,2025-09-08
detector,(FLEECE) DRESS lettER,10000 list,3,0,False,False,2025-09-08
ignored,NORTH,10000 list,3,0,False,False,2025-09-08
polar,GOAT,10000 list,3,0,False,False,2025-09-08
fallen,THOUGHT,10000 list,3,0,False,False,2025-09-08
respiratory,(DRESS) (NEAR) (FORCE) happY,10000 list,3,0,False,False,2025-09-08
transexual,TRAP/BATH DRESS GOOSE,10000 list,3,0,False,False,2025-09-08
subcommittee,STRUT KIT happY,10000 list,3,0,False,False,2025-09-08
sap,TRAP,10000 list,3,0,False,False,2025-09-08
suse,GOOSE,10000 list,3,0,False,False,2025-09-08
alfred,TRAP,10000 list,3,0,False,False,2025-09-08
colonial,GOAT FLEECE,10000 list,3,0,False,False,2025-09-08
embassy,DRESS happY,10000 list,3,0,False,False,2025-09-08
danny,TRAP happY,10000 list,3,0,False,False,2025-09-08
wool,FOOT,10000 list,3,0,False,False,2025-09-08
arrest,commA DRESS,10000 list,3,0,False,False,2025-09-08
horizon,PRICE,10000 list,3,0,False,False,2025-09-08
deeply,FLEECE happY,10000 list,3,0,False,False,2025-09-08
bosnia,LOT FLEECE,10000 list,3,0,False,False,2025-09-08
decreased,FLEECE,10000 list,3,0,False,False,2025-09-08
patio,TRAP FLEECE GOAT,10000 list,3,0,False,False,2025-09-08
tolerance,LOT LETTER,10000 list,3,0,False,False,2025-09-08
optics,LOT KIT,10000 list,3,0,False,False,2025-09-08
lightning,PRICE (KIT),10000 list,3,0,False,False,2025-09-08
eyed,PRICE,10000 list,3,0,False,False,2025-09-08
quotations,GOAT FACE (KIT),10000 list,3,0,False,False,2025-09-08
inspector,KIT DRESS lettER,10000 list,3,0,False,False,2025-09-08
brighton,PRICE,10000 list,3,0,False,False,2025-09-08
ellis,DRESS (KIT),10000 list,3,0,False,False,2025-09-08
succeed,STRUT FLEECE,10000 list,3,0,False,False,2025-09-08
leonard,DRESS lettER,10000 list,3,0,False,False,2025-09-08
lending,DRESS (KIT),10000 list,3,0,False,False,2025-09-08
nipple,KIT,10000 list,3,0,False,False,2025-09-08
behavioral,(FLEECE) FACE STRUT/CURE,10000 list,3,0,False,False,2025-09-08
initiated,KIT happY FACE,10000 list,3,0,False,False,2025-09-08
midwest,KIT DRESS,10000 list,3,0,False,False,2025-09-08
karaoke,TRAP/SQUARE GOAT happY,10000 list,3,0,False,False,2025-09-08
trap,TRAP,10000 list,3,0,False,False,2025-09-08
lonely,GOAT happY,10000 list,3,0,False,False,2025-09-08
nonprofit,LOT CLOTH,10000 list,3,0,False,False,2025-09-08
suspended,DRESS,10000 list,3,0,False,False,2025-09-08
hereby,NEAR PRICE,10000 list,3,0,False,False,2025-09-08
julia,GOOSE HAPPY,10000 list,3,0,False,False,2025-09-08
collar,LOT lettER,10000 list,3,0,False,False,2025-09-08
simultaneously,PRICE/KIT STRUT FACE happY,10000 list,3,0,False,False,2025-09-08
integrate,KIT FACE,10000 list,3,0,False,False,2025-09-08
confident,LOT,10000 list,3,0,False,False,2025-09-08
retrieved,(KIT) FLEECE,10000 list,3,0,False,False,2025-09-08
officially,(GOAT) KIT happY,10000 list,3,0,False,False,2025-09-08
bacteria,TRAP NEAR HAPPY,10000 list,3,0,False,False,2025-09-08
replied,(FLEECE) PRICE,10000 list,3,0,False,False,2025-09-08
rrp,START FLEECE,10000 list,3,0,False,False,2025-09-08
safely,FACE happY,10000 list,3,0,False,False,2025-09-08
finite,PRICE,10000 list,3,0,False,False,2025-09-08
kidney,KIT happY,10000 list,3,0,False,False,2025-09-08
periodically,NEAR HAPPY LOT happY,10000 list,3,0,False,False,2025-09-08
fixes,KIT,10000 list,3,0,False,False,2025-09-08
durable,CURE,10000 list,3,0,False,False,2025-09-08
allied,TRAP PRICE,10000 list,3,0,False,False,2025-09-08
roster,CLOTH lettER,10000 list,3,0,False,False,2025-09-08
symantec,(KIT) TRAP,10000 list,3,0,False,False,2025-09-08
wichita,KIT,10000 list,3,0,False,False,2025-09-08
nasdaq,TRAP,10000 list,3,0,False,False,2025-09-08
gotten,LOT,10000 list,3,0,False,False,2025-09-08
educators,DRESS GOOSE FACE lettER,10000 list,3,0,False,False,2025-09-08
vegetable,DRESS,10000 list,3,0,False,False,2025-09-08
independently,KIT DRESS happY,10000 list,3,0,False,False,2025-09-08
launches,THOUGHT,10000 list,3,0,False,False,2025-09-08
masturbating,BATH lettER FACE KIT,10000 list,3,0,False,False,2025-09-08
henderson,DRESS lettER,10000 list,3,0,False,False,2025-09-08
britannica,KIT TRAP,10000 list,3,0,False,False,2025-09-08
ellen,DRESS,10000 list,3,0,False,False,2025-09-08
competitors,(LOT) DRESS (KIT) lettER,10000 list,3,0,False,False,2025-09-08
rocket,LOT,10000 list,3,0,False,False,2025-09-08
aye,PRICE,10000 list,3,0,False,False,2025-09-08
bullet,FOOT,10000 list,3,0,False,False,2025-09-08
visibility,KIT happY,10000 list,3,0,False,False,2025-09-08
tumor,GOOSE lettER,10000 list,3,0,False,False,2025-09-08
beverly,DRESS lettER happY,10000 list,3,0,False,False,2025-09-08
mistress,KIT,10000 list,3,0,False,False,2025-09-08
encounter,(DRESS) MOUTH lettER,10000 list,3,0,False,False,2025-09-08
duncan,STRUT,10000 list,3,0,False,False,2025-09-08
ment,DRESS,10000 list,3,0,False,False,2025-09-08
forty,FORCE happY,10000 list,3,0,False,False,2025-09-08
priest,FLEECE,10000 list,3,0,False,False,2025-09-08
ronald,LOT/PALM,10000 list,3,0,False,False,2025-09-08
trance,BATH,10000 list,3,0,False,False,2025-09-08
nicholas,KIT,10000 list,3,0,False,False,2025-09-08
bundle,STRUT,10000 list,3,0,False,False,2025-09-08
witnesses,KIT,10000 list,3,0,False,False,2025-09-08
administered,(TRAP) KIT LETTER,10000 list,3,0,False,False,2025-09-08
arctic,START KIT,10000 list,3,0,False,False,2025-09-08
beneath,(KIT) FLEECE,10000 list,3,0,False,False,2025-09-08
strengthen,DRESS,10000 list,3,0,False,False,2025-09-08
frederick,DRESS (LETTER) KIT,10000 list,3,0,False,False,2025-09-08
treo,FLEECE GOAT,10000 list,3,0,False,False,2025-09-08
infrared,KIT DRESS,10000 list,3,0,False,False,2025-09-08
seventh,DRESS,10000 list,3,0,False,False,2025-09-08
welsh,DRESS,10000 list,3,0,False,False,2025-09-08
belly,DRESS happY,10000 list,3,0,False,False,2025-09-08
tex,DRESS,10000 list,3,0,False,False,2025-09-08
cia,FLEECE PRICE FACE,10000 list,3,0,False,False,2025-09-08
sublime,STRUT PRICE,10000 list,3,0,False,False,2025-09-08
disturbed,KIT NURSE,10000 list,3,0,False,False,2025-09-08
poly,LOT HAPPY,10000 list,3,0,False,False,2025-09-08
dod,LOT,10000 list,3,0,False,False,2025-09-08
fist,KIT,10000 list,3,0,False,False,2025-09-08
neo,FLEECE GOAT,10000 list,3,0,False,False,2025-09-08
motivation,GOAT (KIT) FACE,10000 list,3,0,False,False,2025-09-08
pharmacology,START LOT happY,10000 list,3,0,False,False,2025-09-08
fixtures,KIT lettER,10000 list,3,0,False,False,2025-09-08
petersburg,FLEECE LETTER NURSE,10000 list,3,0,False,False,2025-09-08
consistently,(LOT) KIT happY,10000 list,3,0,False,False,2025-09-08
powerpoint,MOUTH LETTER CHOICE,10000 list,3,0,False,False,2025-09-08
elder,DRESS lettER,10000 list,3,0,False,False,2025-09-08
sonic,LOT KIT,10000 list,3,0,False,False,2025-09-08
obituaries,(GOAT) KIT (GOOSE SQUARE) happY,10000 list,3,0,False,False,2025-09-08
punishment,STRUT KIT,10000 list,3,0,False,False,2025-09-08
appreciation,FLEECE FACE,10000 list,3,0,False,False,2025-09-08
belarus,DRESS GOOSE,10000 list,3,0,False,False,2025-09-08
restriction,KIT,10000 list,3,0,False,False,2025-09-08
incorporate,KIT NORTH FACE,10000 list,3,0,False,False,2025-09-08
essence,DRESS,10000 list,3,0,False,False,2025-09-08
mighty,PRICE happY,10000 list,3,0,False,False,2025-09-08
athletes,TRAP FLEECE,10000 list,3,0,False,False,2025-09-08
complications,LOT FACE,10000 list,3,0,False,False,2025-09-08
synthetic,KIT DRESS,10000 list,3,0,False,False,2025-09-08
shaw,THOUGHT,10000 list,3,0,False,False,2025-09-08
testament,DRESS,10000 list,3,0,False,False,2025-09-08
expo,DRESS GOAT,10000 list,3,0,False,False,2025-09-08
dominant,LOT (KIT),10000 list,3,0,False,False,2025-09-08
partially,START HAPPY,10000 list,3,0,False,False,2025-09-08
buried,NURSE/DRESS/SQUARE happY,10000 list,3,0,False,False,2025-09-08
minimize,KIT PRICE,10000 list,3,0,False,False,2025-09-08
deny,(KIT) PRICE,10000 list,3,0,False,False,2025-09-08
judy,GOOSE happY,10000 list,3,0,False,False,2025-09-08
headphones,DRESS GOAT,10000 list,3,0,False,False,2025-09-08
fraction,TRAP,10000 list,3,0,False,False,2025-09-08
defects,(FLEECE) DRESS,10000 list,3,0,False,False,2025-09-08
uncertainty,STRUT NURSE happY,10000 list,3,0,False,False,2025-09-08
milton,KIT,10000 list,3,0,False,False,2025-09-08
subsidiary,STRUT KIT (FLEECE) (SQUARE) happY,10000 list,3,0,False,False,2025-09-08
clarity,TRAP KIT happY,10000 list,3,0,False,False,2025-09-08
furnished,NURSE (KIT),10000 list,3,0,False,False,2025-09-08
settled,DRESS,10000 list,3,0,False,False,2025-09-08
emirates,DRESS,10000 list,3,0,False,False,2025-09-08
beneficial,DRESS KIT,10000 list,3,0,False,False,2025-09-08
belize,DRESS FLEECE,10000 list,3,0,False,False,2025-09-08
crap,TRAP,10000 list,3,0,False,False,2025-09-08
viewpicture,GOOSE KIT lettER,10000 list,3,0,False,False,2025-09-08
promised,LOT,10000 list,3,0,False,False,2025-09-08
volvo,(LOT) GOAT,10000 list,3,0,False,False,2025-09-08
penny,DRESS happY,10000 list,3,0,False,False,2025-09-08
threatened,DRESS,10000 list,3,0,False,False,2025-09-08
minolta,KIT GOAT,10000 list,3,0,False,False,2025-09-08
discusses,KIT STRUT,10000 list,3,0,False,False,2025-09-08
ver,NURSE,10000 list,3,0,False,False,2025-09-08
rim,KIT,10000 list,3,0,False,False,2025-09-08
zen,DRESS,10000 list,3,0,False,False,2025-09-08
alpine,TRAP PRICE,10000 list,3,0,False,False,2025-09-08
prediction,KIT,10000 list,3,0,False,False,2025-09-08
andale,TRAP FACE,10000 list,3,0,False,False,2025-09-08
alias,FACE FLEECE,10000 list,3,0,False,False,2025-09-08
individually,KIT (GOOSE) happY,10000 list,3,0,False,False,2025-09-08
battlefield,TRAP FLEECE,10000 list,3,0,False,False,2025-09-08
literally,KIT (LETTER) happY,10000 list,3,0,False,False,2025-09-08
kay,FACE,10000 list,3,0,False,False,2025-09-08
implies,KIT PRICE,10000 list,3,0,False,False,2025-09-08
periodic,FLEECE LOT KIT,10000 list,3,0,False,False,2025-09-08
geographical,FLEECE TRAP KIT,10000 list,3,0,False,False,2025-09-08
donor,GOAT lettER,10000 list,3,0,False,False,2025-09-08
tension,DRESS,10000 list,3,0,False,False,2025-09-08
manor,TRAP lettER,10000 list,3,0,False,False,2025-09-08
diane,PRICE TRAP,10000 list,3,0,False,False,2025-09-08
homeland,GOAT (TRAP),10000 list,3,0,False,False,2025-09-08
excluded,(KIT/DRESS) GOOSE,10000 list,3,0,False,False,2025-09-08
andrea,TRAP/PALM FACE,10000 list,3,0,False,False,2025-09-08
disco,KIT GOAT,10000 list,3,0,False,False,2025-09-08
emotions,(FLEECE) GOAT,10000 list,3,0,False,False,2025-09-08
wellington,DRESS (KIT),10000 list,3,0,False,False,2025-09-08
lexmark,DRESS START,10000 list,3,0,False,False,2025-09-08
eternal,(FLEECE) NURSE,10000 list,3,0,False,False,2025-09-08
cashiers,(TRAP) NEAR,10000 list,3,0,False,False,2025-09-08
cite,PRICE,10000 list,3,0,False,False,2025-09-08
aboriginal,TRAP KIT,10000 list,3,0,False,False,2025-09-08
nam,PALM/TRAP,10000 list,3,0,False,False,2025-09-08
productive,STRUT (KIT),10000 list,3,0,False,False,2025-09-08
gdp,FLEECE,10000 list,3,0,False,False,2025-09-08
metric,DRESS KIT,10000 list,3,0,False,False,2025-09-08
compliant,(LOT) PRICE,10000 list,3,0,False,False,2025-09-08
minus,PRICE (KIT/STRUT),10000 list,3,0,False,False,2025-09-08
bennett,DRESS,10000 list,3,0,False,False,2025-09-08
hotmail,LOT FACE,10000 list,3,0,False,False,2025-09-08
joshua,LOT GOOSE,10000 list,3,0,False,False,2025-09-08
varied,SQUARE happY,10000 list,3,0,False,False,2025-09-08
grande,PALM/TRAP,10000 list,3,0,False,False,2025-09-08
closest,GOAT,10000 list,3,0,False,False,2025-09-08
activated,TRAP FACE,10000 list,3,0,False,False,2025-09-08
actress,TRAP (KIT),10000 list,3,0,False,False,2025-09-08
mess,DRESS,10000 list,3,0,False,False,2025-09-08
armstrong,START CLOTH,10000 list,3,0,False,False,2025-09-08
politicians,LOT KIT,10000 list,3,0,False,False,2025-09-08
lit,KIT,10000 list,3,0,False,False,2025-09-08
accommodate,LOT FACE,10000 list,3,0,False,False,2025-09-08
premiere,(DRESS) NEAR,10000 list,3,0,False,False,2025-09-08
lender,DRESS LETTER,10000 list,3,0,False,False,2025-09-08
chorus,FORCE,10000 list,3,0,False,False,2025-09-08
christine,KIT FLEECE,10000 list,3,0,False,False,2025-09-08
digit,KIT,10000 list,3,0,False,False,2025-09-08
dietary,PRICE (SQUARE) HAPPY,10000 list,3,0,False,False,2025-09-08
symphony,KIT happY,10000 list,3,0,False,False,2025-09-08
clarke,START,10000 list,3,0,False,False,2025-09-08
precipitation,KIT FACE,10000 list,3,0,False,False,2025-09-08
marilyn,TRAP/SQUARE KIT,10000 list,3,0,False,False,2025-09-08
lyric,(FLEECE) KIT,10000 list,3,0,False,False,2025-09-08
isolation,PRICE FACE,10000 list,3,0,False,False,2025-09-08
sustained,STRUT FACE,10000 list,3,0,False,False,2025-09-08
carroll,TRAP/SQUARE,10000 list,3,0,False,False,2025-09-08
rational,TRAP,10000 list,3,0,False,False,2025-09-08
programmer,GOAT TRAP lettER,10000 list,3,0,False,False,2025-09-08
dump,STRUT,10000 list,3,0,False,False,2025-09-08
inherited,KIT DRESS,10000 list,3,0,False,False,2025-09-08
incomplete,KIT (LOT) FLEECE,10000 list,3,0,False,False,2025-09-08
chronicle,LOT (KIT),10000 list,3,0,False,False,2025-09-08
fountain,MOUTH,10000 list,3,0,False,False,2025-09-08
chubby,STRUT HAPPY,10000 list,3,0,False,False,2025-09-08
legitimate,KIT,10000 list,3,0,False,False,2025-09-08
foo,GOOSE,10000 list,3,0,False,False,2025-09-08
investigator,KIT DRESS FACE LETTER,10000 list,3,0,False,False,2025-09-08
gba,FLEECE FACE,10000 list,3,0,False,False,2025-09-08
plaintiff,FACE (KIT),10000 list,3,0,False,False,2025-09-08
finnish,KIT,10000 list,3,0,False,False,2025-09-08
gentle,DRESS,10000 list,3,0,False,False,2025-09-08
hose,GOAT,10000 list,3,0,False,False,2025-09-08
footage,FOOT (KIT),10000 list,3,0,False,False,2025-09-08
howto,MOUTH GOOSE,10000 list,3,0,False,False,2025-09-08
sig,KIT,10000 list,3,0,False,False,2025-09-08
freelance,FLEECE BATH,10000 list,3,0,False,False,2025-09-08
duo,GOOSE GOAT,10000 list,3,0,False,False,2025-09-08
excessive,DRESS (KIT),10000 list,3,0,False,False,2025-09-08
screensaver,FLEECE FACE,10000 list,3,0,False,False,2025-09-08
characteristic,TRAP/SQUARE lettER KIT,10000 list,3,0,False,False,2025-09-08
marion,TRAP/SQUARE happY,10000 list,3,0,False,False,2025-09-08
egyptian,KIT,10000 list,3,0,False,False,2025-09-08
metallica,TRAP KIT,10000 list,3,0,False,False,2025-09-08
outlined,MOUTH PRICE,10000 list,3,0,False,False,2025-09-08
consequently,LOT (DRESS) HAPPY,10000 list,3,0,False,False,2025-09-08
punch,STRUT,10000 list,3,0,False,False,2025-09-08
str,DRESS FLEECE START,10000 list,3,0,False,False,2025-09-08
gotta,LOT,10000 list,3,0,False,False,2025-09-08
narrative,TRAP/SQUARE KIT,10000 list,3,0,False,False,2025-09-08
bahrain,PALM/TRAP FACE,10000 list,3,0,False,False,2025-09-08
enormous,NORTH STRUT,10000 list,3,0,False,False,2025-09-08
consist,(LOT) KIT,10000 list,3,0,False,False,2025-09-08
betty,DRESS happY,10000 list,3,0,False,False,2025-09-08
quantitative,LOT (FACE) KIT,10000 list,3,0,False,False,2025-09-08
lucas,GOOSE,10000 list,3,0,False,False,2025-09-08
vip,FLEECE PRICE,10000 list,3,0,False,False,2025-09-08
distinction,KIT,10000 list,3,0,False,False,2025-09-08
insured,KIT CURE,10000 list,3,0,False,False,2025-09-08
mardi,START happY,10000 list,3,0,False,False,2025-09-08
exemption,DRESS,10000 list,3,0,False,False,2025-09-08
tenant,DRESS,10000 list,3,0,False,False,2025-09-08
happYsustainability,STRUT FACE KIT,10000 list,3,0,False,False,2025-09-08
algebra,TRAP,10000 list,3,0,False,False,2025-09-08
holly,LOT happY,10000 list,3,0,False,False,2025-09-08
happYsilly,KIT,10000 list,3,0,False,False,2025-09-08
nutritional,GOOSE KIT,10000 list,3,0,False,False,2025-09-08
yea,TRAP,10000 list,3,0,False,False,2025-09-08
hartford,START lettER,10000 list,3,0,False,False,2025-09-08
freely,FLEECE happY,10000 list,3,0,False,False,2025-09-08
marcus,START STRUT,10000 list,3,0,False,False,2025-09-08
mild,PRICE,10000 list,3,0,False,False,2025-09-08
nicaragua,KIT PALM/TRAP,10000 list,3,0,False,False,2025-09-08
readily,DRESS happY,10000 list,3,0,False,False,2025-09-08
affiliation,KIT happY FACE,10000 list,3,0,False,False,2025-09-08
soc,LOT,10000 list,3,0,False,False,2025-09-08
fence,DRESS,10000 list,3,0,False,False,2025-09-08
nudist,GOOSE (KIT),10000 list,3,0,False,False,2025-09-08
infinite,KIT,10000 list,3,0,False,False,2025-09-08
lindsay,KIT happY,10000 list,3,0,False,False,2025-09-08
clan,TRAP,10000 list,3,0,False,False,2025-09-08
legally,FLEECE happY,10000 list,3,0,False,False,2025-09-08
satisfactory,TRAP (KIT) (LETTER) happY,10000 list,3,0,False,False,2025-09-08
revolutionary,DRESS GOOSE (SQUARE) HAPPY,10000 list,3,0,False,False,2025-09-08
sync,KIT,10000 list,3,0,False,False,2025-09-08
civilian,KIT,10000 list,3,0,False,False,2025-09-08
telephony,DRESS GOAT/LOT happY,10000 list,3,0,False,False,2025-09-08
fatal,FACE,10000 list,3,0,False,False,2025-09-08
remedy,DRESS happY,10000 list,3,0,False,False,2025-09-08
briefly,FLEECE happY,10000 list,3,0,False,False,2025-09-08
graphical,TRAP (KIT),10000 list,3,0,False,False,2025-09-08
genius,FLEECE,10000 list,3,0,False,False,2025-09-08
flesh,DRESS,10000 list,3,0,False,False,2025-09-08
adapted,TRAP,10000 list,3,0,False,False,2025-09-08
shortcuts,NORTH STRUT,10000 list,3,0,False,False,2025-09-08
voyeurweb,CHOICE lettER DRESS,10000 list,3,0,False,False,2025-09-08
jesse,DRESS happY,10000 list,3,0,False,False,2025-09-08
logitech,CLOTH (KIT) DRESS,10000 list,3,0,False,False,2025-09-08
belkin,DRESS (KIT),10000 list,3,0,False,False,2025-09-08
dem,DRESS,10000 list,3,0,False,False,2025-09-08
accreditation,DRESS (KIT) FACE,10000 list,3,0,False,False,2025-09-08
wav,FACE,10000 list,3,0,False,False,2025-09-08
blackberry,TRAP SQUARE/DRESS happY,10000 list,3,0,False,False,2025-09-08
highland,PRICE (TRAP),10000 list,3,0,False,False,2025-09-08
meditation,DRESS (KIT) FACE,10000 list,3,0,False,False,2025-09-08
modular,LOT (GOOSE) lettER,10000 list,3,0,False,False,2025-09-08
brandon,TRAP,10000 list,3,0,False,False,2025-09-08
instrumental,KIT DRESS,10000 list,3,0,False,False,2025-09-08
winston,KIT,10000 list,3,0,False,False,2025-09-08
memo,DRESS GOAT,10000 list,3,0,False,False,2025-09-08
ham,TRAP,10000 list,3,0,False,False,2025-09-08
solved,LOT,10000 list,3,0,False,False,2025-09-08
tide,PRICE,10000 list,3,0,False,False,2025-09-08
hawaiian,PRICE,10000 list,3,0,False,False,2025-09-08
invisible,KIT,10000 list,3,0,False,False,2025-09-08
gratuit,GOOSE FLEECE,10000 list,3,0,False,False,2025-09-08
funk,STRUT,10000 list,3,0,False,False,2025-09-08
fbi,DRESS FLEECE PRICE,10000 list,3,0,False,False,2025-09-08
commodity,LOT (KIT) happY,10000 list,3,0,False,False,2025-09-08
wang,TRAP,10000 list,3,0,False,False,2025-09-08
kilometers,(KIT) LOT lettER,10000 list,3,0,False,False,2025-09-08
bind,PRICE,10000 list,3,0,False,False,2025-09-08
thanksgiving,TRAP KIT,10000 list,3,0,False,False,2025-09-08
rand,TRAP,10000 list,3,0,False,False,2025-09-08
hopkins,LOT (KIT),10000 list,3,0,False,False,2025-09-08
gothic,CLOTH,10000 list,3,0,False,False,2025-09-08
cylinder,KIT lettER,10000 list,3,0,False,False,2025-09-08
buck,STRUT,10000 list,3,0,False,False,2025-09-08
indication,KIT FACE,10000 list,3,0,False,False,2025-09-08
tba,FLEECE FACE,10000 list,3,0,False,False,2025-09-08
cohen,GOAT,10000 list,3,0,False,False,2025-09-08
surround,MOUTH,10000 list,3,0,False,False,2025-09-08
revenge,(FLEECE) DRESS,10000 list,3,0,False,False,2025-09-08
expires,(DRESS) PRICE,10000 list,3,0,False,False,2025-09-08
chen,DRESS,10000 list,3,0,False,False,2025-09-08
patrol,GOAT,10000 list,3,0,False,False,2025-09-08
smell,DRESS,10000 list,3,0,False,False,2025-09-08
pest,DRESS,10000 list,3,0,False,False,2025-09-08
italiano,KIT TRAP HAPPY PALM GOAT,10000 list,3,0,False,False,2025-09-08
rca,START FLEECE FACE,10000 list,3,0,False,False,2025-09-08
physically,KIT happY,10000 list,3,0,False,False,2025-09-08
divide,(KIT) PRICE,10000 list,3,0,False,False,2025-09-08
stakeholders,FACE GOAT lettER,10000 list,3,0,False,False,2025-09-08
hydrocodone,PRICE GOAT (LOT),10000 list,3,0,False,False,2025-09-08
gst,FLEECE DRESS,10000 list,3,0,False,False,2025-09-08
cornell,NORTH DRESS,10000 list,3,0,False,False,2025-09-08
satin,TRAP KIT,10000 list,3,0,False,False,2025-09-08
bon,LOT,10000 list,3,0,False,False,2025-09-08
mailto,FACE GOOSE,10000 list,3,0,False,False,2025-09-08
promo,GOAT,10000 list,3,0,False,False,2025-09-08
chan,TRAP,10000 list,3,0,False,False,2025-09-08
worried,STRUT/NURSE FLEECE,10000 list,3,0,False,False,2025-09-08
bradford,TRAP LETTER,10000 list,3,0,False,False,2025-09-08
len,DRESS,10000 list,3,0,False,False,2025-09-08
kai,PRICE,10000 list,3,0,False,False,2025-09-08
boring,NORTH,10000 list,3,0,False,False,2025-09-08
reynolds,DRESS,10000 list,3,0,False,False,2025-09-08
dom,LOT,10000 list,3,0,False,False,2025-09-08
jill,KIT,10000 list,3,0,False,False,2025-09-08
accurately,TRAP STRUT happY,10000 list,3,0,False,False,2025-09-08
speeches,FLEECE,10000 list,3,0,False,False,2025-09-08
reaches,FLEECE,10000 list,3,0,False,False,2025-09-08
schema,FLEECE,10000 list,3,0,False,False,2025-09-08
vacancies,FACE HAPPY,10000 list,3,0,False,False,2025-09-08
quizzes,KIT,10000 list,3,0,False,False,2025-09-08
parliamentary,START DRESS happY,10000 list,3,0,False,False,2025-09-08
savannah,TRAP,10000 list,3,0,False,False,2025-09-08
barrel,TRAP,10000 list,3,0,False,False,2025-09-08
deficit,DRESS KIT,10000 list,3,0,False,False,2025-09-08
boulder,GOAT LETTER,10000 list,3,0,False,False,2025-09-08
coupled,STRUT,10000 list,3,0,False,False,2025-09-08
viii,FACE,10000 list,3,0,False,False,2025-09-08
metadata,DRESS FACE/TRAP,10000 list,3,0,False,False,2025-09-08
harold,TRAP,10000 list,3,0,False,False,2025-09-08
floppy,LOT happY,10000 list,3,0,False,False,2025-09-08
texture,DRESS lettER,10000 list,3,0,False,False,2025-09-08
handbags,TRAP,10000 list,3,0,False,False,2025-09-08
acknowledge,(TRAP) LOT,10000 list,3,0,False,False,2025-09-08
nottingham,LOT KIT (TRAP),10000 list,3,0,False,False,2025-09-08
thunder,STRUT lettER,10000 list,3,0,False,False,2025-09-08
tent,DRESS,10000 list,3,0,False,False,2025-09-08
qualification,LOT (KIT) FACE,10000 list,3,0,False,False,2025-09-08
namely,FACE happY,10000 list,3,0,False,False,2025-09-08
dept,START,10000 list,3,0,False,False,2025-09-08
hack,TRAP,10000 list,3,0,False,False,2025-09-08
interstate,KIT lettER FACE,10000 list,3,0,False,False,2025-09-08
consequence,LOT,10000 list,3,0,False,False,2025-09-08
systematic,KIT TRAP,10000 list,3,0,False,False,2025-09-08
perceived,lettER FLEECE,10000 list,3,0,False,False,2025-09-08
hired,PRICE LETTER,10000 list,3,0,False,False,2025-09-08
makeup,FACE STRUT,10000 list,3,0,False,False,2025-09-08
lamb,TRAP,10000 list,3,0,False,False,2025-09-08
indexes,KIT DRESS,10000 list,3,0,False,False,2025-09-08
pac,TRAP,10000 list,3,0,False,False,2025-09-08
erp,NURSE,10000 list,3,0,False,False,2025-09-08
richardson,KIT lettER,10000 list,3,0,False,False,2025-09-08
hindu,KIT GOOSE,10000 list,3,0,False,False,2025-09-08
vocabulary,(GOAT) TRAP SQUARE/DRESS/LETTER HAPPY,10000 list,3,0,False,False,2025-09-08
licking,KIT,10000 list,3,0,False,False,2025-09-08
vpn,FLEECE DRESS,10000 list,3,0,False,False,2025-09-08
fundraising,STRUT FACE KIT,10000 list,3,0,False,False,2025-09-08
fcc,DRESS FLEECE,10000 list,3,0,False,False,2025-09-08
albania,TRAP FACE HAPPY,10000 list,3,0,False,False,2025-09-08
geological,FLEECE (GOAT) CLOTH (KIT),10000 list,3,0,False,False,2025-09-08
wicked,KIT,10000 list,3,0,False,False,2025-09-08
roommate,GOOSE/FOOT FACE,10000 list,3,0,False,False,2025-09-08
computational,LOT GOOSE FACE,10000 list,3,0,False,False,2025-09-08
participated,START KIT FACE,10000 list,3,0,False,False,2025-09-08
wax,TRAP,10000 list,3,0,False,False,2025-09-08
lucy,GOOSE happY,10000 list,3,0,False,False,2025-09-08
hans,TRAP/PALM,10000 list,3,0,False,False,2025-09-08
impressed,(KIT) DRESS,10000 list,3,0,False,False,2025-09-08
poet,GOAT,10000 list,3,0,False,False,2025-09-08
theology,FLEECE LOT happY,10000 list,3,0,False,False,2025-09-08
evident,DRESS (KIT),10000 list,3,0,False,False,2025-09-08
saturn,TRAP lettER,10000 list,3,0,False,False,2025-09-08
organizer,NORTH PRICE lettER,10000 list,3,0,False,False,2025-09-08
preceding,FLEECE KIT,10000 list,3,0,False,False,2025-09-08
merit,DRESS (KIT),10000 list,3,0,False,False,2025-09-08
zshops,FLEECE LOT,10000 list,3,0,False,False,2025-09-08
edmonton,DRESS,10000 list,3,0,False,False,2025-09-08
tackle,TRAP,10000 list,3,0,False,False,2025-09-08
condo,LOT GOAT,10000 list,3,0,False,False,2025-09-08
pokemon,GOAT (FLEECE) LOT,10000 list,3,0,False,False,2025-09-08
ambien,TRAP FLEECE,10000 list,3,0,False,False,2025-09-08
retrieve,FLEECE,10000 list,3,0,False,False,2025-09-08
lexington,DRESS KIT,10000 list,3,0,False,False,2025-09-08
vernon,NURSE,10000 list,3,0,False,False,2025-09-08
worldcat,NURSE TRAP,10000 list,3,0,False,False,2025-09-08
bye,PRICE,10000 list,3,0,False,False,2025-09-08
cdt,FLEECE,10000 list,3,0,False,False,2025-09-08
occasional,FACE,10000 list,3,0,False,False,2025-09-08
casio,TRAP FLEECE GOAT,10000 list,3,0,False,False,2025-09-08
deutsche,CHOICE,10000 list,3,0,False,False,2025-09-08
ana,PALM/TRAP,10000 list,3,0,False,False,2025-09-08
kitty,KIT happY,10000 list,3,0,False,False,2025-09-08
drain,FACE,10000 list,3,0,False,False,2025-09-08
monte,LOT FACE/happY,10000 list,3,0,False,False,2025-09-08
luis,GOOSE KIT/FLEECE,10000 list,3,0,False,False,2025-09-08
potato,FACE GOAT,10000 list,3,0,False,False,2025-09-08
panic,TRAP,10000 list,3,0,False,False,2025-09-08
explicitly,(DRESS) KIT happY,10000 list,3,0,False,False,2025-09-08
leone,FLEECE GOAT,10000 list,3,0,False,False,2025-09-08
transsexual,TRAP/BATH DRESS GOOSE,10000 list,3,0,False,False,2025-09-08
citizenship,KIT,10000 list,3,0,False,False,2025-09-08
onion,STRUT,10000 list,3,0,False,False,2025-09-08
strand,TRAP,10000 list,3,0,False,False,2025-09-08
sandwich,TRAP (KIT),10000 list,3,0,False,False,2025-09-08
informative,KIT NORTH,10000 list,3,0,False,False,2025-09-08
bloomberg,GOOSE LETTER,10000 list,3,0,False,False,2025-09-08
cheque,DRESS,10000 list,3,0,False,False,2025-09-08
hierarchy,PRICE START happY,10000 list,3,0,False,False,2025-09-08
influenced,KIT GOOSE,10000 list,3,0,False,False,2025-09-08
abandoned,TRAP,10000 list,3,0,False,False,2025-09-08
italic,KIT TRAP,10000 list,3,0,False,False,2025-09-08
merry,SQUARE/DRESS happY,10000 list,3,0,False,False,2025-09-08
mil,KIT,10000 list,3,0,False,False,2025-09-08
complement,LOT,10000 list,3,0,False,False,2025-09-08
dash,TRAP,10000 list,3,0,False,False,2025-09-08
passive,TRAP KIT,10000 list,3,0,False,False,2025-09-08
mauritius,THOUGHT KIT,10000 list,3,0,False,False,2025-09-08
checklist,DRESS KIT,10000 list,3,0,False,False,2025-09-08
bangbus,TRAP STRUT,10000 list,3,0,False,False,2025-09-08
lauderdale,THOUGHT lettER FACE,10000 list,3,0,False,False,2025-09-08
extraction,(DRESS) TRAP,10000 list,3,0,False,False,2025-09-08
elevation,DRESS FACE,10000 list,3,0,False,False,2025-09-08
coleman,GOAT,10000 list,3,0,False,False,2025-09-08
hugh,GOOSE,10000 list,3,0,False,False,2025-09-08
lap,TRAP,10000 list,3,0,False,False,2025-09-08
utilization,GOOSE PRICE FACE,10000 list,3,0,False,False,2025-09-08
calibration,TRAP FACE,10000 list,3,0,False,False,2025-09-08
eval,FLEECE TRAP,10000 list,3,0,False,False,2025-09-08
efficiently,KIT happY,10000 list,3,0,False,False,2025-09-08
ping,KIT,10000 list,3,0,False,False,2025-09-08
textbook,DRESS FOOT,10000 list,3,0,False,False,2025-09-08
dried,PRICE,10000 list,3,0,False,False,2025-09-08
entertaining,DRESS LETTER FACE,10000 list,3,0,False,False,2025-09-08
prerequisite,FLEECE DRESS KIT,10000 list,3,0,False,False,2025-09-08
frontier,STRUT NEAR,10000 list,3,0,False,False,2025-09-08
settle,DRESS,10000 list,3,0,False,False,2025-09-08
refugees,DRESS FLEECE,10000 list,3,0,False,False,2025-09-08
flux,STRUT,10000 list,3,0,False,False,2025-09-08
peaceful,FLEECE,10000 list,3,0,False,False,2025-09-08
pontiac,LOT FLEECE TRAP,10000 list,3,0,False,False,2025-09-08
regression,DRESS,10000 list,3,0,False,False,2025-09-08
doctrine,LOT KIT,10000 list,3,0,False,False,2025-09-08
muze,GOOSE,10000 list,3,0,False,False,2025-09-08
intersection,KIT LETTER DRESS,10000 list,3,0,False,False,2025-09-08
sewing,GOAT KIT,10000 list,3,0,False,False,2025-09-08
consistency,KIT happY,10000 list,3,0,False,False,2025-09-08
recognised,DRESS PRICE,10000 list,3,0,False,False,2025-09-08
munich,GOOSE KIT,10000 list,3,0,False,False,2025-09-08
celebs,DRESS,10000 list,3,0,False,False,2025-09-08
propose,GOAT,10000 list,3,0,False,False,2025-09-08
prix,FLEECE,10000 list,3,0,False,False,2025-09-08
astrology,LOT happY,10000 list,3,0,False,False,2025-09-08
tactics,TRAP KIT,10000 list,3,0,False,False,2025-09-08
supplemental,STRUT DRESS,10000 list,3,0,False,False,2025-09-08
pillow,KIT GOAT,10000 list,3,0,False,False,2025-09-08
derek,DRESS,10000 list,3,0,False,False,2025-09-08
precisely,PRICE happY,10000 list,3,0,False,False,2025-09-08
harley,START happY,10000 list,3,0,False,False,2025-09-08
steal,FLEECE,10000 list,3,0,False,False,2025-09-08
refined,PRICE,10000 list,3,0,False,False,2025-09-08
fifteen,KIT FLEECE,10000 list,3,0,False,False,2025-09-08
incidence,KIT,10000 list,3,0,False,False,2025-09-08
acrylic,KIT,10000 list,3,0,False,False,2025-09-08
tuner,GOOSE lettER,10000 list,3,0,False,False,2025-09-08
avon,FACE (LOT),10000 list,3,0,False,False,2025-09-08
peterson,FLEECE LETTER,10000 list,3,0,False,False,2025-09-08
shannon,TRAP,10000 list,3,0,False,False,2025-09-08
flavor,FACE lettER,10000 list,3,0,False,False,2025-09-08
alike,PRICE,10000 list,3,0,False,False,2025-09-08
walt,THOUGHT,10000 list,3,0,False,False,2025-09-08
homeless,GOAT,10000 list,3,0,False,False,2025-09-08
acne,TRAP happY,10000 list,3,0,False,False,2025-09-08
listprice,KIT PRICE,10000 list,3,0,False,False,2025-09-08
atmospheric,TRAP NEAR/DRESS KIT,10000 list,3,0,False,False,2025-09-08
knowledgestorm,LOT NORTH,10000 list,3,0,False,False,2025-09-08
dana,FACE,10000 list,3,0,False,False,2025-09-08
curtis,NURSE KIT,10000 list,3,0,False,False,2025-09-08
referenced,DRESS,10000 list,3,0,False,False,2025-09-08
publicity,STRUT KIT happY,10000 list,3,0,False,False,2025-09-08
ant,TRAP,10000 list,3,0,False,False,2025-09-08
proposition,LOT KIT,10000 list,3,0,False,False,2025-09-08
gasoline,TRAP FLEECE,10000 list,3,0,False,False,2025-09-08
apt,TRAP,10000 list,3,0,False,False,2025-09-08
exec,DRESS,10000 list,3,0,False,False,2025-09-08
dealt,DRESS,10000 list,3,0,False,False,2025-09-08
niagara,PRICE TRAP,10000 list,3,0,False,False,2025-09-08
warcraft,NORTH BATH,10000 list,3,0,False,False,2025-09-08
catalyst,TRAP KIT,10000 list,3,0,False,False,2025-09-08
trader,FACER lettER,10000 list,3,0,False,False,2025-09-08
denial,PRICE,10000 list,3,0,False,False,2025-09-08
designation,DRESS KIT FACE,10000 list,3,0,False,False,2025-09-08
gem,DRESS,10000 list,3,0,False,False,2025-09-08
duplicate,GOOSE KIT,10000 list,3,0,False,False,2025-09-08
electro,DRESS GOAT,10000 list,3,0,False,False,2025-09-08
criterion,PRICE NEAR HAPPY,10000 list,3,0,False,False,2025-09-08
wrist,KIT,10000 list,3,0,False,False,2025-09-08
civilization,KIT PRICE FACE,10000 list,3,0,False,False,2025-09-08
analyzed,TRAP PRICE,10000 list,3,0,False,False,2025-09-08
heath,FLEECE,10000 list,3,0,False,False,2025-09-08
tremendous,DRESS,10000 list,3,0,False,False,2025-09-08
ballot,TRAP,10000 list,3,0,False,False,2025-09-08
lexus,DRESS STRUT,10000 list,3,0,False,False,2025-09-08
validity,KIT happY,10000 list,3,0,False,False,2025-09-08
trustee,STRUT FLEECE,10000 list,3,0,False,False,2025-09-08
maui,MOUTH happY,10000 list,3,0,False,False,2025-09-08
squirt,NURSE,10000 list,3,0,False,False,2025-09-08
realm,DRESS,10000 list,3,0,False,False,2025-09-08
jenny,DRESS happY,10000 list,3,0,False,False,2025-09-08
helmet,DRESS,10000 list,3,0,False,False,2025-09-08
elephant,DRESS,10000 list,3,0,False,False,2025-09-08
yemen,DRESS,10000 list,3,0,False,False,2025-09-08
scholar,LOT lettER,10000 list,3,0,False,False,2025-09-08
nickel,KIT,10000 list,3,0,False,False,2025-09-08
internationally,KIT TRAP happY,10000 list,3,0,False,False,2025-09-08
buses,STRUT (KIT),10000 list,3,0,False,False,2025-09-08
expedia,DRESS FLEECE,10000 list,3,0,False,False,2025-09-08
geology,FLEECE LOT happY,10000 list,3,0,False,False,2025-09-08
wallet,CLOTH KIT,10000 list,3,0,False,False,2025-09-08
smilies,KIT FLEECE,10000 list,3,0,False,False,2025-09-08
accomplish,LOT KIT,10000 list,3,0,False,False,2025-09-08
drainage,FACE,10000 list,3,0,False,False,2025-09-08
yeast,FLEECE,10000 list,3,0,False,False,2025-09-08
investigated,KIT DRESS FACE,10000 list,3,0,False,False,2025-09-08
ambassador,TRAP lettER,10000 list,3,0,False,False,2025-09-08
intend,KIT DRESS,10000 list,3,0,False,False,2025-09-08
vegetation,DRESS FACE,10000 list,3,0,False,False,2025-09-08
findarticles,PRICE START KIT,10000 list,3,0,False,False,2025-09-08
louise,GOOSE FLEECE,10000 list,3,0,False,False,2025-09-08
kenny,DRESS happY,10000 list,3,0,False,False,2025-09-08
specially,DRESS happY,10000 list,3,0,False,False,2025-09-08
owen,GOAT,10000 list,3,0,False,False,2025-09-08
yukon,GOOSE LOT,10000 list,3,0,False,False,2025-09-08
bite,PRICE,10000 list,3,0,False,False,2025-09-08
aquatic,THOUGHT KIT,10000 list,3,0,False,False,2025-09-08
reliance,PRICE,10000 list,3,0,False,False,2025-09-08
habits,TRAP KIT,10000 list,3,0,False,False,2025-09-08
infectious,KIT DRESS,10000 list,3,0,False,False,2025-09-08
singh,KIT,10000 list,3,0,False,False,2025-09-08
gilbert,KIT NURSE,10000 list,3,0,False,False,2025-09-08
continuity,KIT GOOSE happY,10000 list,3,0,False,False,2025-09-08
insulin,KIT GOOSE/STRUT,10000 list,3,0,False,False,2025-09-08
biblical,KIT,10000 list,3,0,False,False,2025-09-08
conscious,LOT,10000 list,3,0,False,False,2025-09-08
accent,TRAP DRESS,10000 list,3,0,False,False,2025-09-08
mysimon,PRICE,10000 list,3,0,False,False,2025-09-08
eleven,DRESS,10000 list,3,0,False,False,2025-09-08
ambient,TRAP HAPPY,10000 list,3,0,False,False,2025-09-08
prostate,CLOTH FACE,10000 list,3,0,False,False,2025-09-08
adaptor,TRAP lettER,10000 list,3,0,False,False,2025-09-08
nitrogen,PRICE,10000 list,3,0,False,False,2025-09-08
dice,PRICE,10000 list,3,0,False,False,2025-09-08
softball,CLOTH THOUGHT,10000 list,3,0,False,False,2025-09-08
quad,LOT,10000 list,3,0,False,False,2025-09-08
dock,LOT,10000 list,3,0,False,False,2025-09-08
differently,KIT happY,10000 list,3,0,False,False,2025-09-08
firewire,PRICE,10000 list,3,0,False,False,2025-09-08
nextel,DRESS,10000 list,3,0,False,False,2025-09-08
organised,NORTH PRICE,10000 list,3,0,False,False,2025-09-08
hint,KIT,10000 list,3,0,False,False,2025-09-08
liz,KIT,10000 list,3,0,False,False,2025-09-08
charitable,TRAP KIT,10000 list,3,0,False,False,2025-09-08
annotated,TRAP FACE,10000 list,3,0,False,False,2025-09-08
convinced,KIT,10000 list,3,0,False,False,2025-09-08
acknowledged,LOT,10000 list,3,0,False,False,2025-09-08
nudity,GOOSE KIT happY,10000 list,3,0,False,False,2025-09-08
granny,TRAP happY,10000 list,3,0,False,False,2025-09-08
equilibrium,FLEECE KIT HAPPY,10000 list,3,0,False,False,2025-09-08
inquire,KIT PRICE,10000 list,3,0,False,False,2025-09-08
characterized,TRAP LETTER PRICE,10000 list,3,0,False,False,2025-09-08
merge,NURSE,10000 list,3,0,False,False,2025-09-08
edgar,DRESS LETTER,10000 list,3,0,False,False,2025-09-08
dubai,GOOSE PRICE,10000 list,3,0,False,False,2025-09-08
estimation,DRESS KIT FACE,10000 list,3,0,False,False,2025-09-08
fleece,FLEECE,10000 list,3,0,False,False,2025-09-08
pediatric,FLEECE TRAP KIT,10000 list,3,0,False,False,2025-09-08
fare,SQUARE,10000 list,3,0,False,False,2025-09-08
allan,TRAP,10000 list,3,0,False,False,2025-09-08
techrepublic,DRESS STRUT KIT,10000 list,3,0,False,False,2025-09-08
sperm,NURSE,10000 list,3,0,False,False,2025-09-08
bald,THOUGHT,10000 list,3,0,False,False,2025-09-08
filme,KIT,10000 list,3,0,False,False,2025-09-08
fuji,GOOSE FLEECE,10000 list,3,0,False,False,2025-09-08
mold,GOAT,10000 list,3,0,False,False,2025-09-08
sally,TRAP,10000 list,3,0,False,False,2025-09-08
yacht,THOUGHT,10000 list,3,0,False,False,2025-09-08
tracy,FACE,10000 list,3,0,False,False,2025-09-08
herb,NURSE,10000 list,3,0,False,False,2025-09-08
alot,LOT,10000 list,3,0,False,False,2025-09-08
appropriations,GOAT HAPPY FACE,10000 list,3,0,False,False,2025-09-08
bedford,DRESS,10000 list,3,0,False,False,2025-09-08
idle,PRICE,10000 list,3,0,False,False,2025-09-08
antibody,TRAP (PRICE) LOT happY,10000 list,3,0,False,False,2025-09-08
competent,LOT,10000 list,3,0,False,False,2025-09-08
momentum,GOAT DRESS,10000 list,3,0,False,False,2025-09-08
fin,KIT,10000 list,3,0,False,False,2025-09-08
calvin,TRAP KIT,10000 list,3,0,False,False,2025-09-08
grateful,FACE,10000 list,3,0,False,False,2025-09-08
emerald,DRESS,10000 list,3,0,False,False,2025-09-08
gradually,TRAP (GOOSE) happY,10000 list,3,0,False,False,2025-09-08
cliff,KIT,10000 list,3,0,False,False,2025-09-08
tract,TRAP,10000 list,3,0,False,False,2025-09-08
ballet,TRAP FACE,10000 list,3,0,False,False,2025-09-08
bumper,STRUT lettER,10000 list,3,0,False,False,2025-09-08
webpage,DRESS FACE,10000 list,3,0,False,False,2025-09-08
senegal,DRESS THOUGHT,10000 list,3,0,False,False,2025-09-08
wendy,DRESS happY,10000 list,3,0,False,False,2025-09-08
cove,GOAT,10000 list,3,0,False,False,2025-09-08
ozone,GOAT,10000 list,3,0,False,False,2025-09-08
tariff,TRAP KIT,10000 list,3,0,False,False,2025-09-08
nvidia,KIT FLEECE,10000 list,3,0,False,False,2025-09-08
simplified,KIT PRICE,10000 list,3,0,False,False,2025-09-08
serum,NEAR STRUT,10000 list,3,0,False,False,2025-09-08
wrapped,TRAP,10000 list,3,0,False,False,2025-09-08
runtime,STRUT PRICE,10000 list,3,0,False,False,2025-09-08
focal,GOAT,10000 list,3,0,False,False,2025-09-08
bibliographic,KIT HAPPY TRAP/BATH,10000 list,3,0,False,False,2025-09-08
vagina,PRICE,10000 list,3,0,False,False,2025-09-08
eden,FLEECE,10000 list,3,0,False,False,2025-09-08
distant,KIT,10000 list,3,0,False,False,2025-09-08
decimal,DRESS KIT,10000 list,3,0,False,False,2025-09-08
deviation,FLEECE FACE,10000 list,3,0,False,False,2025-09-08
superintendent,GOOSE LETTER DRESS,10000 list,3,0,False,False,2025-09-08
propecia,FLEECE,10000 list,3,0,False,False,2025-09-08
dip,KIT,10000 list,3,0,False,False,2025-09-08
hostel,CLOTH,10000 list,3,0,False,False,2025-09-08
magical,TRAP KIT,10000 list,3,0,False,False,2025-09-08
manually,TRAP happY,10000 list,3,0,False,False,2025-09-08
hydraulic,PRICE LOT KIT,10000 list,3,0,False,False,2025-09-08
robertson,LOT LETTER,10000 list,3,0,False,False,2025-09-08
flex,DRESS,10000 list,3,0,False,False,2025-09-08
penetration,DRESS FACE,10000 list,3,0,False,False,2025-09-08
belle,DRESS,10000 list,3,0,False,False,2025-09-08
rosa,GOAT,10000 list,3,0,False,False,2025-09-08
conviction,KIT,10000 list,3,0,False,False,2025-09-08
hash,TRAP,10000 list,3,0,False,False,2025-09-08
hamburg,TRAP NURSE,10000 list,3,0,False,False,2025-09-08
retrieval,FLEECE,10000 list,3,0,False,False,2025-09-08
cindy,KIT happY,10000 list,3,0,False,False,2025-09-08
carb,START,10000 list,3,0,False,False,2025-09-08
lined,PRICE,10000 list,3,0,False,False,2025-09-08
dow,MOUTH,10000 list,3,0,False,False,2025-09-08
importantly,NORTH happY,10000 list,3,0,False,False,2025-09-08
apparatus,TRAP (FACE) STRUT,10000 list,3,0,False,False,2025-09-08
yen,DRESS,10000 list,3,0,False,False,2025-09-08
nomination,KIT FACE,10000 list,3,0,False,False,2025-09-08
empirical,(NEAR) KIT,10000 list,3,0,False,False,2025-09-08
rotary,GOAT happY,10000 list,3,0,False,False,2025-09-08
worm,NURSE,10000 list,3,0,False,False,2025-09-08
dependence,DRESS,10000 list,3,0,False,False,2025-09-08
discrete,KIT FLEECE,10000 list,3,0,False,False,2025-09-08
beginner,KIT lettER,10000 list,3,0,False,False,2025-09-08
sexuality,DRESS GOOSE TRAP KIT happY,10000 list,3,0,False,False,2025-09-08
deaf,DRESS,10000 list,3,0,False,False,2025-09-08
kinase,PRICE FACE,10000 list,3,0,False,False,2025-09-08
remainder,FACE lettER,10000 list,3,0,False,False,2025-09-08
specializing,DRESS PRICE KIT,10000 list,3,0,False,False,2025-09-08
sheriff,DRESS KIT,10000 list,3,0,False,False,2025-09-08
griffin,KIT,10000 list,3,0,False,False,2025-09-08
declined,PRICE,10000 list,3,0,False,False,2025-09-08
guyana,PRICE PALM/TRAP,10000 list,3,0,False,False,2025-09-08
spies,PRICE,10000 list,3,0,False,False,2025-09-08
mime,PRICE,10000 list,3,0,False,False,2025-09-08
elect,DRESS,10000 list,3,0,False,False,2025-09-08
thinkpad,KIT TRAP,10000 list,3,0,False,False,2025-09-08
concentrate,LOT FACE,10000 list,3,0,False,False,2025-09-08
intimate,KIT (FACE),10000 list,3,0,False,False,2025-09-08
preston,DRESS,10000 list,3,0,False,False,2025-09-08
deadly,DRESS happY,10000 list,3,0,False,False,2025-09-08
cunt,STRUT,10000 list,3,0,False,False,2025-09-08
bunny,STRUT happY,10000 list,3,0,False,False,2025-09-08
chevy,DRESS happY,10000 list,3,0,False,False,2025-09-08
molecules,LOT GOOSE,10000 list,3,0,False,False,2025-09-08
dentists,DRESS KIT,10000 list,3,0,False,False,2025-09-08
exclusion,(DRESS) GOOSE,10000 list,3,0,False,False,2025-09-08
workstation,NURSE FACE,10000 list,3,0,False,False,2025-09-08
peas,FLEECE,10000 list,3,0,False,False,2025-09-08
dosage,GOAT,10000 list,3,0,False,False,2025-09-08
customise,STRUT PRICE,10000 list,3,0,False,False,2025-09-08
disposition,KIT,10000 list,3,0,False,False,2025-09-08
navigator,TRAP KIT FACE lettER,10000 list,3,0,False,False,2025-09-08
computed,GOOSE,10000 list,3,0,False,False,2025-09-08
til,KIT,10000 list,3,0,False,False,2025-09-08
invision,KIT,10000 list,3,0,False,False,2025-09-08
sticky,KIT happY,10000 list,3,0,False,False,2025-09-08
destiny,DRESS KIT happY,10000 list,3,0,False,False,2025-09-08
generous,DRESS STRUT,10000 list,3,0,False,False,2025-09-08
emacs,FLEECE TRAP,10000 list,3,0,False,False,2025-09-08
climb,PRICE,10000 list,3,0,False,False,2025-09-08
fascinating,TRAP KIT FACE,10000 list,3,0,False,False,2025-09-08
lafayette,TRAP PRICE DRESS,10000 list,3,0,False,False,2025-09-08
jackie,TRAP HAPPY,10000 list,3,0,False,False,2025-09-08
computation,LOT GOOSE FACE,10000 list,3,0,False,False,2025-09-08
hay,FACE,10000 list,3,0,False,False,2025-09-08
sparc,START,10000 list,3,0,False,False,2025-09-08
cardiac,START HAPPY TRAP,10000 list,3,0,False,False,2025-09-08
dover,GOAT lettER,10000 list,3,0,False,False,2025-09-08
accompanying,STRUT FLEECE KIT,10000 list,3,0,False,False,2025-09-08
vatican,TRAP KIT,10000 list,3,0,False,False,2025-09-08
learners,NURSE lettER,10000 list,3,0,False,False,2025-09-08
selective,DRESS KIT,10000 list,3,0,False,False,2025-09-08
arbitration,START KIT FACE,10000 list,3,0,False,False,2025-09-08
zinc,KIT,10000 list,3,0,False,False,2025-09-08
removable,(FLEECE) GOOSE,10000 list,3,0,False,False,2025-09-08
convergence,NURSE,10000 list,3,0,False,False,2025-09-08
gibraltar,KIT THOUGHT LETTER,10000 list,3,0,False,False,2025-09-08
numeric,GOOSE SQUARE KIT,10000 list,3,0,False,False,2025-09-08
anthropology,TRAP LOT happY,10000 list,3,0,False,False,2025-09-08
skating,FACE KIT,10000 list,3,0,False,False,2025-09-08
grad,TRAP,10000 list,3,0,False,False,2025-09-08
malpractice,TRAP KIT,10000 list,3,0,False,False,2025-09-08
dylan,KIT,10000 list,3,0,False,False,2025-09-08
educated,DRESS (GOOSE) FACE,10000 list,3,0,False,False,2025-09-08
proudly,MOUTH happY,10000 list,3,0,False,False,2025-09-08
pix,KIT,10000 list,3,0,False,False,2025-09-08
necessity,DRESS KIT happY,10000 list,3,0,False,False,2025-09-08
mic,PRICE,10000 list,3,0,False,False,2025-09-08
basename,FACE,10000 list,3,0,False,False,2025-09-08
vertex,NURSE DRESS,10000 list,3,0,False,False,2025-09-08
hepatitis,DRESS PRICE KIT,10000 list,3,0,False,False,2025-09-08
nationally,TRAP happY,10000 list,3,0,False,False,2025-09-08
tomato,BATH/FACE GOAT,10000 list,3,0,False,False,2025-09-08
expired,(DRESS) PRICE,10000 list,3,0,False,False,2025-09-08
humanitarian,GOOSE TRAP SQUARE HAPPY,10000 list,3,0,False,False,2025-09-08
delight,PRICE,10000 list,3,0,False,False,2025-09-08
survivor,PRICE lettER,10000 list,3,0,False,False,2025-09-08
cingular,KIT lettER,10000 list,3,0,False,False,2025-09-08
alexandria,TRAP BATH HAPPY,10000 list,3,0,False,False,2025-09-08
bacterial,TRAP NEAR HAPPY,10000 list,3,0,False,False,2025-09-08
moses,GOAT KIT,10000 list,3,0,False,False,2025-09-08
undertake,STRUT LETTER FACE,10000 list,3,0,False,False,2025-09-08
continuously,KIT GOOSE STRUT HAPPY,10000 list,3,0,False,False,2025-09-08
teddy,DRESS HAPPY,10000 list,3,0,False,False,2025-09-08
ata,TRAP,10000 list,3,0,False,False,2025-09-08
teaches,FLEECE KIT,10000 list,3,0,False,False,2025-09-08
nil,KIT,10000 list,3,0,False,False,2025-09-08
nest,DRESS,10000 list,3,0,False,False,2025-09-08
pam,TRAP,10000 list,3,0,False,False,2025-09-08
painful,FACE STRUT,10000 list,3,0,False,False,2025-09-08
velvet,DRESS,10000 list,3,0,False,False,2025-09-08
ruled,GOOSE,10000 list,3,0,False,False,2025-09-08
nato,FACE GOAT,10000 list,3,0,False,False,2025-09-08
cop,LOT,10000 list,3,0,False,False,2025-09-08
adolescent,TRAP DRESS,10000 list,3,0,False,False,2025-09-08
dim,KIT,10000 list,3,0,False,False,2025-09-08
lately,FACE HAPPY,10000 list,3,0,False,False,2025-09-08
cancelled,TRAP,10000 list,3,0,False,False,2025-09-08
mattress,TRAP,10000 list,3,0,False,False,2025-09-08
introductory,KIT STRUT HAPPY,10000 list,3,0,False,False,2025-09-08
stan,TRAP,10000 list,3,0,False,False,2025-09-08
idol,PRICE,10000 list,3,0,False,False,2025-09-08
bloody,STRUT HAPPY,10000 list,3,0,False,False,2025-09-08
sbjct,STRUT DRESS,10000 list,3,0,False,False,2025-09-08
demographic,DRESS TRAP/BATH KIT,10000 list,3,0,False,False,2025-09-08
mai,FACE,10000 list,3,0,False,False,2025-09-08
disciplinary,KIT LETTER/SQUARE HAPPY,10000 list,3,0,False,False,2025-09-08
disclose,KIT GOAT,10000 list,3,0,False,False,2025-09-08
beside,PRICE,10000 list,3,0,False,False,2025-09-08
mentor,DRESS NORTH,10000 list,3,0,False,False,2025-09-08
interpreted,NURSE KIT,10000 list,3,0,False,False,2025-09-08
baghdad,TRAP,10000 list,3,0,False,False,2025-09-08
elimination,KIT FACE,10000 list,3,0,False,False,2025-09-08
metres,FLEECE,10000 list,3,0,False,False,2025-09-08
THOUGHThypothetical,PRICE DRESS KIT,10000 list,3,0,False,False,2025-09-08
immigrants,KIT,10000 list,3,0,False,False,2025-09-08
complimentary,LOT DRESS HAPPY,10000 list,3,0,False,False,2025-09-08
pencil,DRESS,10000 list,3,0,False,False,2025-09-08
freeze,FLEECE,10000 list,3,0,False,False,2025-09-08
abu,TRAP GOOSE,10000 list,3,0,False,False,2025-09-08
titled,PRICE,10000 list,3,0,False,False,2025-09-08
powerseller,MOUTH LETTER DRESS,10000 list,3,0,False,False,2025-09-08
moss,CLOTH,10000 list,3,0,False,False,2025-09-08
graduated,TRAP GOOSE FACE,10000 list,3,0,False,False,2025-09-08
endorsed,NORTH,10000 list,3,0,False,False,2025-09-08
lance,BATH,10000 list,3,0,False,False,2025-09-08
ladder,TRAP LETTER,10000 list,3,0,False,False,2025-09-08
italia,KIT TRAP FLEECE,10000 list,3,0,False,False,2025-09-08
dramatically,TRAP KIT HAPPY,10000 list,3,0,False,False,2025-09-08
maximize,TRAP KIT PRICE,10000 list,3,0,False,False,2025-09-08
hansen,TRAP,10000 list,3,0,False,False,2025-09-08
yugoslavia,GOOSE PALM/TRAP FLEECE,10000 list,3,0,False,False,2025-09-08
bleeding,FLEECE,10000 list,3,0,False,False,2025-09-08
characterization,TRAP LETTER PRICE FACE,10000 list,3,0,False,False,2025-09-08
likelihood,PRICE HAPPY FOOT,10000 list,3,0,False,False,2025-09-08
contamination,TRAP KIT FACE,10000 list,3,0,False,False,2025-09-08
mtv,DRESS FLEECE,10000 list,3,0,False,False,2025-09-08
endangered,FACE LETTER,10000 list,3,0,False,False,2025-09-08
compromise,LOT PRICE,10000 list,3,0,False,False,2025-09-08
masturbation,BATH NURSE FACE,10000 list,3,0,False,False,2025-09-08
optimize,LOT PRICE,10000 list,3,0,False,False,2025-09-08
dome,GOAT,10000 list,3,0,False,False,2025-09-08
leu,GOOSE,10000 list,3,0,False,False,2025-09-08
expiration,DRESS LETTER FACE,10000 list,3,0,False,False,2025-09-08
namespace,FACE,10000 list,3,0,False,False,2025-09-08
peripheral,KIT LETTER,10000 list,3,0,False,False,2025-09-08
bless,DRESS,10000 list,3,0,False,False,2025-09-08
negotiation,GOAT FLEECE FACE,10000 list,3,0,False,False,2025-09-08
nominated,LOT FACE,10000 list,3,0,False,False,2025-09-08
confidentiality,LOT DRESS FLEECE TRAP HAPPY,10000 list,3,0,False,False,2025-09-08
electoral,DRESS FORCE,10000 list,3,0,False,False,2025-09-08
changelog,FACE LOT,10000 list,3,0,False,False,2025-09-08
welding,DRESS KIT,10000 list,3,0,False,False,2025-09-08
deferred,NURSE,10000 list,3,0,False,False,2025-09-08
alternatively,THOUGHT LETTER KIT HAPPY,10000 list,3,0,False,False,2025-09-08
heel,FLEECE,10000 list,3,0,False,False,2025-09-08
yang,TRAP,10000 list,3,0,False,False,2025-09-08
gently,DRESS HAPPY,10000 list,3,0,False,False,2025-09-08
greensboro,FLEECE (GOAT),10000 list,3,0,False,False,2025-09-08
casey,FACE HAPPY,10000 list,3,0,False,False,2025-09-08
fridge,KIT,10000 list,3,0,False,False,2025-09-08
blanket,TRAP,10000 list,3,0,False,False,2025-09-08
lou,GOOSE,10000 list,3,0,False,False,2025-09-08
elliott,DRESS FLEECE,10000 list,3,0,False,False,2025-09-08
pgp,FLEECE,10000 list,3,0,False,False,2025-09-08
frontpage,STRUT FACE,10000 list,3,0,False,False,2025-09-08
tahoe,TRAP/PALM GOAT,10000 list,3,0,False,False,2025-09-08
defensive,DRESS KIT,10000 list,3,0,False,False,2025-09-08
sip,KIT,10000 list,3,0,False,False,2025-09-08
flashers,TRAP LETTER,10000 list,3,0,False,False,2025-09-08
subaru,GOOSE,10000 list,3,0,False,False,2025-09-08
deutschland,CHOICE TRAP,10000 list,3,0,False,False,2025-09-08
picnic,KIT,10000 list,3,0,False,False,2025-09-08
spank,TRAP,10000 list,3,0,False,False,2025-09-08
motivated,GOAT KIT FACE,10000 list,3,0,False,False,2025-09-08
dumb,STRUT,10000 list,3,0,False,False,2025-09-08
smithsonian,KIT GOAT FLEECE,10000 list,3,0,False,False,2025-09-08
hollow,LOT GOAT,10000 list,3,0,False,False,2025-09-08
securely,CURE HAPPY,10000 list,3,0,False,False,2025-09-08
fioricet,,10000 list,3,0,False,False,2025-09-08
revelation,FACE DRESS,10000 list,3,0,False,False,2025-09-08
delegation,DRESS FACE,10000 list,3,0,False,False,2025-09-08
dee,FLEECE,10000 list,3,0,False,False,2025-09-08
endless,DRESS,10000 list,3,0,False,False,2025-09-08
figured,KIT NURSE,10000 list,3,0,False,False,2025-09-08
niger,PRICE LETTER,10000 list,3,0,False,False,2025-09-08
colony,LOT HAPPY,10000 list,3,0,False,False,2025-09-08
cannon,TRAP,10000 list,3,0,False,False,2025-09-08
promoted,GOAT,10000 list,3,0,False,False,2025-09-08
mae,FACE,10000 list,3,0,False,False,2025-09-08
mel,DRESS,10000 list,3,0,False,False,2025-09-08
descending,DRESS,10000 list,3,0,False,False,2025-09-08
paxil,TRAP,10000 list,3,0,False,False,2025-09-08
spine,PRICE,10000 list,3,0,False,False,2025-09-08
enclosed,GOAT,10000 list,3,0,False,False,2025-09-08
temporarily,DRESS SQUARE/TRAP HAPPY,10000 list,3,0,False,False,2025-09-08
ntsc,DRESS FLEECE,10000 list,3,0,False,False,2025-09-08
transmit,BATH/TRAP KIT,10000 list,3,0,False,False,2025-09-08
apnic,TRAP KIT,10000 list,3,0,False,False,2025-09-08
fatty,TRAP,10000 list,3,0,False,False,2025-09-08
gerald,SQUARE,10000 list,3,0,False,False,2025-09-08
scanned,TRAP,10000 list,3,0,False,False,2025-09-08
sic,KIT,10000 list,3,0,False,False,2025-09-08
municipality,GOOSE KIT TRAP HAPPY,10000 list,3,0,False,False,2025-09-08
usps,GOOSE DRESS FLEECE,10000 list,3,0,False,False,2025-09-08
detective,DRESS,10000 list,3,0,False,False,2025-09-08
fireplace,PRICE LETTER FACE,10000 list,3,0,False,False,2025-09-08
missile,KIT PRICE,10000 list,3,0,False,False,2025-09-08
DRESSintranet,KIT,10000 list,3,0,False,False,2025-09-08
seq,FLEECE,10000 list,3,0,False,False,2025-09-08
persistent,NURSE KIT,10000 list,3,0,False,False,2025-09-08
conf,LOT,10000 list,3,0,False,False,2025-09-08
marco,START GOAT,10000 list,3,0,False,False,2025-09-08
LETTERauditor,THOUGHT,10000 list,3,0,False,False,2025-09-08
wma,STRUT GOOSE DRESS FACE,10000 list,3,0,False,False,2025-09-08
aquarium,SQUARE FLEECE STRUT,10000 list,3,0,False,False,2025-09-08
violin,PRICE KIT,10000 list,3,0,False,False,2025-09-08
prophet,CLOTH,10000 list,3,0,False,False,2025-09-08
cir,NURSE,10000 list,3,0,False,False,2025-09-08
bracket,TRAP,10000 list,3,0,False,False,2025-09-08
looksmart,FOOT START,10000 list,3,0,False,False,2025-09-08
isaac,PRICE KIT,10000 list,3,0,False,False,2025-09-08
oxide,LOT PRICE,10000 list,3,0,False,False,2025-09-08
erik,DRESS KIT,10000 list,3,0,False,False,2025-09-08
promptly,LOT HAPPY,10000 list,3,0,False,False,2025-09-08
harmful,START STRUT,10000 list,3,0,False,False,2025-09-08
paintball,FACE THOUGHT,10000 list,3,0,False,False,2025-09-08
prozac,GOAT TRAP,10000 list,3,0,False,False,2025-09-08
sexually,DRESS HAPPY,10000 list,3,0,False,False,2025-09-08
acm,FACE FLEECE DRESS,10000 list,3,0,False,False,2025-09-08
dividend,KIT DRESS,10000 list,3,0,False,False,2025-09-08
NURSEnewark,GOOSE,10000 list,3,0,False,False,2025-09-08
paso,TRAP/PALM GOAT,10000 list,3,0,False,False,2025-09-08
phantom,TRAP,10000 list,3,0,False,False,2025-09-08
westminster,DRESS KIT LETTER,10000 list,3,0,False,False,2025-09-08
absorption,NORTH,10000 list,3,0,False,False,2025-09-08
neural,CURE,10000 list,3,0,False,False,2025-09-08
fossil,CLOTH (KIT),10000 list,3,0,False,False,2025-09-08
hometown,GOAT MOUTH,10000 list,3,0,False,False,2025-09-08
badly,TRAP HAPPY,10000 list,3,0,False,False,2025-09-08
apollo,LOT,10000 list,3,0,False,False,2025-09-08
wan,LOT,10000 list,3,0,False,False,2025-09-08
continually,KIT (GOOSE) HAPPY,10000 list,3,0,False,False,2025-09-08
collectible,DRESS,10000 list,3,0,False,False,2025-09-08
handmade,TRAP FACE,10000 list,3,0,False,False,2025-09-08
greene,FLEECE,10000 list,3,0,False,False,2025-09-08
keno,FLEECE GOAT,10000 list,3,0,False,False,2025-09-08
gtk,FLEECE FACE,10000 list,3,0,False,False,2025-09-08
mailman,FACE,10000 list,3,0,False,False,2025-09-08
sanyo,TRAP/PALM GOAT,10000 list,3,0,False,False,2025-09-08
excitement,PRICE,10000 list,3,0,False,False,2025-09-08
movers,GOOSE LETTER,10000 list,3,0,False,False,2025-09-08
blink,KIT,10000 list,3,0,False,False,2025-09-08
presently,DRESS HAPPY,10000 list,3,0,False,False,2025-09-08
carlo,START GOAT,10000 list,3,0,False,False,2025-09-08
workflow,NURSE GOAT,10000 list,3,0,False,False,2025-09-08
mysterious,KIT NEAR FLEECE STRUT,10000 list,3,0,False,False,2025-09-08
novelty,LOT HAPPY,10000 list,3,0,False,False,2025-09-08
bryant,PRICE,10000 list,3,0,False,False,2025-09-08
voyuer,CHOICE NURSE,10000 list,3,0,False,False,2025-09-08
tamil,TRAP/PALM,10000 list,3,0,False,False,2025-09-08
garmin,START KIT,10000 list,3,0,False,False,2025-09-08
pose,GOAT,10000 list,3,0,False,False,2025-09-08
indonesian,KIT FLEECE,10000 list,3,0,False,False,2025-09-08
grams,TRAP,10000 list,3,0,False,False,2025-09-08
therapist,DRESS KIT,10000 list,3,0,False,False,2025-09-08
mrna,DRESS KIT START FACE,10000 list,3,0,False,False,2025-09-08
toolkit,GOOSE KIT,10000 list,3,0,False,False,2025-09-08
goat,GOAT,10000 list,3,0,False,False,2025-09-08
render,DRESS LETTER,10000 list,3,0,False,False,2025-09-08
ira,PRICE FACE,10000 list,3,0,False,False,2025-09-08
sen,DRESS,10000 list,3,0,False,False,2025-09-08
thereafter,SQUARE BATH LETTER,10000 list,3,0,False,False,2025-09-08
hardwood,START FOOT,10000 list,3,0,False,False,2025-09-08
erotica,LOT KIT,10000 list,3,0,False,False,2025-09-08
temporal,DRESS (FORCE),10000 list,3,0,False,False,2025-09-08
dense,DRESS,10000 list,3,0,False,False,2025-09-08
impose,KIT GOAT,10000 list,3,0,False,False,2025-09-08
organisms,NORTH KIT,10000 list,3,0,False,False,2025-09-08
telescope,DRESS GOAT,10000 list,3,0,False,False,2025-09-08
asbestos,DRESS STRUT/CLOTH,10000 list,3,0,False,False,2025-09-08
portsmouth,FORCE,10000 list,3,0,False,False,2025-09-08
cdna,FLEECE DRESS FACE,10000 list,3,0,False,False,2025-09-08
meyer,FACE/PRICE LETTER,10000 list,3,0,False,False,2025-09-08
pod,LOT,10000 list,3,0,False,False,2025-09-08
harassment,TRAP,10000 list,3,0,False,False,2025-09-08
willow,KIT GOAT,10000 list,3,0,False,False,2025-09-08
gage,FACE,10000 list,3,0,False,False,2025-09-08
wagon,TRAP,10000 list,3,0,False,False,2025-09-08
dat,TRAP,10000 list,3,0,False,False,2025-09-08
soa,GOAT,10000 list,3,0,False,False,2025-09-08
urge,NURSE,10000 list,3,0,False,False,2025-09-08
smtp,DRESS DRESS,10000 list,3,0,False,False,2025-09-08
thorough,STRUT (GOAT),10000 list,3,0,False,False,2025-09-08
replication,DRESS FACE,10000 list,3,0,False,False,2025-09-08
inexpensive,KIT DRESS,10000 list,3,0,False,False,2025-09-08
optimum,LOT STRUT,10000 list,3,0,False,False,2025-09-08
quilt,KIT,10000 list,3,0,False,False,2025-09-08
internship,KIT NURSE,10000 list,3,0,False,False,2025-09-08
lone,GOAT,10000 list,3,0,False,False,2025-09-08
aluminium,(TRAP) GOOSE KIT STRUT,10000 list,3,0,False,False,2025-09-08
beastality,FLEECE TRAP HAPPY,10000 list,3,0,False,False,2025-09-08
webcast,DRESS BATH,10000 list,3,0,False,False,2025-09-08
michel,(FLEECE) DRESS,10000 list,3,0,False,False,2025-09-08
evanescence,DRESS,10000 list,3,0,False,False,2025-09-08
coordinated,GOAT NORTH KIT FACE,10000 list,3,0,False,False,2025-09-08
notre,GOAT,10000 list,3,0,False,False,2025-09-08
maldives,LOT FLEECE/PRICE,10000 list,3,0,False,False,2025-09-08
stripes,PRICE,10000 list,3,0,False,False,2025-09-08
shepherd,DRESS NURSE,10000 list,3,0,False,False,2025-09-08
canberra,TRAP SQUARE,10000 list,3,0,False,False,2025-09-08
chancellor,BATH LETTER,10000 list,3,0,False,False,2025-09-08
mambo,TRAP/PALM GOAT,10000 list,3,0,False,False,2025-09-08
bool,GOOSE,10000 list,3,0,False,False,2025-09-08
choir,PRICE LETTER,10000 list,3,0,False,False,2025-09-08
beautifully,GOOSE HAPPY,10000 list,3,0,False,False,2025-09-08
blond,LOT,10000 list,3,0,False,False,2025-09-08
cho,GOAT,10000 list,3,0,False,False,2025-09-08
polymer,LOT KIT LETTER,10000 list,3,0,False,False,2025-09-08
wit,KIT,10000 list,3,0,False,False,2025-09-08
poultry,GOAT HAPPY,10000 list,3,0,False,False,2025-09-08
burst,NURSE,10000 list,3,0,False,False,2025-09-08
mandate,TRAP FACE,10000 list,3,0,False,False,2025-09-08
wiley,PRICE HAPPY,10000 list,3,0,False,False,2025-09-08
departmental,(FLEECE) START DRESS,10000 list,3,0,False,False,2025-09-08
ind,KIT,10000 list,3,0,False,False,2025-09-08
corpus,NORTH STRUT,10000 list,3,0,False,False,2025-09-08
johnston,LOT,10000 list,3,0,False,False,2025-09-08
terminology,NURSE LOT HAPPY,10000 list,3,0,False,False,2025-09-08
gentleman,DRESS,10000 list,3,0,False,False,2025-09-08
convicted,KIT,10000 list,3,0,False,False,2025-09-08
indices,KIT FLEECE,10000 list,3,0,False,False,2025-09-08
adware,TRAP SQUARE,10000 list,3,0,False,False,2025-09-08
qui,FLEECE,10000 list,3,0,False,False,2025-09-08
intl,KIT DRESS,10000 list,3,0,False,False,2025-09-08
threatening,DRESS KIT,10000 list,3,0,False,False,2025-09-08
spokesman,GOAT,10000 list,3,0,False,False,2025-09-08
zoloft,GOAT CLOTH,10000 list,3,0,False,False,2025-09-08
activists,TRAP KIT,10000 list,3,0,False,False,2025-09-08
frankfurt,TRAP NURSE,10000 list,3,0,False,False,2025-09-08
halifax,TRAP,10000 list,3,0,False,False,2025-09-08
ultram,STRUT,10000 list,3,0,False,False,2025-09-08
cursor,NURSE lettER,10000 list,3,0,False,False,2025-09-08
assembled,DRESS,10000 list,3,0,False,False,2025-09-08
donated,GOAT FACE,10000 list,3,0,False,False,2025-09-08
restructuring,FLEECE STRUT NURSE,10000 list,3,0,False,False,2025-09-08
insects,KIT DRESS,10000 list,3,0,False,False,2025-09-08
morrison,CLOTH KIT,10000 list,3,0,False,False,2025-09-08
sufficiently,STRUT KIT HAPPY,10000 list,3,0,False,False,2025-09-08
myrtle,NURSE,10000 list,3,0,False,False,2025-09-08
cleanup,FLEECE STRUT,10000 list,3,0,False,False,2025-09-08
knit,KIT,10000 list,3,0,False,False,2025-09-08
conditional,KIT,10000 list,3,0,False,False,2025-09-08
crossword,CLOTH NURSE,10000 list,3,0,False,False,2025-09-08
budapest,GOOSE DRESS,10000 list,3,0,False,False,2025-09-08
conceptual,DRESS GOOSE,10000 list,3,0,False,False,2025-09-08
liechtenstein,KIT PRICE/FLEECE,10000 list,3,0,False,False,2025-09-08
compute,GOOSE,10000 list,3,0,False,False,2025-09-08
translator,TRAP/BATH FACE LETTER,10000 list,3,0,False,False,2025-09-08
tractor,TRAP LETTER,10000 list,3,0,False,False,2025-09-08
allah,PALM/TRAP,10000 list,3,0,False,False,2025-09-08
continent,LOT,10000 list,3,0,False,False,2025-09-08
challenged,TRAP,10000 list,3,0,False,False,2025-09-08
telecharger,KIT START LETTER,10000 list,3,0,False,False,2025-09-08
instrumentation,KIT FACE,10000 list,3,0,False,False,2025-09-08
hugo,GOOSE GOAT,10000 list,3,0,False,False,2025-09-08
wagner,TRAP/PALM LETTER,10000 list,3,0,False,False,2025-09-08
constraint,FACE,10000 list,3,0,False,False,2025-09-08
groundwater,MOUTH THOUGHT LETTER,10000 list,3,0,False,False,2025-09-08
cologne,GOAT,10000 list,3,0,False,False,2025-09-08
gzip,KIT,10000 list,3,0,False,False,2025-09-08
ranger,FACE lettER,10000 list,3,0,False,False,2025-09-08
insulation,KIT (GOOSE) FACE,10000 list,3,0,False,False,2025-09-08
newman,GOOSE,10000 list,3,0,False,False,2025-09-08
ricky,KIT HAPPY,10000 list,3,0,False,False,2025-09-08
ctrl,GOAL,10000 list,3,0,False,False,2025-09-08
theta,FLEECE/FACE,10000 list,3,0,False,False,2025-09-08
infringement,KIT,10000 list,3,0,False,False,2025-09-08
bent,DRESS,10000 list,3,0,False,False,2025-09-08
subjective,STRUT DRESS KIT,10000 list,3,0,False,False,2025-09-08
lightbox,PRICE LOT,10000 list,3,0,False,False,2025-09-08
robbie,LOT HAPPY,10000 list,3,0,False,False,2025-09-08
cocktail,LOT FACE,10000 list,3,0,False,False,2025-09-08
arbor,START LETTER,10000 list,3,0,False,False,2025-09-08
mediawiki,FLEECE KIT,10000 list,3,0,False,False,2025-09-08