Word,Sets,Source,Checks,Score,Synonyms,Generated,Added
million,KIT COMMA,Armstrong,1,0,False,False,2025-09-08
millionaire,SQUARE,Armstrong,1,0,False,False,2025-09-08
millwall,THOUGHT,Armstrong,1,0,False,False,2025-09-08
milord,NORTH,Armstrong,1,0,False,False,2025-09-08
milwaukee,THOUGHT HAPPY,Armstrong,1,0,False,False,2025-09-08
mimi,FLEECE,Armstrong,1,0,False,False,2025-09-08
mincemeat,FLEECE,Armstrong,1,0,False,False,2025-09-08
mind,PRICE,Armstrong,1,0,False,False,2025-09-08
mine,PRICE,Armstrong,1,0,False,False,2025-09-08
minecraft,BATH,Armstrong,1,0,False,False,2025-09-08
miner,PRICE LETTER,Armstrong,1,0,False,False,2025-09-08
minerva,COMMA NURSE,Armstrong,1,0,False,False,2025-09-08
mini,HAPPY,Armstrong,1,0,False,False,2025-09-08
miniature,KIT,Armstrong,1,0,False,False,2025-09-08
minibus,STRUT,Armstrong,1,0,False,False,2025-09-08
minicab,TRAP,Armstrong,1,0,False,False,2025-09-08
miniseries,NEAR,Armstrong,1,0,False,False,2025-09-08
minister,LETTER,Armstrong,1,0,False,False,2025-09-08
minnie,HAPPY,Armstrong,1,0,False,False,2025-09-08
minogue,GOAT,Armstrong,1,0,False,False,2025-09-08
minor,PRICE LETTER,Armstrong,1,0,False,False,2025-09-08
minuet,GOOSE,Armstrong,1,0,False,False,2025-09-08
minutia,GOOSE,Armstrong,1,0,False,False,2025-09-08
miquelon,LOT,Armstrong,1,0,False,False,2025-09-08
miracle,KIT COMMA,Armstrong,1,0,False,False,2025-09-08
miranda,COMMA,Armstrong,1,0,False,False,2025-09-08
mirror,KIT LETTER,Armstrong,1,0,False,False,2025-09-08
mirth,NURSE,Armstrong,1,0,False,False,2025-09-08
mirthful,NURSE,Armstrong,1,0,False,False,2025-09-08
mirthless,NURSE,Armstrong,1,0,False,False,2025-09-08
misconduct,STRUT,Armstrong,1,0,False,False,2025-09-08
miserable,KIT,Armstrong,1,0,False,False,2025-09-08
misere,SQUARE,Armstrong,1,0,False,False,2025-09-08
mishmash,TRAP,Armstrong,1,0,False,False,2025-09-08
misinterpreted,NURSE,Armstrong,1,0,False,False,2025-09-08
misjudge,STRUT,Armstrong,1,0,False,False,2025-09-08
misleading,FLEECE,Armstrong,1,0,False,False,2025-09-08
mismatch,TRAP,Armstrong,1,0,False,False,2025-09-08
miss,KIT,Armstrong,1,0,False,False,2025-09-08
mission,KIT,Armstrong,1,0,False,False,2025-09-08
mississauga,THOUGHT COMMA,Armstrong,1,0,False,False,2025-09-08
missouri,CURE HAPPY,Armstrong,1,0,False,False,2025-09-08
missourian,CURE,Armstrong,1,0,False,False,2025-09-08
missus,KIT,Armstrong,1,0,False,False,2025-09-08
mistake,FACE,Armstrong,1,0,False,False,2025-09-08
mister,KIT,Armstrong,1,0,False,False,2025-09-08
misunderstand,STRUT,Armstrong,1,0,False,False,2025-09-08
misuse,GOOSE,Armstrong,1,0,False,False,2025-09-08
mithril,KIT,Armstrong,1,0,False,False,2025-09-08
mitsubishi,HAPPY,Armstrong,1,0,False,False,2025-09-08
mitzvah,COMMA,Armstrong,1,0,False,False,2025-09-08
mix,KIT,Armstrong,1,0,False,False,2025-09-08
mo,GOAT,Armstrong,1,0,False,False,2025-09-08
moab,TRAP,Armstrong,1,0,False,False,2025-09-08
mobbed,LOT,Armstrong,1,0,False,False,2025-09-08
mobile,GOAT (PRICE),Armstrong,1,0,False,False,2025-09-08
mobility,GOAT,Armstrong,1,0,False,False,2025-09-08
mocha,COMMA,Armstrong,1,0,False,False,2025-09-08
mode,GOAT,Armstrong,1,0,False,False,2025-09-08
model,LOT,Armstrong,1,0,False,False,2025-09-08
modem,GOAT,Armstrong,1,0,False,False,2025-09-08
moderate,LOT,Armstrong,1,0,False,False,2025-09-08
modern,LETTER,Armstrong,1,0,False,False,2025-09-08
modest,LOT,Armstrong,1,0,False,False,2025-09-08
modicum,LOT,Armstrong,1,0,False,False,2025-09-08
modified,KIT LOT PRICE,Armstrong,1,0,False,False,2025-09-08
modify,PRICE,Armstrong,1,0,False,False,2025-09-08
modulate,LOT,Armstrong,1,0,False,False,2025-09-08
modulus,LOT,Armstrong,1,0,False,False,2025-09-08
moe,GOAT,Armstrong,1,0,False,False,2025-09-08
moggie,HAPPY,Armstrong,1,0,False,False,2025-09-08
mogul,GOAT,Armstrong,1,0,False,False,2025-09-08
mohair,SQUARE,Armstrong,1,0,False,False,2025-09-08
mohawk,THOUGHT,Armstrong,1,0,False,False,2025-09-08
moi,PALM,Armstrong,1,0,False,False,2025-09-08
moir,CHOICE,Armstrong,1,0,False,False,2025-09-08
moira,CHOICE,Armstrong,1,0,False,False,2025-09-08
moiseiwitsch,CHOICE,Armstrong,1,0,False,False,2025-09-08
moist,CHOICE,Armstrong,1,0,False,False,2025-09-08
moisture,CHOICE,Armstrong,1,0,False,False,2025-09-08
moisturizer,CHOICE,Armstrong,1,0,False,False,2025-09-08
moither,CHOICE,Armstrong,1,0,False,False,2025-09-08
mojave,PALM,Armstrong,1,0,False,False,2025-09-08
mojo,GOAT,Armstrong,1,0,False,False,2025-09-08
moldova,GOAT COMMA,Armstrong,1,0,False,False,2025-09-08
mollie,HAPPY,Armstrong,1,0,False,False,2025-09-08
mom,STRUT,Armstrong,1,0,False,False,2025-09-08
mombasa,LOT COMMA,Armstrong,1,0,False,False,2025-09-08
moment,GOAT,Armstrong,1,0,False,False,2025-09-08
mommy,HAPPY,Armstrong,1,0,False,False,2025-09-08
monaco,COMMA,Armstrong,1,0,False,False,2025-09-08
monarchy,LETTER,Armstrong,1,0,False,False,2025-09-08
monastic,BATH,Armstrong,1,0,False,False,2025-09-08
monaural,NORTH,Armstrong,1,0,False,False,2025-09-08
monday,STRUT,Armstrong,1,0,False,False,2025-09-08
money,STRUT HAPPY,Armstrong,1,0,False,False,2025-09-08
money-order,NORTH,Armstrong,1,0,False,False,2025-09-08
mongolia,GOAT,Armstrong,1,0,False,False,2025-09-08
mongoose,GOOSE,Armstrong,1,0,False,False,2025-09-08
monica,COMMA,Armstrong,1,0,False,False,2025-09-08
monique,FLEECE,Armstrong,1,0,False,False,2025-09-08
monitor,LOT,Armstrong,1,0,False,False,2025-09-08
monk,STRUT,Armstrong,1,0,False,False,2025-09-08
monkey,STRUT HAPPY,Armstrong,1,0,False,False,2025-09-08
monkey-puzzle,STRUT,Armstrong,1,0,False,False,2025-09-08
monochrome,GOAT,Armstrong,1,0,False,False,2025-09-08
monograph,BATH,Armstrong,1,0,False,False,2025-09-08
monographic,GOAT,Armstrong,1,0,False,False,2025-09-08
monolithic,KIT,Armstrong,1,0,False,False,2025-09-08
monologue,LOT,Armstrong,1,0,False,False,2025-09-08
mononucleosis,GOOSE,Armstrong,1,0,False,False,2025-09-08
monotheism,GOAT,Armstrong,1,0,False,False,2025-09-08
monotreme,FLEECE,Armstrong,1,0,False,False,2025-09-08
monroe,STRUT,Armstrong,1,0,False,False,2025-09-08
monsieur,NURSE,Armstrong,1,0,False,False,2025-09-08
monsoon,GOOSE,Armstrong,1,0,False,False,2025-09-08
montage,PALM,Armstrong,1,0,False,False,2025-09-08
monteith,LOT,Armstrong,1,0,False,False,2025-09-08
monteverdi,SQUARE,Armstrong,1,0,False,False,2025-09-08
month,STRUT,Armstrong,1,0,False,False,2025-09-08
monthly,STRUT HAPPY,Armstrong,1,0,False,False,2025-09-08
montserrat,TRAP,Armstrong,1,0,False,False,2025-09-08
monumental,FOOT,Armstrong,1,0,False,False,2025-09-08
moo-cow,MOUTH,Armstrong,1,0,False,False,2025-09-08
moo-cows,MOUTH,Armstrong,1,0,False,False,2025-09-08
mooch,GOOSE,Armstrong,1,0,False,False,2025-09-08
mood,GOOSE,Armstrong,1,0,False,False,2025-09-08
moodey,HAPPY,Armstrong,1,0,False,False,2025-09-08
moon,GOOSE,Armstrong,1,0,False,False,2025-09-08
moonbeam,FLEECE,Armstrong,1,0,False,False,2025-09-08
moonwalk,THOUGHT,Armstrong,1,0,False,False,2025-09-08
moor,FORCE CURE,Armstrong,1,0,False,False,2025-09-08
moore,FORCE,Armstrong,1,0,False,False,2025-09-08
moored,FORCE CURE,Armstrong,1,0,False,False,2025-09-08
moorfowl,MOUTH,Armstrong,1,0,False,False,2025-09-08
moorgame,CURE,Armstrong,1,0,False,False,2025-09-08
moorgate,CURE,Armstrong,1,0,False,False,2025-09-08
moorhen,FORCE,Armstrong,1,0,False,False,2025-09-08
mooring,FORCE,Armstrong,1,0,False,False,2025-09-08
moors,CURE,Armstrong,1,0,False,False,2025-09-08
moose,GOOSE,Armstrong,1,0,False,False,2025-09-08
moped,DRESS,Armstrong,1,0,False,False,2025-09-08
morag,TRAP,Armstrong,1,0,False,False,2025-09-08
moraic,FORCE,Armstrong,1,0,False,False,2025-09-08
moral,(CLOTH),Armstrong,1,0,False,False,2025-09-08
moratorium,(CLOTH) FORCE,Armstrong,1,0,False,False,2025-09-08
morbid,NORTH,Armstrong,1,0,False,False,2025-09-08
morbidity,NORTH,Armstrong,1,0,False,False,2025-09-08
mordacity,NORTH,Armstrong,1,0,False,False,2025-09-08
more,FORCE,Armstrong,1,0,False,False,2025-09-08
moreover,FORCE,Armstrong,1,0,False,False,2025-09-08
mores,FACE,Armstrong,1,0,False,False,2025-09-08
morgan,NORTH,Armstrong,1,0,False,False,2025-09-08
morgue,NORTH,Armstrong,1,0,False,False,2025-09-08
moribund,(CLOTH),Armstrong,1,0,False,False,2025-09-08
morn,NORTH,Armstrong,1,0,False,False,2025-09-08
morning,NORTH,Armstrong,1,0,False,False,2025-09-08
morph,NORTH,Armstrong,1,0,False,False,2025-09-08
morpha,COMMA,Armstrong,1,0,False,False,2025-09-08
morphed,NORTH,Armstrong,1,0,False,False,2025-09-08
morpheme,FLEECE,Armstrong,1,0,False,False,2025-09-08
morpheus,NORTH,Armstrong,1,0,False,False,2025-09-08
morphine,FLEECE NORTH,Armstrong,1,0,False,False,2025-09-08
morphing,NORTH,Armstrong,1,0,False,False,2025-09-08
morphogenesis,GOAT,Armstrong,1,0,False,False,2025-09-08
morphological,NORTH,Armstrong,1,0,False,False,2025-09-08
morris,(CLOTH),Armstrong,1,0,False,False,2025-09-08
morrow,(CLOTH),Armstrong,1,0,False,False,2025-09-08
mortality,NORTH,Armstrong,1,0,False,False,2025-09-08
mortgage,NORTH,Armstrong,1,0,False,False,2025-09-08
mortuary,NORTH,Armstrong,1,0,False,False,2025-09-08
mosaic,GOAT,Armstrong,1,0,False,False,2025-09-08
mosquito,FLEECE,Armstrong,1,0,False,False,2025-09-08
most,GOAT,Armstrong,1,0,False,False,2025-09-08
motel,GOAT,Armstrong,1,0,False,False,2025-09-08
moth,CLOTH,Armstrong,1,0,False,False,2025-09-08
mother,STRUT LETTER,Armstrong,1,0,False,False,2025-09-08
mother-in-law,STRUT,Armstrong,1,0,False,False,2025-09-08
mother-of-pearl,STRUT,Armstrong,1,0,False,False,2025-09-08
motherboard,FORCE LETTER,Armstrong,1,0,False,False,2025-09-08
motherese,STRUT,Armstrong,1,0,False,False,2025-09-08
motherhood,STRUT,Armstrong,1,0,False,False,2025-09-08
mothering,STRUT,Armstrong,1,0,False,False,2025-09-08
motherland,STRUT,Armstrong,1,0,False,False,2025-09-08
motherless,STRUT,Armstrong,1,0,False,False,2025-09-08
motherliness,STRUT,Armstrong,1,0,False,False,2025-09-08
motherwell,DRESS LETTER,Armstrong,1,0,False,False,2025-09-08
motif,GOAT,Armstrong,1,0,False,False,2025-09-08
motion,GOAT,Armstrong,1,0,False,False,2025-09-08
motivate,GOAT,Armstrong,1,0,False,False,2025-09-08
motocross,GOAT,Armstrong,1,0,False,False,2025-09-08
motor,GOAT LETTER,Armstrong,1,0,False,False,2025-09-08
motorbike,PRICE LETTER,Armstrong,1,0,False,False,2025-09-08
motorcycle,PRICE LETTER,Armstrong,1,0,False,False,2025-09-08
motorcyclist,PRICE,Armstrong,1,0,False,False,2025-09-08
motoring,LETTER COMMA,Armstrong,1,0,False,False,2025-09-08
motorola,GOAT COMMA,Armstrong,1,0,False,False,2025-09-08
motorway,LETTER,Armstrong,1,0,False,False,2025-09-08
mount,MOUTH,Armstrong,1,0,False,False,2025-09-08
mountain,MOUTH,Armstrong,1,0,False,False,2025-09-08
mountaineer,NEAR,Armstrong,1,0,False,False,2025-09-08
mourn,CURE,Armstrong,1,0,False,False,2025-09-08
mourning,CURE,Armstrong,1,0,False,False,2025-09-08
mouse,MOUTH,Armstrong,1,0,False,False,2025-09-08
mousehole,MOUTH,Armstrong,1,0,False,False,2025-09-08
moussaka,PALM (GOOSE) (FOOT),Armstrong,1,0,False,False,2025-09-08
mousse,GOOSE,Armstrong,1,0,False,False,2025-09-08
mouth,MOUTH,Armstrong,1,0,False,False,2025-09-08
mouth-organ,NORTH,Armstrong,1,0,False,False,2025-09-08
mouth-to-mouth,MOUTH,Armstrong,1,0,False,False,2025-09-08
mouth-watering,THOUGHT MOUTH,Armstrong,1,0,False,False,2025-09-08
mouthed,MOUTH,Armstrong,1,0,False,False,2025-09-08
mouthful,MOUTH,Armstrong,1,0,False,False,2025-09-08
mouthing,MOUTH,Armstrong,1,0,False,False,2025-09-08
mouthpiece,MOUTH,Armstrong,1,0,False,False,2025-09-08
mouths,MOUTH,Armstrong,1,0,False,False,2025-09-08
mouthwash,MOUTH,Armstrong,1,0,False,False,2025-09-08
mouthy,MOUTH,Armstrong,1,0,False,False,2025-09-08
move,GOOSE,Armstrong,1,0,False,False,2025-09-08
movement,GOOSE,Armstrong,1,0,False,False,2025-09-08
movie,GOOSE HAPPY,Armstrong,1,0,False,False,2025-09-08
mow,GOAT MOUTH,Armstrong,1,0,False,False,2025-09-08
moxie,HAPPY,Armstrong,1,0,False,False,2025-09-08
moya,CHOICE,Armstrong,1,0,False,False,2025-09-08
moygashel,CHOICE,Armstrong,1,0,False,False,2025-09-08
mozambique,TRAP FLEECE GOAT,Armstrong,1,0,False,False,2025-09-08
mozart,START,Armstrong,1,0,False,False,2025-09-08
mp3,DRESS,Armstrong,1,0,False,False,2025-09-08
mpeg,DRESS,Armstrong,1,0,False,False,2025-09-08
ms,KIT,Armstrong,1,0,False,False,2025-09-08
much,STRUT,Armstrong,1,0,False,False,2025-09-08
mucilage,GOOSE,Armstrong,1,0,False,False,2025-09-08
mucosity,GOOSE,Armstrong,1,0,False,False,2025-09-08
mucous,GOOSE,Armstrong,1,0,False,False,2025-09-08
mud,STRUT,Armstrong,1,0,False,False,2025-09-08
mud-bath,BATH,Armstrong,1,0,False,False,2025-09-08
mud-baths,BATH,Armstrong,1,0,False,False,2025-09-08
muddle,STRUT,Armstrong,1,0,False,False,2025-09-08
muddy,STRUT,Armstrong,1,0,False,False,2025-09-08
mudguards,STRUT,Armstrong,1,0,False,False,2025-09-08
mudpie,STRUT,Armstrong,1,0,False,False,2025-09-08
muffin,STRUT,Armstrong,1,0,False,False,2025-09-08
muffler,STRUT,Armstrong,1,0,False,False,2025-09-08
mug,STRUT,Armstrong,1,0,False,False,2025-09-08
mugabe,PALM GOOSE,Armstrong,1,0,False,False,2025-09-08
mugwump,STRUT,Armstrong,1,0,False,False,2025-09-08
mujaheddin,GOOSE,Armstrong,1,0,False,False,2025-09-08
mulcahy,STRUT,Armstrong,1,0,False,False,2025-09-08
muldoon,STRUT,Armstrong,1,0,False,False,2025-09-08
mule,GOOSE,Armstrong,1,0,False,False,2025-09-08
muleteer,GOOSE,Armstrong,1,0,False,False,2025-09-08
mulholland,STRUT,Armstrong,1,0,False,False,2025-09-08
multi-,STRUT,Armstrong,1,0,False,False,2025-09-08
multicolored,STRUT,Armstrong,1,0,False,False,2025-09-08
multimedia,STRUT,Armstrong,1,0,False,False,2025-09-08
multiple,KIT STRUT,Armstrong,1,0,False,False,2025-09-08
multiple-choice,CHOICE,Armstrong,1,0,False,False,2025-09-08
multipurpose,NURSE,Armstrong,1,0,False,False,2025-09-08
multistage,FACE,Armstrong,1,0,False,False,2025-09-08
multitask,BATH,Armstrong,1,0,False,False,2025-09-08
multitude,GOOSE,Armstrong,1,0,False,False,2025-09-08
mumbai,FOOT,Armstrong,1,0,False,False,2025-09-08
mumbo-jumbo,GOAT,Armstrong,1,0,False,False,2025-09-08
mummy,STRUT HAPPY,Armstrong,1,0,False,False,2025-09-08
mums,STRUT,Armstrong,1,0,False,False,2025-09-08
munda,FOOT,Armstrong,1,0,False,False,2025-09-08
mundane,STRUT,Armstrong,1,0,False,False,2025-09-08
municipal,GOOSE,Armstrong,1,0,False,False,2025-09-08
munitions,GOOSE,Armstrong,1,0,False,False,2025-09-08
munro,GOAT,Armstrong,1,0,False,False,2025-09-08
muppets,STRUT,Armstrong,1,0,False,False,2025-09-08
mural,CURE,Armstrong,1,0,False,False,2025-09-08
murcia,COMMA,Armstrong,1,0,False,False,2025-09-08
murder,LETTER NURSE,Armstrong,1,0,False,False,2025-09-08
murdered,LETTER,Armstrong,1,0,False,False,2025-09-08
murderer,LETTER,Armstrong,1,0,False,False,2025-09-08
murdoch,NURSE,Armstrong,1,0,False,False,2025-09-08
murgatroyd,CHOICE,Armstrong,1,0,False,False,2025-09-08
murphy,NURSE,Armstrong,1,0,False,False,2025-09-08
murray,STRUT,Armstrong,1,0,False,False,2025-09-08
muscle,STRUT,Armstrong,1,0,False,False,2025-09-08
muse,GOOSE,Armstrong,1,0,False,False,2025-09-08
museum,FLEECE GOOSE NEAR COMMA,Armstrong,1,0,False,False,2025-09-08
musgrave,STRUT,Armstrong,1,0,False,False,2025-09-08
musgrove,STRUT,Armstrong,1,0,False,False,2025-09-08
mush,STRUT,Armstrong,1,0,False,False,2025-09-08
mushroom,STRUT GOOSE,Armstrong,1,0,False,False,2025-09-08
mushy,STRUT HAPPY,Armstrong,1,0,False,False,2025-09-08
music,KIT GOOSE,Armstrong,1,0,False,False,2025-09-08
musician,GOOSE,Armstrong,1,0,False,False,2025-09-08
musk-deer,NEAR,Armstrong,1,0,False,False,2025-09-08
muskogee,HAPPY,Armstrong,1,0,False,False,2025-09-08
muslin,STRUT,Armstrong,1,0,False,False,2025-09-08
must,STRUT COMMA,Armstrong,1,0,False,False,2025-09-08
must-have,TRAP STRUT,Armstrong,1,0,False,False,2025-09-08
mustachio,PALM,Armstrong,1,0,False,False,2025-09-08
mustafa,COMMA (GOOSE) (FOOT),Armstrong,1,0,False,False,2025-09-08
mustang,TRAP,Armstrong,1,0,False,False,2025-09-08
mutant,GOOSE,Armstrong,1,0,False,False,2025-09-08
mutation,GOOSE,Armstrong,1,0,False,False,2025-09-08
mute,GOOSE,Armstrong,1,0,False,False,2025-09-08
mutter,STRUT,Armstrong,1,0,False,False,2025-09-08
mutton,STRUT,Armstrong,1,0,False,False,2025-09-08
mutual,GOOSE,Armstrong,1,0,False,False,2025-09-08
mutuality,GOOSE,Armstrong,1,0,False,False,2025-09-08
mutually,GOOSE,Armstrong,1,0,False,False,2025-09-08
muzzle,STRUT,Armstrong,1,0,False,False,2025-09-08
muzzy,STRUT,Armstrong,1,0,False,False,2025-09-08
my,PRICE,Armstrong,1,0,False,False,2025-09-08
myanmar,NEAR START,Armstrong,1,0,False,False,2025-09-08
myeloid,CHOICE,Armstrong,1,0,False,False,2025-09-08
myriad,KIT,Armstrong,1,0,False,False,2025-09-08
myself,PRICE,Armstrong,1,0,False,False,2025-09-08
mysore,PRICE,Armstrong,1,0,False,False,2025-09-08
mystery,KIT,Armstrong,1,0,False,False,2025-09-08
mystique,FLEECE,Armstrong,1,0,False,False,2025-09-08
myth,KIT,Armstrong,1,0,False,False,2025-09-08
mythic,KIT,Armstrong,1,0,False,False,2025-09-08
mythical,KIT,Armstrong,1,0,False,False,2025-09-08
mytholmroyd,PRICE,Armstrong,1,0,False,False,2025-09-08
mythology,KIT,Armstrong,1,0,False,False,2025-09-08
mythos,KIT (LOT) (GOAT),Armstrong,1,0,False,False,2025-09-08
naafi,HAPPY,Armstrong,1,0,False,False,2025-09-08
naan,PALM,Armstrong,1,0,False,False,2025-09-08
nabob,LOT,Armstrong,1,0,False,False,2025-09-08
nacho,PALM,Armstrong,1,0,False,False,2025-09-08
nadezhda,DRESS,Armstrong,1,0,False,False,2025-09-08
nadia,PALM,Armstrong,1,0,False,False,2025-09-08
nadirs,NEAR,Armstrong,1,0,False,False,2025-09-08
nag,TRAP,Armstrong,1,0,False,False,2025-09-08
naga,PALM,Armstrong,1,0,False,False,2025-09-08
nagasaki,PALM,Armstrong,1,0,False,False,2025-09-08
nagoya,CHOICE,Armstrong,1,0,False,False,2025-09-08
nah,PALM,Armstrong,1,0,False,False,2025-09-08
nahuatl,PALM,Armstrong,1,0,False,False,2025-09-08
nail-varnish,START,Armstrong,1,0,False,False,2025-09-08
nailbrush,STRUT,Armstrong,1,0,False,False,2025-09-08
nails,FACE,Armstrong,1,0,False,False,2025-09-08
nailsea,HAPPY,Armstrong,1,0,False,False,2025-09-08
nairn,SQUARE,Armstrong,1,0,False,False,2025-09-08
nairobi,GOAT PRICE HAPPY,Armstrong,1,0,False,False,2025-09-08
naish,FACE,Armstrong,1,0,False,False,2025-09-08
naismith,FACE,Armstrong,1,0,False,False,2025-09-08
naked,FACE,Armstrong,1,0,False,False,2025-09-08
name,FACE,Armstrong,1,0,False,False,2025-09-08
naomi,GOAT HAPPY,Armstrong,1,0,False,False,2025-09-08
napalm,PALM,Armstrong,1,0,False,False,2025-09-08
naphtha,COMMA,Armstrong,1,0,False,False,2025-09-08
naphthalic,TRAP,Armstrong,1,0,False,False,2025-09-08
napier,FACE,Armstrong,1,0,False,False,2025-09-08
naples,FACE,Armstrong,1,0,False,False,2025-09-08
napoli,HAPPY,Armstrong,1,0,False,False,2025-09-08
nappies,TRAP,Armstrong,1,0,False,False,2025-09-08
narcissus,START,Armstrong,1,0,False,False,2025-09-08
narcistic,START,Armstrong,1,0,False,False,2025-09-08
narcolepsy,DRESS,Armstrong,1,0,False,False,2025-09-08
narrow,TRAP,Armstrong,1,0,False,False,2025-09-08
narrow-minded,GOAT,Armstrong,1,0,False,False,2025-09-08
narrowly,GOAT,Armstrong,1,0,False,False,2025-09-08
narwhal,START,Armstrong,1,0,False,False,2025-09-08
nasa,COMMA,Armstrong,1,0,False,False,2025-09-08
nash,TRAP,Armstrong,1,0,False,False,2025-09-08
nashville,TRAP,Armstrong,1,0,False,False,2025-09-08
nasopharyngeal,TRAP,Armstrong,1,0,False,False,2025-09-08
nasty,BATH,Armstrong,1,0,False,False,2025-09-08
natalie,HAPPY,Armstrong,1,0,False,False,2025-09-08
natasha,PALM COMMA (TRAP),Armstrong,1,0,False,False,2025-09-08
nathan,FACE,Armstrong,1,0,False,False,2025-09-08
national,TRAP,Armstrong,1,0,False,False,2025-09-08
nationwide,FACE PRICE,Armstrong,1,0,False,False,2025-09-08
native,FACE,Armstrong,1,0,False,False,2025-09-08
natural,TRAP,Armstrong,1,0,False,False,2025-09-08
nature,FACE LETTER,Armstrong,1,0,False,False,2025-09-08
naturist,FACE,Armstrong,1,0,False,False,2025-09-08
naturopath,TRAP,Armstrong,1,0,False,False,2025-09-08
naughty,THOUGHT,Armstrong,1,0,False,False,2025-09-08
nauru,MOUTH,Armstrong,1,0,False,False,2025-09-08
nauruan,MOUTH,Armstrong,1,0,False,False,2025-09-08
nauseating,THOUGHT,Armstrong,1,0,False,False,2025-09-08
nausicaa,THOUGHT,Armstrong,1,0,False,False,2025-09-08
nautical,THOUGHT,Armstrong,1,0,False,False,2025-09-08
nautilus,THOUGHT,Armstrong,1,0,False,False,2025-09-08
naval,FACE,Armstrong,1,0,False,False,2025-09-08
navigation,KIT TRAP FACE (COMMA),Armstrong,1,0,False,False,2025-09-08
navy,FACE HAPPY,Armstrong,1,0,False,False,2025-09-08
nawab,PALM,Armstrong,1,0,False,False,2025-09-08
naysayer,FACE,Armstrong,1,0,False,False,2025-09-08
nazi,HAPPY (TRAP),Armstrong,1,0,False,False,2025-09-08
neanderthal,PALM,Armstrong,1,0,False,False,2025-09-08
neap,FLEECE,Armstrong,1,0,False,False,2025-09-08
near,NEAR,Armstrong,1,0,False,False,2025-09-08
near-sighted,NEAR,Armstrong,1,0,False,False,2025-09-08
nearby,PRICE,Armstrong,1,0,False,False,2025-09-08
nearer,NEAR LETTER,Armstrong,1,0,False,False,2025-09-08
nearest,NEAR,Armstrong,1,0,False,False,2025-09-08
nearly,NEAR,Armstrong,1,0,False,False,2025-09-08
nearness,NEAR,Armstrong,1,0,False,False,2025-09-08
nearside,NEAR,Armstrong,1,0,False,False,2025-09-08
neat,FLEECE,Armstrong,1,0,False,False,2025-09-08
nebuchadnezzar,GOOSE,Armstrong,1,0,False,False,2025-09-08
necessary,DRESS,Armstrong,1,0,False,False,2025-09-08
neck-ties,PRICE,Armstrong,1,0,False,False,2025-09-08
neckerchief,LETTER,Armstrong,1,0,False,False,2025-09-08
neckwear,SQUARE,Armstrong,1,0,False,False,2025-09-08
nedifugous,FOOT,Armstrong,1,0,False,False,2025-09-08
need,FLEECE,Armstrong,1,0,False,False,2025-09-08
needle,FLEECE,Armstrong,1,0,False,False,2025-09-08
needlecraft,BATH,Armstrong,1,0,False,False,2025-09-08
needlepoint,CHOICE,Armstrong,1,0,False,False,2025-09-08
nefarious,SQUARE,Armstrong,1,0,False,False,2025-09-08
negative,DRESS,Armstrong,1,0,False,False,2025-09-08
negev,DRESS,Armstrong,1,0,False,False,2025-09-08
negligee,KIT,Armstrong,1,0,False,False,2025-09-08
neighbor,LETTER,Armstrong,1,0,False,False,2025-09-08
neighbour,FACE LETTER,Armstrong,1,0,False,False,2025-09-08
neighbourhood,FOOT,Armstrong,1,0,False,False,2025-09-08
neither,LETTER (FLEECE) (PRICE),Armstrong,1,0,False,False,2025-09-08
neolithic,KIT,Armstrong,1,0,False,False,2025-09-08
neon,LOT FLEECE,Armstrong,1,0,False,False,2025-09-08
neoplasms,TRAP,Armstrong,1,0,False,False,2025-09-08
nepenthe,HAPPY,Armstrong,1,0,False,False,2025-09-08
nephew,GOOSE,Armstrong,1,0,False,False,2025-09-08
nephews,GOOSE,Armstrong,1,0,False,False,2025-09-08
neptune,GOOSE,Armstrong,1,0,False,False,2025-09-08
nerd,NURSE,Armstrong,1,0,False,False,2025-09-08
nerve,NURSE,Armstrong,1,0,False,False,2025-09-08
nervous,NURSE,Armstrong,1,0,False,False,2025-09-08
nest-egg,DRESS,Armstrong,1,0,False,False,2025-09-08
net,DRESS,Armstrong,1,0,False,False,2025-09-08
netball,THOUGHT,Armstrong,1,0,False,False,2025-09-08
nether,DRESS,Armstrong,1,0,False,False,2025-09-08
netherlands,DRESS LETTER,Armstrong,1,0,False,False,2025-09-08
netherton,DRESS,Armstrong,1,0,False,False,2025-09-08
network,DRESS,Armstrong,1,0,False,False,2025-09-08
neumann,CHOICE,Armstrong,1,0,False,False,2025-09-08
neurobiology,GOAT,Armstrong,1,0,False,False,2025-09-08
neurology,FOOT,Armstrong,1,0,False,False,2025-09-08
neuropathic,TRAP GOAT,Armstrong,1,0,False,False,2025-09-08
neuroscience,GOAT,Armstrong,1,0,False,False,2025-09-08
neutral,GOOSE,Armstrong,1,0,False,False,2025-09-08
nevada,PALM COMMA,Armstrong,1,0,False,False,2025-09-08
never,DRESS LETTER,Armstrong,1,0,False,False,2025-09-08
neverland,LETTER,Armstrong,1,0,False,False,2025-09-08
nevertheless,DRESS LETTER,Armstrong,1,0,False,False,2025-09-08
new,GOOSE,Armstrong,1,0,False,False,2025-09-08
newbie,GOOSE HAPPY,Armstrong,1,0,False,False,2025-09-08
newborn,GOOSE NORTH FORCE,Armstrong,1,0,False,False,2025-09-08
newcastle,BATH,Armstrong,1,0,False,False,2025-09-08
newcomer,STRUT GOOSE,Armstrong,1,0,False,False,2025-09-08
newer,GOOSE,Armstrong,1,0,False,False,2025-09-08
newfangled,GOOSE,Armstrong,1,0,False,False,2025-09-08
newfie,GOOSE HAPPY,Armstrong,1,0,False,False,2025-09-08
newfoundland,GOOSE,Armstrong,1,0,False,False,2025-09-08
newhaven,FACE,Armstrong,1,0,False,False,2025-09-08
newly,GOOSE,Armstrong,1,0,False,False,2025-09-08
newlywed,DRESS,Armstrong,1,0,False,False,2025-09-08
newlyweds,GOOSE HAPPY,Armstrong,1,0,False,False,2025-09-08
newmarket,START,Armstrong,1,0,False,False,2025-09-08
newport,FORCE,Armstrong,1,0,False,False,2025-09-08
news,GOOSE,Armstrong,1,0,False,False,2025-09-08
newsagent,FACE,Armstrong,1,0,False,False,2025-09-08
newsfeed,FLEECE,Armstrong,1,0,False,False,2025-09-08
newsflash,TRAP,Armstrong,1,0,False,False,2025-09-08
newsletter,DRESS GOOSE,Armstrong,1,0,False,False,2025-09-08
newspaper,FACE GOOSE LETTER,Armstrong,1,0,False,False,2025-09-08
newspapers,LETTER,Armstrong,1,0,False,False,2025-09-08
newspeak,FLEECE,Armstrong,1,0,False,False,2025-09-08
newsroom,GOOSE,Armstrong,1,0,False,False,2025-09-08
next,DRESS,Armstrong,1,0,False,False,2025-09-08
next-door,FORCE,Armstrong,1,0,False,False,2025-09-08
neymar,FACE START,Armstrong,1,0,False,False,2025-09-08
nhs,FACE,Armstrong,1,0,False,False,2025-09-08
nibble,KIT,Armstrong,1,0,False,False,2025-09-08
nibelung,FOOT,Armstrong,1,0,False,False,2025-09-08
nice,PRICE,Armstrong,1,0,False,False,2025-09-08
nicer,LETTER,Armstrong,1,0,False,False,2025-09-08
nick,KIT,Armstrong,1,0,False,False,2025-09-08
nicola,COMMA,Armstrong,1,0,False,False,2025-09-08
nicotine,FLEECE,Armstrong,1,0,False,False,2025-09-08
nietzsche,FLEECE,Armstrong,1,0,False,False,2025-09-08
nigel,PRICE,Armstrong,1,0,False,False,2025-09-08
nigella,PRICE COMMA,Armstrong,1,0,False,False,2025-09-08
niger-congo,PRICE,Armstrong,1,0,False,False,2025-09-08
nigeria,PRICE NEAR,Armstrong,1,0,False,False,2025-09-08
nigerian,PRICE,Armstrong,1,0,False,False,2025-09-08
nigh,PRICE,Armstrong,1,0,False,False,2025-09-08
night,PRICE,Armstrong,1,0,False,False,2025-09-08
night-time,PRICE,Armstrong,1,0,False,False,2025-09-08
night-watch,LOT,Armstrong,1,0,False,False,2025-09-08
nightclothes,GOAT,Armstrong,1,0,False,False,2025-09-08
nightclub,STRUT PRICE,Armstrong,1,0,False,False,2025-09-08
nighthawk,THOUGHT,Armstrong,1,0,False,False,2025-09-08
nightie,HAPPY,Armstrong,1,0,False,False,2025-09-08
nightingale,FACE,Armstrong,1,0,False,False,2025-09-08
nightlife,PRICE,Armstrong,1,0,False,False,2025-09-08
nightlight,PRICE,Armstrong,1,0,False,False,2025-09-08
nightmare,SQUARE,Armstrong,1,0,False,False,2025-09-08
nightmares,SQUARE,Armstrong,1,0,False,False,2025-09-08
nike,PRICE,Armstrong,1,0,False,False,2025-09-08
nilo-saharan,GOAT,Armstrong,1,0,False,False,2025-09-08
nimrod,LOT,Armstrong,1,0,False,False,2025-09-08
nina,COMMA,Armstrong,1,0,False,False,2025-09-08
nine,PRICE,Armstrong,1,0,False,False,2025-09-08
nirvana,PALM,Armstrong,1,0,False,False,2025-09-08
nitrochalk,GOAT,Armstrong,1,0,False,False,2025-09-08
nitroglycerin,GOAT,Armstrong,1,0,False,False,2025-09-08
nixdorf,NORTH,Armstrong,1,0,False,False,2025-09-08
no,GOAT,Armstrong,1,0,False,False,2025-09-08
no-fault,GOAT,Armstrong,1,0,False,False,2025-09-08
no-frills,GOAT,Armstrong,1,0,False,False,2025-09-08
no-good,GOAT,Armstrong,1,0,False,False,2025-09-08
no-one,GOAT,Armstrong,1,0,False,False,2025-09-08
no-show,GOAT,Armstrong,1,0,False,False,2025-09-08
no-win,GOAT,Armstrong,1,0,False,False,2025-09-08
nobel,GOAT,Armstrong,1,0,False,False,2025-09-08
noble,GOAT,Armstrong,1,0,False,False,2025-09-08
nobody,GOAT,Armstrong,1,0,False,False,2025-09-08
nodding,LOT,Armstrong,1,0,False,False,2025-09-08
node,GOAT,Armstrong,1,0,False,False,2025-09-08
nodule,LOT,Armstrong,1,0,False,False,2025-09-08
noise,CHOICE,Armstrong,1,0,False,False,2025-09-08
noiseless,CHOICE,Armstrong,1,0,False,False,2025-09-08
noisette,PALM,Armstrong,1,0,False,False,2025-09-08
noisy,HAPPY,Armstrong,1,0,False,False,2025-09-08
nolan,GOAT,Armstrong,1,0,False,False,2025-09-08
nomad,TRAP,Armstrong,1,0,False,False,2025-09-08
nomenclature,DRESS,Armstrong,1,0,False,False,2025-09-08
non-commercial,NURSE,Armstrong,1,0,False,False,2025-09-08
none,STRUT,Armstrong,1,0,False,False,2025-09-08
nonesuch,STRUT,Armstrong,1,0,False,False,2025-09-08
noodle,GOOSE,Armstrong,1,0,False,False,2025-09-08
nook,FOOT,Armstrong,1,0,False,False,2025-09-08
nootka,FOOT,Armstrong,1,0,False,False,2025-09-08
nor,NORTH,Armstrong,1,0,False,False,2025-09-08
nora,FORCE,Armstrong,1,0,False,False,2025-09-08
norah,FORCE,Armstrong,1,0,False,False,2025-09-08
norbert,NORTH,Armstrong,1,0,False,False,2025-09-08
noreen,(FLEECE),Armstrong,1,0,False,False,2025-09-08
norfolk,NORTH COMMA,Armstrong,1,0,False,False,2025-09-08
norm,NORTH,Armstrong,1,0,False,False,2025-09-08
normalcy,NORTH,Armstrong,1,0,False,False,2025-09-08
normality,NORTH,Armstrong,1,0,False,False,2025-09-08
normalize,NORTH,Armstrong,1,0,False,False,2025-09-08
normally,NORTH,Armstrong,1,0,False,False,2025-09-08
norman,NORTH,Armstrong,1,0,False,False,2025-09-08
normandy,NORTH,Armstrong,1,0,False,False,2025-09-08
norovirus,PRICE,Armstrong,1,0,False,False,2025-09-08
north,NORTH,Armstrong,1,0,False,False,2025-09-08
northamptonshire,NORTH,Armstrong,1,0,False,False,2025-09-08
northanger,NORTH,Armstrong,1,0,False,False,2025-09-08
northbound,NORTH,Armstrong,1,0,False,False,2025-09-08
northcliffe,NORTH,Armstrong,1,0,False,False,2025-09-08
northeast,NORTH,Armstrong,1,0,False,False,2025-09-08
northern,LETTER,Armstrong,1,0,False,False,2025-09-08
northumberland,STRUT NORTH LETTER,Armstrong,1,0,False,False,2025-09-08
northwards,NORTH,Armstrong,1,0,False,False,2025-09-08
northwest,NORTH,Armstrong,1,0,False,False,2025-09-08
norvic,NORTH,Armstrong,1,0,False,False,2025-09-08
norwalk,THOUGHT NORTH,Armstrong,1,0,False,False,2025-09-08
norway,NORTH,Armstrong,1,0,False,False,2025-09-08
norwegian,FLEECE NORTH,Armstrong,1,0,False,False,2025-09-08
norwood,NORTH,Armstrong,1,0,False,False,2025-09-08
nos,GOAT,Armstrong,1,0,False,False,2025-09-08
nose,GOAT,Armstrong,1,0,False,False,2025-09-08
nosebleed,FLEECE,Armstrong,1,0,False,False,2025-09-08
nosedive,PRICE,Armstrong,1,0,False,False,2025-09-08
nosey,HAPPY,Armstrong,1,0,False,False,2025-09-08
noshing,LOT,Armstrong,1,0,False,False,2025-09-08
not,LOT,Armstrong,1,0,False,False,2025-09-08
notation,GOAT,Armstrong,1,0,False,False,2025-09-08
notch,LOT,Armstrong,1,0,False,False,2025-09-08
note,GOAT,Armstrong,1,0,False,False,2025-09-08
notebook,FOOT,Armstrong,1,0,False,False,2025-09-08
notepad,TRAP,Armstrong,1,0,False,False,2025-09-08
nothing,STRUT,Armstrong,1,0,False,False,2025-09-08
nothingness,STRUT,Armstrong,1,0,False,False,2025-09-08
notice,GOAT,Armstrong,1,0,False,False,2025-09-08
notifiable,PRICE,Armstrong,1,0,False,False,2025-09-08
notification,KIT FACE GOAT,Armstrong,1,0,False,False,2025-09-08
notified,PRICE,Armstrong,1,0,False,False,2025-09-08
notify,PRICE,Armstrong,1,0,False,False,2025-09-08
notion,GOAT,Armstrong,1,0,False,False,2025-09-08
notorious,GOAT FORCE,Armstrong,1,0,False,False,2025-09-08
notwithstanding,KIT LOT,Armstrong,1,0,False,False,2025-09-08
nougat,(PALM) GOOSE (COMMA),Armstrong,1,0,False,False,2025-09-08
nourishing,STRUT,Armstrong,1,0,False,False,2025-09-08
nourishment,STRUT,Armstrong,1,0,False,False,2025-09-08
nous,MOUTH,Armstrong,1,0,False,False,2025-09-08
nova,GOAT COMMA,Armstrong,1,0,False,False,2025-09-08
novelette,LOT,Armstrong,1,0,False,False,2025-09-08
novella,GOAT,Armstrong,1,0,False,False,2025-09-08
november,DRESS GOAT LETTER,Armstrong,1,0,False,False,2025-09-08
novokuznetsk,FOOT,Armstrong,1,0,False,False,2025-09-08
novotel,DRESS GOAT,Armstrong,1,0,False,False,2025-09-08
now,MOUTH,Armstrong,1,0,False,False,2025-09-08
nowadays,MOUTH,Armstrong,1,0,False,False,2025-09-08
nowhere,GOAT SQUARE,Armstrong,1,0,False,False,2025-09-08
nowise,GOAT,Armstrong,1,0,False,False,2025-09-08
noyes,CHOICE,Armstrong,1,0,False,False,2025-09-08
nozzle,STRUT,Armstrong,1,0,False,False,2025-09-08
nsured,CURE,Armstrong,1,0,False,False,2025-09-08
nuance,PALM GOOSE,Armstrong,1,0,False,False,2025-09-08
nuclear,GOOSE,Armstrong,1,0,False,False,2025-09-08
nucleofugal,FOOT,Armstrong,1,0,False,False,2025-09-08
nucleus,GOOSE,Armstrong,1,0,False,False,2025-09-08
nude,GOOSE,Armstrong,1,0,False,False,2025-09-08
nudge,STRUT,Armstrong,1,0,False,False,2025-09-08
nugget,STRUT,Armstrong,1,0,False,False,2025-09-08
nuisance,GOOSE,Armstrong,1,0,False,False,2025-09-08
nuke,GOOSE,Armstrong,1,0,False,False,2025-09-08
null,STRUT,Armstrong,1,0,False,False,2025-09-08
number,STRUT LETTER,Armstrong,1,0,False,False,2025-09-08
numbers,LETTER,Armstrong,1,0,False,False,2025-09-08
numeracy,GOOSE,Armstrong,1,0,False,False,2025-09-08
numerical,GOOSE,Armstrong,1,0,False,False,2025-09-08
numerology,GOOSE,Armstrong,1,0,False,False,2025-09-08
numerous,GOOSE,Armstrong,1,0,False,False,2025-09-08
nun,STRUT,Armstrong,1,0,False,False,2025-09-08
nureyev,DRESS (CURE),Armstrong,1,0,False,False,2025-09-08
nurse,NURSE,Armstrong,1,0,False,False,2025-09-08
nurseries,NURSE,Armstrong,1,0,False,False,2025-09-08
nursery,NURSE,Armstrong,1,0,False,False,2025-09-08
nursing,NURSE,Armstrong,1,0,False,False,2025-09-08
nursing-home,GOAT,Armstrong,1,0,False,False,2025-09-08
nurturing,NURSE,Armstrong,1,0,False,False,2025-09-08
nut,STRUT,Armstrong,1,0,False,False,2025-09-08
nuthatch,TRAP,Armstrong,1,0,False,False,2025-09-08
nutmeg,DRESS,Armstrong,1,0,False,False,2025-09-08
nutricious,GOOSE,Armstrong,1,0,False,False,2025-09-08
nutrient,GOOSE,Armstrong,1,0,False,False,2025-09-08
nutrition,GOOSE,Armstrong,1,0,False,False,2025-09-08
nylon,LOT,Armstrong,1,0,False,False,2025-09-08
oaf,GOAT,Armstrong,1,0,False,False,2025-09-08
oafish,GOAT,Armstrong,1,0,False,False,2025-09-08
oak,GOAT,Armstrong,1,0,False,False,2025-09-08
oasis,FACE,Armstrong,1,0,False,False,2025-09-08
oath,GOAT,Armstrong,1,0,False,False,2025-09-08
oaths,GOAT,Armstrong,1,0,False,False,2025-09-08
obama,PALM GOAT COMMA,Armstrong,1,0,False,False,2025-09-08
oban,GOAT,Armstrong,1,0,False,False,2025-09-08
obese,GOAT,Armstrong,1,0,False,False,2025-09-08
obesity,GOAT,Armstrong,1,0,False,False,2025-09-08
obey,GOAT,Armstrong,1,0,False,False,2025-09-08
obfuscation,STRUT,Armstrong,1,0,False,False,2025-09-08
obi,HAPPY,Armstrong,1,0,False,False,2025-09-08
obituary,KIT GOOSE COMMA,Armstrong,1,0,False,False,2025-09-08
objective,COMMA,Armstrong,1,0,False,False,2025-09-08
obligation,LOT,Armstrong,1,0,False,False,2025-09-08
oblige,PRICE,Armstrong,1,0,False,False,2025-09-08
oblique,FLEECE,Armstrong,1,0,False,False,2025-09-08
obscure,CURE,Armstrong,1,0,False,False,2025-09-08
observation,LOT LETTER,Armstrong,1,0,False,False,2025-09-08
observatory,NURSE,Armstrong,1,0,False,False,2025-09-08
observe,COMMA NURSE,Armstrong,1,0,False,False,2025-09-08
observer,LETTER COMMA NURSE,Armstrong,1,0,False,False,2025-09-08
obsession,DRESS COMMA,Armstrong,1,0,False,False,2025-09-08
obsolete,FLEECE,Armstrong,1,0,False,False,2025-09-08
obtain,COMMA,Armstrong,1,0,False,False,2025-09-08
obvious,LOT,Armstrong,1,0,False,False,2025-09-08
ocado,PALM,Armstrong,1,0,False,False,2025-09-08
occasion,FACE COMMA,Armstrong,1,0,False,False,2025-09-08
occasionally,COMMA,Armstrong,1,0,False,False,2025-09-08
occlusion,GOOSE,Armstrong,1,0,False,False,2025-09-08
occupation,FOOT (COMMA),Armstrong,1,0,False,False,2025-09-08
occupied,PRICE,Armstrong,1,0,False,False,2025-09-08
occupy,LOT FOOT PRICE,Armstrong,1,0,False,False,2025-09-08
occur,COMMA NURSE,Armstrong,1,0,False,False,2025-09-08
occurred,NURSE,Armstrong,1,0,False,False,2025-09-08
occurrence,STRUT,Armstrong,1,0,False,False,2025-09-08
occurring,NURSE,Armstrong,1,0,False,False,2025-09-08
occurs,NURSE,Armstrong,1,0,False,False,2025-09-08
ocean,GOAT,Armstrong,1,0,False,False,2025-09-08
oceania,BATH,Armstrong,1,0,False,False,2025-09-08
oceanic,GOAT,Armstrong,1,0,False,False,2025-09-08
oceanside,GOAT,Armstrong,1,0,False,False,2025-09-08
octane,FACE,Armstrong,1,0,False,False,2025-09-08
octavia,LOT FACE,Armstrong,1,0,False,False,2025-09-08
october,LOT GOAT LETTER,Armstrong,1,0,False,False,2025-09-08
octothorpe,NORTH,Armstrong,1,0,False,False,2025-09-08
oddjob,LOT,Armstrong,1,0,False,False,2025-09-08
odds-on,LOT,Armstrong,1,0,False,False,2025-09-08
odell,GOAT,Armstrong,1,0,False,False,2025-09-08
odessa,GOAT COMMA,Armstrong,1,0,False,False,2025-09-08
odyssey,HAPPY,Armstrong,1,0,False,False,2025-09-08
oenology,FLEECE,Armstrong,1,0,False,False,2025-09-08
of,COMMA (LOT) (STRUT),Armstrong,1,0,False,False,2025-09-08
off,CLOTH,Armstrong,1,0,False,False,2025-09-08
off-licence,PRICE,Armstrong,1,0,False,False,2025-09-08
off-putting,FOOT,Armstrong,1,0,False,False,2025-09-08
offence,COMMA,Armstrong,1,0,False,False,2025-09-08
offender,COMMA,Armstrong,1,0,False,False,2025-09-08
offending,COMMA,Armstrong,1,0,False,False,2025-09-08
offensive,COMMA,Armstrong,1,0,False,False,2025-09-08
offer,CLOTH LETTER,Armstrong,1,0,False,False,2025-09-08
offering,LETTER COMMA,Armstrong,1,0,False,False,2025-09-08
offers,LETTER,Armstrong,1,0,False,False,2025-09-08
office,CLOTH,Armstrong,1,0,False,False,2025-09-08
office-bearer,SQUARE,Armstrong,1,0,False,False,2025-09-08
officer,CLOTH LETTER,Armstrong,1,0,False,False,2025-09-08
official,KIT (COMMA),Armstrong,1,0,False,False,2025-09-08
offline,PRICE,Armstrong,1,0,False,False,2025-09-08
offpeak,FLEECE,Armstrong,1,0,False,False,2025-09-08
offset,DRESS,Armstrong,1,0,False,False,2025-09-08
offshoot,GOOSE,Armstrong,1,0,False,False,2025-09-08
offshore,FORCE,Armstrong,1,0,False,False,2025-09-08
oft,CLOTH,Armstrong,1,0,False,False,2025-09-08
often,CLOTH,Armstrong,1,0,False,False,2025-09-08
ogilvie,HAPPY,Armstrong,1,0,False,False,2025-09-08
ogive,GOAT,Armstrong,1,0,False,False,2025-09-08
oglethorpe,NORTH,Armstrong,1,0,False,False,2025-09-08
oi,CHOICE,Armstrong,1,0,False,False,2025-09-08
oick,CHOICE,Armstrong,1,0,False,False,2025-09-08
oil,CHOICE,Armstrong,1,0,False,False,2025-09-08
oil-bearing,SQUARE,Armstrong,1,0,False,False,2025-09-08
oil-fired,CHOICE,Armstrong,1,0,False,False,2025-09-08
oink,CHOICE,Armstrong,1,0,False,False,2025-09-08
ointment,CHOICE,Armstrong,1,0,False,False,2025-09-08
oistrakh,PALM,Armstrong,1,0,False,False,2025-09-08
ojibwe,GOAT,Armstrong,1,0,False,False,2025-09-08
ok,GOAT,Armstrong,1,0,False,False,2025-09-08
okapi,PALM HAPPY,Armstrong,1,0,False,False,2025-09-08
okay,GOAT,Armstrong,1,0,False,False,2025-09-08
okefenokee,HAPPY,Armstrong,1,0,False,False,2025-09-08
oklahoma,GOAT COMMA,Armstrong,1,0,False,False,2025-09-08
old,GOAT,Armstrong,1,0,False,False,2025-09-08
older,GOAT LETTER,Armstrong,1,0,False,False,2025-09-08
oldham,GOAT,Armstrong,1,0,False,False,2025-09-08
oleoresin,GOAT,Armstrong,1,0,False,False,2025-09-08
olga,COMMA,Armstrong,1,0,False,False,2025-09-08
olive,KIT,Armstrong,1,0,False,False,2025-09-08
oliver,LETTER,Armstrong,1,0,False,False,2025-09-08
omaha,PALM,Armstrong,1,0,False,False,2025-09-08
oman,PALM GOAT,Armstrong,1,0,False,False,2025-09-08
omani,PALM,Armstrong,1,0,False,False,2025-09-08
omar,GOAT START,Armstrong,1,0,False,False,2025-09-08
ombudsman,LOT FOOT,Armstrong,1,0,False,False,2025-09-08
omega,GOAT COMMA,Armstrong,1,0,False,False,2025-09-08
omissions,COMMA,Armstrong,1,0,False,False,2025-09-08
omitted,COMMA,Armstrong,1,0,False,False,2025-09-08
omnium-gatherum,TRAP,Armstrong,1,0,False,False,2025-09-08
on,LOT CLOTH,Armstrong,1,0,False,False,2025-09-08
on-air,SQUARE,Armstrong,1,0,False,False,2025-09-08
once,STRUT,Armstrong,1,0,False,False,2025-09-08
oncoming,STRUT,Armstrong,1,0,False,False,2025-09-08
one,STRUT,Armstrong,1,0,False,False,2025-09-08
one-horse,NORTH,Armstrong,1,0,False,False,2025-09-08
one-stop,LOT,Armstrong,1,0,False,False,2025-09-08
online,LOT PRICE,Armstrong,1,0,False,False,2025-09-08
only,GOAT HAPPY,Armstrong,1,0,False,False,2025-09-08
onondaga,PALM,Armstrong,1,0,False,False,2025-09-08
onrushing,STRUT,Armstrong,1,0,False,False,2025-09-08
onshore,FORCE,Armstrong,1,0,False,False,2025-09-08
onslaught,THOUGHT,Armstrong,1,0,False,False,2025-09-08
ontario,SQUARE,Armstrong,1,0,False,False,2025-09-08
onto,COMMA,Armstrong,1,0,False,False,2025-09-08
onward,LETTER,Armstrong,1,0,False,False,2025-09-08
oops,FOOT,Armstrong,1,0,False,False,2025-09-08
oops-a-daisy,FOOT,Armstrong,1,0,False,False,2025-09-08
ooze,GOOSE,Armstrong,1,0,False,False,2025-09-08
opal,GOAT,Armstrong,1,0,False,False,2025-09-08
opaque,GOAT,Armstrong,1,0,False,False,2025-09-08
opel,GOAT,Armstrong,1,0,False,False,2025-09-08
open,GOAT COMMA,Armstrong,1,0,False,False,2025-09-08
open-air,SQUARE,Armstrong,1,0,False,False,2025-09-08
open-mouthed,MOUTH,Armstrong,1,0,False,False,2025-09-08
opera,LOT COMMA (LETTER),Armstrong,1,0,False,False,2025-09-08
opera-house,MOUTH,Armstrong,1,0,False,False,2025-09-08
operation,LOT FACE,Armstrong,1,0,False,False,2025-09-08
operator,FACE,Armstrong,1,0,False,False,2025-09-08
opinion,COMMA,Armstrong,1,0,False,False,2025-09-08
opioid,CHOICE,Armstrong,1,0,False,False,2025-09-08
opponent,COMMA,Armstrong,1,0,False,False,2025-09-08
opportunistic,GOOSE LETTER,Armstrong,1,0,False,False,2025-09-08
opportunity,LOT LETTER,Armstrong,1,0,False,False,2025-09-08
opposition,KIT,Armstrong,1,0,False,False,2025-09-08
oprah,GOAT,Armstrong,1,0,False,False,2025-09-08
optician,LOT,Armstrong,1,0,False,False,2025-09-08
options,LOT,Armstrong,1,0,False,False,2025-09-08
oral,FORCE,Armstrong,1,0,False,False,2025-09-08
orality,FORCE,Armstrong,1,0,False,False,2025-09-08
orange,(CLOTH),Armstrong,1,0,False,False,2025-09-08
orate,FORCE,Armstrong,1,0,False,False,2025-09-08
orating,FORCE,Armstrong,1,0,False,False,2025-09-08
oration,FORCE,Armstrong,1,0,False,False,2025-09-08
orator,(CLOTH),Armstrong,1,0,False,False,2025-09-08
oratory,(CLOTH),Armstrong,1,0,False,False,2025-09-08
orbicular,NORTH,Armstrong,1,0,False,False,2025-09-08
orbison,NORTH,Armstrong,1,0,False,False,2025-09-08
orbit,NORTH,Armstrong,1,0,False,False,2025-09-08
orbital,NORTH,Armstrong,1,0,False,False,2025-09-08
orchard,NORTH LETTER,Armstrong,1,0,False,False,2025-09-08
orchestra,NORTH COMMA,Armstrong,1,0,False,False,2025-09-08
orchid,NORTH,Armstrong,1,0,False,False,2025-09-08
ordained,NORTH,Armstrong,1,0,False,False,2025-09-08
ordeal,NORTH,Armstrong,1,0,False,False,2025-09-08
order,LETTER,Armstrong,1,0,False,False,2025-09-08
order-form,NORTH,Armstrong,1,0,False,False,2025-09-08
ordered,LETTER,Armstrong,1,0,False,False,2025-09-08
orders,LETTER,Armstrong,1,0,False,False,2025-09-08
oregon,(CLOTH),Armstrong,1,0,False,False,2025-09-08
orff,NORTH,Armstrong,1,0,False,False,2025-09-08
orford,NORTH,Armstrong,1,0,False,False,2025-09-08
organ,NORTH,Armstrong,1,0,False,False,2025-09-08
organic,NORTH,Armstrong,1,0,False,False,2025-09-08
organically,NORTH,Armstrong,1,0,False,False,2025-09-08
organide,NORTH,Armstrong,1,0,False,False,2025-09-08
organism,NORTH,Armstrong,1,0,False,False,2025-09-08
organist,NORTH,Armstrong,1,0,False,False,2025-09-08
organization,PRICE NORTH,Armstrong,1,0,False,False,2025-09-08
organize,NORTH,Armstrong,1,0,False,False,2025-09-08
orgasm,TRAP NORTH,Armstrong,1,0,False,False,2025-09-08
orgiastic,BATH,Armstrong,1,0,False,False,2025-09-08
orgy,NORTH,Armstrong,1,0,False,False,2025-09-08
orientation,DRESS,Armstrong,1,0,False,False,2025-09-08
origami,PALM HAPPY,Armstrong,1,0,False,False,2025-09-08
origin,KIT (CLOTH),Armstrong,1,0,False,False,2025-09-08
original,KIT,Armstrong,1,0,False,False,2025-09-08
originate,KIT,Armstrong,1,0,False,False,2025-09-08
orkney,NORTH,Armstrong,1,0,False,False,2025-09-08
orlando,NORTH,Armstrong,1,0,False,False,2025-09-08
orleans,NORTH (NEAR),Armstrong,1,0,False,False,2025-09-08
ornament,NORTH,Armstrong,1,0,False,False,2025-09-08
ornate,NORTH,Armstrong,1,0,False,False,2025-09-08
oropharynx,TRAP GOAT,Armstrong,1,0,False,False,2025-09-08
orphan,NORTH,Armstrong,1,0,False,False,2025-09-08
orphanage,NORTH,Armstrong,1,0,False,False,2025-09-08
orpheus,NORTH,Armstrong,1,0,False,False,2025-09-08
orthodox,NORTH,Armstrong,1,0,False,False,2025-09-08
orthogenesis,NORTH,Armstrong,1,0,False,False,2025-09-08
orthogonal,NORTH,Armstrong,1,0,False,False,2025-09-08
orthographic,NORTH,Armstrong,1,0,False,False,2025-09-08
orthopaedic,NORTH,Armstrong,1,0,False,False,2025-09-08
orthopedic,NORTH,Armstrong,1,0,False,False,2025-09-08
orthoptera,NORTH,Armstrong,1,0,False,False,2025-09-08
orville,NORTH,Armstrong,1,0,False,False,2025-09-08
orwell,NORTH,Armstrong,1,0,False,False,2025-09-08
osaka,PALM GOAT COMMA,Armstrong,1,0,False,False,2025-09-08
osama,PALM,Armstrong,1,0,False,False,2025-09-08
osborne,FORCE,Armstrong,1,0,False,False,2025-09-08
oscar,LETTER,Armstrong,1,0,False,False,2025-09-08
osgood,LOT,Armstrong,1,0,False,False,2025-09-08
oshkosh,LOT,Armstrong,1,0,False,False,2025-09-08
osiris,GOAT,Armstrong,1,0,False,False,2025-09-08
osman,LOT,Armstrong,1,0,False,False,2025-09-08
osmond,LOT,Armstrong,1,0,False,False,2025-09-08
osmosis,LOT,Armstrong,1,0,False,False,2025-09-08
osmotherley,LOT,Armstrong,1,0,False,False,2025-09-08
osmunda,LOT,Armstrong,1,0,False,False,2025-09-08
osteoarthritis,START,Armstrong,1,0,False,False,2025-09-08
osteomyelitis,PRICE,Armstrong,1,0,False,False,2025-09-08
osteopath,TRAP,Armstrong,1,0,False,False,2025-09-08
osteoporosis,GOAT,Armstrong,1,0,False,False,2025-09-08
ostrich,KIT,Armstrong,1,0,False,False,2025-09-08
othello,COMMA,Armstrong,1,0,False,False,2025-09-08
other,STRUT LETTER,Armstrong,1,0,False,False,2025-09-08
others,LETTER,Armstrong,1,0,False,False,2025-09-08
otherwise,STRUT PRICE LETTER,Armstrong,1,0,False,False,2025-09-08
otherworldly,STRUT,Armstrong,1,0,False,False,2025-09-08
ouabain,PALM,Armstrong,1,0,False,False,2025-09-08
ouch,MOUTH,Armstrong,1,0,False,False,2025-09-08
ought,THOUGHT,Armstrong,1,0,False,False,2025-09-08
ourselves,MOUTH,Armstrong,1,0,False,False,2025-09-08
ouse,GOOSE,Armstrong,1,0,False,False,2025-09-08
ousted,MOUTH,Armstrong,1,0,False,False,2025-09-08
out,MOUTH,Armstrong,1,0,False,False,2025-09-08
out-of-pocket,LOT,Armstrong,1,0,False,False,2025-09-08
out-trays,FACE,Armstrong,1,0,False,False,2025-09-08
outbid,KIT MOUTH,Armstrong,1,0,False,False,2025-09-08
outboard,FORCE,Armstrong,1,0,False,False,2025-09-08
outbreak,FACE,Armstrong,1,0,False,False,2025-09-08
outcast,BATH,Armstrong,1,0,False,False,2025-09-08
outclass,BATH,Armstrong,1,0,False,False,2025-09-08
outcome,STRUT MOUTH,Armstrong,1,0,False,False,2025-09-08
outdoes,STRUT,Armstrong,1,0,False,False,2025-09-08
outdoor,MOUTH FORCE,Armstrong,1,0,False,False,2025-09-08
outing,MOUTH,Armstrong,1,0,False,False,2025-09-08
outlandish,MOUTH,Armstrong,1,0,False,False,2025-09-08
outlaws,THOUGHT,Armstrong,1,0,False,False,2025-09-08
outlet,DRESS MOUTH,Armstrong,1,0,False,False,2025-09-08
outline,MOUTH,Armstrong,1,0,False,False,2025-09-08
output,FOOT,Armstrong,1,0,False,False,2025-09-08
outrage,FACE MOUTH,Armstrong,1,0,False,False,2025-09-08
outrageous,FACE MOUTH,Armstrong,1,0,False,False,2025-09-08
outreach,FLEECE,Armstrong,1,0,False,False,2025-09-08
outside,PRICE MOUTH,Armstrong,1,0,False,False,2025-09-08
outsource,FORCE,Armstrong,1,0,False,False,2025-09-08
outstanding,MOUTH,Armstrong,1,0,False,False,2025-09-08
outwear,SQUARE,Armstrong,1,0,False,False,2025-09-08
outwith,KIT,Armstrong,1,0,False,False,2025-09-08
ova,COMMA,Armstrong,1,0,False,False,2025-09-08
oval,GOAT,Armstrong,1,0,False,False,2025-09-08
ovarian,GOAT,Armstrong,1,0,False,False,2025-09-08
ovation,GOAT,Armstrong,1,0,False,False,2025-09-08
oven,STRUT,Armstrong,1,0,False,False,2025-09-08
over,GOAT LETTER,Armstrong,1,0,False,False,2025-09-08
over-shadow,LETTER,Armstrong,1,0,False,False,2025-09-08
overall,THOUGHT GOAT,Armstrong,1,0,False,False,2025-09-08
overarching,START,Armstrong,1,0,False,False,2025-09-08
overbear,SQUARE,Armstrong,1,0,False,False,2025-09-08
overboard,FORCE LETTER,Armstrong,1,0,False,False,2025-09-08
overcareful,SQUARE,Armstrong,1,0,False,False,2025-09-08
overcast,LETTER,Armstrong,1,0,False,False,2025-09-08
overcharge,START LETTER,Armstrong,1,0,False,False,2025-09-08
overcoat,LETTER,Armstrong,1,0,False,False,2025-09-08
overcome,STRUT LETTER,Armstrong,1,0,False,False,2025-09-08
overcompensation,LOT,Armstrong,1,0,False,False,2025-09-08
overdoes,STRUT,Armstrong,1,0,False,False,2025-09-08
overdose,GOAT,Armstrong,1,0,False,False,2025-09-08
overdraft,BATH,Armstrong,1,0,False,False,2025-09-08
overdrive,PRICE,Armstrong,1,0,False,False,2025-09-08
overexposure,LETTER,Armstrong,1,0,False,False,2025-09-08
overgrown,LETTER,Armstrong,1,0,False,False,2025-09-08
overgrowth,GOAT,Armstrong,1,0,False,False,2025-09-08
overhang,TRAP,Armstrong,1,0,False,False,2025-09-08
overhaul,THOUGHT,Armstrong,1,0,False,False,2025-09-08
overhead,DRESS,Armstrong,1,0,False,False,2025-09-08
overjoyed,CHOICE LETTER,Armstrong,1,0,False,False,2025-09-08
overlap,TRAP,Armstrong,1,0,False,False,2025-09-08
overload,NORTH,Armstrong,1,0,False,False,2025-09-08
overlooking,FOOT LETTER,Armstrong,1,0,False,False,2025-09-08
overmuch,STRUT,Armstrong,1,0,False,False,2025-09-08
overnight,PRICE LETTER,Armstrong,1,0,False,False,2025-09-08
overpressure,DRESS LETTER,Armstrong,1,0,False,False,2025-09-08
overseas,GOAT LETTER,Armstrong,1,0,False,False,2025-09-08
overshoe,LETTER,Armstrong,1,0,False,False,2025-09-08
overshoes,GOOSE LETTER,Armstrong,1,0,False,False,2025-09-08
oversteer,NEAR,Armstrong,1,0,False,False,2025-09-08
overthrew,LETTER,Armstrong,1,0,False,False,2025-09-08
overthrow,LETTER,Armstrong,1,0,False,False,2025-09-08
overthrust,LETTER,Armstrong,1,0,False,False,2025-09-08
overtime,PRICE,Armstrong,1,0,False,False,2025-09-08
overture,LETTER,Armstrong,1,0,False,False,2025-09-08
overuse,GOOSE,Armstrong,1,0,False,False,2025-09-08
overvalued,GOOSE,Armstrong,1,0,False,False,2025-09-08
overview,GOAT LETTER,Armstrong,1,0,False,False,2025-09-08
overweight,FACE LETTER,Armstrong,1,0,False,False,2025-09-08
overwhelming,LETTER,Armstrong,1,0,False,False,2025-09-08
ovidian,LOT,Armstrong,1,0,False,False,2025-09-08
ovulating,LOT,Armstrong,1,0,False,False,2025-09-08
owe,GOAT,Armstrong,1,0,False,False,2025-09-08
owes,GOAT,Armstrong,1,0,False,False,2025-09-08
owl,MOUTH,Armstrong,1,0,False,False,2025-09-08
owlet,MOUTH,Armstrong,1,0,False,False,2025-09-08
own,GOAT,Armstrong,1,0,False,False,2025-09-08
owner,GOAT LETTER,Armstrong,1,0,False,False,2025-09-08
ox,LOT,Armstrong,1,0,False,False,2025-09-08
oxenford,FORCE,Armstrong,1,0,False,False,2025-09-08
oxford,LETTER,Armstrong,1,0,False,False,2025-09-08
oxime,FLEECE,Armstrong,1,0,False,False,2025-09-08
oyster,CHOICE,Armstrong,1,0,False,False,2025-09-08
oyster-catcher,TRAP,Armstrong,1,0,False,False,2025-09-08
ozark,START,Armstrong,1,0,False,False,2025-09-08
pa,PALM,Armstrong,1,0,False,False,2025-09-08
pablo,TRAP,Armstrong,1,0,False,False,2025-09-08
pace,FACE,Armstrong,1,0,False,False,2025-09-08
pacific,KIT COMMA,Armstrong,1,0,False,False,2025-09-08
pacifier,PRICE,Armstrong,1,0,False,False,2025-09-08
pacino,COMMA,Armstrong,1,0,False,False,2025-09-08
pack,TRAP,Armstrong,1,0,False,False,2025-09-08
package,TRAP,Armstrong,1,0,False,False,2025-09-08
packhorse,NORTH,Armstrong,1,0,False,False,2025-09-08
pad,TRAP,Armstrong,1,0,False,False,2025-09-08
padishahs,PALM,Armstrong,1,0,False,False,2025-09-08
padres,FACE,Armstrong,1,0,False,False,2025-09-08
pagan,FACE,Armstrong,1,0,False,False,2025-09-08
pageant,TRAP,Armstrong,1,0,False,False,2025-09-08
pagination,TRAP,Armstrong,1,0,False,False,2025-09-08
pahlavi,HAPPY,Armstrong,1,0,False,False,2025-09-08
paid,FACE,Armstrong,1,0,False,False,2025-09-08
paige,FACE,Armstrong,1,0,False,False,2025-09-08
pain,FACE,Armstrong,1,0,False,False,2025-09-08
paine,FACE,Armstrong,1,0,False,False,2025-09-08
paint,FACE,Armstrong,1,0,False,False,2025-09-08
paintbrush,STRUT,Armstrong,1,0,False,False,2025-09-08
painting,FACE,Armstrong,1,0,False,False,2025-09-08
pair,SQUARE,Armstrong,1,0,False,False,2025-09-08
paired,SQUARE,Armstrong,1,0,False,False,2025-09-08
pairing,SQUARE,Armstrong,1,0,False,False,2025-09-08
pairs,SQUARE,Armstrong,1,0,False,False,2025-09-08
paish,FACE,Armstrong,1,0,False,False,2025-09-08
paisley,FACE,Armstrong,1,0,False,False,2025-09-08
pajamas,PALM,Armstrong,1,0,False,False,2025-09-08
pakistan,PALM,Armstrong,1,0,False,False,2025-09-08
pakistani,HAPPY,Armstrong,1,0,False,False,2025-09-08
palace,KIT TRAP,Armstrong,1,0,False,False,2025-09-08
palatial,FACE,Armstrong,1,0,False,False,2025-09-08
palau,MOUTH,Armstrong,1,0,False,False,2025-09-08
pale,FACE,Armstrong,1,0,False,False,2025-09-08
palestine,PRICE,Armstrong,1,0,False,False,2025-09-08
palette-knife,PRICE,Armstrong,1,0,False,False,2025-09-08
palette-knives,PRICE,Armstrong,1,0,False,False,2025-09-08
pali,PALM,Armstrong,1,0,False,False,2025-09-08
pall-bearer,SQUARE,Armstrong,1,0,False,False,2025-09-08
palmer,LETTER,Armstrong,1,0,False,False,2025-09-08
palooka,GOOSE,Armstrong,1,0,False,False,2025-09-08
paltrow,TRAP,Armstrong,1,0,False,False,2025-09-08
pamela,COMMA,Armstrong,1,0,False,False,2025-09-08
panama,PALM,Armstrong,1,0,False,False,2025-09-08
pancake,FACE,Armstrong,1,0,False,False,2025-09-08
panda,COMMA,Armstrong,1,0,False,False,2025-09-08
pangbourne,FORCE,Armstrong,1,0,False,False,2025-09-08
panorama,PALM COMMA,Armstrong,1,0,False,False,2025-09-08
panther,LETTER,Armstrong,1,0,False,False,2025-09-08
pantomime,PRICE,Armstrong,1,0,False,False,2025-09-08
papa,PALM COMMA,Armstrong,1,0,False,False,2025-09-08
papabile,PALM,Armstrong,1,0,False,False,2025-09-08
paparazzi,HAPPY,Armstrong,1,0,False,False,2025-09-08
paper,LETTER,Armstrong,1,0,False,False,2025-09-08
paperback,TRAP LETTER,Armstrong,1,0,False,False,2025-09-08
papers,LETTER,Armstrong,1,0,False,False,2025-09-08
paperweight,FACE,Armstrong,1,0,False,False,2025-09-08
paperwork,LETTER,Armstrong,1,0,False,False,2025-09-08
papistic,FACE,Armstrong,1,0,False,False,2025-09-08
papua,TRAP,Armstrong,1,0,False,False,2025-09-08
par,START,Armstrong,1,0,False,False,2025-09-08
para,TRAP COMMA,Armstrong,1,0,False,False,2025-09-08
paracetamol,LOT,Armstrong,1,0,False,False,2025-09-08
parachute,GOOSE COMMA,Armstrong,1,0,False,False,2025-09-08
parade,FACE LETTER COMMA,Armstrong,1,0,False,False,2025-09-08
paradigm,PRICE,Armstrong,1,0,False,False,2025-09-08
paradise,TRAP PRICE COMMA,Armstrong,1,0,False,False,2025-09-08
paragraph,BATH,Armstrong,1,0,False,False,2025-09-08
paraguay,TRAP PRICE COMMA,Armstrong,1,0,False,False,2025-09-08
parakeet,FLEECE,Armstrong,1,0,False,False,2025-09-08
parallel,DRESS,Armstrong,1,0,False,False,2025-09-08
paramount,MOUTH,Armstrong,1,0,False,False,2025-09-08
paramour,FORCE CURE,Armstrong,1,0,False,False,2025-09-08
paramours,CURE,Armstrong,1,0,False,False,2025-09-08
paranoia,CHOICE,Armstrong,1,0,False,False,2025-09-08
paranoid,CHOICE,Armstrong,1,0,False,False,2025-09-08
paraphrase,FACE,Armstrong,1,0,False,False,2025-09-08
parasol,LOT,Armstrong,1,0,False,False,2025-09-08
parathyroid,CHOICE,Armstrong,1,0,False,False,2025-09-08
parboiled,CHOICE,Armstrong,1,0,False,False,2025-09-08
parcel,START,Armstrong,1,0,False,False,2025-09-08
parched,START,Armstrong,1,0,False,False,2025-09-08
parcheesi,START,Armstrong,1,0,False,False,2025-09-08
parchment,START,Armstrong,1,0,False,False,2025-09-08
parental,DRESS LETTER COMMA,Armstrong,1,0,False,False,2025-09-08
parents,SQUARE,Armstrong,1,0,False,False,2025-09-08
parfait,START,Armstrong,1,0,False,False,2025-09-08
parfitt,START,Armstrong,1,0,False,False,2025-09-08
paring,SQUARE,Armstrong,1,0,False,False,2025-09-08
paris,TRAP,Armstrong,1,0,False,False,2025-09-08
parish,TRAP,Armstrong,1,0,False,False,2025-09-08
park,START,Armstrong,1,0,False,False,2025-09-08
parka,COMMA,Armstrong,1,0,False,False,2025-09-08
parker,START LETTER,Armstrong,1,0,False,False,2025-09-08
parliament,START,Armstrong,1,0,False,False,2025-09-08
parlour,START,Armstrong,1,0,False,False,2025-09-08
parmigiano,PALM,Armstrong,1,0,False,False,2025-09-08
parnassus,START,Armstrong,1,0,False,False,2025-09-08
parnell,START,Armstrong,1,0,False,False,2025-09-08
parr,START,Armstrong,1,0,False,False,2025-09-08
parsley,START,Armstrong,1,0,False,False,2025-09-08
parslow,START,Armstrong,1,0,False,False,2025-09-08
parsnip,START,Armstrong,1,0,False,False,2025-09-08
parsons,START,Armstrong,1,0,False,False,2025-09-08
part,START,Armstrong,1,0,False,False,2025-09-08
part-time,PRICE,Armstrong,1,0,False,False,2025-09-08
parthenogenesis,GOAT START,Armstrong,1,0,False,False,2025-09-08
parthenon,START,Armstrong,1,0,False,False,2025-09-08
partial,START,Armstrong,1,0,False,False,2025-09-08
participation,START,Armstrong,1,0,False,False,2025-09-08
particle,START,Armstrong,1,0,False,False,2025-09-08
particular,KIT FOOT LETTER,Armstrong,1,0,False,False,2025-09-08
particularly,LETTER,Armstrong,1,0,False,False,2025-09-08
particulate,START,Armstrong,1,0,False,False,2025-09-08
partition,START,Armstrong,1,0,False,False,2025-09-08
partner,START LETTER,Armstrong,1,0,False,False,2025-09-08
partners,LETTER,Armstrong,1,0,False,False,2025-09-08
partnership,KIT START LETTER,Armstrong,1,0,False,False,2025-09-08
parturient,START,Armstrong,1,0,False,False,2025-09-08
parturition,START,Armstrong,1,0,False,False,2025-09-08
party,START HAPPY,Armstrong,1,0,False,False,2025-09-08
parvenus,START,Armstrong,1,0,False,False,2025-09-08
pascal,TRAP,Armstrong,1,0,False,False,2025-09-08
paschal,BATH,Armstrong,1,0,False,False,2025-09-08
pasha,PALM BATH COMMA,Armstrong,1,0,False,False,2025-09-08
pashto,STRUT,Armstrong,1,0,False,False,2025-09-08
pass,BATH,Armstrong,1,0,False,False,2025-09-08
passata,PALM,Armstrong,1,0,False,False,2025-09-08
passenger,TRAP LETTER,Armstrong,1,0,False,False,2025-09-08
passion,TRAP,Armstrong,1,0,False,False,2025-09-08
passport,FORCE,Armstrong,1,0,False,False,2025-09-08
past,BATH,Armstrong,1,0,False,False,2025-09-08
pasta,PALM (TRAP),Armstrong,1,0,False,False,2025-09-08
paste,FACE,Armstrong,1,0,False,False,2025-09-08
pastor,COMMA,Armstrong,1,0,False,False,2025-09-08
pastoral,BATH,Armstrong,1,0,False,False,2025-09-08
patch,TRAP,Armstrong,1,0,False,False,2025-09-08
patchouli,COMMA,Armstrong,1,0,False,False,2025-09-08
patchy,HAPPY,Armstrong,1,0,False,False,2025-09-08
path,BATH,Armstrong,1,0,False,False,2025-09-08
pathetic,COMMA,Armstrong,1,0,False,False,2025-09-08
pathfinder,BATH,Armstrong,1,0,False,False,2025-09-08
pathing,BATH,Armstrong,1,0,False,False,2025-09-08
pathless,BATH,Armstrong,1,0,False,False,2025-09-08
pathological,TRAP,Armstrong,1,0,False,False,2025-09-08
pathology,COMMA,Armstrong,1,0,False,False,2025-09-08
pathos,FACE,Armstrong,1,0,False,False,2025-09-08
paths,BATH,Armstrong,1,0,False,False,2025-09-08
pathway,BATH,Armstrong,1,0,False,False,2025-09-08
patience,FACE,Armstrong,1,0,False,False,2025-09-08
patient,FACE,Armstrong,1,0,False,False,2025-09-08
patiently,FACE,Armstrong,1,0,False,False,2025-09-08
patios,GOAT,Armstrong,1,0,False,False,2025-09-08
patois,PALM,Armstrong,1,0,False,False,2025-09-08
patricia,COMMA,Armstrong,1,0,False,False,2025-09-08
patrick,TRAP,Armstrong,1,0,False,False,2025-09-08
pattern,LETTER,Armstrong,1,0,False,False,2025-09-08
paua,(MOUTH),Armstrong,1,0,False,False,2025-09-08
paucity,THOUGHT,Armstrong,1,0,False,False,2025-09-08
paul,THOUGHT,Armstrong,1,0,False,False,2025-09-08
paula,THOUGHT COMMA,Armstrong,1,0,False,False,2025-09-08
pauline,(FLEECE),Armstrong,1,0,False,False,2025-09-08
pauper,THOUGHT,Armstrong,1,0,False,False,2025-09-08
pause,THOUGHT,Armstrong,1,0,False,False,2025-09-08
pavement,FACE,Armstrong,1,0,False,False,2025-09-08
pavilion,COMMA,Armstrong,1,0,False,False,2025-09-08
paving,FACE,Armstrong,1,0,False,False,2025-09-08
pavlov,LOT,Armstrong,1,0,False,False,2025-09-08
pavlova,TRAP,Armstrong,1,0,False,False,2025-09-08
pawnee,THOUGHT,Armstrong,1,0,False,False,2025-09-08
pawpaws,THOUGHT,Armstrong,1,0,False,False,2025-09-08
paws,THOUGHT,Armstrong,1,0,False,False,2025-09-08
pay-claim,FACE,Armstrong,1,0,False,False,2025-09-08
payback,FACE,Armstrong,1,0,False,False,2025-09-08
paycheck,FACE,Armstrong,1,0,False,False,2025-09-08
payday,FACE,Armstrong,1,0,False,False,2025-09-08
paye,FACE,Armstrong,1,0,False,False,2025-09-08
payment,FACE,Armstrong,1,0,False,False,2025-09-08
payne,FACE,Armstrong,1,0,False,False,2025-09-08
paypal,TRAP FACE,Armstrong,1,0,False,False,2025-09-08
payphone,FACE,Armstrong,1,0,False,False,2025-09-08
payroll,FACE GOAT,Armstrong,1,0,False,False,2025-09-08
pays,FACE,Armstrong,1,0,False,False,2025-09-08
paysheet,FACE,Armstrong,1,0,False,False,2025-09-08
payslip,FACE,Armstrong,1,0,False,False,2025-09-08
pea,FLEECE,Armstrong,1,0,False,False,2025-09-08
peach,FLEECE,Armstrong,1,0,False,False,2025-09-08
peachey,HAPPY,Armstrong,1,0,False,False,2025-09-08
peachy,HAPPY,Armstrong,1,0,False,False,2025-09-08
peacock,LOT,Armstrong,1,0,False,False,2025-09-08
peafowl,MOUTH,Armstrong,1,0,False,False,2025-09-08
peak,FLEECE,Armstrong,1,0,False,False,2025-09-08
peanut,STRUT,Armstrong,1,0,False,False,2025-09-08
pear,SQUARE,Armstrong,1,0,False,False,2025-09-08
pearce,NEAR,Armstrong,1,0,False,False,2025-09-08
pearl,NURSE,Armstrong,1,0,False,False,2025-09-08
pearmain,SQUARE,Armstrong,1,0,False,False,2025-09-08
pearse,NEAR,Armstrong,1,0,False,False,2025-09-08
peart,NEAR,Armstrong,1,0,False,False,2025-09-08
peavey,HAPPY,Armstrong,1,0,False,False,2025-09-08
pebble,DRESS,Armstrong,1,0,False,False,2025-09-08
peculiar,GOOSE,Armstrong,1,0,False,False,2025-09-08
pecuniary,GOOSE,Armstrong,1,0,False,False,2025-09-08
pedgogy,LOT,Armstrong,1,0,False,False,2025-09-08
pedicure,CURE,Armstrong,1,0,False,False,2025-09-08
pedigree,HAPPY,Armstrong,1,0,False,False,2025-09-08
pee,HAPPY,Armstrong,1,0,False,False,2025-09-08
peek,FLEECE,Armstrong,1,0,False,False,2025-09-08
peep,FLEECE,Armstrong,1,0,False,False,2025-09-08
peeps,FLEECE,Armstrong,1,0,False,False,2025-09-08
peer,NEAR,Armstrong,1,0,False,False,2025-09-08
peerage,NEAR,Armstrong,1,0,False,False,2025-09-08
peering,NEAR,Armstrong,1,0,False,False,2025-09-08
peerless,NEAR,Armstrong,1,0,False,False,2025-09-08
peers,NEAR,Armstrong,1,0,False,False,2025-09-08
peg,DRESS,Armstrong,1,0,False,False,2025-09-08
peggy,HAPPY,Armstrong,1,0,False,False,2025-09-08
peirce,NEAR,Armstrong,1,0,False,False,2025-09-08
pembrey,DRESS,Armstrong,1,0,False,False,2025-09-08
penarth,START,Armstrong,1,0,False,False,2025-09-08
pengam,DRESS,Armstrong,1,0,False,False,2025-09-08
penguin,DRESS,Armstrong,1,0,False,False,2025-09-08
penicuik,FOOT,Armstrong,1,0,False,False,2025-09-08
peninsula,COMMA,Armstrong,1,0,False,False,2025-09-08
penknives,PRICE,Armstrong,1,0,False,False,2025-09-08
penny-farthing,START,Armstrong,1,0,False,False,2025-09-08
pennyworth,LETTER,Armstrong,1,0,False,False,2025-09-08
penthouse,MOUTH,Armstrong,1,0,False,False,2025-09-08
peony,NEAR,Armstrong,1,0,False,False,2025-09-08
people,FLEECE,Armstrong,1,0,False,False,2025-09-08
pepita,DRESS,Armstrong,1,0,False,False,2025-09-08
pepper,DRESS LETTER,Armstrong,1,0,False,False,2025-09-08
pepsi,HAPPY,Armstrong,1,0,False,False,2025-09-08
per,LETTER NURSE,Armstrong,1,0,False,False,2025-09-08
peradventure,NURSE,Armstrong,1,0,False,False,2025-09-08
percentage,LETTER,Armstrong,1,0,False,False,2025-09-08
perch,NURSE,Armstrong,1,0,False,False,2025-09-08
percussion,STRUT LETTER,Armstrong,1,0,False,False,2025-09-08
perestroika,CHOICE,Armstrong,1,0,False,False,2025-09-08
perez,DRESS,Armstrong,1,0,False,False,2025-09-08
perfect,DRESS LETTER NURSE,Armstrong,1,0,False,False,2025-09-08
perforated,NURSE,Armstrong,1,0,False,False,2025-09-08
perforation,NURSE,Armstrong,1,0,False,False,2025-09-08
perform,NORTH LETTER,Armstrong,1,0,False,False,2025-09-08
performance,NORTH LETTER,Armstrong,1,0,False,False,2025-09-08
performed,NORTH,Armstrong,1,0,False,False,2025-09-08
performer,NORTH LETTER,Armstrong,1,0,False,False,2025-09-08
performing,NORTH,Armstrong,1,0,False,False,2025-09-08
perfume,GOOSE LETTER NURSE,Armstrong,1,0,False,False,2025-09-08
perfusion,GOOSE,Armstrong,1,0,False,False,2025-09-08
pergola,NURSE,Armstrong,1,0,False,False,2025-09-08
pergolesi,SQUARE,Armstrong,1,0,False,False,2025-09-08
perhaps,TRAP,Armstrong,1,0,False,False,2025-09-08
pericarp,START,Armstrong,1,0,False,False,2025-09-08
perineal,NEAR,Armstrong,1,0,False,False,2025-09-08
perineum,NEAR,Armstrong,1,0,False,False,2025-09-08
period,NEAR COMMA,Armstrong,1,0,False,False,2025-09-08
periodical,LOT,Armstrong,1,0,False,False,2025-09-08
perkins,NURSE,Armstrong,1,0,False,False,2025-09-08
perks,NURSE,Armstrong,1,0,False,False,2025-09-08
permabear,SQUARE,Armstrong,1,0,False,False,2025-09-08
permanent,NURSE,Armstrong,1,0,False,False,2025-09-08
permission,LETTER,Armstrong,1,0,False,False,2025-09-08
permit,NURSE,Armstrong,1,0,False,False,2025-09-08
pernod,SQUARE,Armstrong,1,0,False,False,2025-09-08
peron,DRESS,Armstrong,1,0,False,False,2025-09-08
perpendicular,NURSE,Armstrong,1,0,False,False,2025-09-08
perpetrator,NURSE,Armstrong,1,0,False,False,2025-09-08
perpetual,DRESS LETTER,Armstrong,1,0,False,False,2025-09-08
perpetuate,DRESS,Armstrong,1,0,False,False,2025-09-08
perpetuity,NURSE,Armstrong,1,0,False,False,2025-09-08
perry,DRESS,Armstrong,1,0,False,False,2025-09-08
persecution,GOOSE,Armstrong,1,0,False,False,2025-09-08
persevere,NEAR,Armstrong,1,0,False,False,2025-09-08
persevering,NEAR,Armstrong,1,0,False,False,2025-09-08
persia,COMMA NURSE,Armstrong,1,0,False,False,2025-09-08
persian,NURSE,Armstrong,1,0,False,False,2025-09-08
persiflage,PALM,Armstrong,1,0,False,False,2025-09-08
person,NURSE,Armstrong,1,0,False,False,2025-09-08
personal,COMMA NURSE,Armstrong,1,0,False,False,2025-09-08
personality,TRAP NURSE,Armstrong,1,0,False,False,2025-09-08
personalized,PRICE,Armstrong,1,0,False,False,2025-09-08
personally,NURSE,Armstrong,1,0,False,False,2025-09-08
personnel,NURSE,Armstrong,1,0,False,False,2025-09-08
perspective,LETTER,Armstrong,1,0,False,False,2025-09-08
persuade,FACE,Armstrong,1,0,False,False,2025-09-08
persuasion,FACE,Armstrong,1,0,False,False,2025-09-08
perth,NURSE,Armstrong,1,0,False,False,2025-09-08
perthshire,NURSE,Armstrong,1,0,False,False,2025-09-08
peru,LETTER COMMA,Armstrong,1,0,False,False,2025-09-08
perugia,GOOSE,Armstrong,1,0,False,False,2025-09-08
perugino,FOOT,Armstrong,1,0,False,False,2025-09-08
perused,GOOSE,Armstrong,1,0,False,False,2025-09-08
peruvian,GOOSE,Armstrong,1,0,False,False,2025-09-08
pervasion,FACE,Armstrong,1,0,False,False,2025-09-08
pervasive,LETTER,Armstrong,1,0,False,False,2025-09-08
perverse,LETTER,Armstrong,1,0,False,False,2025-09-08
perversion,NURSE,Armstrong,1,0,False,False,2025-09-08
pesach,FACE (TRAP),Armstrong,1,0,False,False,2025-09-08
peshawar,PALM COMMA,Armstrong,1,0,False,False,2025-09-08
peso,FACE,Armstrong,1,0,False,False,2025-09-08
pesos,GOAT,Armstrong,1,0,False,False,2025-09-08
pet,DRESS,Armstrong,1,0,False,False,2025-09-08
peter,LETTER,Armstrong,1,0,False,False,2025-09-08
peterborough,LETTER (COMMA),Armstrong,1,0,False,False,2025-09-08
peterlee,HAPPY,Armstrong,1,0,False,False,2025-09-08
petipa,COMMA,Armstrong,1,0,False,False,2025-09-08
petite,FLEECE,Armstrong,1,0,False,False,2025-09-08
petrol,DRESS,Armstrong,1,0,False,False,2025-09-08
pettitoes,FLEECE,Armstrong,1,0,False,False,2025-09-08
pew,GOOSE,Armstrong,1,0,False,False,2025-09-08
pewter,GOOSE,Armstrong,1,0,False,False,2025-09-08
phantasm,TRAP,Armstrong,1,0,False,False,2025-09-08
phantasmagoria,TRAP,Armstrong,1,0,False,False,2025-09-08
pharisee,HAPPY,Armstrong,1,0,False,False,2025-09-08
pharma,COMMA,Armstrong,1,0,False,False,2025-09-08
pharmaceutical,GOOSE START,Armstrong,1,0,False,False,2025-09-08
pharmacy,START,Armstrong,1,0,False,False,2025-09-08
pharsalus,START,Armstrong,1,0,False,False,2025-09-08
phase,FACE,Armstrong,1,0,False,False,2025-09-08
phenobarbital,GOAT START,Armstrong,1,0,False,False,2025-09-08
phenomenon,LOT,Armstrong,1,0,False,False,2025-09-08
phew,GOOSE,Armstrong,1,0,False,False,2025-09-08
philharmonic,START,Armstrong,1,0,False,False,2025-09-08
philippa,COMMA,Armstrong,1,0,False,False,2025-09-08
philippe,FLEECE,Armstrong,1,0,False,False,2025-09-08
philippines,FLEECE,Armstrong,1,0,False,False,2025-09-08
philosopher,LETTER,Armstrong,1,0,False,False,2025-09-08
philosophy,HAPPY COMMA,Armstrong,1,0,False,False,2025-09-08
phlogistic,LOT,Armstrong,1,0,False,False,2025-09-08
phoebe,FLEECE,Armstrong,1,0,False,False,2025-09-08
phoebus,FLEECE,Armstrong,1,0,False,False,2025-09-08
phoenix,FLEECE,Armstrong,1,0,False,False,2025-09-08
phoneme,FLEECE,Armstrong,1,0,False,False,2025-09-08
photo,GOAT,Armstrong,1,0,False,False,2025-09-08
photo-reconnaissance,GOAT,Armstrong,1,0,False,False,2025-09-08
photocopy,GOAT,Armstrong,1,0,False,False,2025-09-08
photograph,BATH COMMA,Armstrong,1,0,False,False,2025-09-08
photographer,LETTER,Armstrong,1,0,False,False,2025-09-08
photographers,LETTER,Armstrong,1,0,False,False,2025-09-08
photographic,TRAP,Armstrong,1,0,False,False,2025-09-08
photography,HAPPY COMMA,Armstrong,1,0,False,False,2025-09-08
photogravure,CURE,Armstrong,1,0,False,False,2025-09-08
photonovel,LOT,Armstrong,1,0,False,False,2025-09-08
photos,GOAT,Armstrong,1,0,False,False,2025-09-08
photoshop,LOT GOAT,Armstrong,1,0,False,False,2025-09-08
phrase,FACE,Armstrong,1,0,False,False,2025-09-08
phwoar,FORCE,Armstrong,1,0,False,False,2025-09-08
phylogenetic,GOAT,Armstrong,1,0,False,False,2025-09-08
physical,KIT,Armstrong,1,0,False,False,2025-09-08
physician,KIT,Armstrong,1,0,False,False,2025-09-08
physiotherapist,GOAT,Armstrong,1,0,False,False,2025-09-08
physiotherapy-y,GOAT,Armstrong,1,0,False,False,2025-09-08
physique,FLEECE,Armstrong,1,0,False,False,2025-09-08
piacenza,COMMA,Armstrong,1,0,False,False,2025-09-08
piaf,TRAP,Armstrong,1,0,False,False,2025-09-08
piaget,TRAP,Armstrong,1,0,False,False,2025-09-08
piagetian,COMMA,Armstrong,1,0,False,False,2025-09-08
pianist,NEAR,Armstrong,1,0,False,False,2025-09-08
pianoforte,GOAT,Armstrong,1,0,False,False,2025-09-08
piazza,COMMA,Armstrong,1,0,False,False,2025-09-08
pibroch,FLEECE,Armstrong,1,0,False,False,2025-09-08
picadors,NORTH,Armstrong,1,0,False,False,2025-09-08
picasso,PALM,Armstrong,1,0,False,False,2025-09-08
pick,KIT,Armstrong,1,0,False,False,2025-09-08
pick-up,STRUT,Armstrong,1,0,False,False,2025-09-08
pictogram,GOAT,Armstrong,1,0,False,False,2025-09-08
pictorial,FORCE,Armstrong,1,0,False,False,2025-09-08
picture,KIT LETTER,Armstrong,1,0,False,False,2025-09-08
picture-galleries,TRAP,Armstrong,1,0,False,False,2025-09-08
piebald,THOUGHT,Armstrong,1,0,False,False,2025-09-08
pier,NEAR,Armstrong,1,0,False,False,2025-09-08
pierce,NEAR,Armstrong,1,0,False,False,2025-09-08
piercing,NEAR,Armstrong,1,0,False,False,2025-09-08
piercy,NEAR,Armstrong,1,0,False,False,2025-09-08
pig,KIT,Armstrong,1,0,False,False,2025-09-08
pigeon,KIT,Armstrong,1,0,False,False,2025-09-08
piggy,HAPPY,Armstrong,1,0,False,False,2025-09-08
pikachu,COMMA,Armstrong,1,0,False,False,2025-09-08
pike,PRICE,Armstrong,1,0,False,False,2025-09-08
pilates,PALM,Armstrong,1,0,False,False,2025-09-08
piles,PRICE,Armstrong,1,0,False,False,2025-09-08
pillow-fight,GOAT,Armstrong,1,0,False,False,2025-09-08
pillowcase,GOAT,Armstrong,1,0,False,False,2025-09-08
pillows,GOAT,Armstrong,1,0,False,False,2025-09-08
pillowslip,GOAT,Armstrong,1,0,False,False,2025-09-08
pilot,PRICE,Armstrong,1,0,False,False,2025-09-08
pilot-light,PRICE,Armstrong,1,0,False,False,2025-09-08
pima,FLEECE,Armstrong,1,0,False,False,2025-09-08
pinafore,FORCE,Armstrong,1,0,False,False,2025-09-08
pineapple,TRAP,Armstrong,1,0,False,False,2025-09-08
pinochet,GOAT,Armstrong,1,0,False,False,2025-09-08
pinpoint,CHOICE,Armstrong,1,0,False,False,2025-09-08
pinstripe,PRICE,Armstrong,1,0,False,False,2025-09-08
pint,PRICE,Armstrong,1,0,False,False,2025-09-08
pinterest,DRESS,Armstrong,1,0,False,False,2025-09-08
pioneer,NEAR,Armstrong,1,0,False,False,2025-09-08
pioneered,NEAR,Armstrong,1,0,False,False,2025-09-08
pioneering,NEAR,Armstrong,1,0,False,False,2025-09-08
pipal,FLEECE,Armstrong,1,0,False,False,2025-09-08
pipe,PRICE,Armstrong,1,0,False,False,2025-09-08
pipe-organ,NORTH,Armstrong,1,0,False,False,2025-09-08
pipedream,FLEECE,Armstrong,1,0,False,False,2025-09-08
pipeline,PRICE,Armstrong,1,0,False,False,2025-09-08
piper,LETTER,Armstrong,1,0,False,False,2025-09-08
pippa,COMMA,Armstrong,1,0,False,False,2025-09-08
pipsqueak,FLEECE,Armstrong,1,0,False,False,2025-09-08
pique,FLEECE,Armstrong,1,0,False,False,2025-09-08
piraeus,PRICE,Armstrong,1,0,False,False,2025-09-08
piranha,PALM,Armstrong,1,0,False,False,2025-09-08
pirates,PRICE,Armstrong,1,0,False,False,2025-09-08
pirit,KIT,Armstrong,1,0,False,False,2025-09-08
pisa,COMMA,Armstrong,1,0,False,False,2025-09-08
pistachio,PALM,Armstrong,1,0,False,False,2025-09-08
pitcairn,SQUARE,Armstrong,1,0,False,False,2025-09-08
pitch,KIT,Armstrong,1,0,False,False,2025-09-08
pitch-dark,START,Armstrong,1,0,False,False,2025-09-08
pitchfork,NORTH,Armstrong,1,0,False,False,2025-09-08
pith,KIT,Armstrong,1,0,False,False,2025-09-08
pithy,KIT,Armstrong,1,0,False,False,2025-09-08
pixar,START,Armstrong,1,0,False,False,2025-09-08
pixie,HAPPY,Armstrong,1,0,False,False,2025-09-08
pizza,COMMA,Armstrong,1,0,False,False,2025-09-08
pizzeria,NEAR,Armstrong,1,0,False,False,2025-09-08
pizzicato,PALM,Armstrong,1,0,False,False,2025-09-08
place,FACE,Armstrong,1,0,False,False,2025-09-08
placebo,FLEECE,Armstrong,1,0,False,False,2025-09-08
placeseeker,FLEECE,Armstrong,1,0,False,False,2025-09-08
plagiarism,FACE,Armstrong,1,0,False,False,2025-09-08
plague,FACE,Armstrong,1,0,False,False,2025-09-08
plaice,FACE,Armstrong,1,0,False,False,2025-09-08
plain,FACE,Armstrong,1,0,False,False,2025-09-08
plain-clothes,GOAT,Armstrong,1,0,False,False,2025-09-08
plaistow,FACE,Armstrong,1,0,False,False,2025-09-08
plan,TRAP,Armstrong,1,0,False,False,2025-09-08
plane,FACE,Armstrong,1,0,False,False,2025-09-08
planetarium,SQUARE,Armstrong,1,0,False,False,2025-09-08
planner,LETTER,Armstrong,1,0,False,False,2025-09-08
plant-louse,MOUTH,Armstrong,1,0,False,False,2025-09-08
plaque,PALM,Armstrong,1,0,False,False,2025-09-08
plasma,TRAP COMMA,Armstrong,1,0,False,False,2025-09-08
plaster,BATH,Armstrong,1,0,False,False,2025-09-08
plasterboard,FORCE,Armstrong,1,0,False,False,2025-09-08
plasterer,BATH,Armstrong,1,0,False,False,2025-09-08
plastering,BATH,Armstrong,1,0,False,False,2025-09-08
plastic,TRAP BATH,Armstrong,1,0,False,False,2025-09-08
plate,FACE,Armstrong,1,0,False,False,2025-09-08
platform,TRAP NORTH,Armstrong,1,0,False,False,2025-09-08
plattdeutsch,CHOICE,Armstrong,1,0,False,False,2025-09-08
plausible,THOUGHT,Armstrong,1,0,False,False,2025-09-08
play-reading,FACE,Armstrong,1,0,False,False,2025-09-08
playback,FACE,Armstrong,1,0,False,False,2025-09-08
playbill,FACE,Armstrong,1,0,False,False,2025-09-08
playboy,FACE CHOICE,Armstrong,1,0,False,False,2025-09-08
playboys,CHOICE,Armstrong,1,0,False,False,2025-09-08
players,LETTER,Armstrong,1,0,False,False,2025-09-08
playfair,FACE,Armstrong,1,0,False,False,2025-09-08
playfellow,FACE,Armstrong,1,0,False,False,2025-09-08
playford,FACE,Armstrong,1,0,False,False,2025-09-08
playful,FACE,Armstrong,1,0,False,False,2025-09-08
playground,FACE MOUTH,Armstrong,1,0,False,False,2025-09-08
playgroup,FACE,Armstrong,1,0,False,False,2025-09-08
playhouses,MOUTH,Armstrong,1,0,False,False,2025-09-08
playmate,FACE,Armstrong,1,0,False,False,2025-09-08
playmobil,FACE,Armstrong,1,0,False,False,2025-09-08
playpen,FACE,Armstrong,1,0,False,False,2025-09-08
playroom,FACE,Armstrong,1,0,False,False,2025-09-08
plays,FACE,Armstrong,1,0,False,False,2025-09-08
playstation,FACE,Armstrong,1,0,False,False,2025-09-08
playsuit,FACE,Armstrong,1,0,False,False,2025-09-08
playthings,FACE,Armstrong,1,0,False,False,2025-09-08
playtime,FACE PRICE,Armstrong,1,0,False,False,2025-09-08
playwright,FACE PRICE,Armstrong,1,0,False,False,2025-09-08
plaza,PALM COMMA,Armstrong,1,0,False,False,2025-09-08
plc,DRESS,Armstrong,1,0,False,False,2025-09-08
plea,FLEECE,Armstrong,1,0,False,False,2025-09-08
plead,FLEECE,Armstrong,1,0,False,False,2025-09-08
pleasant,DRESS,Armstrong,1,0,False,False,2025-09-08
pleasurable,DRESS,Armstrong,1,0,False,False,2025-09-08
pleasure,DRESS LETTER,Armstrong,1,0,False,False,2025-09-08
pleasure-boat,DRESS,Armstrong,1,0,False,False,2025-09-08
pleasure-grounds,DRESS,Armstrong,1,0,False,False,2025-09-08
pleated,FLEECE,Armstrong,1,0,False,False,2025-09-08
pledge,DRESS,Armstrong,1,0,False,False,2025-09-08
pledgor,DRESS NORTH,Armstrong,1,0,False,False,2025-09-08
plethora,DRESS,Armstrong,1,0,False,False,2025-09-08
pleydell,FACE,Armstrong,1,0,False,False,2025-09-08
plosion,GOAT,Armstrong,1,0,False,False,2025-09-08
plotted,LOT,Armstrong,1,0,False,False,2025-09-08
plough,MOUTH,Armstrong,1,0,False,False,2025-09-08
ploughboy,MOUTH,Armstrong,1,0,False,False,2025-09-08
ploughed,MOUTH,Armstrong,1,0,False,False,2025-09-08
ploughman,MOUTH,Armstrong,1,0,False,False,2025-09-08
ploughs,MOUTH,Armstrong,1,0,False,False,2025-09-08
ploughshares,MOUTH SQUARE,Armstrong,1,0,False,False,2025-09-08
plover,STRUT,Armstrong,1,0,False,False,2025-09-08
plow,MOUTH,Armstrong,1,0,False,False,2025-09-08
plowed,MOUTH,Armstrong,1,0,False,False,2025-09-08
plowright,MOUTH,Armstrong,1,0,False,False,2025-09-08
plows,MOUTH,Armstrong,1,0,False,False,2025-09-08
ploy,CHOICE,Armstrong,1,0,False,False,2025-09-08
plug,STRUT,Armstrong,1,0,False,False,2025-09-08
plug-in,STRUT,Armstrong,1,0,False,False,2025-09-08
plug-ugly,STRUT,Armstrong,1,0,False,False,2025-09-08
plum-pudding,STRUT,Armstrong,1,0,False,False,2025-09-08
plumbing,STRUT,Armstrong,1,0,False,False,2025-09-08
plus,STRUT,Armstrong,1,0,False,False,2025-09-08
plush,STRUT,Armstrong,1,0,False,False,2025-09-08
plymouth,COMMA,Armstrong,1,0,False,False,2025-09-08
plywood,PRICE,Armstrong,1,0,False,False,2025-09-08
pneumatic,GOOSE,Armstrong,1,0,False,False,2025-09-08
pneumonia,GOOSE,Armstrong,1,0,False,False,2025-09-08
pneumothorax,GOAT,Armstrong,1,0,False,False,2025-09-08
poach,GOAT,Armstrong,1,0,False,False,2025-09-08
poblanos,PALM,Armstrong,1,0,False,False,2025-09-08
pochette,LOT,Armstrong,1,0,False,False,2025-09-08
pocket-knife,PRICE,Armstrong,1,0,False,False,2025-09-08
podcast,BATH,Armstrong,1,0,False,False,2025-09-08
poddy-dodger,LOT,Armstrong,1,0,False,False,2025-09-08
podunk,STRUT,Armstrong,1,0,False,False,2025-09-08
pogey,HAPPY,Armstrong,1,0,False,False,2025-09-08
poignant,CHOICE,Armstrong,1,0,False,False,2025-09-08
poikilothermic,CHOICE,Armstrong,1,0,False,False,2025-09-08
poinsettia,CHOICE,Armstrong,1,0,False,False,2025-09-08
point,CHOICE,Armstrong,1,0,False,False,2025-09-08
poise,CHOICE,Armstrong,1,0,False,False,2025-09-08
poison,CHOICE,Armstrong,1,0,False,False,2025-09-08
poker,GOAT LETTER,Armstrong,1,0,False,False,2025-09-08
poland,GOAT,Armstrong,1,0,False,False,2025-09-08
polaroid,CHOICE,Armstrong,1,0,False,False,2025-09-08
pole,GOAT,Armstrong,1,0,False,False,2025-09-08
pole-vault,THOUGHT,Armstrong,1,0,False,False,2025-09-08
police,COMMA,Armstrong,1,0,False,False,2025-09-08
police-station,FACE,Armstrong,1,0,False,False,2025-09-08
policy,HAPPY,Armstrong,1,0,False,False,2025-09-08
polish,KIT LOT GOAT,Armstrong,1,0,False,False,2025-09-08
polite,PRICE,Armstrong,1,0,False,False,2025-09-08
political,KIT,Armstrong,1,0,False,False,2025-09-08
politics,KIT LOT,Armstrong,1,0,False,False,2025-09-08
polk,GOAT,Armstrong,1,0,False,False,2025-09-08
poll,GOAT,Armstrong,1,0,False,False,2025-09-08
pollard,START,Armstrong,1,0,False,False,2025-09-08
polo,GOAT,Armstrong,1,0,False,False,2025-09-08
polyanthathe,COMMA,Armstrong,1,0,False,False,2025-09-08
polycarbonate,START,Armstrong,1,0,False,False,2025-09-08
polycarp,START,Armstrong,1,0,False,False,2025-09-08
polyester,LOT,Armstrong,1,0,False,False,2025-09-08
polyethylene,DRESS,Armstrong,1,0,False,False,2025-09-08
polystyrene,FLEECE,Armstrong,1,0,False,False,2025-09-08
polytrauma,THOUGHT,Armstrong,1,0,False,False,2025-09-08
pomeroy,CHOICE,Armstrong,1,0,False,False,2025-09-08
pompeo,LOT,Armstrong,1,0,False,False,2025-09-08
pompey,HAPPY,Armstrong,1,0,False,False,2025-09-08
pontardulais,FACE,Armstrong,1,0,False,False,2025-09-08
poo,GOOSE,Armstrong,1,0,False,False,2025-09-08
pooch,GOOSE,Armstrong,1,0,False,False,2025-09-08
poodle,GOOSE,Armstrong,1,0,False,False,2025-09-08
pooh-bah,PALM,Armstrong,1,0,False,False,2025-09-08
pool,GOOSE,Armstrong,1,0,False,False,2025-09-08
poolside,PRICE,Armstrong,1,0,False,False,2025-09-08
pooper-scooper,GOOSE,Armstrong,1,0,False,False,2025-09-08
poor,CURE (FORCE),Armstrong,1,0,False,False,2025-09-08
poor-spirited,FORCE,Armstrong,1,0,False,False,2025-09-08
poorer,CURE (FORCE),Armstrong,1,0,False,False,2025-09-08
poorest,CURE (FORCE),Armstrong,1,0,False,False,2025-09-08
pop,LOT,Armstrong,1,0,False,False,2025-09-08
pop-up,STRUT,Armstrong,1,0,False,False,2025-09-08
popcorn,NORTH,Armstrong,1,0,False,False,2025-09-08
pope,GOAT,Armstrong,1,0,False,False,2025-09-08
popular,LOT FOOT (LETTER),Armstrong,1,0,False,False,2025-09-08
popularity,TRAP (COMMA),Armstrong,1,0,False,False,2025-09-08
population,LOT FACE,Armstrong,1,0,False,False,2025-09-08
porbeagle,FLEECE,Armstrong,1,0,False,False,2025-09-08
porcelain,NORTH,Armstrong,1,0,False,False,2025-09-08
porch,NORTH FORCE,Armstrong,1,0,False,False,2025-09-08
porcupine,FOOT,Armstrong,1,0,False,False,2025-09-08
pore,FORCE,Armstrong,1,0,False,False,2025-09-08
pork,FORCE,Armstrong,1,0,False,False,2025-09-08
porn,NORTH,Armstrong,1,0,False,False,2025-09-08
pornography,NORTH,Armstrong,1,0,False,False,2025-09-08
porous,FORCE,Armstrong,1,0,False,False,2025-09-08
porpoise,NORTH,Armstrong,1,0,False,False,2025-09-08
porridge,(CLOTH),Armstrong,1,0,False,False,2025-09-08
porsche,NORTH,Armstrong,1,0,False,False,2025-09-08
port,FORCE,Armstrong,1,0,False,False,2025-09-08
portable,COMMA,Armstrong,1,0,False,False,2025-09-08
porte-cochere,LOT,Armstrong,1,0,False,False,2025-09-08
portent,FORCE,Armstrong,1,0,False,False,2025-09-08
portfolio,FORCE,Armstrong,1,0,False,False,2025-09-08
portia,COMMA,Armstrong,1,0,False,False,2025-09-08
portiere,SQUARE,Armstrong,1,0,False,False,2025-09-08
portrait,FACE FORCE,Armstrong,1,0,False,False,2025-09-08
portsea,HAPPY,Armstrong,1,0,False,False,2025-09-08
portugal,COMMA,Armstrong,1,0,False,False,2025-09-08
poses,GOAT,Armstrong,1,0,False,False,2025-09-08
posey,HAPPY,Armstrong,1,0,False,False,2025-09-08
posh,LOT,Armstrong,1,0,False,False,2025-09-08
position,KIT,Armstrong,1,0,False,False,2025-09-08
positive,KIT,Armstrong,1,0,False,False,2025-09-08
positively,LOT,Armstrong,1,0,False,False,2025-09-08
positron,LOT,Armstrong,1,0,False,False,2025-09-08
posits,LOT,Armstrong,1,0,False,False,2025-09-08
possess,COMMA,Armstrong,1,0,False,False,2025-09-08
possessions,DRESS,Armstrong,1,0,False,False,2025-09-08
possible,LOT,Armstrong,1,0,False,False,2025-09-08
post,GOAT,Armstrong,1,0,False,False,2025-09-08
postal,GOAT,Armstrong,1,0,False,False,2025-09-08
postcard,START,Armstrong,1,0,False,False,2025-09-08
postcode,GOAT,Armstrong,1,0,False,False,2025-09-08
poster,GOAT,Armstrong,1,0,False,False,2025-09-08
postmaster,BATH,Armstrong,1,0,False,False,2025-09-08
potash,TRAP,Armstrong,1,0,False,False,2025-09-08
potatoes,GOAT,Armstrong,1,0,False,False,2025-09-08
potboiler,CHOICE,Armstrong,1,0,False,False,2025-09-08
potential,COMMA,Armstrong,1,0,False,False,2025-09-08
potion,GOAT,Armstrong,1,0,False,False,2025-09-08
pouch,MOUTH,Armstrong,1,0,False,False,2025-09-08
pouffes,GOOSE,Armstrong,1,0,False,False,2025-09-08
pounds,MOUTH,Armstrong,1,0,False,False,2025-09-08
pour,FORCE,Armstrong,1,0,False,False,2025-09-08
poured,FORCE,Armstrong,1,0,False,False,2025-09-08
pouring,FORCE,Armstrong,1,0,False,False,2025-09-08
pourparler,CURE,Armstrong,1,0,False,False,2025-09-08
poussette,GOOSE,Armstrong,1,0,False,False,2025-09-08
poverty,LETTER,Armstrong,1,0,False,False,2025-09-08
pow,MOUTH,Armstrong,1,0,False,False,2025-09-08
powder,MOUTH,Armstrong,1,0,False,False,2025-09-08
powderpuff,STRUT,Armstrong,1,0,False,False,2025-09-08
powell,MOUTH,Armstrong,1,0,False,False,2025-09-08
power,MOUTH,Armstrong,1,0,False,False,2025-09-08
power-point,CHOICE MOUTH,Armstrong,1,0,False,False,2025-09-08
powerful,LETTER,Armstrong,1,0,False,False,2025-09-08
powerhouse,MOUTH,Armstrong,1,0,False,False,2025-09-08
powerscourt,FORCE,Armstrong,1,0,False,False,2025-09-08
powwow,MOUTH,Armstrong,1,0,False,False,2025-09-08
powwowed,MOUTH,Armstrong,1,0,False,False,2025-09-08
powwowing,MOUTH,Armstrong,1,0,False,False,2025-09-08
powwows,MOUTH,Armstrong,1,0,False,False,2025-09-08
pozidriv,PRICE,Armstrong,1,0,False,False,2025-09-08
practice,TRAP,Armstrong,1,0,False,False,2025-09-08
practitioner,TRAP,Armstrong,1,0,False,False,2025-09-08
prada,PALM,Armstrong,1,0,False,False,2025-09-08
prado,PALM,Armstrong,1,0,False,False,2025-09-08
pragmatic,TRAP,Armstrong,1,0,False,False,2025-09-08
prairie,SQUARE HAPPY,Armstrong,1,0,False,False,2025-09-08
praise,FACE,Armstrong,1,0,False,False,2025-09-08
prakrit,PALM,Armstrong,1,0,False,False,2025-09-08
prank,TRAP,Armstrong,1,0,False,False,2025-09-08
prato,PALM,Armstrong,1,0,False,False,2025-09-08
prawns,THOUGHT,Armstrong,1,0,False,False,2025-09-08
prayer-book,SQUARE,Armstrong,1,0,False,False,2025-09-08
prayer-mat,SQUARE,Armstrong,1,0,False,False,2025-09-08
prayer-meeting,SQUARE,Armstrong,1,0,False,False,2025-09-08
prayer-rug,STRUT,Armstrong,1,0,False,False,2025-09-08
prayer-wheel,SQUARE,Armstrong,1,0,False,False,2025-09-08
prayers,SQUARE,Armstrong,1,0,False,False,2025-09-08
preach,FLEECE,Armstrong,1,0,False,False,2025-09-08
precarious,SQUARE,Armstrong,1,0,False,False,2025-09-08
precaution,THOUGHT,Armstrong,1,0,False,False,2025-09-08
precede,KIT,Armstrong,1,0,False,False,2025-09-08
precept,DRESS,Armstrong,1,0,False,False,2025-09-08
precious,DRESS,Armstrong,1,0,False,False,2025-09-08
precise,PRICE,Armstrong,1,0,False,False,2025-09-08
precision,KIT,Armstrong,1,0,False,False,2025-09-08
precocious,GOAT,Armstrong,1,0,False,False,2025-09-08
predict,KIT,Armstrong,1,0,False,False,2025-09-08
predigested,PRICE,Armstrong,1,0,False,False,2025-09-08
predominantly,LOT,Armstrong,1,0,False,False,2025-09-08
prefab,TRAP,Armstrong,1,0,False,False,2025-09-08
prefer,(KIT) (DRESS) NURSE,Armstrong,1,0,False,False,2025-09-08
preference,DRESS,Armstrong,1,0,False,False,2025-09-08
preferred,NURSE,Armstrong,1,0,False,False,2025-09-08
preferring,NURSE,Armstrong,1,0,False,False,2025-09-08
pregnancy,HAPPY,Armstrong,1,0,False,False,2025-09-08
pregnant,DRESS,Armstrong,1,0,False,False,2025-09-08
prejudge,STRUT,Armstrong,1,0,False,False,2025-09-08
prejudice,DRESS,Armstrong,1,0,False,False,2025-09-08
prelude,GOOSE,Armstrong,1,0,False,False,2025-09-08
premature,CURE COMMA,Armstrong,1,0,False,False,2025-09-08
premiered,SQUARE,Armstrong,1,0,False,False,2025-09-08
premieres,SQUARE,Armstrong,1,0,False,False,2025-09-08
premises,DRESS,Armstrong,1,0,False,False,2025-09-08
premium,FLEECE,Armstrong,1,0,False,False,2025-09-08
preoccupy,FOOT,Armstrong,1,0,False,False,2025-09-08
prep,DRESS,Armstrong,1,0,False,False,2025-09-08
prepaid,FACE,Armstrong,1,0,False,False,2025-09-08
preparation,DRESS,Armstrong,1,0,False,False,2025-09-08
prepare,SQUARE,Armstrong,1,0,False,False,2025-09-08
prepared,SQUARE,Armstrong,1,0,False,False,2025-09-08
prepares,SQUARE,Armstrong,1,0,False,False,2025-09-08
preparing,SQUARE,Armstrong,1,0,False,False,2025-09-08
prepuce,GOOSE,Armstrong,1,0,False,False,2025-09-08
prerecord,NORTH,Armstrong,1,0,False,False,2025-09-08
prescribe,PRICE,Armstrong,1,0,False,False,2025-09-08
presentation,DRESS,Armstrong,1,0,False,False,2025-09-08
preservation,LETTER,Armstrong,1,0,False,False,2025-09-08
preserve,NURSE,Armstrong,1,0,False,False,2025-09-08
president,KIT DRESS,Armstrong,1,0,False,False,2025-09-08
press,DRESS,Armstrong,1,0,False,False,2025-09-08
pressure,DRESS LETTER,Armstrong,1,0,False,False,2025-09-08
pressure-gauge,FACE,Armstrong,1,0,False,False,2025-09-08
prestige,DRESS,Armstrong,1,0,False,False,2025-09-08
prestigious,KIT DRESS,Armstrong,1,0,False,False,2025-09-08
presumably,GOOSE,Armstrong,1,0,False,False,2025-09-08
presume,GOOSE,Armstrong,1,0,False,False,2025-09-08
presupposition,STRUT,Armstrong,1,0,False,False,2025-09-08
pretorian,FORCE,Armstrong,1,0,False,False,2025-09-08
pretty,KIT,Armstrong,1,0,False,False,2025-09-08
preview,GOOSE,Armstrong,1,0,False,False,2025-09-08
previewed,GOOSE,Armstrong,1,0,False,False,2025-09-08
previewing,GOOSE,Armstrong,1,0,False,False,2025-09-08
previous,COMMA,Armstrong,1,0,False,False,2025-09-08
prezi,HAPPY,Armstrong,1,0,False,False,2025-09-08
price,PRICE,Armstrong,1,0,False,False,2025-09-08
pricey,HAPPY,Armstrong,1,0,False,False,2025-09-08
pride,PRICE,Armstrong,1,0,False,False,2025-09-08
prima,FLEECE COMMA,Armstrong,1,0,False,False,2025-09-08
primary,PRICE LETTER COMMA,Armstrong,1,0,False,False,2025-09-08
prime,PRICE,Armstrong,1,0,False,False,2025-09-08
primrose,GOAT,Armstrong,1,0,False,False,2025-09-08
principal,COMMA,Armstrong,1,0,False,False,2025-09-08
principle,COMMA,Armstrong,1,0,False,False,2025-09-08
prior,PRICE,Armstrong,1,0,False,False,2025-09-08
priority,(CLOTH),Armstrong,1,0,False,False,2025-09-08
priory,PRICE,Armstrong,1,0,False,False,2025-09-08
prison,KIT,Armstrong,1,0,False,False,2025-09-08
prithee,KIT HAPPY,Armstrong,1,0,False,False,2025-09-08
privacy,HAPPY COMMA,Armstrong,1,0,False,False,2025-09-08
private,PRICE,Armstrong,1,0,False,False,2025-09-08
privately,PRICE,Armstrong,1,0,False,False,2025-09-08
privations,PRICE,Armstrong,1,0,False,False,2025-09-08
privilege,KIT,Armstrong,1,0,False,False,2025-09-08
prize,PRICE,Armstrong,1,0,False,False,2025-09-08
prize-money,STRUT,Armstrong,1,0,False,False,2025-09-08
pro,GOAT,Armstrong,1,0,False,False,2025-09-08
probably,LOT COMMA,Armstrong,1,0,False,False,2025-09-08
probate,GOAT,Armstrong,1,0,False,False,2025-09-08
probe,GOAT,Armstrong,1,0,False,False,2025-09-08
problem,LOT COMMA,Armstrong,1,0,False,False,2025-09-08
problematic,LOT,Armstrong,1,0,False,False,2025-09-08
problemo,LOT,Armstrong,1,0,False,False,2025-09-08
problems,COMMA,Armstrong,1,0,False,False,2025-09-08
procedural,FLEECE,Armstrong,1,0,False,False,2025-09-08
procedure,FLEECE LETTER,Armstrong,1,0,False,False,2025-09-08
proceeds,FLEECE,Armstrong,1,0,False,False,2025-09-08
process,DRESS COMMA (GOAT),Armstrong,1,0,False,False,2025-09-08
processes,DRESS,Armstrong,1,0,False,False,2025-09-08
processor,LETTER,Armstrong,1,0,False,False,2025-09-08
proclaim,FACE,Armstrong,1,0,False,False,2025-09-08
procure,CURE,Armstrong,1,0,False,False,2025-09-08
prodigiously,KIT,Armstrong,1,0,False,False,2025-09-08
produce,GOAT GOOSE,Armstrong,1,0,False,False,2025-09-08
producer,LETTER,Armstrong,1,0,False,False,2025-09-08
product,STRUT COMMA,Armstrong,1,0,False,False,2025-09-08
production,STRUT COMMA,Armstrong,1,0,False,False,2025-09-08
productivity,KIT STRUT,Armstrong,1,0,False,False,2025-09-08
products,STRUT,Armstrong,1,0,False,False,2025-09-08
professional,DRESS COMMA,Armstrong,1,0,False,False,2025-09-08
professor,LETTER COMMA,Armstrong,1,0,False,False,2025-09-08
professorial,FORCE,Armstrong,1,0,False,False,2025-09-08
profile,GOAT PRICE,Armstrong,1,0,False,False,2025-09-08
profit-margin,START,Armstrong,1,0,False,False,2025-09-08
profit-sharing,SQUARE,Armstrong,1,0,False,False,2025-09-08
profusely,GOOSE,Armstrong,1,0,False,False,2025-09-08
profusion,GOOSE,Armstrong,1,0,False,False,2025-09-08
progenitor,GOAT,Armstrong,1,0,False,False,2025-09-08
progesterone,GOAT,Armstrong,1,0,False,False,2025-09-08
prognosis,LOT,Armstrong,1,0,False,False,2025-09-08
program,TRAP GOAT,Armstrong,1,0,False,False,2025-09-08
programmable,GOAT,Armstrong,1,0,False,False,2025-09-08
programme,TRAP GOAT,Armstrong,1,0,False,False,2025-09-08
progress,DRESS COMMA (GOAT),Armstrong,1,0,False,False,2025-09-08
prohibit,KIT,Armstrong,1,0,False,False,2025-09-08
projective,GOAT,Armstrong,1,0,False,False,2025-09-08
prokofiev,DRESS,Armstrong,1,0,False,False,2025-09-08
prolapse,GOAT,Armstrong,1,0,False,False,2025-09-08
prologue,LOT,Armstrong,1,0,False,False,2025-09-08
prominent,LOT,Armstrong,1,0,False,False,2025-09-08
promote,GOAT COMMA,Armstrong,1,0,False,False,2025-09-08
promotion,GOAT,Armstrong,1,0,False,False,2025-09-08
prompt,LOT,Armstrong,1,0,False,False,2025-09-08
proof,GOOSE,Armstrong,1,0,False,False,2025-09-08
proofreading,GOOSE,Armstrong,1,0,False,False,2025-09-08
propaganda,COMMA,Armstrong,1,0,False,False,2025-09-08
proper,LETTER,Armstrong,1,0,False,False,2025-09-08
properly,LETTER,Armstrong,1,0,False,False,2025-09-08
property,LOT LETTER,Armstrong,1,0,False,False,2025-09-08
proposal,GOAT COMMA,Armstrong,1,0,False,False,2025-09-08
proposed,GOAT,Armstrong,1,0,False,False,2025-09-08
propranolol,GOAT,Armstrong,1,0,False,False,2025-09-08
propylene,FLEECE GOAT,Armstrong,1,0,False,False,2025-09-08
prorate,GOAT,Armstrong,1,0,False,False,2025-09-08
prorogation,GOAT,Armstrong,1,0,False,False,2025-09-08
prosciutto,COMMA,Armstrong,1,0,False,False,2025-09-08
prosecute,GOOSE,Armstrong,1,0,False,False,2025-09-08
prosecution,GOOSE,Armstrong,1,0,False,False,2025-09-08
prospect,DRESS,Armstrong,1,0,False,False,2025-09-08
prostitute,GOOSE,Armstrong,1,0,False,False,2025-09-08
protease,FACE,Armstrong,1,0,False,False,2025-09-08
protection,DRESS COMMA,Armstrong,1,0,False,False,2025-09-08
protein,FLEECE,Armstrong,1,0,False,False,2025-09-08
protest,DRESS GOAT,Armstrong,1,0,False,False,2025-09-08
prothalamion,GOAT,Armstrong,1,0,False,False,2025-09-08
prothero,LOT,Armstrong,1,0,False,False,2025-09-08
protocol,LOT,Armstrong,1,0,False,False,2025-09-08
prototype,PRICE,Armstrong,1,0,False,False,2025-09-08
protrusion,GOOSE,Armstrong,1,0,False,False,2025-09-08
protuberance,GOOSE,Armstrong,1,0,False,False,2025-09-08
proud,MOUTH,Armstrong,1,0,False,False,2025-09-08
prove,GOOSE,Armstrong,1,0,False,False,2025-09-08
provide,PRICE COMMA,Armstrong,1,0,False,False,2025-09-08
providence,LOT,Armstrong,1,0,False,False,2025-09-08
providentially,LOT,Armstrong,1,0,False,False,2025-09-08
provider,LETTER COMMA,Armstrong,1,0,False,False,2025-09-08
provision,KIT COMMA,Armstrong,1,0,False,False,2025-09-08
prowl,MOUTH,Armstrong,1,0,False,False,2025-09-08
proximity,LOT,Armstrong,1,0,False,False,2025-09-08
prudential,GOOSE,Armstrong,1,0,False,False,2025-09-08
prunella,GOOSE,Armstrong,1,0,False,False,2025-09-08
pruning-shears,NEAR,Armstrong,1,0,False,False,2025-09-08
prussia,STRUT COMMA,Armstrong,1,0,False,False,2025-09-08
pseudo-,GOOSE,Armstrong,1,0,False,False,2025-09-08
pseudonymous,GOOSE,Armstrong,1,0,False,False,2025-09-08
psychiatry,PRICE,Armstrong,1,0,False,False,2025-09-08
psychodrama,PALM,Armstrong,1,0,False,False,2025-09-08
psychological,PRICE,Armstrong,1,0,False,False,2025-09-08
psychologist,COMMA,Armstrong,1,0,False,False,2025-09-08
psychology,PRICE COMMA,Armstrong,1,0,False,False,2025-09-08
psychopath,TRAP,Armstrong,1,0,False,False,2025-09-08
psychosis,PRICE,Armstrong,1,0,False,False,2025-09-08
psychotherapeutic,DRESS,Armstrong,1,0,False,False,2025-09-08
psychotherapist,GOAT,Armstrong,1,0,False,False,2025-09-08
psychotherapy-y,GOAT,Armstrong,1,0,False,False,2025-09-08
psychotic,PRICE,Armstrong,1,0,False,False,2025-09-08
pub,STRUT,Armstrong,1,0,False,False,2025-09-08
puberty,GOOSE,Armstrong,1,0,False,False,2025-09-08
pubescent,GOOSE,Armstrong,1,0,False,False,2025-09-08
public,KIT STRUT,Armstrong,1,0,False,False,2025-09-08
publication,STRUT FACE,Armstrong,1,0,False,False,2025-09-08
publish,KIT STRUT,Armstrong,1,0,False,False,2025-09-08
publisher,STRUT,Armstrong,1,0,False,False,2025-09-08
puccini,GOOSE,Armstrong,1,0,False,False,2025-09-08
pudding,FOOT,Armstrong,1,0,False,False,2025-09-08
puddle,STRUT,Armstrong,1,0,False,False,2025-09-08
pudgy,STRUT,Armstrong,1,0,False,False,2025-09-08
puff,STRUT,Armstrong,1,0,False,False,2025-09-08
puff-puff,STRUT,Armstrong,1,0,False,False,2025-09-08
puffin,STRUT,Armstrong,1,0,False,False,2025-09-08
puffy,STRUT HAPPY,Armstrong,1,0,False,False,2025-09-08
pug,STRUT,Armstrong,1,0,False,False,2025-09-08
puget,GOOSE,Armstrong,1,0,False,False,2025-09-08
pugilism,GOOSE,Armstrong,1,0,False,False,2025-09-08
pugilist,GOOSE,Armstrong,1,0,False,False,2025-09-08
pugilistic,GOOSE,Armstrong,1,0,False,False,2025-09-08
pugnacious,STRUT,Armstrong,1,0,False,False,2025-09-08
pugnacity,STRUT,Armstrong,1,0,False,False,2025-09-08
puke,GOOSE,Armstrong,1,0,False,False,2025-09-08
pull,FOOT,Armstrong,1,0,False,False,2025-09-08
pulley,FOOT,Armstrong,1,0,False,False,2025-09-08
pullover,GOAT,Armstrong,1,0,False,False,2025-09-08
pulsar,STRUT START,Armstrong,1,0,False,False,2025-09-08
pulsates,STRUT,Armstrong,1,0,False,False,2025-09-08
pulsating,STRUT,Armstrong,1,0,False,False,2025-09-08
pulse,STRUT,Armstrong,1,0,False,False,2025-09-08
pulvinar,STRUT,Armstrong,1,0,False,False,2025-09-08
puma,GOOSE COMMA,Armstrong,1,0,False,False,2025-09-08
pump,STRUT,Armstrong,1,0,False,False,2025-09-08
pumpkin,STRUT,Armstrong,1,0,False,False,2025-09-08
pumps,STRUT,Armstrong,1,0,False,False,2025-09-08
punch-drunk,STRUT,Armstrong,1,0,False,False,2025-09-08
punctate,STRUT,Armstrong,1,0,False,False,2025-09-08
punctiliously,STRUT,Armstrong,1,0,False,False,2025-09-08
punctuate,STRUT,Armstrong,1,0,False,False,2025-09-08
puncture,STRUT,Armstrong,1,0,False,False,2025-09-08
punjab,PALM,Armstrong,1,0,False,False,2025-09-08
punjabi,PALM HAPPY,Armstrong,1,0,False,False,2025-09-08
punk,STRUT,Armstrong,1,0,False,False,2025-09-08
puny,GOOSE,Armstrong,1,0,False,False,2025-09-08
pup,STRUT,Armstrong,1,0,False,False,2025-09-08
pupa,GOOSE COMMA,Armstrong,1,0,False,False,2025-09-08
pupate,GOOSE,Armstrong,1,0,False,False,2025-09-08
pupation,GOOSE,Armstrong,1,0,False,False,2025-09-08
pupil,GOOSE,Armstrong,1,0,False,False,2025-09-08
puppet,STRUT,Armstrong,1,0,False,False,2025-09-08
puppy,STRUT HAPPY,Armstrong,1,0,False,False,2025-09-08
purchase,NURSE,Armstrong,1,0,False,False,2025-09-08
purchased,COMMA,Armstrong,1,0,False,False,2025-09-08
purchaser,LETTER,Armstrong,1,0,False,False,2025-09-08
pureblood,STRUT,Armstrong,1,0,False,False,2025-09-08
purgative,NURSE,Armstrong,1,0,False,False,2025-09-08
purgatory,NURSE,Armstrong,1,0,False,False,2025-09-08
purge,NURSE,Armstrong,1,0,False,False,2025-09-08
purifier,PRICE,Armstrong,1,0,False,False,2025-09-08
puritan,CURE,Armstrong,1,0,False,False,2025-09-08
puritanism,GOOSE,Armstrong,1,0,False,False,2025-09-08
purl,NURSE,Armstrong,1,0,False,False,2025-09-08
purple,NURSE,Armstrong,1,0,False,False,2025-09-08
purport,LETTER NURSE,Armstrong,1,0,False,False,2025-09-08
purpose,COMMA NURSE,Armstrong,1,0,False,False,2025-09-08
purposeful,NURSE,Armstrong,1,0,False,False,2025-09-08
purpura,FOOT NURSE,Armstrong,1,0,False,False,2025-09-08
purr,NURSE,Armstrong,1,0,False,False,2025-09-08
purring,NURSE,Armstrong,1,0,False,False,2025-09-08
purse,NURSE,Armstrong,1,0,False,False,2025-09-08
purse-proud,MOUTH,Armstrong,1,0,False,False,2025-09-08
pursuant,GOOSE,Armstrong,1,0,False,False,2025-09-08
pursue,GOOSE,Armstrong,1,0,False,False,2025-09-08
pursued,GOOSE,Armstrong,1,0,False,False,2025-09-08
pursuit,GOOSE,Armstrong,1,0,False,False,2025-09-08
purulent,GOOSE,Armstrong,1,0,False,False,2025-09-08
push,FOOT,Armstrong,1,0,False,False,2025-09-08
push-up,FOOT,Armstrong,1,0,False,False,2025-09-08
pushchair,SQUARE,Armstrong,1,0,False,False,2025-09-08
pushchairs,SQUARE,Armstrong,1,0,False,False,2025-09-08
pushkin,FOOT,Armstrong,1,0,False,False,2025-09-08
pushy,HAPPY,Armstrong,1,0,False,False,2025-09-08
pussycat,FOOT,Armstrong,1,0,False,False,2025-09-08
pussyfoot,FOOT,Armstrong,1,0,False,False,2025-09-08
put,FOOT,Armstrong,1,0,False,False,2025-09-08
put-down,FOOT,Armstrong,1,0,False,False,2025-09-08
put-on,LOT FOOT,Armstrong,1,0,False,False,2025-09-08
put-put,STRUT,Armstrong,1,0,False,False,2025-09-08
put-up,FOOT,Armstrong,1,0,False,False,2025-09-08
putsch,FOOT,Armstrong,1,0,False,False,2025-09-08
putt,STRUT,Armstrong,1,0,False,False,2025-09-08
putter,STRUT,Armstrong,1,0,False,False,2025-09-08
puzzle,STRUT,Armstrong,1,0,False,False,2025-09-08
pwllheli,FOOT,Armstrong,1,0,False,False,2025-09-08
pyjamas,PALM,Armstrong,1,0,False,False,2025-09-08
pyogenic,GOAT,Armstrong,1,0,False,False,2025-09-08
pyracantha,COMMA,Armstrong,1,0,False,False,2025-09-08
pyramid,KIT,Armstrong,1,0,False,False,2025-09-08
pyrenean,NEAR,Armstrong,1,0,False,False,2025-09-08
pytchley,PRICE,Armstrong,1,0,False,False,2025-09-08
pythagoras,PRICE,Armstrong,1,0,False,False,2025-09-08
pythagorean,PRICE,Armstrong,1,0,False,False,2025-09-08
pythagoreanism,PRICE,Armstrong,1,0,False,False,2025-09-08
python,PRICE,Armstrong,1,0,False,False,2025-09-08
pythonesque,PRICE,Armstrong,1,0,False,False,2025-09-08
pythoness,PRICE,Armstrong,1,0,False,False,2025-09-08
pyuria,PRICE,Armstrong,1,0,False,False,2025-09-08
qatar,START,Armstrong,1,0,False,False,2025-09-08
qatari,START,Armstrong,1,0,False,False,2025-09-08
qom,FOOT,Armstrong,1,0,False,False,2025-09-08
quaaludes,GOOSE,Armstrong,1,0,False,False,2025-09-08
quadrangle,TRAP,Armstrong,1,0,False,False,2025-09-08
quadratic,LOT,Armstrong,1,0,False,False,2025-09-08
quadruple,LOT,Armstrong,1,0,False,False,2025-09-08
qualified,PRICE,Armstrong,1,0,False,False,2025-09-08
qualifier,PRICE,Armstrong,1,0,False,False,2025-09-08
qualify,LOT PRICE,Armstrong,1,0,False,False,2025-09-08
quality,KIT HAPPY,Armstrong,1,0,False,False,2025-09-08
quantifiable,PRICE,Armstrong,1,0,False,False,2025-09-08
quarrel,(CLOTH),Armstrong,1,0,False,False,2025-09-08
quarry,(CLOTH),Armstrong,1,0,False,False,2025-09-08
quart,NORTH,Armstrong,1,0,False,False,2025-09-08
quarterly,LETTER,Armstrong,1,0,False,False,2025-09-08
quarterstaves,FACE,Armstrong,1,0,False,False,2025-09-08
quartz,NORTH,Armstrong,1,0,False,False,2025-09-08
quatrain,FACE,Armstrong,1,0,False,False,2025-09-08
quatrefoil,CHOICE,Armstrong,1,0,False,False,2025-09-08
quattrocento,GOAT,Armstrong,1,0,False,False,2025-09-08
quebracho,PALM,Armstrong,1,0,False,False,2025-09-08
quechua,DRESS,Armstrong,1,0,False,False,2025-09-08
queen,FLEECE,Armstrong,1,0,False,False,2025-09-08
queensferry,DRESS,Armstrong,1,0,False,False,2025-09-08
queer,NEAR,Armstrong,1,0,False,False,2025-09-08
queerest,NEAR,Armstrong,1,0,False,False,2025-09-08
queerly,NEAR,Armstrong,1,0,False,False,2025-09-08
queerness,NEAR,Armstrong,1,0,False,False,2025-09-08
query,NEAR,Armstrong,1,0,False,False,2025-09-08
question,DRESS,Armstrong,1,0,False,False,2025-09-08
questionnaire,SQUARE,Armstrong,1,0,False,False,2025-09-08
questionnaires,SQUARE,Armstrong,1,0,False,False,2025-09-08
questions,DRESS,Armstrong,1,0,False,False,2025-09-08
queue,GOOSE,Armstrong,1,0,False,False,2025-09-08
queue-jump,STRUT,Armstrong,1,0,False,False,2025-09-08
queued,GOOSE,Armstrong,1,0,False,False,2025-09-08
quibble,KIT,Armstrong,1,0,False,False,2025-09-08
quick,KIT,Armstrong,1,0,False,False,2025-09-08
quiet,PRICE COMMA,Armstrong,1,0,False,False,2025-09-08
quill-feather,DRESS,Armstrong,1,0,False,False,2025-09-08
quinoa,PALM,Armstrong,1,0,False,False,2025-09-08
quipu,FLEECE,Armstrong,1,0,False,False,2025-09-08
quirky,HAPPY NURSE,Armstrong,1,0,False,False,2025-09-08
quite,PRICE,Armstrong,1,0,False,False,2025-09-08
quiz,KIT,Armstrong,1,0,False,False,2025-09-08
quoits,CHOICE,Armstrong,1,0,False,False,2025-09-08
quotation,GOAT,Armstrong,1,0,False,False,2025-09-08
quote,GOAT,Armstrong,1,0,False,False,2025-09-08
quoth,GOAT,Armstrong,1,0,False,False,2025-09-08
quotient,GOAT,Armstrong,1,0,False,False,2025-09-08
quran,PALM,Armstrong,1,0,False,False,2025-09-08
qwaqwa,COMMA,Armstrong,1,0,False,False,2025-09-08
rabbit,TRAP,Armstrong,1,0,False,False,2025-09-08
rabbit-burrows,STRUT,Armstrong,1,0,False,False,2025-09-08
rabbit-hutch,STRUT,Armstrong,1,0,False,False,2025-09-08
rabble-rouser,MOUTH,Armstrong,1,0,False,False,2025-09-08
rabies,FACE,Armstrong,1,0,False,False,2025-09-08
rabindranath,BATH,Armstrong,1,0,False,False,2025-09-08
race,FACE,Armstrong,1,0,False,False,2025-09-08
racecourse,FORCE,Armstrong,1,0,False,False,2025-09-08
racehorse,NORTH,Armstrong,1,0,False,False,2025-09-08
racer,LETTER,Armstrong,1,0,False,False,2025-09-08
rachael,FACE,Armstrong,1,0,False,False,2025-09-08
rachelle,COMMA,Armstrong,1,0,False,False,2025-09-08
racial,FACE,Armstrong,1,0,False,False,2025-09-08
racing,FACE,Armstrong,1,0,False,False,2025-09-08
racism,FACE,Armstrong,1,0,False,False,2025-09-08
rada,PALM,Armstrong,1,0,False,False,2025-09-08
radar,FACE START,Armstrong,1,0,False,False,2025-09-08
radiation,FACE,Armstrong,1,0,False,False,2025-09-08
radiator,FACE,Armstrong,1,0,False,False,2025-09-08
radical,TRAP,Armstrong,1,0,False,False,2025-09-08
radio,FACE,Armstrong,1,0,False,False,2025-09-08
radiograph,GOAT,Armstrong,1,0,False,False,2025-09-08
radiological,LOT GOAT,Armstrong,1,0,False,False,2025-09-08
radios,GOAT,Armstrong,1,0,False,False,2025-09-08
radius,FACE,Armstrong,1,0,False,False,2025-09-08
raeburn,FACE,Armstrong,1,0,False,False,2025-09-08
raf,DRESS,Armstrong,1,0,False,False,2025-09-08
rafa,TRAP,Armstrong,1,0,False,False,2025-09-08
rafe,FACE,Armstrong,1,0,False,False,2025-09-08
rafflesia,TRAP,Armstrong,1,0,False,False,2025-09-08
raft,BATH,Armstrong,1,0,False,False,2025-09-08
rag,TRAP,Armstrong,1,0,False,False,2025-09-08
ragamuffin,STRUT,Armstrong,1,0,False,False,2025-09-08
rage,FACE,Armstrong,1,0,False,False,2025-09-08
ragtime,PRICE,Armstrong,1,0,False,False,2025-09-08
rahman,PALM,Armstrong,1,0,False,False,2025-09-08
rahway,THOUGHT,Armstrong,1,0,False,False,2025-09-08
raid,FACE,Armstrong,1,0,False,False,2025-09-08
raif,FACE,Armstrong,1,0,False,False,2025-09-08
raik,FACE,Armstrong,1,0,False,False,2025-09-08
rail,FACE,Armstrong,1,0,False,False,2025-09-08
railcard,START,Armstrong,1,0,False,False,2025-09-08
railings,FACE,Armstrong,1,0,False,False,2025-09-08
railway,FACE,Armstrong,1,0,False,False,2025-09-08
rain,FACE,Armstrong,1,0,False,False,2025-09-08
rainbow,FACE,Armstrong,1,0,False,False,2025-09-08
rainbows,GOAT,Armstrong,1,0,False,False,2025-09-08
rainwater,THOUGHT,Armstrong,1,0,False,False,2025-09-08
raise,FACE,Armstrong,1,0,False,False,2025-09-08
rajpuatana,PALM,Armstrong,1,0,False,False,2025-09-08
rake,FACE,Armstrong,1,0,False,False,2025-09-08
ramada,COMMA,Armstrong,1,0,False,False,2025-09-08
ramen,PALM,Armstrong,1,0,False,False,2025-09-08
ramirez,DRESS,Armstrong,1,0,False,False,2025-09-08
rampage,FACE,Armstrong,1,0,False,False,2025-09-08
ramsey,HAPPY,Armstrong,1,0,False,False,2025-09-08
ranch,BATH,Armstrong,1,0,False,False,2025-09-08
ranee,HAPPY,Armstrong,1,0,False,False,2025-09-08
range,FACE,Armstrong,1,0,False,False,2025-09-08
rank,TRAP,Armstrong,1,0,False,False,2025-09-08
ranking,TRAP,Armstrong,1,0,False,False,2025-09-08
rape,FACE,Armstrong,1,0,False,False,2025-09-08
rapeseed,FLEECE,Armstrong,1,0,False,False,2025-09-08
raphael,TRAP,Armstrong,1,0,False,False,2025-09-08
rapid,TRAP,Armstrong,1,0,False,False,2025-09-08
rapier-thrust,LETTER,Armstrong,1,0,False,False,2025-09-08
rare,SQUARE,Armstrong,1,0,False,False,2025-09-08
rarebit,SQUARE,Armstrong,1,0,False,False,2025-09-08
rarely,SQUARE,Armstrong,1,0,False,False,2025-09-08
rareness,SQUARE,Armstrong,1,0,False,False,2025-09-08
rarer,SQUARE,Armstrong,1,0,False,False,2025-09-08
rarest,SQUARE,Armstrong,1,0,False,False,2025-09-08
rascal,BATH,Armstrong,1,0,False,False,2025-09-08
rascality,BATH,Armstrong,1,0,False,False,2025-09-08
rashid,TRAP FLEECE,Armstrong,1,0,False,False,2025-09-08
raspberry,BATH,Armstrong,1,0,False,False,2025-09-08
rate,FACE,Armstrong,1,0,False,False,2025-09-08
rather,BATH LETTER,Armstrong,1,0,False,False,2025-09-08
ratio,FACE,Armstrong,1,0,False,False,2025-09-08
rationale,PALM,Armstrong,1,0,False,False,2025-09-08
ratios,GOAT,Armstrong,1,0,False,False,2025-09-08
rattan,TRAP,Armstrong,1,0,False,False,2025-09-08
raucous,THOUGHT,Armstrong,1,0,False,False,2025-09-08
raunchy,THOUGHT HAPPY,Armstrong,1,0,False,False,2025-09-08
rauschenberg,MOUTH,Armstrong,1,0,False,False,2025-09-08
rautavaara,START,Armstrong,1,0,False,False,2025-09-08
rauwolfia,THOUGHT,Armstrong,1,0,False,False,2025-09-08
rave,FACE,Armstrong,1,0,False,False,2025-09-08
raven,FACE,Armstrong,1,0,False,False,2025-09-08
raven-haired,SQUARE,Armstrong,1,0,False,False,2025-09-08
ravenclaw,COMMA,Armstrong,1,0,False,False,2025-09-08
ray-bans,FACE,Armstrong,1,0,False,False,2025-09-08
raybould,FACE,Armstrong,1,0,False,False,2025-09-08
rayburn,FACE,Armstrong,1,0,False,False,2025-09-08
rayleigh,FACE,Armstrong,1,0,False,False,2025-09-08
raymond,FACE,Armstrong,1,0,False,False,2025-09-08
rays,FACE,Armstrong,1,0,False,False,2025-09-08
razoo,PALM,Armstrong,1,0,False,False,2025-09-08
razor,FACE LETTER,Armstrong,1,0,False,False,2025-09-08
re-education,DRESS,Armstrong,1,0,False,False,2025-09-08
reach,FLEECE,Armstrong,1,0,False,False,2025-09-08
reader,LETTER,Armstrong,1,0,False,False,2025-09-08
ready,DRESS,Armstrong,1,0,False,False,2025-09-08
ready-to-wear,SQUARE,Armstrong,1,0,False,False,2025-09-08
reaffirmation,TRAP,Armstrong,1,0,False,False,2025-09-08
reagan,FACE,Armstrong,1,0,False,False,2025-09-08
real,NEAR,Armstrong,1,0,False,False,2025-09-08
real-time,PRICE,Armstrong,1,0,False,False,2025-09-08
realign,PRICE,Armstrong,1,0,False,False,2025-09-08
realistic,FLEECE NEAR,Armstrong,1,0,False,False,2025-09-08
reality,TRAP,Armstrong,1,0,False,False,2025-09-08
realize,PRICE NEAR,Armstrong,1,0,False,False,2025-09-08
really,HAPPY,Armstrong,1,0,False,False,2025-09-08
realpolitik,(FLEECE),Armstrong,1,0,False,False,2025-09-08
realtor,NEAR,Armstrong,1,0,False,False,2025-09-08
ream,FLEECE,Armstrong,1,0,False,False,2025-09-08
reap,FLEECE,Armstrong,1,0,False,False,2025-09-08
rear,NEAR,Armstrong,1,0,False,False,2025-09-08
reared,NEAR,Armstrong,1,0,False,False,2025-09-08
rearing,NEAR,Armstrong,1,0,False,False,2025-09-08
rearward,NEAR,Armstrong,1,0,False,False,2025-09-08
reassurance,COMMA,Armstrong,1,0,False,False,2025-09-08
reassured,CURE,Armstrong,1,0,False,False,2025-09-08
rebecca,COMMA,Armstrong,1,0,False,False,2025-09-08
rebel,(KIT) (DRESS),Armstrong,1,0,False,False,2025-09-08
reboot,GOOSE,Armstrong,1,0,False,False,2025-09-08
reborn,NORTH,Armstrong,1,0,False,False,2025-09-08
rebuke,GOOSE,Armstrong,1,0,False,False,2025-09-08
rebus,FLEECE,Armstrong,1,0,False,False,2025-09-08
recap,TRAP,Armstrong,1,0,False,False,2025-09-08
recent,COMMA,Armstrong,1,0,False,False,2025-09-08
reception,DRESS,Armstrong,1,0,False,False,2025-09-08
recession,DRESS,Armstrong,1,0,False,False,2025-09-08
rechargeable,START,Armstrong,1,0,False,False,2025-09-08
recife,COMMA,Armstrong,1,0,False,False,2025-09-08
recipe,COMMA,Armstrong,1,0,False,False,2025-09-08
recipient,KIT,Armstrong,1,0,False,False,2025-09-08
reclaim,FACE,Armstrong,1,0,False,False,2025-09-08
reclusive,GOOSE,Armstrong,1,0,False,False,2025-09-08
recognition,COMMA,Armstrong,1,0,False,False,2025-09-08
recognized,PRICE,Armstrong,1,0,False,False,2025-09-08
recoil,CHOICE,Armstrong,1,0,False,False,2025-09-08
recommend,COMMA,Armstrong,1,0,False,False,2025-09-08
recommendation,DRESS FACE COMMA,Armstrong,1,0,False,False,2025-09-08
reconnoitre,CHOICE,Armstrong,1,0,False,False,2025-09-08
record-breaking,FORCE,Armstrong,1,0,False,False,2025-09-08
recovered,STRUT,Armstrong,1,0,False,False,2025-09-08
recovering,STRUT,Armstrong,1,0,False,False,2025-09-08
recovery,STRUT,Armstrong,1,0,False,False,2025-09-08
recruit,GOOSE,Armstrong,1,0,False,False,2025-09-08
rectangle,TRAP,Armstrong,1,0,False,False,2025-09-08
rectifier,PRICE,Armstrong,1,0,False,False,2025-09-08
recurrent,STRUT,Armstrong,1,0,False,False,2025-09-08
recurring,NURSE,Armstrong,1,0,False,False,2025-09-08
recusant,FOOT,Armstrong,1,0,False,False,2025-09-08
recycling,PRICE,Armstrong,1,0,False,False,2025-09-08
red-hot,LOT,Armstrong,1,0,False,False,2025-09-08
redbourne,FORCE,Armstrong,1,0,False,False,2025-09-08
redcar,START,Armstrong,1,0,False,False,2025-09-08
redeployment,CHOICE,Armstrong,1,0,False,False,2025-09-08
redhead,DRESS,Armstrong,1,0,False,False,2025-09-08
redmayne,FACE,Armstrong,1,0,False,False,2025-09-08
reduce,GOOSE,Armstrong,1,0,False,False,2025-09-08
reduction,STRUT,Armstrong,1,0,False,False,2025-09-08
reebok,LOT FLEECE,Armstrong,1,0,False,False,2025-09-08
reed,FLEECE,Armstrong,1,0,False,False,2025-09-08
ref,DRESS,Armstrong,1,0,False,False,2025-09-08
refer,NURSE,Armstrong,1,0,False,False,2025-09-08
referable,NURSE,Armstrong,1,0,False,False,2025-09-08
reference,DRESS,Armstrong,1,0,False,False,2025-09-08
referral,NURSE,Armstrong,1,0,False,False,2025-09-08
referred,NURSE,Armstrong,1,0,False,False,2025-09-08
referring,NURSE,Armstrong,1,0,False,False,2025-09-08
refers,NURSE,Armstrong,1,0,False,False,2025-09-08
refine,PRICE,Armstrong,1,0,False,False,2025-09-08
reflux,STRUT,Armstrong,1,0,False,False,2025-09-08
reform,NORTH,Armstrong,1,0,False,False,2025-09-08
refresh,DRESS,Armstrong,1,0,False,False,2025-09-08
refrigerator,KIT,Armstrong,1,0,False,False,2025-09-08
refuge,GOOSE,Armstrong,1,0,False,False,2025-09-08
refugee,DRESS GOOSE HAPPY,Armstrong,1,0,False,False,2025-09-08
refund,STRUT,Armstrong,1,0,False,False,2025-09-08
refunds,STRUT,Armstrong,1,0,False,False,2025-09-08
refurbished,NURSE,Armstrong,1,0,False,False,2025-09-08
reg,DRESS,Armstrong,1,0,False,False,2025-09-08
regal,FLEECE,Armstrong,1,0,False,False,2025-09-08
regality,FLEECE,Armstrong,1,0,False,False,2025-09-08
regarding,START,Armstrong,1,0,False,False,2025-09-08
regatta,COMMA,Armstrong,1,0,False,False,2025-09-08
regency,FLEECE,Armstrong,1,0,False,False,2025-09-08
reggae,DRESS,Armstrong,1,0,False,False,2025-09-08
reggaeton,FACE,Armstrong,1,0,False,False,2025-09-08
reggie,HAPPY,Armstrong,1,0,False,False,2025-09-08
regime,FLEECE FACE,Armstrong,1,0,False,False,2025-09-08
regiment,DRESS,Armstrong,1,0,False,False,2025-09-08
region,FLEECE,Armstrong,1,0,False,False,2025-09-08
register,KIT DRESS LETTER,Armstrong,1,0,False,False,2025-09-08
registrar,START,Armstrong,1,0,False,False,2025-09-08
registry,DRESS,Armstrong,1,0,False,False,2025-09-08
regular,DRESS LETTER,Armstrong,1,0,False,False,2025-09-08
regularly,FOOT LETTER,Armstrong,1,0,False,False,2025-09-08
regulation,FOOT,Armstrong,1,0,False,False,2025-09-08
regulations,DRESS,Armstrong,1,0,False,False,2025-09-08
regulator,DRESS,Armstrong,1,0,False,False,2025-09-08
rehab,TRAP,Armstrong,1,0,False,False,2025-09-08
rehash,TRAP,Armstrong,1,0,False,False,2025-09-08
reichstag,PALM,Armstrong,1,0,False,False,2025-09-08
reid,FLEECE,Armstrong,1,0,False,False,2025-09-08
reigate,PRICE,Armstrong,1,0,False,False,2025-09-08
reiki,FACE HAPPY,Armstrong,1,0,False,False,2025-09-08
reincarnation,START,Armstrong,1,0,False,False,2025-09-08
reindeer,NEAR,Armstrong,1,0,False,False,2025-09-08
reject,FLEECE,Armstrong,1,0,False,False,2025-09-08
rejoice,CHOICE,Armstrong,1,0,False,False,2025-09-08
rejoin,CHOICE,Armstrong,1,0,False,False,2025-09-08
rejuvenate,GOOSE,Armstrong,1,0,False,False,2025-09-08
relate,FACE,Armstrong,1,0,False,False,2025-09-08
relationship,KIT,Armstrong,1,0,False,False,2025-09-08
relaunch,THOUGHT,Armstrong,1,0,False,False,2025-09-08
relaxation,TRAP,Armstrong,1,0,False,False,2025-09-08
relevant,COMMA,Armstrong,1,0,False,False,2025-09-08
reliable,PRICE COMMA,Armstrong,1,0,False,False,2025-09-08
religion,KIT,Armstrong,1,0,False,False,2025-09-08
relocate,GOAT,Armstrong,1,0,False,False,2025-09-08
reluctant,STRUT,Armstrong,1,0,False,False,2025-09-08
remain,FACE,Armstrong,1,0,False,False,2025-09-08
remake,FACE,Armstrong,1,0,False,False,2025-09-08
remarkable,START COMMA,Armstrong,1,0,False,False,2025-09-08
remaster,BATH,Armstrong,1,0,False,False,2025-09-08
rematch,TRAP,Armstrong,1,0,False,False,2025-09-08
remember,DRESS LETTER,Armstrong,1,0,False,False,2025-09-08
remodelled,LOT,Armstrong,1,0,False,False,2025-09-08
remorse,NORTH,Armstrong,1,0,False,False,2025-09-08
remote,GOAT,Armstrong,1,0,False,False,2025-09-08
remove,GOOSE,Armstrong,1,0,False,False,2025-09-08
remuneration,GOOSE,Armstrong,1,0,False,False,2025-09-08
rendezvous,GOOSE,Armstrong,1,0,False,False,2025-09-08
renegade,FACE,Armstrong,1,0,False,False,2025-09-08
renewal,GOOSE,Armstrong,1,0,False,False,2025-09-08
renovate,COMMA,Armstrong,1,0,False,False,2025-09-08
rent-a-mob,LOT,Armstrong,1,0,False,False,2025-09-08
reorganize,NORTH,Armstrong,1,0,False,False,2025-09-08
repagination,TRAP,Armstrong,1,0,False,False,2025-09-08
repaint,FLEECE,Armstrong,1,0,False,False,2025-09-08
repair,SQUARE,Armstrong,1,0,False,False,2025-09-08
repairable,SQUARE,Armstrong,1,0,False,False,2025-09-08
repaired,SQUARE,Armstrong,1,0,False,False,2025-09-08
repairer,SQUARE LETTER,Armstrong,1,0,False,False,2025-09-08
repairing,SQUARE,Armstrong,1,0,False,False,2025-09-08
repairman,SQUARE,Armstrong,1,0,False,False,2025-09-08
repairs,SQUARE,Armstrong,1,0,False,False,2025-09-08
repayment,FACE,Armstrong,1,0,False,False,2025-09-08
repercussion,STRUT,Armstrong,1,0,False,False,2025-09-08
replace,FACE,Armstrong,1,0,False,False,2025-09-08
replant,FLEECE BATH,Armstrong,1,0,False,False,2025-09-08
replica,COMMA,Armstrong,1,0,False,False,2025-09-08
replies,PRICE,Armstrong,1,0,False,False,2025-09-08
reply,PRICE,Armstrong,1,0,False,False,2025-09-08
report,FORCE,Armstrong,1,0,False,False,2025-09-08
reportage,PALM FORCE,Armstrong,1,0,False,False,2025-09-08
repose,GOAT,Armstrong,1,0,False,False,2025-09-08
represent,DRESS,Armstrong,1,0,False,False,2025-09-08
reproach,GOAT,Armstrong,1,0,False,False,2025-09-08
reproduce,GOOSE,Armstrong,1,0,False,False,2025-09-08
reproduction,STRUT,Armstrong,1,0,False,False,2025-09-08
reptiles,PRICE,Armstrong,1,0,False,False,2025-09-08
reptilian,DRESS,Armstrong,1,0,False,False,2025-09-08
republic,STRUT,Armstrong,1,0,False,False,2025-09-08
reputable,FOOT,Armstrong,1,0,False,False,2025-09-08
reputation,DRESS FOOT,Armstrong,1,0,False,False,2025-09-08
require,PRICE,Armstrong,1,0,False,False,2025-09-08
requiring,PRICE,Armstrong,1,0,False,False,2025-09-08
rescue,GOOSE,Armstrong,1,0,False,False,2025-09-08
rescued,GOOSE,Armstrong,1,0,False,False,2025-09-08
rescues,GOOSE,Armstrong,1,0,False,False,2025-09-08
research,NURSE,Armstrong,1,0,False,False,2025-09-08
resenthal,PALM,Armstrong,1,0,False,False,2025-09-08
reservation,LETTER,Armstrong,1,0,False,False,2025-09-08
reservations,DRESS,Armstrong,1,0,False,False,2025-09-08
reserve,NURSE,Armstrong,1,0,False,False,2025-09-08
reserved,NURSE,Armstrong,1,0,False,False,2025-09-08
reservoir,DRESS LETTER,Armstrong,1,0,False,False,2025-09-08
reset,DRESS,Armstrong,1,0,False,False,2025-09-08
residence,DRESS,Armstrong,1,0,False,False,2025-09-08
residual,KIT,Armstrong,1,0,False,False,2025-09-08
residue,DRESS GOOSE,Armstrong,1,0,False,False,2025-09-08
residues,GOOSE,Armstrong,1,0,False,False,2025-09-08
resign,PRICE,Armstrong,1,0,False,False,2025-09-08
resin,DRESS,Armstrong,1,0,False,False,2025-09-08
resist,KIT,Armstrong,1,0,False,False,2025-09-08
resolute,GOOSE,Armstrong,1,0,False,False,2025-09-08
resolution,DRESS GOOSE COMMA,Armstrong,1,0,False,False,2025-09-08
resolve,LOT,Armstrong,1,0,False,False,2025-09-08
resorb,NORTH,Armstrong,1,0,False,False,2025-09-08
resource,FORCE,Armstrong,1,0,False,False,2025-09-08
responds,LOT,Armstrong,1,0,False,False,2025-09-08
rest,DRESS,Armstrong,1,0,False,False,2025-09-08
rest-cure,CURE,Armstrong,1,0,False,False,2025-09-08
restaurant,LOT,Armstrong,1,0,False,False,2025-09-08
restauranteurs,NURSE,Armstrong,1,0,False,False,2025-09-08
restaurants,DRESS,Armstrong,1,0,False,False,2025-09-08
restaurateur,NURSE,Armstrong,1,0,False,False,2025-09-08
restock,LOT,Armstrong,1,0,False,False,2025-09-08
restore,FORCE,Armstrong,1,0,False,False,2025-09-08
result,STRUT,Armstrong,1,0,False,False,2025-09-08
resulted,STRUT,Armstrong,1,0,False,False,2025-09-08
resume,(KIT) (DRESS) GOOSE,Armstrong,1,0,False,False,2025-09-08
resumes,GOOSE,Armstrong,1,0,False,False,2025-09-08
resurfacing,NURSE,Armstrong,1,0,False,False,2025-09-08
retail,FACE,Armstrong,1,0,False,False,2025-09-08
retire,PRICE,Armstrong,1,0,False,False,2025-09-08
retiring,PRICE,Armstrong,1,0,False,False,2025-09-08
retouch,STRUT,Armstrong,1,0,False,False,2025-09-08
retreat,FLEECE,Armstrong,1,0,False,False,2025-09-08
retro,DRESS,Armstrong,1,0,False,False,2025-09-08
retrorocket,GOAT,Armstrong,1,0,False,False,2025-09-08
return,NURSE,Armstrong,1,0,False,False,2025-09-08
retweet,FLEECE,Armstrong,1,0,False,False,2025-09-08
reunite,GOOSE,Armstrong,1,0,False,False,2025-09-08
reuse,GOOSE,Armstrong,1,0,False,False,2025-09-08
reuters,CHOICE,Armstrong,1,0,False,False,2025-09-08
revaluation,TRAP,Armstrong,1,0,False,False,2025-09-08
revenue,DRESS GOOSE,Armstrong,1,0,False,False,2025-09-08
revenues,GOOSE,Armstrong,1,0,False,False,2025-09-08
revere,NEAR,Armstrong,1,0,False,False,2025-09-08
revered,NEAR,Armstrong,1,0,False,False,2025-09-08
revering,NEAR,Armstrong,1,0,False,False,2025-09-08
reverse,NURSE,Armstrong,1,0,False,False,2025-09-08
reversion,NURSE,Armstrong,1,0,False,False,2025-09-08
review,GOOSE,Armstrong,1,0,False,False,2025-09-08
reviews,GOOSE,Armstrong,1,0,False,False,2025-09-08
revisionism,KIT,Armstrong,1,0,False,False,2025-09-08
revive,PRICE,Armstrong,1,0,False,False,2025-09-08
revolution,DRESS GOOSE COMMA,Armstrong,1,0,False,False,2025-09-08
revue,GOOSE,Armstrong,1,0,False,False,2025-09-08
rh-positive,FACE,Armstrong,1,0,False,False,2025-09-08
rheims,FLEECE,Armstrong,1,0,False,False,2025-09-08
rhetorical,(CLOTH),Armstrong,1,0,False,False,2025-09-08
rheumatic,GOOSE,Armstrong,1,0,False,False,2025-09-08
rheumatoid,GOOSE CHOICE,Armstrong,1,0,False,False,2025-09-08
rhodes,GOAT,Armstrong,1,0,False,False,2025-09-08
rhonda,COMMA,Armstrong,1,0,False,False,2025-09-08
rhubarb,GOOSE START,Armstrong,1,0,False,False,2025-09-08
rhumba,STRUT,Armstrong,1,0,False,False,2025-09-08
rhyme,PRICE,Armstrong,1,0,False,False,2025-09-08
rhythm,KIT,Armstrong,1,0,False,False,2025-09-08
rhythmic,KIT,Armstrong,1,0,False,False,2025-09-08
rib,KIT,Armstrong,1,0,False,False,2025-09-08
ribbon,KIT,Armstrong,1,0,False,False,2025-09-08
ribena,PRICE,Armstrong,1,0,False,False,2025-09-08
riboflavin,GOAT,Armstrong,1,0,False,False,2025-09-08
ricci,FLEECE HAPPY,Armstrong,1,0,False,False,2025-09-08
rice,PRICE,Armstrong,1,0,False,False,2025-09-08
rich,KIT,Armstrong,1,0,False,False,2025-09-08
richard,LETTER,Armstrong,1,0,False,False,2025-09-08
richer,KIT,Armstrong,1,0,False,False,2025-09-08
richey,HAPPY,Armstrong,1,0,False,False,2025-09-08
ricochet,COMMA,Armstrong,1,0,False,False,2025-09-08
ricoh,FLEECE,Armstrong,1,0,False,False,2025-09-08
ride,PRICE,Armstrong,1,0,False,False,2025-09-08
rider,PRICE,Armstrong,1,0,False,False,2025-09-08
ridge,KIT,Armstrong,1,0,False,False,2025-09-08
ridiculous,FOOT,Armstrong,1,0,False,False,2025-09-08
riefenstal,PALM,Armstrong,1,0,False,False,2025-09-08
riff-raff,TRAP,Armstrong,1,0,False,False,2025-09-08
riffe,PRICE,Armstrong,1,0,False,False,2025-09-08
rifle,PRICE,Armstrong,1,0,False,False,2025-09-08
rig,KIT,Armstrong,1,0,False,False,2025-09-08
riga,FLEECE COMMA,Armstrong,1,0,False,False,2025-09-08
right,PRICE,Armstrong,1,0,False,False,2025-09-08
right-angled,TRAP,Armstrong,1,0,False,False,2025-09-08
right-minded,PRICE,Armstrong,1,0,False,False,2025-09-08
right-winger,LETTER,Armstrong,1,0,False,False,2025-09-08
righteous,PRICE,Armstrong,1,0,False,False,2025-09-08
righteously,PRICE,Armstrong,1,0,False,False,2025-09-08
righteousness,PRICE,Armstrong,1,0,False,False,2025-09-08
rigid,KIT,Armstrong,1,0,False,False,2025-09-08
rigil,PRICE,Armstrong,1,0,False,False,2025-09-08
rigorous,KIT,Armstrong,1,0,False,False,2025-09-08
rihanna,COMMA (FLEECE) (HAPPY),Armstrong,1,0,False,False,2025-09-08
rikki-tikki-tavi,HAPPY,Armstrong,1,0,False,False,2025-09-08
riley,PRICE,Armstrong,1,0,False,False,2025-09-08
rime,PRICE,Armstrong,1,0,False,False,2025-09-08
ringer,LETTER,Armstrong,1,0,False,False,2025-09-08
ringtone,GOAT,Armstrong,1,0,False,False,2025-09-08
rip,KIT,Armstrong,1,0,False,False,2025-09-08
rip-roaring,FORCE,Armstrong,1,0,False,False,2025-09-08
ripcord,FORCE,Armstrong,1,0,False,False,2025-09-08
ripe,PRICE,Armstrong,1,0,False,False,2025-09-08
rise,PRICE,Armstrong,1,0,False,False,2025-09-08
risen,KIT,Armstrong,1,0,False,False,2025-09-08
risk,KIT,Armstrong,1,0,False,False,2025-09-08
risky,HAPPY,Armstrong,1,0,False,False,2025-09-08
rita,FLEECE COMMA,Armstrong,1,0,False,False,2025-09-08
ritchie,HAPPY,Armstrong,1,0,False,False,2025-09-08
ritual,KIT,Armstrong,1,0,False,False,2025-09-08
river,KIT LETTER,Armstrong,1,0,False,False,2025-09-08
riverside,PRICE LETTER,Armstrong,1,0,False,False,2025-09-08
riviera,KIT SQUARE COMMA,Armstrong,1,0,False,False,2025-09-08
riyadh,TRAP,Armstrong,1,0,False,False,2025-09-08
ro-ro,GOAT,Armstrong,1,0,False,False,2025-09-08
roach,GOAT,Armstrong,1,0,False,False,2025-09-08
road,GOAT,Armstrong,1,0,False,False,2025-09-08
roadie,HAPPY,Armstrong,1,0,False,False,2025-09-08
roadrunner,STRUT,Armstrong,1,0,False,False,2025-09-08
roar,FORCE,Armstrong,1,0,False,False,2025-09-08
roared,FORCE,Armstrong,1,0,False,False,2025-09-08
roaring,FORCE,Armstrong,1,0,False,False,2025-09-08
roath,GOAT,Armstrong,1,0,False,False,2025-09-08
rob,LOT,Armstrong,1,0,False,False,2025-09-08
robe,GOAT,Armstrong,1,0,False,False,2025-09-08
robert,LOT LETTER,Armstrong,1,0,False,False,2025-09-08
robey,HAPPY,Armstrong,1,0,False,False,2025-09-08
robin,LOT,Armstrong,1,0,False,False,2025-09-08
robot,LOT GOAT,Armstrong,1,0,False,False,2025-09-08
robotic,GOAT,Armstrong,1,0,False,False,2025-09-08
robust,STRUT GOAT,Armstrong,1,0,False,False,2025-09-08
rochdale,FACE,Armstrong,1,0,False,False,2025-09-08
rock-climbing,PRICE,Armstrong,1,0,False,False,2025-09-08
rocker,LETTER,Armstrong,1,0,False,False,2025-09-08
rocking,LOT,Armstrong,1,0,False,False,2025-09-08
rocking-chair,SQUARE,Armstrong,1,0,False,False,2025-09-08
rocking-chairs,SQUARE,Armstrong,1,0,False,False,2025-09-08
rocking-horse,NORTH,Armstrong,1,0,False,False,2025-09-08
rocky,LOT,Armstrong,1,0,False,False,2025-09-08
rodrigo,LOT,Armstrong,1,0,False,False,2025-09-08
roe,GOAT,Armstrong,1,0,False,False,2025-09-08
roebuck,STRUT,Armstrong,1,0,False,False,2025-09-08
roedean,FLEECE,Armstrong,1,0,False,False,2025-09-08
roffey,HAPPY,Armstrong,1,0,False,False,2025-09-08
roger,LOT LETTER,Armstrong,1,0,False,False,2025-09-08
rogue,GOAT,Armstrong,1,0,False,False,2025-09-08
roland,GOAT,Armstrong,1,0,False,False,2025-09-08
role,GOAT,Armstrong,1,0,False,False,2025-09-08
rolex,GOAT,Armstrong,1,0,False,False,2025-09-08
roll,GOAT,Armstrong,1,0,False,False,2025-09-08
rolls-royce,CHOICE,Armstrong,1,0,False,False,2025-09-08
rom,LOT,Armstrong,1,0,False,False,2025-09-08
rom-com,LOT,Armstrong,1,0,False,False,2025-09-08
roma,COMMA,Armstrong,1,0,False,False,2025-09-08
roman,GOAT,Armstrong,1,0,False,False,2025-09-08
romance,TRAP GOAT,Armstrong,1,0,False,False,2025-09-08
romania,FACE,Armstrong,1,0,False,False,2025-09-08
romanova,COMMA,Armstrong,1,0,False,False,2025-09-08
romantic,GOAT,Armstrong,1,0,False,False,2025-09-08
rome,GOAT,Armstrong,1,0,False,False,2025-09-08
romeo,GOAT,Armstrong,1,0,False,False,2025-09-08
roof,GOOSE,Armstrong,1,0,False,False,2025-09-08
rooftop,LOT,Armstrong,1,0,False,False,2025-09-08
rooibos,LOT CHOICE,Armstrong,1,0,False,False,2025-09-08
rook,FOOT,Armstrong,1,0,False,False,2025-09-08
rookie,HAPPY,Armstrong,1,0,False,False,2025-09-08
room-mate,FACE,Armstrong,1,0,False,False,2025-09-08
roomba,COMMA,Armstrong,1,0,False,False,2025-09-08
rooster,GOOSE,Armstrong,1,0,False,False,2025-09-08
rope,GOAT,Armstrong,1,0,False,False,2025-09-08
rope-yarn,START,Armstrong,1,0,False,False,2025-09-08
ropewalk,THOUGHT,Armstrong,1,0,False,False,2025-09-08
ropey,HAPPY,Armstrong,1,0,False,False,2025-09-08
rort,NORTH,Armstrong,1,0,False,False,2025-09-08
rosario,START,Armstrong,1,0,False,False,2025-09-08
rose,GOAT,Armstrong,1,0,False,False,2025-09-08
roseanne,GOAT,Armstrong,1,0,False,False,2025-09-08
rosebud,STRUT,Armstrong,1,0,False,False,2025-09-08
rosette,GOAT,Armstrong,1,0,False,False,2025-09-08
rosewarne,NORTH,Armstrong,1,0,False,False,2025-09-08
rosewater,THOUGHT,Armstrong,1,0,False,False,2025-09-08
rosie,HAPPY,Armstrong,1,0,False,False,2025-09-08
rosin,LOT,Armstrong,1,0,False,False,2025-09-08
rossetti,DRESS COMMA,Armstrong,1,0,False,False,2025-09-08
rossi,HAPPY,Armstrong,1,0,False,False,2025-09-08
rosyth,PRICE,Armstrong,1,0,False,False,2025-09-08
rot,LOT,Armstrong,1,0,False,False,2025-09-08
rotation,GOAT,Armstrong,1,0,False,False,2025-09-08
rotgut,STRUT,Armstrong,1,0,False,False,2025-09-08
rothenstein,GOAT,Armstrong,1,0,False,False,2025-09-08
rotherhithe,LOT PRICE,Armstrong,1,0,False,False,2025-09-08
rothermere,LOT,Armstrong,1,0,False,False,2025-09-08
rothersthorpe,LOT,Armstrong,1,0,False,False,2025-09-08
rotherwick,LOT,Armstrong,1,0,False,False,2025-09-08
rothko,LOT,Armstrong,1,0,False,False,2025-09-08
rothman,LOT,Armstrong,1,0,False,False,2025-09-08
rothschild,LOT,Armstrong,1,0,False,False,2025-09-08
rotogravure,CURE,Armstrong,1,0,False,False,2025-09-08
rotterdam,TRAP,Armstrong,1,0,False,False,2025-09-08
rottingdean,FLEECE,Armstrong,1,0,False,False,2025-09-08
rouble,GOOSE,Armstrong,1,0,False,False,2025-09-08
rouge,GOOSE,Armstrong,1,0,False,False,2025-09-08
rough,STRUT,Armstrong,1,0,False,False,2025-09-08
rough-hewn,GOOSE,Armstrong,1,0,False,False,2025-09-08
rough-spoken,STRUT,Armstrong,1,0,False,False,2025-09-08
roughly,STRUT,Armstrong,1,0,False,False,2025-09-08
roulade,PALM,Armstrong,1,0,False,False,2025-09-08
round,MOUTH,Armstrong,1,0,False,False,2025-09-08
roundabout,MOUTH,Armstrong,1,0,False,False,2025-09-08
roundup,STRUT,Armstrong,1,0,False,False,2025-09-08
rourke,NORTH,Armstrong,1,0,False,False,2025-09-08
rouse,MOUTH,Armstrong,1,0,False,False,2025-09-08
routh,MOUTH,Armstrong,1,0,False,False,2025-09-08
routine,FLEECE GOOSE,Armstrong,1,0,False,False,2025-09-08
routledge,MOUTH,Armstrong,1,0,False,False,2025-09-08
rover,GOAT LETTER,Armstrong,1,0,False,False,2025-09-08
rowdy,MOUTH,Armstrong,1,0,False,False,2025-09-08
rowed,MOUTH,Armstrong,1,0,False,False,2025-09-08
rowing-club,STRUT,Armstrong,1,0,False,False,2025-09-08
rowntree,HAPPY,Armstrong,1,0,False,False,2025-09-08
rowridge,MOUTH,Armstrong,1,0,False,False,2025-09-08
rows,GOAT MOUTH,Armstrong,1,0,False,False,2025-09-08
roxy,LOT,Armstrong,1,0,False,False,2025-09-08
roy,CHOICE,Armstrong,1,0,False,False,2025-09-08
royal,CHOICE,Armstrong,1,0,False,False,2025-09-08
royalties,CHOICE,Armstrong,1,0,False,False,2025-09-08
royalty,CHOICE,Armstrong,1,0,False,False,2025-09-08
royston,CHOICE,Armstrong,1,0,False,False,2025-09-08
royton,CHOICE,Armstrong,1,0,False,False,2025-09-08
roz,LOT,Armstrong,1,0,False,False,2025-09-08
rub,STRUT,Armstrong,1,0,False,False,2025-09-08
rubber,STRUT LETTER,Armstrong,1,0,False,False,2025-09-08
rubbish,STRUT,Armstrong,1,0,False,False,2025-09-08
rube,GOOSE,Armstrong,1,0,False,False,2025-09-08
rubella,GOOSE,Armstrong,1,0,False,False,2025-09-08
rubicon,GOOSE,Armstrong,1,0,False,False,2025-09-08
rubidium,GOOSE,Armstrong,1,0,False,False,2025-09-08
rubric,GOOSE,Armstrong,1,0,False,False,2025-09-08
ruby,GOOSE,Armstrong,1,0,False,False,2025-09-08
rudd,STRUT,Armstrong,1,0,False,False,2025-09-08
rudder,STRUT,Armstrong,1,0,False,False,2025-09-08
ruddy,STRUT,Armstrong,1,0,False,False,2025-09-08
rude,GOOSE,Armstrong,1,0,False,False,2025-09-08
ruefully,GOOSE,Armstrong,1,0,False,False,2025-09-08
rues,GOOSE,Armstrong,1,0,False,False,2025-09-08
ruff,STRUT,Armstrong,1,0,False,False,2025-09-08
ruffle,STRUT,Armstrong,1,0,False,False,2025-09-08
rufus,GOOSE,Armstrong,1,0,False,False,2025-09-08
rug,STRUT,Armstrong,1,0,False,False,2025-09-08
rugby,STRUT HAPPY,Armstrong,1,0,False,False,2025-09-08
rugged,STRUT,Armstrong,1,0,False,False,2025-09-08
rugosity,GOOSE,Armstrong,1,0,False,False,2025-09-08
ruin,GOOSE,Armstrong,1,0,False,False,2025-09-08
rules,GOOSE,Armstrong,1,0,False,False,2025-09-08
rumba,COMMA,Armstrong,1,0,False,False,2025-09-08
rumor,LETTER,Armstrong,1,0,False,False,2025-09-08
rumor-mongers,STRUT,Armstrong,1,0,False,False,2025-09-08
rumours,GOOSE,Armstrong,1,0,False,False,2025-09-08
rump-steak,STRUT,Armstrong,1,0,False,False,2025-09-08
run,STRUT,Armstrong,1,0,False,False,2025-09-08
runaway,COMMA,Armstrong,1,0,False,False,2025-09-08
runcorn,FORCE,Armstrong,1,0,False,False,2025-09-08
runner,LETTER,Armstrong,1,0,False,False,2025-09-08
running,STRUT,Armstrong,1,0,False,False,2025-09-08
rupee,GOOSE HAPPY,Armstrong,1,0,False,False,2025-09-08
rupert,LETTER,Armstrong,1,0,False,False,2025-09-08
rural,CURE,Armstrong,1,0,False,False,2025-09-08
rush,STRUT,Armstrong,1,0,False,False,2025-09-08
rushmore,STRUT,Armstrong,1,0,False,False,2025-09-08
rusholme,GOAT,Armstrong,1,0,False,False,2025-09-08
rushton,STRUT,Armstrong,1,0,False,False,2025-09-08
russell,STRUT,Armstrong,1,0,False,False,2025-09-08
russia,COMMA,Armstrong,1,0,False,False,2025-09-08
russian,STRUT,Armstrong,1,0,False,False,2025-09-08
rusticity,STRUT,Armstrong,1,0,False,False,2025-09-08
ruth,GOOSE,Armstrong,1,0,False,False,2025-09-08
ruthenia,FOOT,Armstrong,1,0,False,False,2025-09-08
ruthenian,FOOT,Armstrong,1,0,False,False,2025-09-08
rutherford,STRUT,Armstrong,1,0,False,False,2025-09-08
ruthie,HAPPY,Armstrong,1,0,False,False,2025-09-08
ruthless,GOOSE,Armstrong,1,0,False,False,2025-09-08
rutland,STRUT,Armstrong,1,0,False,False,2025-09-08
ruze,GOOSE,Armstrong,1,0,False,False,2025-09-08
rwanda,COMMA,Armstrong,1,0,False,False,2025-09-08
ryan,PRICE,Armstrong,1,0,False,False,2025-09-08
ryanair,SQUARE,Armstrong,1,0,False,False,2025-09-08
saab,PALM,Armstrong,1,0,False,False,2025-09-08
saatchi,PALM,Armstrong,1,0,False,False,2025-09-08
saba,COMMA,Armstrong,1,0,False,False,2025-09-08
sabbath,COMMA,Armstrong,1,0,False,False,2025-09-08
sable,FACE,Armstrong,1,0,False,False,2025-09-08
sabotage,PALM,Armstrong,1,0,False,False,2025-09-08
sabre,FACE,Armstrong,1,0,False,False,2025-09-08
sacha,COMMA,Armstrong,1,0,False,False,2025-09-08
sachets,FACE,Armstrong,1,0,False,False,2025-09-08
sacred,FACE,Armstrong,1,0,False,False,2025-09-08
sacrifice,PRICE,Armstrong,1,0,False,False,2025-09-08
sacrificing,PRICE,Armstrong,1,0,False,False,2025-09-08
sad,TRAP,Armstrong,1,0,False,False,2025-09-08
sadduccee,HAPPY,Armstrong,1,0,False,False,2025-09-08
sade,PALM,Armstrong,1,0,False,False,2025-09-08
sadiq,TRAP FLEECE,Armstrong,1,0,False,False,2025-09-08
safari,START HAPPY COMMA,Armstrong,1,0,False,False,2025-09-08
safe,FACE,Armstrong,1,0,False,False,2025-09-08
safe-deposit,LOT,Armstrong,1,0,False,False,2025-09-08
safeguarding,FACE START,Armstrong,1,0,False,False,2025-09-08
safer,LETTER,Armstrong,1,0,False,False,2025-09-08
safety,FACE,Armstrong,1,0,False,False,2025-09-08
safety-catch,TRAP,Armstrong,1,0,False,False,2025-09-08
safety-pins,FACE,Armstrong,1,0,False,False,2025-09-08
safety-valve,FACE,Armstrong,1,0,False,False,2025-09-08
safeway,FACE,Armstrong,1,0,False,False,2025-09-08
safflower,MOUTH,Armstrong,1,0,False,False,2025-09-08
saffron,TRAP,Armstrong,1,0,False,False,2025-09-08
saga,PALM COMMA,Armstrong,1,0,False,False,2025-09-08
sagacious,FACE,Armstrong,1,0,False,False,2025-09-08
sage,FACE,Armstrong,1,0,False,False,2025-09-08
sagebrush,STRUT,Armstrong,1,0,False,False,2025-09-08
sagittarius,TRAP,Armstrong,1,0,False,False,2025-09-08
sahara,COMMA (SQUARE) (START),Armstrong,1,0,False,False,2025-09-08
said,DRESS,Armstrong,1,0,False,False,2025-09-08
saigon,PRICE,Armstrong,1,0,False,False,2025-09-08
sail,FACE,Armstrong,1,0,False,False,2025-09-08
sailor,FACE,Armstrong,1,0,False,False,2025-09-08
saint,FACE,Armstrong,1,0,False,False,2025-09-08
saipan,PRICE,Armstrong,1,0,False,False,2025-09-08
saisho,FACE,Armstrong,1,0,False,False,2025-09-08
sake,FACE,Armstrong,1,0,False,False,2025-09-08
salaam,PALM,Armstrong,1,0,False,False,2025-09-08
salami,PALM,Armstrong,1,0,False,False,2025-09-08
salary,TRAP LETTER COMMA,Armstrong,1,0,False,False,2025-09-08
salbutamol,LOT,Armstrong,1,0,False,False,2025-09-08
sale,FACE,Armstrong,1,0,False,False,2025-09-08
salem,FACE,Armstrong,1,0,False,False,2025-09-08
salerno,SQUARE,Armstrong,1,0,False,False,2025-09-08
salish,FACE,Armstrong,1,0,False,False,2025-09-08
saliva,COMMA,Armstrong,1,0,False,False,2025-09-08
saloon,GOOSE,Armstrong,1,0,False,False,2025-09-08
salsa,COMMA,Armstrong,1,0,False,False,2025-09-08
salt,THOUGHT,Armstrong,1,0,False,False,2025-09-08
saltash,TRAP,Armstrong,1,0,False,False,2025-09-08
saltmarsh,START,Armstrong,1,0,False,False,2025-09-08
salute,GOOSE,Armstrong,1,0,False,False,2025-09-08
salvador,TRAP,Armstrong,1,0,False,False,2025-09-08
salvation,TRAP,Armstrong,1,0,False,False,2025-09-08
sam,TRAP,Armstrong,1,0,False,False,2025-09-08
samantha,COMMA,Armstrong,1,0,False,False,2025-09-08
samba,COMMA,Armstrong,1,0,False,False,2025-09-08
same,FACE,Armstrong,1,0,False,False,2025-09-08
samey,HAPPY,Armstrong,1,0,False,False,2025-09-08
samhain,PALM,Armstrong,1,0,False,False,2025-09-08
samothrace,GOAT,Armstrong,1,0,False,False,2025-09-08
samsonite,PRICE,Armstrong,1,0,False,False,2025-09-08
samsung,TRAP (STRUT) (FOOT),Armstrong,1,0,False,False,2025-09-08
samuel,GOOSE,Armstrong,1,0,False,False,2025-09-08
samurai,PRICE,Armstrong,1,0,False,False,2025-09-08
sanchez,DRESS,Armstrong,1,0,False,False,2025-09-08
sandbank,TRAP,Armstrong,1,0,False,False,2025-09-08
sandcastle,BATH,Armstrong,1,0,False,False,2025-09-08
sandpiper,PRICE,Armstrong,1,0,False,False,2025-09-08
sandra,BATH COMMA,Armstrong,1,0,False,False,2025-09-08
sandstorm,NORTH,Armstrong,1,0,False,False,2025-09-08
sangfroid,PALM,Armstrong,1,0,False,False,2025-09-08
sangria,TRAP,Armstrong,1,0,False,False,2025-09-08
sanitise,PRICE,Armstrong,1,0,False,False,2025-09-08
sanitizer,LETTER,Armstrong,1,0,False,False,2025-09-08
sanitorium,FORCE,Armstrong,1,0,False,False,2025-09-08
sansa,COMMA,Armstrong,1,0,False,False,2025-09-08
santiago,PALM,Armstrong,1,0,False,False,2025-09-08
saoirse,NURSE,Armstrong,1,0,False,False,2025-09-08
sapphire,TRAP PRICE,Armstrong,1,0,False,False,2025-09-08
sara,SQUARE,Armstrong,1,0,False,False,2025-09-08
sarah,SQUARE COMMA,Armstrong,1,0,False,False,2025-09-08
saratoga,GOAT COMMA,Armstrong,1,0,False,False,2025-09-08
sarcasm,TRAP,Armstrong,1,0,False,False,2025-09-08
sardinia,START,Armstrong,1,0,False,False,2025-09-08
sargasso,START,Armstrong,1,0,False,False,2025-09-08
sargent,START,Armstrong,1,0,False,False,2025-09-08
sari,START HAPPY,Armstrong,1,0,False,False,2025-09-08
sark,START,Armstrong,1,0,False,False,2025-09-08
sars,START,Armstrong,1,0,False,False,2025-09-08
sartorial,FORCE,Armstrong,1,0,False,False,2025-09-08
sasha,PALM COMMA,Armstrong,1,0,False,False,2025-09-08
sat,TRAP,Armstrong,1,0,False,False,2025-09-08
satellite,PRICE COMMA,Armstrong,1,0,False,False,2025-09-08
satiate,FACE,Armstrong,1,0,False,False,2025-09-08
satiated,FACE,Armstrong,1,0,False,False,2025-09-08
satire,PRICE,Armstrong,1,0,False,False,2025-09-08
satisfaction,TRAP,Armstrong,1,0,False,False,2025-09-08
satisfy,PRICE,Armstrong,1,0,False,False,2025-09-08
satnav,TRAP,Armstrong,1,0,False,False,2025-09-08
saturday,TRAP LETTER,Armstrong,1,0,False,False,2025-09-08
sauce,THOUGHT,Armstrong,1,0,False,False,2025-09-08
saucer,THOUGHT,Armstrong,1,0,False,False,2025-09-08
saucy,THOUGHT,Armstrong,1,0,False,False,2025-09-08
sauerbraten,PALM,Armstrong,1,0,False,False,2025-09-08
sauerkraut,MOUTH,Armstrong,1,0,False,False,2025-09-08
sauna,COMMA,Armstrong,1,0,False,False,2025-09-08
sauron,MOUTH,Armstrong,1,0,False,False,2025-09-08
sausage,CLOTH,Armstrong,1,0,False,False,2025-09-08
savage,TRAP,Armstrong,1,0,False,False,2025-09-08
save,FACE,Armstrong,1,0,False,False,2025-09-08
saveloys,CHOICE,Armstrong,1,0,False,False,2025-09-08
saver,LETTER,Armstrong,1,0,False,False,2025-09-08
savoir-faire,PALM START,Armstrong,1,0,False,False,2025-09-08
savoir-vivre,PALM START,Armstrong,1,0,False,False,2025-09-08
savoy,CHOICE,Armstrong,1,0,False,False,2025-09-08
savvy,TRAP HAPPY,Armstrong,1,0,False,False,2025-09-08
saw-wort,THOUGHT,Armstrong,1,0,False,False,2025-09-08
saward,FACE,Armstrong,1,0,False,False,2025-09-08
sawbridge,THOUGHT,Armstrong,1,0,False,False,2025-09-08
sawbuck,THOUGHT,Armstrong,1,0,False,False,2025-09-08
sawdust,STRUT THOUGHT,Armstrong,1,0,False,False,2025-09-08
sawfish,THOUGHT,Armstrong,1,0,False,False,2025-09-08
sawmill,THOUGHT,Armstrong,1,0,False,False,2025-09-08
sawn,THOUGHT,Armstrong,1,0,False,False,2025-09-08
sawtooth,GOOSE,Armstrong,1,0,False,False,2025-09-08
sawyer,CHOICE,Armstrong,1,0,False,False,2025-09-08
saxe-coburg-gotha,GOAT COMMA,Armstrong,1,0,False,False,2025-09-08
say-so,FACE,Armstrong,1,0,False,False,2025-09-08
says,DRESS,Armstrong,1,0,False,False,2025-09-08
scabies,FACE,Armstrong,1,0,False,False,2025-09-08
scafell,PALM,Armstrong,1,0,False,False,2025-09-08
scaffold,GOAT,Armstrong,1,0,False,False,2025-09-08
scale,FACE,Armstrong,1,0,False,False,2025-09-08
scam,TRAP,Armstrong,1,0,False,False,2025-09-08
scampi,HAPPY,Armstrong,1,0,False,False,2025-09-08
scar,START,Armstrong,1,0,False,False,2025-09-08
scarborough,START (COMMA),Armstrong,1,0,False,False,2025-09-08
scarcely,SQUARE,Armstrong,1,0,False,False,2025-09-08
scarcer,SQUARE,Armstrong,1,0,False,False,2025-09-08
scarcest,SQUARE,Armstrong,1,0,False,False,2025-09-08
scarcity,SQUARE,Armstrong,1,0,False,False,2025-09-08
scare,SQUARE,Armstrong,1,0,False,False,2025-09-08
scarecrow,SQUARE,Armstrong,1,0,False,False,2025-09-08
scared,SQUARE,Armstrong,1,0,False,False,2025-09-08
scaremonger,SQUARE,Armstrong,1,0,False,False,2025-09-08
scarf,START,Armstrong,1,0,False,False,2025-09-08
scarfe,START,Armstrong,1,0,False,False,2025-09-08
scaring,SQUARE,Armstrong,1,0,False,False,2025-09-08
scarlet,START,Armstrong,1,0,False,False,2025-09-08
scarlett,START,Armstrong,1,0,False,False,2025-09-08
scarpered,START,Armstrong,1,0,False,False,2025-09-08
scarves,START,Armstrong,1,0,False,False,2025-09-08
scary,SQUARE,Armstrong,1,0,False,False,2025-09-08
scathing,FACE,Armstrong,1,0,False,False,2025-09-08
scatterbrain,FACE,Armstrong,1,0,False,False,2025-09-08
scenarios,GOAT,Armstrong,1,0,False,False,2025-09-08
scene,FLEECE,Armstrong,1,0,False,False,2025-09-08
scenic,FLEECE,Armstrong,1,0,False,False,2025-09-08
schedule,DRESS,Armstrong,1,0,False,False,2025-09-08
schemata,FLEECE,Armstrong,1,0,False,False,2025-09-08
scheme,FLEECE,Armstrong,1,0,False,False,2025-09-08
scherzinger,LETTER,Armstrong,1,0,False,False,2025-09-08
scherzo,SQUARE,Armstrong,1,0,False,False,2025-09-08
schipa,FLEECE COMMA,Armstrong,1,0,False,False,2025-09-08
schofield,GOAT,Armstrong,1,0,False,False,2025-09-08
school,GOOSE,Armstrong,1,0,False,False,2025-09-08
schoolboy,CHOICE,Armstrong,1,0,False,False,2025-09-08
schoolboys,CHOICE,Armstrong,1,0,False,False,2025-09-08
schoolmarm,START,Armstrong,1,0,False,False,2025-09-08
schoolteacher,FLEECE,Armstrong,1,0,False,False,2025-09-08
schtup,FOOT,Armstrong,1,0,False,False,2025-09-08
schultz,FOOT,Armstrong,1,0,False,False,2025-09-08
schwa,PALM,Armstrong,1,0,False,False,2025-09-08
schwarzenegger,DRESS,Armstrong,1,0,False,False,2025-09-08
sci-fi,PRICE,Armstrong,1,0,False,False,2025-09-08
science,PRICE COMMA,Armstrong,1,0,False,False,2025-09-08
scientific,KIT,Armstrong,1,0,False,False,2025-09-08
scirocco,KIT,Armstrong,1,0,False,False,2025-09-08
scissor,LETTER,Armstrong,1,0,False,False,2025-09-08
scissors,KIT,Armstrong,1,0,False,False,2025-09-08
scoop,GOOSE,Armstrong,1,0,False,False,2025-09-08
scoot,GOOSE,Armstrong,1,0,False,False,2025-09-08
scooter,GOOSE,Armstrong,1,0,False,False,2025-09-08
scope,GOAT,Armstrong,1,0,False,False,2025-09-08
scorbutic,NORTH,Armstrong,1,0,False,False,2025-09-08
scorch,NORTH,Armstrong,1,0,False,False,2025-09-08
score,FORCE,Armstrong,1,0,False,False,2025-09-08
scoreboard,FORCE,Armstrong,1,0,False,False,2025-09-08
scorecard,START FORCE,Armstrong,1,0,False,False,2025-09-08
scorer,LETTER,Armstrong,1,0,False,False,2025-09-08
scorn,NORTH,Armstrong,1,0,False,False,2025-09-08
scotch,LOT,Armstrong,1,0,False,False,2025-09-08
scotch-tape,LOT,Armstrong,1,0,False,False,2025-09-08
scotland,COMMA,Armstrong,1,0,False,False,2025-09-08
scotsman,LOT,Armstrong,1,0,False,False,2025-09-08
scourer,MOUTH,Armstrong,1,0,False,False,2025-09-08
scouring,MOUTH,Armstrong,1,0,False,False,2025-09-08
scouse,MOUTH,Armstrong,1,0,False,False,2025-09-08
scout,MOUTH,Armstrong,1,0,False,False,2025-09-08
scrape,FACE,Armstrong,1,0,False,False,2025-09-08
scrapheap,FLEECE,Armstrong,1,0,False,False,2025-09-08
scratch,TRAP,Armstrong,1,0,False,False,2025-09-08
screech,FLEECE,Armstrong,1,0,False,False,2025-09-08
screech-owl,MOUTH,Armstrong,1,0,False,False,2025-09-08
screen,FLEECE,Armstrong,1,0,False,False,2025-09-08
screenshot,LOT,Armstrong,1,0,False,False,2025-09-08
screw,GOOSE,Armstrong,1,0,False,False,2025-09-08
screwball,GOOSE,Armstrong,1,0,False,False,2025-09-08
screwdriver,PRICE,Armstrong,1,0,False,False,2025-09-08
screwworm,GOOSE,Armstrong,1,0,False,False,2025-09-08
script,KIT,Armstrong,1,0,False,False,2025-09-08
scrooge,GOOSE,Armstrong,1,0,False,False,2025-09-08
scrub-brush,STRUT,Armstrong,1,0,False,False,2025-09-08
scrubs,STRUT,Armstrong,1,0,False,False,2025-09-08
scrum,STRUT,Armstrong,1,0,False,False,2025-09-08
scrutiny,GOOSE,Armstrong,1,0,False,False,2025-09-08
scuba,GOOSE COMMA,Armstrong,1,0,False,False,2025-09-08
scud,STRUT,Armstrong,1,0,False,False,2025-09-08
scuff,STRUT,Armstrong,1,0,False,False,2025-09-08
sculpted,STRUT,Armstrong,1,0,False,False,2025-09-08
sculpture,STRUT,Armstrong,1,0,False,False,2025-09-08
scunthorpe,NORTH,Armstrong,1,0,False,False,2025-09-08
scythe,PRICE,Armstrong,1,0,False,False,2025-09-08
sea,FLEECE,Armstrong,1,0,False,False,2025-09-08
sea-bathing,FACE,Armstrong,1,0,False,False,2025-09-08
sea-level,DRESS,Armstrong,1,0,False,False,2025-09-08
sea-lion,PRICE,Armstrong,1,0,False,False,2025-09-08
seabed,DRESS,Armstrong,1,0,False,False,2025-09-08
seaboard,FLEECE,Armstrong,1,0,False,False,2025-09-08
seaborg,NORTH,Armstrong,1,0,False,False,2025-09-08
seafarer,SQUARE,Armstrong,1,0,False,False,2025-09-08
seafaring,SQUARE,Armstrong,1,0,False,False,2025-09-08
seafood,GOOSE,Armstrong,1,0,False,False,2025-09-08
seaforth,NORTH FORCE,Armstrong,1,0,False,False,2025-09-08
seagreen,FLEECE,Armstrong,1,0,False,False,2025-09-08
seagull,STRUT,Armstrong,1,0,False,False,2025-09-08
seaham,NEAR,Armstrong,1,0,False,False,2025-09-08
seahorse,NORTH,Armstrong,1,0,False,False,2025-09-08
seam,FLEECE,Armstrong,1,0,False,False,2025-09-08
seamless,FLEECE,Armstrong,1,0,False,False,2025-09-08
seamus,FACE,Armstrong,1,0,False,False,2025-09-08
sean,THOUGHT,Armstrong,1,0,False,False,2025-09-08
search,NURSE,Armstrong,1,0,False,False,2025-09-08
search-party,NURSE,Armstrong,1,0,False,False,2025-09-08
searchlight,PRICE NURSE,Armstrong,1,0,False,False,2025-09-08
seared,NEAR,Armstrong,1,0,False,False,2025-09-08
sears,NEAR,Armstrong,1,0,False,False,2025-09-08
seashore,FORCE,Armstrong,1,0,False,False,2025-09-08
seaside,PRICE,Armstrong,1,0,False,False,2025-09-08
seat,FLEECE,Armstrong,1,0,False,False,2025-09-08
seaweed,FLEECE,Armstrong,1,0,False,False,2025-09-08
sebaceous,FACE,Armstrong,1,0,False,False,2025-09-08
sebring,FLEECE,Armstrong,1,0,False,False,2025-09-08
sebum,FLEECE,Armstrong,1,0,False,False,2025-09-08
secluded,GOOSE,Armstrong,1,0,False,False,2025-09-08
seclusion,GOOSE,Armstrong,1,0,False,False,2025-09-08
second,DRESS COMMA,Armstrong,1,0,False,False,2025-09-08
second-class,BATH,Armstrong,1,0,False,False,2025-09-08
second-hand,TRAP,Armstrong,1,0,False,False,2025-09-08
seconds,DRESS,Armstrong,1,0,False,False,2025-09-08
secret,KIT FLEECE,Armstrong,1,0,False,False,2025-09-08
secretariat,SQUARE,Armstrong,1,0,False,False,2025-09-08
secretary,DRESS COMMA,Armstrong,1,0,False,False,2025-09-08
section,DRESS,Armstrong,1,0,False,False,2025-09-08
sector,DRESS LETTER,Armstrong,1,0,False,False,2025-09-08
secure,CURE,Armstrong,1,0,False,False,2025-09-08
security,KIT CURE COMMA,Armstrong,1,0,False,False,2025-09-08
sedgemoor,FORCE CURE,Armstrong,1,0,False,False,2025-09-08
see,FLEECE,Armstrong,1,0,False,False,2025-09-08
see-through,GOOSE,Armstrong,1,0,False,False,2025-09-08
seed,FLEECE,Armstrong,1,0,False,False,2025-09-08
seeger,FLEECE,Armstrong,1,0,False,False,2025-09-08
seeing,FLEECE,Armstrong,1,0,False,False,2025-09-08
seek,FLEECE,Armstrong,1,0,False,False,2025-09-08
seem,FLEECE,Armstrong,1,0,False,False,2025-09-08
seen,FLEECE,Armstrong,1,0,False,False,2025-09-08
seer,NEAR,Armstrong,1,0,False,False,2025-09-08
seersucker,STRUT NEAR,Armstrong,1,0,False,False,2025-09-08
seesawed,THOUGHT,Armstrong,1,0,False,False,2025-09-08
seesaws,THOUGHT,Armstrong,1,0,False,False,2025-09-08
sega,FACE COMMA,Armstrong,1,0,False,False,2025-09-08
segment,DRESS,Armstrong,1,0,False,False,2025-09-08
segmental,DRESS,Armstrong,1,0,False,False,2025-09-08
segmented,DRESS,Armstrong,1,0,False,False,2025-09-08
seinfeld,DRESS,Armstrong,1,0,False,False,2025-09-08
seizure,LETTER,Armstrong,1,0,False,False,2025-09-08
select,KIT DRESS,Armstrong,1,0,False,False,2025-09-08
self,DRESS,Armstrong,1,0,False,False,2025-09-08
self-absorbed,NORTH,Armstrong,1,0,False,False,2025-09-08
self-assured,CURE,Armstrong,1,0,False,False,2025-09-08
self-congratulatory,TRAP,Armstrong,1,0,False,False,2025-09-08
self-employment,CHOICE,Armstrong,1,0,False,False,2025-09-08
self-righteous,PRICE,Armstrong,1,0,False,False,2025-09-08
self-sacrificing,PRICE,Armstrong,1,0,False,False,2025-09-08
self-service,NURSE,Armstrong,1,0,False,False,2025-09-08
selfie,HAPPY,Armstrong,1,0,False,False,2025-09-08
selfsame,FACE,Armstrong,1,0,False,False,2025-09-08
selina,COMMA,Armstrong,1,0,False,False,2025-09-08
sell,DRESS,Armstrong,1,0,False,False,2025-09-08
sell-out,MOUTH,Armstrong,1,0,False,False,2025-09-08
seller,DRESS LETTER,Armstrong,1,0,False,False,2025-09-08
sellotape,FACE,Armstrong,1,0,False,False,2025-09-08
selma,COMMA,Armstrong,1,0,False,False,2025-09-08
semaphore,FORCE,Armstrong,1,0,False,False,2025-09-08
semiautomatic,THOUGHT,Armstrong,1,0,False,False,2025-09-08
seminar,START,Armstrong,1,0,False,False,2025-09-08
semiquaver,FACE,Armstrong,1,0,False,False,2025-09-08
semivowel,MOUTH,Armstrong,1,0,False,False,2025-09-08
send,DRESS,Armstrong,1,0,False,False,2025-09-08
sender,LETTER,Armstrong,1,0,False,False,2025-09-08
senghenydd,DRESS,Armstrong,1,0,False,False,2025-09-08
senile,PRICE,Armstrong,1,0,False,False,2025-09-08
senior,FLEECE,Armstrong,1,0,False,False,2025-09-08
sensation,DRESS,Armstrong,1,0,False,False,2025-09-08
sense-organ,NORTH,Armstrong,1,0,False,False,2025-09-08
sensitivity,KIT,Armstrong,1,0,False,False,2025-09-08
sensor,LETTER,Armstrong,1,0,False,False,2025-09-08
sensorial,FORCE,Armstrong,1,0,False,False,2025-09-08
sent,DRESS,Armstrong,1,0,False,False,2025-09-08
separate,DRESS COMMA (LETTER),Armstrong,1,0,False,False,2025-09-08
september,DRESS LETTER,Armstrong,1,0,False,False,2025-09-08
septennial,DRESS,Armstrong,1,0,False,False,2025-09-08
septet,DRESS,Armstrong,1,0,False,False,2025-09-08
sequel,FLEECE,Armstrong,1,0,False,False,2025-09-08
sequence,FLEECE,Armstrong,1,0,False,False,2025-09-08
sequin,FLEECE,Armstrong,1,0,False,False,2025-09-08
sequoia,CHOICE,Armstrong,1,0,False,False,2025-09-08
serape,PALM,Armstrong,1,0,False,False,2025-09-08
serbia,NURSE,Armstrong,1,0,False,False,2025-09-08
serbo-croat,TRAP GOAT,Armstrong,1,0,False,False,2025-09-08
sere,NEAR,Armstrong,1,0,False,False,2025-09-08
serene,(KIT) (DRESS) FLEECE,Armstrong,1,0,False,False,2025-09-08
serf,NURSE,Armstrong,1,0,False,False,2025-09-08
serge,NURSE,Armstrong,1,0,False,False,2025-09-08
sergeant,START,Armstrong,1,0,False,False,2025-09-08
sergei,NURSE,Armstrong,1,0,False,False,2025-09-08
sergey,NURSE,Armstrong,1,0,False,False,2025-09-08
series,NEAR,Armstrong,1,0,False,False,2025-09-08
serious,NEAR COMMA,Armstrong,1,0,False,False,2025-09-08
serpent,NURSE,Armstrong,1,0,False,False,2025-09-08
serpentine,NURSE,Armstrong,1,0,False,False,2025-09-08
serrano,PALM,Armstrong,1,0,False,False,2025-09-08
servant,NURSE,Armstrong,1,0,False,False,2025-09-08
server,LETTER NURSE,Armstrong,1,0,False,False,2025-09-08
service,KIT COMMA NURSE,Armstrong,1,0,False,False,2025-09-08
serving,NURSE,Armstrong,1,0,False,False,2025-09-08
session,DRESS,Armstrong,1,0,False,False,2025-09-08
set,DRESS,Armstrong,1,0,False,False,2025-09-08
set-to,DRESS,Armstrong,1,0,False,False,2025-09-08
set-up,DRESS STRUT,Armstrong,1,0,False,False,2025-09-08
seth,DRESS,Armstrong,1,0,False,False,2025-09-08
seurat,NURSE,Armstrong,1,0,False,False,2025-09-08
seven,DRESS,Armstrong,1,0,False,False,2025-09-08
sevenoaks,GOAT,Armstrong,1,0,False,False,2025-09-08
several,DRESS,Armstrong,1,0,False,False,2025-09-08
severe,NEAR COMMA,Armstrong,1,0,False,False,2025-09-08
severely,NEAR,Armstrong,1,0,False,False,2025-09-08
severer,NEAR,Armstrong,1,0,False,False,2025-09-08
severest,NEAR,Armstrong,1,0,False,False,2025-09-08
sew,GOAT,Armstrong,1,0,False,False,2025-09-08
sewed,GOAT,Armstrong,1,0,False,False,2025-09-08
sewn,GOAT,Armstrong,1,0,False,False,2025-09-08
sex,DRESS,Armstrong,1,0,False,False,2025-09-08
sex-starved,START,Armstrong,1,0,False,False,2025-09-08
sexploitation,CHOICE,Armstrong,1,0,False,False,2025-09-08
sexual,GOOSE,Armstrong,1,0,False,False,2025-09-08
seychelles,FACE,Armstrong,1,0,False,False,2025-09-08
seymour,FORCE,Armstrong,1,0,False,False,2025-09-08
shade,FACE,Armstrong,1,0,False,False,2025-09-08
shadow,TRAP,Armstrong,1,0,False,False,2025-09-08
shadows,GOAT,Armstrong,1,0,False,False,2025-09-08
shaeffer,FACE,Armstrong,1,0,False,False,2025-09-08
shaft,BATH,Armstrong,1,0,False,False,2025-09-08
shaggy,HAPPY,Armstrong,1,0,False,False,2025-09-08
shah,PALM,Armstrong,1,0,False,False,2025-09-08
shairp,SQUARE,Armstrong,1,0,False,False,2025-09-08
shaka,PALM,Armstrong,1,0,False,False,2025-09-08
shake,FACE,Armstrong,1,0,False,False,2025-09-08
shakespeare,FACE NEAR,Armstrong,1,0,False,False,2025-09-08
shakira,COMMA,Armstrong,1,0,False,False,2025-09-08
shall,TRAP,Armstrong,1,0,False,False,2025-09-08
shame,FACE,Armstrong,1,0,False,False,2025-09-08
shampoo,TRAP GOOSE,Armstrong,1,0,False,False,2025-09-08
shan,PALM,Armstrong,1,0,False,False,2025-09-08
shane,FACE,Armstrong,1,0,False,False,2025-09-08
shanghai,TRAP,Armstrong,1,0,False,False,2025-09-08
shape,FACE,Armstrong,1,0,False,False,2025-09-08
sharapova,COMMA,Armstrong,1,0,False,False,2025-09-08
share,SQUARE,Armstrong,1,0,False,False,2025-09-08
sharecropper,SQUARE,Armstrong,1,0,False,False,2025-09-08
shares,SQUARE,Armstrong,1,0,False,False,2025-09-08
shareware,SQUARE,Armstrong,1,0,False,False,2025-09-08
sharing,SQUARE,Armstrong,1,0,False,False,2025-09-08
sharjah,PALM START,Armstrong,1,0,False,False,2025-09-08
shark,START,Armstrong,1,0,False,False,2025-09-08
sharon,TRAP,Armstrong,1,0,False,False,2025-09-08
sharp,START,Armstrong,1,0,False,False,2025-09-08
sharpe,START,Armstrong,1,0,False,False,2025-09-08
sharpener,START,Armstrong,1,0,False,False,2025-09-08
sharples,START,Armstrong,1,0,False,False,2025-09-08
sharply,START,Armstrong,1,0,False,False,2025-09-08
sharpshooter,START,Armstrong,1,0,False,False,2025-09-08
shatterproof,GOOSE,Armstrong,1,0,False,False,2025-09-08
shaun,THOUGHT,Armstrong,1,0,False,False,2025-09-08
shave,FACE,Armstrong,1,0,False,False,2025-09-08
shaving-brush,STRUT,Armstrong,1,0,False,False,2025-09-08
shawm,THOUGHT,Armstrong,1,0,False,False,2025-09-08
shawn,THOUGHT,Armstrong,1,0,False,False,2025-09-08
shawnee,HAPPY,Armstrong,1,0,False,False,2025-09-08
shawshank,TRAP THOUGHT,Armstrong,1,0,False,False,2025-09-08
she,FLEECE,Armstrong,1,0,False,False,2025-09-08
she-devil,DRESS,Armstrong,1,0,False,False,2025-09-08
shear,NEAR,Armstrong,1,0,False,False,2025-09-08
sheard,SQUARE,Armstrong,1,0,False,False,2025-09-08
shearling,NEAR,Armstrong,1,0,False,False,2025-09-08
shearwater,NEAR,Armstrong,1,0,False,False,2025-09-08
sheba,FLEECE COMMA,Armstrong,1,0,False,False,2025-09-08
sheboygan,CHOICE,Armstrong,1,0,False,False,2025-09-08
sheen,FLEECE,Armstrong,1,0,False,False,2025-09-08
sheep,FLEECE,Armstrong,1,0,False,False,2025-09-08
sheer,NEAR,Armstrong,1,0,False,False,2025-09-08
sheerness,NEAR,Armstrong,1,0,False,False,2025-09-08
sheet,FLEECE,Armstrong,1,0,False,False,2025-09-08
sheeting,FLEECE,Armstrong,1,0,False,False,2025-09-08
sheffield,DRESS,Armstrong,1,0,False,False,2025-09-08
sheik,FACE,Armstrong,1,0,False,False,2025-09-08
sheikh,FACE,Armstrong,1,0,False,False,2025-09-08
sheila,COMMA,Armstrong,1,0,False,False,2025-09-08
shemozzle,LOT,Armstrong,1,0,False,False,2025-09-08
sherborne,NURSE,Armstrong,1,0,False,False,2025-09-08
sherbourne,CURE,Armstrong,1,0,False,False,2025-09-08
shere,NEAR,Armstrong,1,0,False,False,2025-09-08
sherlock,LOT NURSE,Armstrong,1,0,False,False,2025-09-08
sherman,NURSE,Armstrong,1,0,False,False,2025-09-08
sherpa,COMMA NURSE,Armstrong,1,0,False,False,2025-09-08
sherwin,NURSE,Armstrong,1,0,False,False,2025-09-08
sherwood,NURSE,Armstrong,1,0,False,False,2025-09-08
shibboleth,DRESS,Armstrong,1,0,False,False,2025-09-08
shift,KIT,Armstrong,1,0,False,False,2025-09-08
shijiazhuang,PALM,Armstrong,1,0,False,False,2025-09-08
shillibeer,NEAR,Armstrong,1,0,False,False,2025-09-08
shine,PRICE,Armstrong,1,0,False,False,2025-09-08
ship,KIT,Armstrong,1,0,False,False,2025-09-08
shipshape,FACE,Armstrong,1,0,False,False,2025-09-08
shiremoor,FORCE CURE,Armstrong,1,0,False,False,2025-09-08
shirley,NURSE,Armstrong,1,0,False,False,2025-09-08
shirt,NURSE,Armstrong,1,0,False,False,2025-09-08
shitload,GOAT,Armstrong,1,0,False,False,2025-09-08
shiva,COMMA,Armstrong,1,0,False,False,2025-09-08
shod,LOT,Armstrong,1,0,False,False,2025-09-08
shoe,GOOSE,Armstrong,1,0,False,False,2025-09-08
shoe-leather,DRESS,Armstrong,1,0,False,False,2025-09-08
shoeshine,GOOSE,Armstrong,1,0,False,False,2025-09-08
shogun,GOAT,Armstrong,1,0,False,False,2025-09-08
shook,FOOT,Armstrong,1,0,False,False,2025-09-08
shoot,GOOSE,Armstrong,1,0,False,False,2025-09-08
shop,LOT,Armstrong,1,0,False,False,2025-09-08
shop-boys,CHOICE,Armstrong,1,0,False,False,2025-09-08
shophar,GOAT,Armstrong,1,0,False,False,2025-09-08
shopkeeper,FLEECE,Armstrong,1,0,False,False,2025-09-08
shopper,LETTER,Armstrong,1,0,False,False,2025-09-08
shore,FORCE,Armstrong,1,0,False,False,2025-09-08
shoreline,FORCE,Armstrong,1,0,False,False,2025-09-08
short,NORTH,Armstrong,1,0,False,False,2025-09-08
short-circuit,NORTH,Armstrong,1,0,False,False,2025-09-08
short-crust,STRUT,Armstrong,1,0,False,False,2025-09-08
short-lived,FORCE,Armstrong,1,0,False,False,2025-09-08
shortcomings,STRUT,Armstrong,1,0,False,False,2025-09-08
shortcut,STRUT,Armstrong,1,0,False,False,2025-09-08
shoshanna,GOAT,Armstrong,1,0,False,False,2025-09-08
shoshone,GOAT,Armstrong,1,0,False,False,2025-09-08
shotgun,STRUT,Armstrong,1,0,False,False,2025-09-08
should,FOOT COMMA,Armstrong,1,0,False,False,2025-09-08
shoulder,LETTER,Armstrong,1,0,False,False,2025-09-08
shoulder-strap,TRAP,Armstrong,1,0,False,False,2025-09-08
shout,MOUTH,Armstrong,1,0,False,False,2025-09-08
shovel,STRUT,Armstrong,1,0,False,False,2025-09-08
show,GOAT,Armstrong,1,0,False,False,2025-09-08
show-jumping,GOAT,Armstrong,1,0,False,False,2025-09-08
show-stopping,GOAT,Armstrong,1,0,False,False,2025-09-08
show-window,GOAT,Armstrong,1,0,False,False,2025-09-08
showbiz,GOAT,Armstrong,1,0,False,False,2025-09-08
showboat,GOAT,Armstrong,1,0,False,False,2025-09-08
showcase,FACE GOAT,Armstrong,1,0,False,False,2025-09-08
showed,GOAT,Armstrong,1,0,False,False,2025-09-08
shower,MOUTH,Armstrong,1,0,False,False,2025-09-08
shower-baths,BATH,Armstrong,1,0,False,False,2025-09-08
showgirl,GOAT,Armstrong,1,0,False,False,2025-09-08
showground,GOAT,Armstrong,1,0,False,False,2025-09-08
showjumping,STRUT,Armstrong,1,0,False,False,2025-09-08
showman,GOAT,Armstrong,1,0,False,False,2025-09-08
shown,GOAT,Armstrong,1,0,False,False,2025-09-08
showroom,GOAT,Armstrong,1,0,False,False,2025-09-08
shows,GOAT,Armstrong,1,0,False,False,2025-09-08
shrew-mouse,MOUTH,Armstrong,1,0,False,False,2025-09-08
shrewsbury,GOAT,Armstrong,1,0,False,False,2025-09-08
shrink-wrap,TRAP,Armstrong,1,0,False,False,2025-09-08
shroud,MOUTH,Armstrong,1,0,False,False,2025-09-08
shrug,STRUT,Armstrong,1,0,False,False,2025-09-08
shrunk,STRUT,Armstrong,1,0,False,False,2025-09-08
shuffle,STRUT,Armstrong,1,0,False,False,2025-09-08
shufti,FOOT,Armstrong,1,0,False,False,2025-09-08
shush,FOOT,Armstrong,1,0,False,False,2025-09-08
shut,STRUT,Armstrong,1,0,False,False,2025-09-08
shutdown,STRUT,Armstrong,1,0,False,False,2025-09-08
shutter,STRUT,Armstrong,1,0,False,False,2025-09-08
shuttle,STRUT,Armstrong,1,0,False,False,2025-09-08
siberian,PRICE,Armstrong,1,0,False,False,2025-09-08
sibling,KIT,Armstrong,1,0,False,False,2025-09-08
sick,KIT,Armstrong,1,0,False,False,2025-09-08
side,PRICE,Armstrong,1,0,False,False,2025-09-08
sideboard,FORCE,Armstrong,1,0,False,False,2025-09-08
sidewalk,THOUGHT,Armstrong,1,0,False,False,2025-09-08
siegmund,FOOT,Armstrong,1,0,False,False,2025-09-08
sienna,COMMA,Armstrong,1,0,False,False,2025-09-08
sierra,SQUARE COMMA,Armstrong,1,0,False,False,2025-09-08
sigh,PRICE,Armstrong,1,0,False,False,2025-09-08
sighs,PRICE,Armstrong,1,0,False,False,2025-09-08
sight,PRICE,Armstrong,1,0,False,False,2025-09-08
sightseeing,PRICE,Armstrong,1,0,False,False,2025-09-08
sigma,COMMA,Armstrong,1,0,False,False,2025-09-08
sign,PRICE,Armstrong,1,0,False,False,2025-09-08
signage,PRICE,Armstrong,1,0,False,False,2025-09-08
signal,KIT,Armstrong,1,0,False,False,2025-09-08
signature,KIT COMMA,Armstrong,1,0,False,False,2025-09-08
significant,KIT,Armstrong,1,0,False,False,2025-09-08
signifies,PRICE,Armstrong,1,0,False,False,2025-09-08
signors,NORTH,Armstrong,1,0,False,False,2025-09-08
signposted,PRICE,Armstrong,1,0,False,False,2025-09-08
sigourney,FORCE,Armstrong,1,0,False,False,2025-09-08
silence,PRICE,Armstrong,1,0,False,False,2025-09-08
silent,PRICE,Armstrong,1,0,False,False,2025-09-08
silicone,GOAT,Armstrong,1,0,False,False,2025-09-08
siliqua,COMMA,Armstrong,1,0,False,False,2025-09-08
silky,HAPPY,Armstrong,1,0,False,False,2025-09-08
silver,KIT LETTER COMMA,Armstrong,1,0,False,False,2025-09-08
silverman,LETTER,Armstrong,1,0,False,False,2025-09-08
silverstone,GOAT,Armstrong,1,0,False,False,2025-09-08
silverware,SQUARE,Armstrong,1,0,False,False,2025-09-08
silvie,HAPPY,Armstrong,1,0,False,False,2025-09-08
simba,COMMA,Armstrong,1,0,False,False,2025-09-08
similar,LETTER COMMA,Armstrong,1,0,False,False,2025-09-08
similarly,LETTER,Armstrong,1,0,False,False,2025-09-08
simon,PRICE,Armstrong,1,0,False,False,2025-09-08
sinatra,PALM,Armstrong,1,0,False,False,2025-09-08
sincere,NEAR,Armstrong,1,0,False,False,2025-09-08
sincerely,NEAR,Armstrong,1,0,False,False,2025-09-08
sinclair,SQUARE,Armstrong,1,0,False,False,2025-09-08
sinead,FACE,Armstrong,1,0,False,False,2025-09-08
sinecure,CURE,Armstrong,1,0,False,False,2025-09-08
singapore,FORCE COMMA,Armstrong,1,0,False,False,2025-09-08
singer,(LETTER),Armstrong,1,0,False,False,2025-09-08
sinhala,PALM,Armstrong,1,0,False,False,2025-09-08
siphon,PRICE,Armstrong,1,0,False,False,2025-09-08
sir,LETTER NURSE,Armstrong,1,0,False,False,2025-09-08
siracusa,COMMA,Armstrong,1,0,False,False,2025-09-08
sirloin,CHOICE NURSE,Armstrong,1,0,False,False,2025-09-08
sirs,NURSE,Armstrong,1,0,False,False,2025-09-08
sister,KIT,Armstrong,1,0,False,False,2025-09-08
sistine,FLEECE,Armstrong,1,0,False,False,2025-09-08
sit,KIT,Armstrong,1,0,False,False,2025-09-08
sitcom,LOT,Armstrong,1,0,False,False,2025-09-08
site,PRICE,Armstrong,1,0,False,False,2025-09-08
sittingbourne,FORCE,Armstrong,1,0,False,False,2025-09-08
situated,GOOSE,Armstrong,1,0,False,False,2025-09-08
situation,KIT GOOSE,Armstrong,1,0,False,False,2025-09-08
situationality,FACE,Armstrong,1,0,False,False,2025-09-08
six,KIT,Armstrong,1,0,False,False,2025-09-08
size,PRICE,Armstrong,1,0,False,False,2025-09-08
ska,PALM,Armstrong,1,0,False,False,2025-09-08
skateboard,FORCE,Armstrong,1,0,False,False,2025-09-08
skegness,DRESS,Armstrong,1,0,False,False,2025-09-08
skelmanthorpe,NORTH,Armstrong,1,0,False,False,2025-09-08
sketch,DRESS,Armstrong,1,0,False,False,2025-09-08
sketchers,DRESS,Armstrong,1,0,False,False,2025-09-08
skew,GOOSE,Armstrong,1,0,False,False,2025-09-08
skew-whiff,GOOSE,Armstrong,1,0,False,False,2025-09-08
skewbald,THOUGHT,Armstrong,1,0,False,False,2025-09-08
skewed,GOOSE,Armstrong,1,0,False,False,2025-09-08
skewer,GOOSE,Armstrong,1,0,False,False,2025-09-08
ski,FLEECE,Armstrong,1,0,False,False,2025-09-08
ski-jump,STRUT,Armstrong,1,0,False,False,2025-09-08
skibob,LOT FLEECE,Armstrong,1,0,False,False,2025-09-08
skies,PRICE,Armstrong,1,0,False,False,2025-09-08
skijoring,FLEECE,Armstrong,1,0,False,False,2025-09-08
skills,KIT,Armstrong,1,0,False,False,2025-09-08
skin-tight,PRICE,Armstrong,1,0,False,False,2025-09-08
skip,KIT,Armstrong,1,0,False,False,2025-09-08
skirt,NURSE,Armstrong,1,0,False,False,2025-09-08
skiwear,SQUARE,Armstrong,1,0,False,False,2025-09-08
skull,STRUT,Armstrong,1,0,False,False,2025-09-08
skuzzy,STRUT,Armstrong,1,0,False,False,2025-09-08
sky,PRICE,Armstrong,1,0,False,False,2025-09-08
sky-blue,PRICE,Armstrong,1,0,False,False,2025-09-08
sky-high,PRICE,Armstrong,1,0,False,False,2025-09-08
skydiving,PRICE,Armstrong,1,0,False,False,2025-09-08
skyjack,PRICE,Armstrong,1,0,False,False,2025-09-08
skylab,TRAP,Armstrong,1,0,False,False,2025-09-08
skylark,START,Armstrong,1,0,False,False,2025-09-08
skylight,PRICE,Armstrong,1,0,False,False,2025-09-08
skyline,PRICE,Armstrong,1,0,False,False,2025-09-08
skype,PRICE,Armstrong,1,0,False,False,2025-09-08
skyscraper,FACE LETTER,Armstrong,1,0,False,False,2025-09-08
skywalker,THOUGHT PRICE,Armstrong,1,0,False,False,2025-09-08
skyward,PRICE,Armstrong,1,0,False,False,2025-09-08
slade,FACE,Armstrong,1,0,False,False,2025-09-08
slagheap,FLEECE,Armstrong,1,0,False,False,2025-09-08
slapdash,TRAP,Armstrong,1,0,False,False,2025-09-08
slather,TRAP,Armstrong,1,0,False,False,2025-09-08
slave,FACE,Armstrong,1,0,False,False,2025-09-08
slazenger,TRAP,Armstrong,1,0,False,False,2025-09-08
sleek,FLEECE,Armstrong,1,0,False,False,2025-09-08
sleep,FLEECE,Armstrong,1,0,False,False,2025-09-08
sleepeezee,HAPPY,Armstrong,1,0,False,False,2025-09-08
sleeper,LETTER,Armstrong,1,0,False,False,2025-09-08
sleeping-bag,TRAP,Armstrong,1,0,False,False,2025-09-08
sleepwalking,THOUGHT,Armstrong,1,0,False,False,2025-09-08
sleepy,FLEECE,Armstrong,1,0,False,False,2025-09-08
sleet,FLEECE,Armstrong,1,0,False,False,2025-09-08
sleigh-bells,FACE,Armstrong,1,0,False,False,2025-09-08
sleight,PRICE,Armstrong,1,0,False,False,2025-09-08
sleipnir,FACE,Armstrong,1,0,False,False,2025-09-08
sleuth,GOOSE,Armstrong,1,0,False,False,2025-09-08
slice,PRICE,Armstrong,1,0,False,False,2025-09-08
slide,PRICE,Armstrong,1,0,False,False,2025-09-08
slight,PRICE,Armstrong,1,0,False,False,2025-09-08
sligo,PRICE,Armstrong,1,0,False,False,2025-09-08
slimmer,LETTER,Armstrong,1,0,False,False,2025-09-08
slinger,LETTER,Armstrong,1,0,False,False,2025-09-08
slip-coach,GOAT,Armstrong,1,0,False,False,2025-09-08
slipcover,STRUT,Armstrong,1,0,False,False,2025-09-08
slips,KIT,Armstrong,1,0,False,False,2025-09-08
slipstream,FLEECE,Armstrong,1,0,False,False,2025-09-08
slithered,KIT,Armstrong,1,0,False,False,2025-09-08
sliwa,COMMA,Armstrong,1,0,False,False,2025-09-08
sloe-gin,GOAT,Armstrong,1,0,False,False,2025-09-08
slog,CLOTH,Armstrong,1,0,False,False,2025-09-08
slogan,GOAT,Armstrong,1,0,False,False,2025-09-08
slogging,LOT,Armstrong,1,0,False,False,2025-09-08
slope,GOAT,Armstrong,1,0,False,False,2025-09-08
slotted,LOT,Armstrong,1,0,False,False,2025-09-08
slouch,MOUTH,Armstrong,1,0,False,False,2025-09-08
slouch-hat,MOUTH,Armstrong,1,0,False,False,2025-09-08
slovak,GOAT,Armstrong,1,0,False,False,2025-09-08
slovakia,COMMA,Armstrong,1,0,False,False,2025-09-08
slovenia,COMMA,Armstrong,1,0,False,False,2025-09-08
slovenly,STRUT,Armstrong,1,0,False,False,2025-09-08
slow-motion,GOAT,Armstrong,1,0,False,False,2025-09-08
slow-worm,GOAT,Armstrong,1,0,False,False,2025-09-08
slowcoach,GOAT,Armstrong,1,0,False,False,2025-09-08
slowly,GOAT,Armstrong,1,0,False,False,2025-09-08
slowpoke,GOAT,Armstrong,1,0,False,False,2025-09-08
slows,GOAT,Armstrong,1,0,False,False,2025-09-08
sludge,STRUT,Armstrong,1,0,False,False,2025-09-08
slug,STRUT,Armstrong,1,0,False,False,2025-09-08
slumdog,LOT,Armstrong,1,0,False,False,2025-09-08
slur,NURSE,Armstrong,1,0,False,False,2025-09-08
slurry,STRUT,Armstrong,1,0,False,False,2025-09-08
slurs,NURSE,Armstrong,1,0,False,False,2025-09-08
slush,STRUT,Armstrong,1,0,False,False,2025-09-08
slytherin,KIT,Armstrong,1,0,False,False,2025-09-08
small,THOUGHT,Armstrong,1,0,False,False,2025-09-08
smaller,LETTER,Armstrong,1,0,False,False,2025-09-08
smart,START,Armstrong,1,0,False,False,2025-09-08
smash,TRAP,Armstrong,1,0,False,False,2025-09-08
smear,NEAR,Armstrong,1,0,False,False,2025-09-08
smear-words,NEAR,Armstrong,1,0,False,False,2025-09-08
smee,HAPPY,Armstrong,1,0,False,False,2025-09-08
smethwick,DRESS,Armstrong,1,0,False,False,2025-09-08
smile,PRICE,Armstrong,1,0,False,False,2025-09-08
smith,KIT,Armstrong,1,0,False,False,2025-09-08
smithereens,KIT,Armstrong,1,0,False,False,2025-09-08
smithy,KIT HAPPY,Armstrong,1,0,False,False,2025-09-08
smog,CLOTH,Armstrong,1,0,False,False,2025-09-08
smoke,GOAT,Armstrong,1,0,False,False,2025-09-08
smoke-cured,CURE,Armstrong,1,0,False,False,2025-09-08
smoking,GOAT,Armstrong,1,0,False,False,2025-09-08
smooch,GOOSE,Armstrong,1,0,False,False,2025-09-08
smooth-tongued,STRUT,Armstrong,1,0,False,False,2025-09-08
smooths,GOOSE,Armstrong,1,0,False,False,2025-09-08
smorgasbord,NORTH,Armstrong,1,0,False,False,2025-09-08
smother,STRUT,Armstrong,1,0,False,False,2025-09-08
sms,DRESS,Armstrong,1,0,False,False,2025-09-08
smudge,STRUT,Armstrong,1,0,False,False,2025-09-08
smuggler,STRUT,Armstrong,1,0,False,False,2025-09-08
smurfs,NURSE,Armstrong,1,0,False,False,2025-09-08
smythe,PRICE,Armstrong,1,0,False,False,2025-09-08
snaefell,FACE,Armstrong,1,0,False,False,2025-09-08
snafu,TRAP,Armstrong,1,0,False,False,2025-09-08
snail,FACE,Armstrong,1,0,False,False,2025-09-08
snaith,FACE,Armstrong,1,0,False,False,2025-09-08
snake,FACE,Armstrong,1,0,False,False,2025-09-08
snap,TRAP,Armstrong,1,0,False,False,2025-09-08
snapdragon,TRAP,Armstrong,1,0,False,False,2025-09-08
snape,FACE,Armstrong,1,0,False,False,2025-09-08
snapshot,TRAP LOT,Armstrong,1,0,False,False,2025-09-08
snare-drum,STRUT SQUARE,Armstrong,1,0,False,False,2025-09-08
sneak,FLEECE,Armstrong,1,0,False,False,2025-09-08
sneaky,HAPPY,Armstrong,1,0,False,False,2025-09-08
sniper,PRICE,Armstrong,1,0,False,False,2025-09-08
sno-cat,TRAP,Armstrong,1,0,False,False,2025-09-08
snoop,GOOSE,Armstrong,1,0,False,False,2025-09-08
snooze,GOOSE,Armstrong,1,0,False,False,2025-09-08
snorkel,NORTH,Armstrong,1,0,False,False,2025-09-08
snort,NORTH,Armstrong,1,0,False,False,2025-09-08
snow,GOAT,Armstrong,1,0,False,False,2025-09-08
snow-capped,GOAT,Armstrong,1,0,False,False,2025-09-08
snow-covered,STRUT,Armstrong,1,0,False,False,2025-09-08
snow-white,GOAT PRICE,Armstrong,1,0,False,False,2025-09-08
snowboard,GOAT FORCE,Armstrong,1,0,False,False,2025-09-08
snowden,GOAT,Armstrong,1,0,False,False,2025-09-08
snowdonia,GOAT,Armstrong,1,0,False,False,2025-09-08
snowdrops,LOT,Armstrong,1,0,False,False,2025-09-08
snowfall,GOAT,Armstrong,1,0,False,False,2025-09-08
snowfield,GOAT,Armstrong,1,0,False,False,2025-09-08
snowflake,GOAT,Armstrong,1,0,False,False,2025-09-08
snowman,GOAT,Armstrong,1,0,False,False,2025-09-08
snowmelt,GOAT,Armstrong,1,0,False,False,2025-09-08
snowmobile,GOAT,Armstrong,1,0,False,False,2025-09-08
snowplough,MOUTH,Armstrong,1,0,False,False,2025-09-08
snowplow,MOUTH,Armstrong,1,0,False,False,2025-09-08
snows,GOAT,Armstrong,1,0,False,False,2025-09-08
snowshoes,GOAT,Armstrong,1,0,False,False,2025-09-08
snowstorm,GOAT,Armstrong,1,0,False,False,2025-09-08
snuff,STRUT,Armstrong,1,0,False,False,2025-09-08
snug,STRUT,Armstrong,1,0,False,False,2025-09-08
snuggle,STRUT,Armstrong,1,0,False,False,2025-09-08
so-so,GOAT,Armstrong,1,0,False,False,2025-09-08
soak,GOAT,Armstrong,1,0,False,False,2025-09-08
soap,GOAT,Armstrong,1,0,False,False,2025-09-08
soapsuds,STRUT,Armstrong,1,0,False,False,2025-09-08
soar,START FORCE,Armstrong,1,0,False,False,2025-09-08
soaraway,FORCE,Armstrong,1,0,False,False,2025-09-08
soared,FORCE,Armstrong,1,0,False,False,2025-09-08
soaring,FORCE,Armstrong,1,0,False,False,2025-09-08
sober,GOAT,Armstrong,1,0,False,False,2025-09-08
soccer,LETTER,Armstrong,1,0,False,False,2025-09-08
social,GOAT,Armstrong,1,0,False,False,2025-09-08
socialite,PRICE,Armstrong,1,0,False,False,2025-09-08
society,PRICE COMMA,Armstrong,1,0,False,False,2025-09-08
sociology,COMMA,Armstrong,1,0,False,False,2025-09-08
sociopath,TRAP,Armstrong,1,0,False,False,2025-09-08
soda,GOAT COMMA,Armstrong,1,0,False,False,2025-09-08
sodium,GOAT,Armstrong,1,0,False,False,2025-09-08
sofa,GOAT COMMA,Armstrong,1,0,False,False,2025-09-08
sofas,COMMA,Armstrong,1,0,False,False,2025-09-08
sofia,COMMA,Armstrong,1,0,False,False,2025-09-08
soft,CLOTH,Armstrong,1,0,False,False,2025-09-08
soft-boiled,CHOICE,Armstrong,1,0,False,False,2025-09-08
software,SQUARE,Armstrong,1,0,False,False,2025-09-08
soggy,LOT HAPPY,Armstrong,1,0,False,False,2025-09-08
soil,CHOICE,Armstrong,1,0,False,False,2025-09-08
solar,GOAT LETTER,Armstrong,1,0,False,False,2025-09-08
solaris,START,Armstrong,1,0,False,False,2025-09-08
sold,GOAT,Armstrong,1,0,False,False,2025-09-08
soldering-iron,PRICE,Armstrong,1,0,False,False,2025-09-08
soldier,LETTER,Armstrong,1,0,False,False,2025-09-08
sole,GOAT,Armstrong,1,0,False,False,2025-09-08
solenoid,CHOICE,Armstrong,1,0,False,False,2025-09-08
solid,KIT,Armstrong,1,0,False,False,2025-09-08
solitaire,SQUARE,Armstrong,1,0,False,False,2025-09-08
solitude,GOOSE,Armstrong,1,0,False,False,2025-09-08
solo,GOAT,Armstrong,1,0,False,False,2025-09-08
solomon,LOT,Armstrong,1,0,False,False,2025-09-08
solubility,FOOT,Armstrong,1,0,False,False,2025-09-08
solution,GOOSE,Armstrong,1,0,False,False,2025-09-08
solving,LOT,Armstrong,1,0,False,False,2025-09-08
soma,GOAT COMMA,Armstrong,1,0,False,False,2025-09-08
somali,PALM,Armstrong,1,0,False,False,2025-09-08
somalia,PALM,Armstrong,1,0,False,False,2025-09-08
sombrero,LOT,Armstrong,1,0,False,False,2025-09-08
some,STRUT COMMA,Armstrong,1,0,False,False,2025-09-08
somebody,STRUT,Armstrong,1,0,False,False,2025-09-08
somehow,STRUT MOUTH,Armstrong,1,0,False,False,2025-09-08
someone,STRUT,Armstrong,1,0,False,False,2025-09-08
somersault,THOUGHT,Armstrong,1,0,False,False,2025-09-08
somerset,DRESS STRUT LETTER,Armstrong,1,0,False,False,2025-09-08
somerville,LETTER,Armstrong,1,0,False,False,2025-09-08
something,STRUT,Armstrong,1,0,False,False,2025-09-08
sometimes,STRUT PRICE,Armstrong,1,0,False,False,2025-09-08
somewhat,LOT STRUT,Armstrong,1,0,False,False,2025-09-08
somewhere,STRUT SQUARE,Armstrong,1,0,False,False,2025-09-08
sommelier,LOT,Armstrong,1,0,False,False,2025-09-08
son,STRUT,Armstrong,1,0,False,False,2025-09-08
sonata,PALM,Armstrong,1,0,False,False,2025-09-08
song,CLOTH,Armstrong,1,0,False,False,2025-09-08
songwriter,PRICE,Armstrong,1,0,False,False,2025-09-08
sony,GOAT,Armstrong,1,0,False,False,2025-09-08
soon,GOOSE,Armstrong,1,0,False,False,2025-09-08
soot,FOOT,Armstrong,1,0,False,False,2025-09-08
sooth,GOOSE,Armstrong,1,0,False,False,2025-09-08
soothes,GOOSE,Armstrong,1,0,False,False,2025-09-08
soothsayer,GOOSE,Armstrong,1,0,False,False,2025-09-08
sophia,FLEECE NEAR,Armstrong,1,0,False,False,2025-09-08
sophie,GOAT HAPPY,Armstrong,1,0,False,False,2025-09-08
sophisticated,COMMA,Armstrong,1,0,False,False,2025-09-08
sophronia,GOAT,Armstrong,1,0,False,False,2025-09-08
sorbet,NORTH,Armstrong,1,0,False,False,2025-09-08
sorbitol,LOT NORTH,Armstrong,1,0,False,False,2025-09-08
sorbonne,NORTH,Armstrong,1,0,False,False,2025-09-08
sorcerer,LETTER,Armstrong,1,0,False,False,2025-09-08
sore,FORCE,Armstrong,1,0,False,False,2025-09-08
sorghum,NORTH,Armstrong,1,0,False,False,2025-09-08
sorrel,(CLOTH),Armstrong,1,0,False,False,2025-09-08
sorrow,(CLOTH),Armstrong,1,0,False,False,2025-09-08
sorrowful,GOAT,Armstrong,1,0,False,False,2025-09-08
sorry,(CLOTH),Armstrong,1,0,False,False,2025-09-08
sort,NORTH,Armstrong,1,0,False,False,2025-09-08
sortie,HAPPY,Armstrong,1,0,False,False,2025-09-08
sotheby,STRUT,Armstrong,1,0,False,False,2025-09-08
soubrette,GOOSE,Armstrong,1,0,False,False,2025-09-08
souffle,GOOSE,Armstrong,1,0,False,False,2025-09-08
sought-after,THOUGHT,Armstrong,1,0,False,False,2025-09-08
soul,GOAT,Armstrong,1,0,False,False,2025-09-08
sound,MOUTH,Armstrong,1,0,False,False,2025-09-08
soundproofing,GOOSE,Armstrong,1,0,False,False,2025-09-08
soundtrack,TRAP,Armstrong,1,0,False,False,2025-09-08
soup,GOOSE,Armstrong,1,0,False,False,2025-09-08
sour,MOUTH,Armstrong,1,0,False,False,2025-09-08
source,FORCE,Armstrong,1,0,False,False,2025-09-08
sourdine,FORCE CURE,Armstrong,1,0,False,False,2025-09-08
sourer,MOUTH,Armstrong,1,0,False,False,2025-09-08
souring,MOUTH,Armstrong,1,0,False,False,2025-09-08
south,MOUTH,Armstrong,1,0,False,False,2025-09-08
southall,THOUGHT,Armstrong,1,0,False,False,2025-09-08
southampton,TRAP MOUTH,Armstrong,1,0,False,False,2025-09-08
southbound,MOUTH,Armstrong,1,0,False,False,2025-09-08
southeast,MOUTH,Armstrong,1,0,False,False,2025-09-08
southeastern,MOUTH,Armstrong,1,0,False,False,2025-09-08
southeastward,MOUTH,Armstrong,1,0,False,False,2025-09-08
southern,STRUT LETTER,Armstrong,1,0,False,False,2025-09-08
southerners,STRUT,Armstrong,1,0,False,False,2025-09-08
southey,HAPPY (STRUT) (MOUTH),Armstrong,1,0,False,False,2025-09-08
southgate,MOUTH,Armstrong,1,0,False,False,2025-09-08
southpaws,THOUGHT,Armstrong,1,0,False,False,2025-09-08
southport,MOUTH FORCE,Armstrong,1,0,False,False,2025-09-08
southsea,HAPPY,Armstrong,1,0,False,False,2025-09-08
southward,MOUTH,Armstrong,1,0,False,False,2025-09-08
southwark,STRUT,Armstrong,1,0,False,False,2025-09-08
southwell,MOUTH,Armstrong,1,0,False,False,2025-09-08
southwest,MOUTH,Armstrong,1,0,False,False,2025-09-08
southwesterly,MOUTH,Armstrong,1,0,False,False,2025-09-08
souvenir,GOOSE,Armstrong,1,0,False,False,2025-09-08
souvenirs,NEAR,Armstrong,1,0,False,False,2025-09-08
souza,COMMA,Armstrong,1,0,False,False,2025-09-08
sovereign,LOT,Armstrong,1,0,False,False,2025-09-08
soviet,(GOAT) (LOT),Armstrong,1,0,False,False,2025-09-08
sow,GOAT MOUTH,Armstrong,1,0,False,False,2025-09-08
sow-bread,MOUTH,Armstrong,1,0,False,False,2025-09-08
soy,CHOICE,Armstrong,1,0,False,False,2025-09-08
soya,CHOICE,Armstrong,1,0,False,False,2025-09-08
soybean,FLEECE CHOICE,Armstrong,1,0,False,False,2025-09-08
soyuz,GOOSE,Armstrong,1,0,False,False,2025-09-08
spa,PALM,Armstrong,1,0,False,False,2025-09-08
space,FACE,Armstrong,1,0,False,False,2025-09-08
space-heater,FLEECE,Armstrong,1,0,False,False,2025-09-08
spacefarer,SQUARE,Armstrong,1,0,False,False,2025-09-08
spacious,FACE,Armstrong,1,0,False,False,2025-09-08
spaghetti,HAPPY,Armstrong,1,0,False,False,2025-09-08
spain,FACE,Armstrong,1,0,False,False,2025-09-08
spalding,THOUGHT,Armstrong,1,0,False,False,2025-09-08
spandau,MOUTH,Armstrong,1,0,False,False,2025-09-08
spanish,TRAP,Armstrong,1,0,False,False,2025-09-08
spar,START,Armstrong,1,0,False,False,2025-09-08
spare,SQUARE,Armstrong,1,0,False,False,2025-09-08
spared,SQUARE,Armstrong,1,0,False,False,2025-09-08
sparely,SQUARE,Armstrong,1,0,False,False,2025-09-08
spareness,SQUARE,Armstrong,1,0,False,False,2025-09-08
spares,SQUARE,Armstrong,1,0,False,False,2025-09-08
sparing,SQUARE,Armstrong,1,0,False,False,2025-09-08
spark,START,Armstrong,1,0,False,False,2025-09-08
sparkler,START,Armstrong,1,0,False,False,2025-09-08
sparkling,START,Armstrong,1,0,False,False,2025-09-08
sparkplug,STRUT,Armstrong,1,0,False,False,2025-09-08
sparrows,GOAT,Armstrong,1,0,False,False,2025-09-08
sparse,START,Armstrong,1,0,False,False,2025-09-08
spasticity,TRAP,Armstrong,1,0,False,False,2025-09-08
spathe,FACE,Armstrong,1,0,False,False,2025-09-08
spatial,FACE,Armstrong,1,0,False,False,2025-09-08
speak,FLEECE,Armstrong,1,0,False,False,2025-09-08
speaker,FLEECE LETTER,Armstrong,1,0,False,False,2025-09-08
spear,NEAR,Armstrong,1,0,False,False,2025-09-08
spears,NEAR,Armstrong,1,0,False,False,2025-09-08
spearwort,NEAR,Armstrong,1,0,False,False,2025-09-08
special,DRESS,Armstrong,1,0,False,False,2025-09-08
specialist,DRESS (COMMA),Armstrong,1,0,False,False,2025-09-08
speciality,DRESS (FLEECE) (HAPPY),Armstrong,1,0,False,False,2025-09-08
specialized,PRICE,Armstrong,1,0,False,False,2025-09-08
specie,HAPPY,Armstrong,1,0,False,False,2025-09-08
specific,KIT COMMA,Armstrong,1,0,False,False,2025-09-08
specified,PRICE,Armstrong,1,0,False,False,2025-09-08
specify,PRICE,Armstrong,1,0,False,False,2025-09-08
spectacle,COMMA,Armstrong,1,0,False,False,2025-09-08
spectacular,DRESS FOOT LETTER (COMMA),Armstrong,1,0,False,False,2025-09-08
speech,FLEECE,Armstrong,1,0,False,False,2025-09-08
speed,FLEECE,Armstrong,1,0,False,False,2025-09-08
speedometer,(FLEECE),Armstrong,1,0,False,False,2025-09-08
speir,NEAR,Armstrong,1,0,False,False,2025-09-08
spencer,LETTER,Armstrong,1,0,False,False,2025-09-08
spennymoor,FORCE CURE,Armstrong,1,0,False,False,2025-09-08
spew,GOOSE,Armstrong,1,0,False,False,2025-09-08
spewed,GOOSE,Armstrong,1,0,False,False,2025-09-08
sphenoidal,FLEECE CHOICE,Armstrong,1,0,False,False,2025-09-08
sphere,NEAR,Armstrong,1,0,False,False,2025-09-08
spice,PRICE,Armstrong,1,0,False,False,2025-09-08
spicy,PRICE,Armstrong,1,0,False,False,2025-09-08
spiderweb,DRESS,Armstrong,1,0,False,False,2025-09-08
spike,PRICE,Armstrong,1,0,False,False,2025-09-08
spinoza,COMMA,Armstrong,1,0,False,False,2025-09-08
spiral,PRICE,Armstrong,1,0,False,False,2025-09-08
spiritual,KIT,Armstrong,1,0,False,False,2025-09-08
spirituality,KIT,Armstrong,1,0,False,False,2025-09-08
spirograph,GOAT,Armstrong,1,0,False,False,2025-09-08
spitfire,PRICE,Armstrong,1,0,False,False,2025-09-08
splash,TRAP,Armstrong,1,0,False,False,2025-09-08
splayfoot,FACE,Armstrong,1,0,False,False,2025-09-08
split,KIT,Armstrong,1,0,False,False,2025-09-08
sploshing,LOT,Armstrong,1,0,False,False,2025-09-08
splurge,NURSE,Armstrong,1,0,False,False,2025-09-08
spoiler,CHOICE,Armstrong,1,0,False,False,2025-09-08
spoilt,CHOICE,Armstrong,1,0,False,False,2025-09-08
spoke,GOAT,Armstrong,1,0,False,False,2025-09-08
spokespeople,FLEECE,Armstrong,1,0,False,False,2025-09-08
spokeswoman,FOOT,Armstrong,1,0,False,False,2025-09-08
sponsor,LETTER,Armstrong,1,0,False,False,2025-09-08
sponsorship,LETTER,Armstrong,1,0,False,False,2025-09-08
spoof,GOOSE,Armstrong,1,0,False,False,2025-09-08
spooky,GOOSE,Armstrong,1,0,False,False,2025-09-08
spoon,GOOSE,Armstrong,1,0,False,False,2025-09-08
spoor,CURE (FORCE),Armstrong,1,0,False,False,2025-09-08
spoors,CURE,Armstrong,1,0,False,False,2025-09-08
spore,FORCE,Armstrong,1,0,False,False,2025-09-08
sport,FORCE,Armstrong,1,0,False,False,2025-09-08
sportswear,SQUARE,Armstrong,1,0,False,False,2025-09-08
spot-on,LOT,Armstrong,1,0,False,False,2025-09-08
spotlight,PRICE,Armstrong,1,0,False,False,2025-09-08
spotting,LOT,Armstrong,1,0,False,False,2025-09-08
spouse,MOUTH,Armstrong,1,0,False,False,2025-09-08
sprays,FACE,Armstrong,1,0,False,False,2025-09-08
spread,DRESS,Armstrong,1,0,False,False,2025-09-08
spreadsheet,FLEECE,Armstrong,1,0,False,False,2025-09-08
springer,LETTER,Armstrong,1,0,False,False,2025-09-08
springsteen,FLEECE,Armstrong,1,0,False,False,2025-09-08
springy,HAPPY,Armstrong,1,0,False,False,2025-09-08
spruce,GOOSE,Armstrong,1,0,False,False,2025-09-08
spuds,STRUT,Armstrong,1,0,False,False,2025-09-08
spur,NURSE,Armstrong,1,0,False,False,2025-09-08
spur-of-the-moment,NURSE,Armstrong,1,0,False,False,2025-09-08
spuriousness,GOOSE,Armstrong,1,0,False,False,2025-09-08
spurs,NURSE,Armstrong,1,0,False,False,2025-09-08
spy,PRICE,Armstrong,1,0,False,False,2025-09-08
spyglass,PRICE,Armstrong,1,0,False,False,2025-09-08
square,SQUARE,Armstrong,1,0,False,False,2025-09-08
square-shouldered,SQUARE,Armstrong,1,0,False,False,2025-09-08
square-toed,SQUARE,Armstrong,1,0,False,False,2025-09-08
squared,SQUARE,Armstrong,1,0,False,False,2025-09-08
squarely,SQUARE,Armstrong,1,0,False,False,2025-09-08
squareness,SQUARE,Armstrong,1,0,False,False,2025-09-08
squares,SQUARE,Armstrong,1,0,False,False,2025-09-08
squawk,THOUGHT,Armstrong,1,0,False,False,2025-09-08
squeaky,FLEECE,Armstrong,1,0,False,False,2025-09-08
squeaky-clean,FLEECE,Armstrong,1,0,False,False,2025-09-08
squeamish,FLEECE,Armstrong,1,0,False,False,2025-09-08
squeegee,FLEECE HAPPY,Armstrong,1,0,False,False,2025-09-08
squishy,HAPPY,Armstrong,1,0,False,False,2025-09-08
srebrenica,COMMA,Armstrong,1,0,False,False,2025-09-08
stab,TRAP,Armstrong,1,0,False,False,2025-09-08
stability,COMMA,Armstrong,1,0,False,False,2025-09-08
stabilize,FACE,Armstrong,1,0,False,False,2025-09-08
stable,FACE,Armstrong,1,0,False,False,2025-09-08
staccato,PALM,Armstrong,1,0,False,False,2025-09-08
stacey,HAPPY,Armstrong,1,0,False,False,2025-09-08
stacy,FACE,Armstrong,1,0,False,False,2025-09-08
stadium,FACE,Armstrong,1,0,False,False,2025-09-08
staff,BATH,Armstrong,1,0,False,False,2025-09-08
staffing,BATH,Armstrong,1,0,False,False,2025-09-08
stafford,TRAP,Armstrong,1,0,False,False,2025-09-08
staffordshire,TRAP,Armstrong,1,0,False,False,2025-09-08
stag,TRAP,Armstrong,1,0,False,False,2025-09-08
stage,FACE,Armstrong,1,0,False,False,2025-09-08
stagecoach,FACE GOAT,Armstrong,1,0,False,False,2025-09-08
stagger,TRAP,Armstrong,1,0,False,False,2025-09-08
stainforth,NORTH FORCE,Armstrong,1,0,False,False,2025-09-08
stainless,FACE,Armstrong,1,0,False,False,2025-09-08
stair,SQUARE,Armstrong,1,0,False,False,2025-09-08
stair-carpet,SQUARE START,Armstrong,1,0,False,False,2025-09-08
staircase,SQUARE,Armstrong,1,0,False,False,2025-09-08
stairs,SQUARE,Armstrong,1,0,False,False,2025-09-08
stairway,SQUARE,Armstrong,1,0,False,False,2025-09-08
stairwell,SQUARE,Armstrong,1,0,False,False,2025-09-08
stake,FACE,Armstrong,1,0,False,False,2025-09-08
stakeholder,FACE GOAT,Armstrong,1,0,False,False,2025-09-08
stale,FACE,Armstrong,1,0,False,False,2025-09-08
stalin,PALM,Armstrong,1,0,False,False,2025-09-08
stalking,THOUGHT,Armstrong,1,0,False,False,2025-09-08
stance,BATH,Armstrong,1,0,False,False,2025-09-08
stand-up,STRUT,Armstrong,1,0,False,False,2025-09-08
standard,TRAP LETTER,Armstrong,1,0,False,False,2025-09-08
standby,PRICE,Armstrong,1,0,False,False,2025-09-08
standee,HAPPY,Armstrong,1,0,False,False,2025-09-08
stansted,DRESS,Armstrong,1,0,False,False,2025-09-08
stanza,COMMA,Armstrong,1,0,False,False,2025-09-08
staple,FACE,Armstrong,1,0,False,False,2025-09-08
stapleton,FACE,Armstrong,1,0,False,False,2025-09-08
star,START,Armstrong,1,0,False,False,2025-09-08
star-gazer,FACE,Armstrong,1,0,False,False,2025-09-08
star-studded,STRUT,Armstrong,1,0,False,False,2025-09-08
starboard,START,Armstrong,1,0,False,False,2025-09-08
starbucks,STRUT START,Armstrong,1,0,False,False,2025-09-08
starch,START,Armstrong,1,0,False,False,2025-09-08
stardust,STRUT,Armstrong,1,0,False,False,2025-09-08
stares,SQUARE,Armstrong,1,0,False,False,2025-09-08
starfish,START,Armstrong,1,0,False,False,2025-09-08
staring,SQUARE,Armstrong,1,0,False,False,2025-09-08
starlet,START,Armstrong,1,0,False,False,2025-09-08
starring,START,Armstrong,1,0,False,False,2025-09-08
starship,START,Armstrong,1,0,False,False,2025-09-08
start,START,Armstrong,1,0,False,False,2025-09-08
starvation,START,Armstrong,1,0,False,False,2025-09-08
starved,START,Armstrong,1,0,False,False,2025-09-08
starveling,START,Armstrong,1,0,False,False,2025-09-08
starwort,START,Armstrong,1,0,False,False,2025-09-08
stash,TRAP,Armstrong,1,0,False,False,2025-09-08
state,FACE,Armstrong,1,0,False,False,2025-09-08
statement,FACE,Armstrong,1,0,False,False,2025-09-08
statham,FACE,Armstrong,1,0,False,False,2025-09-08
static,TRAP,Armstrong,1,0,False,False,2025-09-08
station,FACE,Armstrong,1,0,False,False,2025-09-08
stationery,FACE,Armstrong,1,0,False,False,2025-09-08
statistics,KIT COMMA,Armstrong,1,0,False,False,2025-09-08
statoil,CHOICE,Armstrong,1,0,False,False,2025-09-08
statue,TRAP GOOSE,Armstrong,1,0,False,False,2025-09-08
statues,GOOSE,Armstrong,1,0,False,False,2025-09-08
status,COMMA,Armstrong,1,0,False,False,2025-09-08
statutes,GOOSE,Armstrong,1,0,False,False,2025-09-08
statutory,TRAP,Armstrong,1,0,False,False,2025-09-08
stayed,FACE,Armstrong,1,0,False,False,2025-09-08
stays,FACE,Armstrong,1,0,False,False,2025-09-08
steadfast,BATH,Armstrong,1,0,False,False,2025-09-08
steak,FACE,Armstrong,1,0,False,False,2025-09-08
steakhouse,FACE MOUTH,Armstrong,1,0,False,False,2025-09-08
steam,FLEECE,Armstrong,1,0,False,False,2025-09-08
steam-heat,FLEECE,Armstrong,1,0,False,False,2025-09-08
steamer,FLEECE,Armstrong,1,0,False,False,2025-09-08
steatopygia,PRICE,Armstrong,1,0,False,False,2025-09-08
steep,FLEECE,Armstrong,1,0,False,False,2025-09-08
steer,NEAR,Armstrong,1,0,False,False,2025-09-08
steerage,NEAR,Armstrong,1,0,False,False,2025-09-08
steering,NEAR,Armstrong,1,0,False,False,2025-09-08
steering-gear,NEAR,Armstrong,1,0,False,False,2025-09-08
stegosaurus,NORTH,Armstrong,1,0,False,False,2025-09-08
steiger,PRICE,Armstrong,1,0,False,False,2025-09-08
stella,COMMA,Armstrong,1,0,False,False,2025-09-08
stendhal,PALM,Armstrong,1,0,False,False,2025-09-08
stentorian,FORCE,Armstrong,1,0,False,False,2025-09-08
stepbrother,STRUT,Armstrong,1,0,False,False,2025-09-08
stepdaughter,THOUGHT,Armstrong,1,0,False,False,2025-09-08
stepfather,PALM,Armstrong,1,0,False,False,2025-09-08
stephanie,DRESS,Armstrong,1,0,False,False,2025-09-08
stepmother,STRUT,Armstrong,1,0,False,False,2025-09-08
stepson,STRUT,Armstrong,1,0,False,False,2025-09-08
stereotype,PRICE,Armstrong,1,0,False,False,2025-09-08
sterling,NURSE,Armstrong,1,0,False,False,2025-09-08
stern,(NURSE) (SQUARE),Armstrong,1,0,False,False,2025-09-08
steroids,CHOICE,Armstrong,1,0,False,False,2025-09-08
stethoscope,DRESS,Armstrong,1,0,False,False,2025-09-08
stevie,HAPPY,Armstrong,1,0,False,False,2025-09-08
steward,GOOSE,Armstrong,1,0,False,False,2025-09-08
stewart,LETTER,Armstrong,1,0,False,False,2025-09-08
stewed,GOOSE,Armstrong,1,0,False,False,2025-09-08
stick,KIT,Armstrong,1,0,False,False,2025-09-08
stick-in-the-mud,STRUT,Armstrong,1,0,False,False,2025-09-08
sticker,LETTER,Armstrong,1,0,False,False,2025-09-08
stigmata,PALM,Armstrong,1,0,False,False,2025-09-08
still,KIT,Armstrong,1,0,False,False,2025-09-08
still-life,PRICE,Armstrong,1,0,False,False,2025-09-08
stinger,LETTER,Armstrong,1,0,False,False,2025-09-08
stir,NURSE,Armstrong,1,0,False,False,2025-09-08
stir-fry,NURSE,Armstrong,1,0,False,False,2025-09-08
stirrer,NURSE,Armstrong,1,0,False,False,2025-09-08
stirs,NURSE,Armstrong,1,0,False,False,2025-09-08
stitch,KIT,Armstrong,1,0,False,False,2025-09-08
stivichal,PRICE,Armstrong,1,0,False,False,2025-09-08
stockhausen,MOUTH,Armstrong,1,0,False,False,2025-09-08
stockholm,GOAT,Armstrong,1,0,False,False,2025-09-08
stockjobber,LOT,Armstrong,1,0,False,False,2025-09-08
stockport,FORCE,Armstrong,1,0,False,False,2025-09-08
stodgy,LOT,Armstrong,1,0,False,False,2025-09-08
stogey,HAPPY,Armstrong,1,0,False,False,2025-09-08
stoke,GOAT,Armstrong,1,0,False,False,2025-09-08
stoke-on-trent,LOT,Armstrong,1,0,False,False,2025-09-08
stolen,GOAT,Armstrong,1,0,False,False,2025-09-08
stomach,STRUT COMMA,Armstrong,1,0,False,False,2025-09-08
stone,GOAT,Armstrong,1,0,False,False,2025-09-08
stonemason,FACE,Armstrong,1,0,False,False,2025-09-08
stood,FOOT,Armstrong,1,0,False,False,2025-09-08
stooges,GOOSE,Armstrong,1,0,False,False,2025-09-08
stool,GOOSE,Armstrong,1,0,False,False,2025-09-08
stop,LOT,Armstrong,1,0,False,False,2025-09-08
stopwatch,LOT,Armstrong,1,0,False,False,2025-09-08
store,FORCE,Armstrong,1,0,False,False,2025-09-08
storehouse,FORCE,Armstrong,1,0,False,False,2025-09-08
storeroom,FORCE,Armstrong,1,0,False,False,2025-09-08
storey,HAPPY,Armstrong,1,0,False,False,2025-09-08
stork,NORTH,Armstrong,1,0,False,False,2025-09-08
storm,NORTH,Armstrong,1,0,False,False,2025-09-08
storm-cloud,MOUTH,Armstrong,1,0,False,False,2025-09-08
stormtrooper,GOOSE,Armstrong,1,0,False,False,2025-09-08
stormzy,NORTH,Armstrong,1,0,False,False,2025-09-08
story,FORCE HAPPY,Armstrong,1,0,False,False,2025-09-08
stourmouth,MOUTH,Armstrong,1,0,False,False,2025-09-08
stout,MOUTH,Armstrong,1,0,False,False,2025-09-08
stove,GOAT,Armstrong,1,0,False,False,2025-09-08
stowmarket,GOAT,Armstrong,1,0,False,False,2025-09-08
strachey,FACE HAPPY,Armstrong,1,0,False,False,2025-09-08
stradey,HAPPY,Armstrong,1,0,False,False,2025-09-08
straight,FACE,Armstrong,1,0,False,False,2025-09-08
straight-forward,NORTH,Armstrong,1,0,False,False,2025-09-08
straightedge,DRESS,Armstrong,1,0,False,False,2025-09-08
straighten,FACE,Armstrong,1,0,False,False,2025-09-08
straightforward,FACE,Armstrong,1,0,False,False,2025-09-08
strain,FACE,Armstrong,1,0,False,False,2025-09-08
strait,FACE,Armstrong,1,0,False,False,2025-09-08
strange,FACE,Armstrong,1,0,False,False,2025-09-08
stranger,LETTER,Armstrong,1,0,False,False,2025-09-08
strap,TRAP,Armstrong,1,0,False,False,2025-09-08
strasbourg,TRAP,Armstrong,1,0,False,False,2025-09-08
strategic,FLEECE,Armstrong,1,0,False,False,2025-09-08
strategies,COMMA,Armstrong,1,0,False,False,2025-09-08
strategy,TRAP HAPPY COMMA,Armstrong,1,0,False,False,2025-09-08
strathclyde,TRAP,Armstrong,1,0,False,False,2025-09-08
strathcona,TRAP,Armstrong,1,0,False,False,2025-09-08
strathmore,TRAP,Armstrong,1,0,False,False,2025-09-08
strathspey,TRAP,Armstrong,1,0,False,False,2025-09-08
stratopause,THOUGHT,Armstrong,1,0,False,False,2025-09-08
stratosphere,NEAR,Armstrong,1,0,False,False,2025-09-08
stratospheres,NEAR,Armstrong,1,0,False,False,2025-09-08
strauss,MOUTH,Armstrong,1,0,False,False,2025-09-08
strawberry,THOUGHT,Armstrong,1,0,False,False,2025-09-08
straws,THOUGHT,Armstrong,1,0,False,False,2025-09-08
streak,FLEECE,Armstrong,1,0,False,False,2025-09-08
stream,FLEECE,Armstrong,1,0,False,False,2025-09-08
streamer,FLEECE,Armstrong,1,0,False,False,2025-09-08
streamline,FLEECE,Armstrong,1,0,False,False,2025-09-08
street,FLEECE,Armstrong,1,0,False,False,2025-09-08
strength,DRESS,Armstrong,1,0,False,False,2025-09-08
strenuous,GOOSE,Armstrong,1,0,False,False,2025-09-08
stress-marks,START,Armstrong,1,0,False,False,2025-09-08
stretch,DRESS,Armstrong,1,0,False,False,2025-09-08
stretcher,DRESS,Armstrong,1,0,False,False,2025-09-08
stretcher-bearer,SQUARE,Armstrong,1,0,False,False,2025-09-08
stretchy,HAPPY,Armstrong,1,0,False,False,2025-09-08
striker,PRICE LETTER,Armstrong,1,0,False,False,2025-09-08
striking,PRICE,Armstrong,1,0,False,False,2025-09-08
stringer,LETTER,Armstrong,1,0,False,False,2025-09-08
stringy,HAPPY,Armstrong,1,0,False,False,2025-09-08
strip,KIT,Armstrong,1,0,False,False,2025-09-08
stripe,PRICE,Armstrong,1,0,False,False,2025-09-08
strive,PRICE,Armstrong,1,0,False,False,2025-09-08
stroke,GOAT,Armstrong,1,0,False,False,2025-09-08
stroll,GOAT,Armstrong,1,0,False,False,2025-09-08
strong,CLOTH,Armstrong,1,0,False,False,2025-09-08
strongarm,START,Armstrong,1,0,False,False,2025-09-08
stronger,LETTER,Armstrong,1,0,False,False,2025-09-08
stronghold,GOAT,Armstrong,1,0,False,False,2025-09-08
strophe,GOAT HAPPY,Armstrong,1,0,False,False,2025-09-08
stroud,MOUTH,Armstrong,1,0,False,False,2025-09-08
strowger,MOUTH,Armstrong,1,0,False,False,2025-09-08
struck,STRUT,Armstrong,1,0,False,False,2025-09-08
structural,STRUT,Armstrong,1,0,False,False,2025-09-08
structure,STRUT LETTER,Armstrong,1,0,False,False,2025-09-08
struggle,STRUT,Armstrong,1,0,False,False,2025-09-08
struggling,STRUT,Armstrong,1,0,False,False,2025-09-08
strut,STRUT,Armstrong,1,0,False,False,2025-09-08
struth,GOOSE,Armstrong,1,0,False,False,2025-09-08
struthers,STRUT,Armstrong,1,0,False,False,2025-09-08
stuck,STRUT,Armstrong,1,0,False,False,2025-09-08
stud,STRUT,Armstrong,1,0,False,False,2025-09-08
student,GOOSE,Armstrong,1,0,False,False,2025-09-08
studios,GOAT,Armstrong,1,0,False,False,2025-09-08
study,STRUT HAPPY,Armstrong,1,0,False,False,2025-09-08
stuff,STRUT,Armstrong,1,0,False,False,2025-09-08
stuffing,STRUT,Armstrong,1,0,False,False,2025-09-08
stumble,STRUT,Armstrong,1,0,False,False,2025-09-08
stunk,STRUT,Armstrong,1,0,False,False,2025-09-08
stunning,STRUT,Armstrong,1,0,False,False,2025-09-08
stupa,COMMA,Armstrong,1,0,False,False,2025-09-08
stupendous,GOOSE,Armstrong,1,0,False,False,2025-09-08
stupid,GOOSE,Armstrong,1,0,False,False,2025-09-08
stupidity,GOOSE,Armstrong,1,0,False,False,2025-09-08
sturdy,NURSE,Armstrong,1,0,False,False,2025-09-08
stuttgart,START,Armstrong,1,0,False,False,2025-09-08
style,PRICE,Armstrong,1,0,False,False,2025-09-08
stylus,PRICE,Armstrong,1,0,False,False,2025-09-08
stymie,HAPPY,Armstrong,1,0,False,False,2025-09-08
suarez,DRESS START,Armstrong,1,0,False,False,2025-09-08
sub,STRUT,Armstrong,1,0,False,False,2025-09-08
subaqua,COMMA,Armstrong,1,0,False,False,2025-09-08
subassembly,DRESS,Armstrong,1,0,False,False,2025-09-08
subculture,STRUT,Armstrong,1,0,False,False,2025-09-08
subdivision,KIT,Armstrong,1,0,False,False,2025-09-08
subject,DRESS STRUT COMMA,Armstrong,1,0,False,False,2025-09-08
sublime,STRUT PRICE,Armstrong,1,0,False,False,2025-09-08
submariner,STRUT,Armstrong,1,0,False,False,2025-09-08
submerge,NURSE,Armstrong,1,0,False,False,2025-09-08
submit,KIT COMMA,Armstrong,1,0,False,False,2025-09-08
suborder,NORTH,Armstrong,1,0,False,False,2025-09-08
subscribe,PRICE COMMA,Armstrong,1,0,False,False,2025-09-08
subscription,KIT,Armstrong,1,0,False,False,2025-09-08
subsequently,STRUT,Armstrong,1,0,False,False,2025-09-08
subsoil,CHOICE,Armstrong,1,0,False,False,2025-09-08
substantial,BATH,Armstrong,1,0,False,False,2025-09-08
substantiate,BATH,Armstrong,1,0,False,False,2025-09-08
substitute,STRUT GOOSE,Armstrong,1,0,False,False,2025-09-08
substitution,GOOSE,Armstrong,1,0,False,False,2025-09-08
subterfuge,GOOSE,Armstrong,1,0,False,False,2025-09-08
subtitles,PRICE,Armstrong,1,0,False,False,2025-09-08
subtle,STRUT,Armstrong,1,0,False,False,2025-09-08
subtotal,GOAT,Armstrong,1,0,False,False,2025-09-08
subtype,PRICE,Armstrong,1,0,False,False,2025-09-08
suburban,NURSE,Armstrong,1,0,False,False,2025-09-08
subversion,NURSE,Armstrong,1,0,False,False,2025-09-08
subway,STRUT,Armstrong,1,0,False,False,2025-09-08
success,COMMA,Armstrong,1,0,False,False,2025-09-08
successor,LETTER,Armstrong,1,0,False,False,2025-09-08
succubus,FOOT,Armstrong,1,0,False,False,2025-09-08
such,STRUT,Armstrong,1,0,False,False,2025-09-08
sucrose,GOAT GOOSE,Armstrong,1,0,False,False,2025-09-08
sudan,GOOSE BATH,Armstrong,1,0,False,False,2025-09-08
sudbury,STRUT,Armstrong,1,0,False,False,2025-09-08
sudden,STRUT,Armstrong,1,0,False,False,2025-09-08
suddenly,STRUT,Armstrong,1,0,False,False,2025-09-08
sudoku,GOOSE,Armstrong,1,0,False,False,2025-09-08
suds,STRUT,Armstrong,1,0,False,False,2025-09-08
sue,GOOSE,Armstrong,1,0,False,False,2025-09-08
sued,GOOSE,Armstrong,1,0,False,False,2025-09-08
suede,FACE,Armstrong,1,0,False,False,2025-09-08
sues,GOOSE,Armstrong,1,0,False,False,2025-09-08
suffer,STRUT LETTER,Armstrong,1,0,False,False,2025-09-08
sufferer,STRUT LETTER,Armstrong,1,0,False,False,2025-09-08
suffering,STRUT,Armstrong,1,0,False,False,2025-09-08
sufficient,COMMA,Armstrong,1,0,False,False,2025-09-08
suffix,STRUT,Armstrong,1,0,False,False,2025-09-08
suffolk,STRUT COMMA,Armstrong,1,0,False,False,2025-09-08
suffusion,GOOSE,Armstrong,1,0,False,False,2025-09-08
sufi,GOOSE HAPPY,Armstrong,1,0,False,False,2025-09-08
sugar,FOOT LETTER,Armstrong,1,0,False,False,2025-09-08
sugar-beet,FOOT FLEECE,Armstrong,1,0,False,False,2025-09-08
sugarcane,FOOT FACE,Armstrong,1,0,False,False,2025-09-08
sugary,FOOT,Armstrong,1,0,False,False,2025-09-08
suggest,COMMA,Armstrong,1,0,False,False,2025-09-08
suggestion,COMMA,Armstrong,1,0,False,False,2025-09-08
suicide,GOOSE PRICE,Armstrong,1,0,False,False,2025-09-08
suing,GOOSE,Armstrong,1,0,False,False,2025-09-08
suit,GOOSE,Armstrong,1,0,False,False,2025-09-08
suitability,GOOSE,Armstrong,1,0,False,False,2025-09-08
suitable,COMMA,Armstrong,1,0,False,False,2025-09-08
suite,FLEECE,Armstrong,1,0,False,False,2025-09-08
sulawesi,GOOSE HAPPY,Armstrong,1,0,False,False,2025-09-08
sulfur,LETTER,Armstrong,1,0,False,False,2025-09-08
sulfuric,STRUT,Armstrong,1,0,False,False,2025-09-08
sullivan,STRUT,Armstrong,1,0,False,False,2025-09-08
sulpha,COMMA,Armstrong,1,0,False,False,2025-09-08
sultana,STRUT PALM,Armstrong,1,0,False,False,2025-09-08
sumatra,PALM GOOSE,Armstrong,1,0,False,False,2025-09-08
sumerian,GOOSE,Armstrong,1,0,False,False,2025-09-08
summary,STRUT LETTER COMMA,Armstrong,1,0,False,False,2025-09-08
summer,STRUT LETTER,Armstrong,1,0,False,False,2025-09-08
summit,STRUT,Armstrong,1,0,False,False,2025-09-08
sumo,GOOSE,Armstrong,1,0,False,False,2025-09-08
sun,STRUT,Armstrong,1,0,False,False,2025-09-08
sun-parlour,START,Armstrong,1,0,False,False,2025-09-08
sun-porch,FORCE,Armstrong,1,0,False,False,2025-09-08
sunbathe,FACE,Armstrong,1,0,False,False,2025-09-08
sunbathed,FACE,Armstrong,1,0,False,False,2025-09-08
sunbathing,FACE,Armstrong,1,0,False,False,2025-09-08
sunbeam,FLEECE,Armstrong,1,0,False,False,2025-09-08
sunbed,DRESS,Armstrong,1,0,False,False,2025-09-08
sunday,STRUT,Armstrong,1,0,False,False,2025-09-08
sunderland,LETTER,Armstrong,1,0,False,False,2025-09-08
sunflower,MOUTH,Armstrong,1,0,False,False,2025-09-08
sung,STRUT FOOT,Armstrong,1,0,False,False,2025-09-08
sunk,STRUT,Armstrong,1,0,False,False,2025-09-08
sunlight,PRICE,Armstrong,1,0,False,False,2025-09-08
sunni,FOOT,Armstrong,1,0,False,False,2025-09-08
sunrise,PRICE,Armstrong,1,0,False,False,2025-09-08
sunroof,GOOSE,Armstrong,1,0,False,False,2025-09-08
sunset,DRESS,Armstrong,1,0,False,False,2025-09-08
sunshade,FACE,Armstrong,1,0,False,False,2025-09-08
sunshine,PRICE,Armstrong,1,0,False,False,2025-09-08
super,GOOSE LETTER,Armstrong,1,0,False,False,2025-09-08
superb,GOOSE NURSE,Armstrong,1,0,False,False,2025-09-08
superbly,GOOSE NURSE,Armstrong,1,0,False,False,2025-09-08
supercargo,START,Armstrong,1,0,False,False,2025-09-08
supercharge,LETTER,Armstrong,1,0,False,False,2025-09-08
supercharger,START,Armstrong,1,0,False,False,2025-09-08
superego,FLEECE,Armstrong,1,0,False,False,2025-09-08
superfluous,NURSE,Armstrong,1,0,False,False,2025-09-08
supergirl,LETTER,Armstrong,1,0,False,False,2025-09-08
superglue,LETTER,Armstrong,1,0,False,False,2025-09-08
superhighway,PRICE,Armstrong,1,0,False,False,2025-09-08
superior,GOOSE NEAR,Armstrong,1,0,False,False,2025-09-08
superlative,GOOSE,Armstrong,1,0,False,False,2025-09-08
supermarket,START LETTER,Armstrong,1,0,False,False,2025-09-08
supernova,GOAT COMMA,Armstrong,1,0,False,False,2025-09-08
supersede,FLEECE,Armstrong,1,0,False,False,2025-09-08
superstar,START,Armstrong,1,0,False,False,2025-09-08
superstore,FORCE,Armstrong,1,0,False,False,2025-09-08
supervise,GOOSE LETTER,Armstrong,1,0,False,False,2025-09-08
supervision,KIT,Armstrong,1,0,False,False,2025-09-08
supervisor,LETTER,Armstrong,1,0,False,False,2025-09-08
supper,STRUT,Armstrong,1,0,False,False,2025-09-08
supplement,STRUT,Armstrong,1,0,False,False,2025-09-08
supplied,PRICE,Armstrong,1,0,False,False,2025-09-08
supplier,PRICE,Armstrong,1,0,False,False,2025-09-08
supplies,PRICE,Armstrong,1,0,False,False,2025-09-08
supply,PRICE COMMA,Armstrong,1,0,False,False,2025-09-08
support,FORCE COMMA,Armstrong,1,0,False,False,2025-09-08
supported,COMMA,Armstrong,1,0,False,False,2025-09-08
supposed,GOAT,Armstrong,1,0,False,False,2025-09-08
suppository,LOT,Armstrong,1,0,False,False,2025-09-08
supremacist,GOOSE,Armstrong,1,0,False,False,2025-09-08
supremacy,GOOSE,Armstrong,1,0,False,False,2025-09-08
supreme,FLEECE GOOSE,Armstrong,1,0,False,False,2025-09-08
supremo,GOOSE,Armstrong,1,0,False,False,2025-09-08
surbiton,NURSE,Armstrong,1,0,False,False,2025-09-08
surcharge,START NURSE,Armstrong,1,0,False,False,2025-09-08
surf,NURSE,Armstrong,1,0,False,False,2025-09-08
surface,NURSE,Armstrong,1,0,False,False,2025-09-08
surface-to-air,NURSE,Armstrong,1,0,False,False,2025-09-08
surfboard,NURSE,Armstrong,1,0,False,False,2025-09-08
surfer,LETTER,Armstrong,1,0,False,False,2025-09-08
surfing,NURSE,Armstrong,1,0,False,False,2025-09-08
surge,NURSE,Armstrong,1,0,False,False,2025-09-08
surgeon,NURSE,Armstrong,1,0,False,False,2025-09-08
surgery,NURSE,Armstrong,1,0,False,False,2025-09-08
surly,NURSE,Armstrong,1,0,False,False,2025-09-08
surname,FACE NURSE,Armstrong,1,0,False,False,2025-09-08
surpass,BATH LETTER,Armstrong,1,0,False,False,2025-09-08
surplus,NURSE,Armstrong,1,0,False,False,2025-09-08
surprise,PRICE (LETTER),Armstrong,1,0,False,False,2025-09-08
surprisingly,LETTER,Armstrong,1,0,False,False,2025-09-08
surreal,NEAR,Armstrong,1,0,False,False,2025-09-08
surrey,STRUT HAPPY,Armstrong,1,0,False,False,2025-09-08
surrounding,MOUTH,Armstrong,1,0,False,False,2025-09-08
surveillance,FACE,Armstrong,1,0,False,False,2025-09-08
survey,LETTER NURSE,Armstrong,1,0,False,False,2025-09-08
surveys,FACE,Armstrong,1,0,False,False,2025-09-08
survive,PRICE LETTER,Armstrong,1,0,False,False,2025-09-08
sushi,GOOSE HAPPY,Armstrong,1,0,False,False,2025-09-08
susie,HAPPY,Armstrong,1,0,False,False,2025-09-08
suspect,DRESS STRUT,Armstrong,1,0,False,False,2025-09-08
sussex,STRUT,Armstrong,1,0,False,False,2025-09-08
susskind,FOOT,Armstrong,1,0,False,False,2025-09-08
sustainable,FACE,Armstrong,1,0,False,False,2025-09-08
sutherland,STRUT LETTER,Armstrong,1,0,False,False,2025-09-08
sutton,STRUT,Armstrong,1,0,False,False,2025-09-08
suture,GOOSE,Armstrong,1,0,False,False,2025-09-08
suzanne,GOOSE,Armstrong,1,0,False,False,2025-09-08
suzie,HAPPY,Armstrong,1,0,False,False,2025-09-08
suzuki,HAPPY COMMA,Armstrong,1,0,False,False,2025-09-08
svalbard,START,Armstrong,1,0,False,False,2025-09-08
svengali,DRESS,Armstrong,1,0,False,False,2025-09-08
swaddling-clothes,GOAT,Armstrong,1,0,False,False,2025-09-08
swallowed,GOAT,Armstrong,1,0,False,False,2025-09-08
swallows,GOAT,Armstrong,1,0,False,False,2025-09-08
swami,PALM,Armstrong,1,0,False,False,2025-09-08
swanee,HAPPY,Armstrong,1,0,False,False,2025-09-08
swansea,HAPPY,Armstrong,1,0,False,False,2025-09-08
swapo,PALM,Armstrong,1,0,False,False,2025-09-08
swaraj,PALM,Armstrong,1,0,False,False,2025-09-08
swarajist,PALM,Armstrong,1,0,False,False,2025-09-08
swarfega,NORTH,Armstrong,1,0,False,False,2025-09-08
swarthy,HAPPY,Armstrong,1,0,False,False,2025-09-08
swatch,LOT,Armstrong,1,0,False,False,2025-09-08
swazi,PALM,Armstrong,1,0,False,False,2025-09-08
swaziland,TRAP PALM,Armstrong,1,0,False,False,2025-09-08
swear,SQUARE,Armstrong,1,0,False,False,2025-09-08
swearer,SQUARE,Armstrong,1,0,False,False,2025-09-08
swearing,SQUARE,Armstrong,1,0,False,False,2025-09-08
swearword,SQUARE,Armstrong,1,0,False,False,2025-09-08
swedenborg,NORTH,Armstrong,1,0,False,False,2025-09-08
sweep,FLEECE,Armstrong,1,0,False,False,2025-09-08
sweeper,FLEECE,Armstrong,1,0,False,False,2025-09-08
sweet,FLEECE,Armstrong,1,0,False,False,2025-09-08
sweet-talk,THOUGHT,Armstrong,1,0,False,False,2025-09-08
sweetheart,FLEECE START,Armstrong,1,0,False,False,2025-09-08
sweetie,HAPPY,Armstrong,1,0,False,False,2025-09-08
swift,KIT,Armstrong,1,0,False,False,2025-09-08
swimming-baths,BATH,Armstrong,1,0,False,False,2025-09-08
swimming-trunks,STRUT,Armstrong,1,0,False,False,2025-09-08
swimwear,SQUARE,Armstrong,1,0,False,False,2025-09-08
swinger,LETTER,Armstrong,1,0,False,False,2025-09-08
swipe,PRICE,Armstrong,1,0,False,False,2025-09-08
swirl,NURSE,Armstrong,1,0,False,False,2025-09-08
switch,KIT,Armstrong,1,0,False,False,2025-09-08
switchboard,FORCE,Armstrong,1,0,False,False,2025-09-08
switchgear,NEAR,Armstrong,1,0,False,False,2025-09-08
switzerland,LETTER,Armstrong,1,0,False,False,2025-09-08
swivel,KIT,Armstrong,1,0,False,False,2025-09-08
swoop,GOOSE,Armstrong,1,0,False,False,2025-09-08
swoosh,GOOSE,Armstrong,1,0,False,False,2025-09-08
sword,FORCE,Armstrong,1,0,False,False,2025-09-08
sword-bearer,SQUARE,Armstrong,1,0,False,False,2025-09-08
swore,FORCE,Armstrong,1,0,False,False,2025-09-08
sworn,FORCE,Armstrong,1,0,False,False,2025-09-08
sycamore,FORCE,Armstrong,1,0,False,False,2025-09-08
sydney,HAPPY,Armstrong,1,0,False,False,2025-09-08
sykes,PRICE,Armstrong,1,0,False,False,2025-09-08
sympathy,HAPPY COMMA,Armstrong,1,0,False,False,2025-09-08
synagogue,LOT,Armstrong,1,0,False,False,2025-09-08
syndrome,GOAT,Armstrong,1,0,False,False,2025-09-08
synergy,LETTER,Armstrong,1,0,False,False,2025-09-08
synthesis,KIT,Armstrong,1,0,False,False,2025-09-08
syracuse,GOOSE,Armstrong,1,0,False,False,2025-09-08
system,KIT COMMA,Armstrong,1,0,False,False,2025-09-08
t-junction,STRUT,Armstrong,1,0,False,False,2025-09-08
tab,TRAP,Armstrong,1,0,False,False,2025-09-08
tabitha,COMMA,Armstrong,1,0,False,False,2025-09-08
table,FACE,Armstrong,1,0,False,False,2025-09-08
table-knife,PRICE,Armstrong,1,0,False,False,2025-09-08
table-talk,THOUGHT,Armstrong,1,0,False,False,2025-09-08
tablet,TRAP COMMA,Armstrong,1,0,False,False,2025-09-08
tableware,FACE SQUARE,Armstrong,1,0,False,False,2025-09-08
tabloid,CHOICE,Armstrong,1,0,False,False,2025-09-08
tabor,FACE,Armstrong,1,0,False,False,2025-09-08
tachograph,GOAT,Armstrong,1,0,False,False,2025-09-08
tadzhik,PALM,Armstrong,1,0,False,False,2025-09-08
tadzhikistan,PALM,Armstrong,1,0,False,False,2025-09-08
tag,TRAP,Armstrong,1,0,False,False,2025-09-08
tagalog,LOT,Armstrong,1,0,False,False,2025-09-08
tahiti,FLEECE,Armstrong,1,0,False,False,2025-09-08
taiga,PRICE,Armstrong,1,0,False,False,2025-09-08
tail,FACE,Armstrong,1,0,False,False,2025-09-08
tailgate,FACE,Armstrong,1,0,False,False,2025-09-08
tailor,FACE,Armstrong,1,0,False,False,2025-09-08
taipei,PRICE,Armstrong,1,0,False,False,2025-09-08
taiwan,PRICE,Armstrong,1,0,False,False,2025-09-08
taiwanese,PRICE,Armstrong,1,0,False,False,2025-09-08
taiyuan,PRICE,Armstrong,1,0,False,False,2025-09-08
tajik,(FLEECE),Armstrong,1,0,False,False,2025-09-08
tajikistan,FLEECE (TRAP),Armstrong,1,0,False,False,2025-09-08
tajine,TRAP,Armstrong,1,0,False,False,2025-09-08
take,FACE,Armstrong,1,0,False,False,2025-09-08
take-home,GOAT,Armstrong,1,0,False,False,2025-09-08
take-off,FACE,Armstrong,1,0,False,False,2025-09-08
take-up,STRUT,Armstrong,1,0,False,False,2025-09-08
takeaway,FACE COMMA,Armstrong,1,0,False,False,2025-09-08
takeover,GOAT,Armstrong,1,0,False,False,2025-09-08
tale,FACE,Armstrong,1,0,False,False,2025-09-08
talebearing,SQUARE,Armstrong,1,0,False,False,2025-09-08
talent,TRAP,Armstrong,1,0,False,False,2025-09-08
talgarth,START,Armstrong,1,0,False,False,2025-09-08
talitha,COMMA,Armstrong,1,0,False,False,2025-09-08
talk,THOUGHT,Armstrong,1,0,False,False,2025-09-08
talkie,HAPPY,Armstrong,1,0,False,False,2025-09-08
talking-points,CHOICE,Armstrong,1,0,False,False,2025-09-08
tall,THOUGHT,Armstrong,1,0,False,False,2025-09-08
tallahasee,HAPPY,Armstrong,1,0,False,False,2025-09-08
tallboys,CHOICE,Armstrong,1,0,False,False,2025-09-08
tallulah,GOOSE COMMA,Armstrong,1,0,False,False,2025-09-08
talmud,FOOT,Armstrong,1,0,False,False,2025-09-08
tambour,FORCE CURE,Armstrong,1,0,False,False,2025-09-08
tambours,CURE,Armstrong,1,0,False,False,2025-09-08
tame,FACE,Armstrong,1,0,False,False,2025-09-08
tamera,COMMA,Armstrong,1,0,False,False,2025-09-08
tameside,FACE,Armstrong,1,0,False,False,2025-09-08
tampa,COMMA,Armstrong,1,0,False,False,2025-09-08
tandoori,HAPPY,Armstrong,1,0,False,False,2025-09-08
tangier,NEAR,Armstrong,1,0,False,False,2025-09-08
tangy,HAPPY,Armstrong,1,0,False,False,2025-09-08
tank,TRAP,Armstrong,1,0,False,False,2025-09-08
tannoy,CHOICE,Armstrong,1,0,False,False,2025-09-08
tannoys,CHOICE,Armstrong,1,0,False,False,2025-09-08
tanzania,NEAR,Armstrong,1,0,False,False,2025-09-08
tanzanian,NEAR,Armstrong,1,0,False,False,2025-09-08
tap,TRAP,Armstrong,1,0,False,False,2025-09-08
tape,FACE,Armstrong,1,0,False,False,2025-09-08
tape-measure,DRESS,Armstrong,1,0,False,False,2025-09-08
taper,FACE,Armstrong,1,0,False,False,2025-09-08
tar,START,Armstrong,1,0,False,False,2025-09-08
tarboosh,GOOSE START,Armstrong,1,0,False,False,2025-09-08
target,START,Armstrong,1,0,False,False,2025-09-08
tarmac,START,Armstrong,1,0,False,False,2025-09-08
tarn,START,Armstrong,1,0,False,False,2025-09-08
tarnish,START,Armstrong,1,0,False,False,2025-09-08
tarp,START,Armstrong,1,0,False,False,2025-09-08
tarpaulin,START,Armstrong,1,0,False,False,2025-09-08
tarpon,START,Armstrong,1,0,False,False,2025-09-08
tarshish,START,Armstrong,1,0,False,False,2025-09-08
tarzan,START,Armstrong,1,0,False,False,2025-09-08
task,BATH,Armstrong,1,0,False,False,2025-09-08
task-force,BATH FORCE,Armstrong,1,0,False,False,2025-09-08
taskmaster,BATH,Armstrong,1,0,False,False,2025-09-08
tasmania,TRAP,Armstrong,1,0,False,False,2025-09-08
taste,FACE,Armstrong,1,0,False,False,2025-09-08
tasty,FACE,Armstrong,1,0,False,False,2025-09-08
tata,PALM,Armstrong,1,0,False,False,2025-09-08
tatham,FACE,Armstrong,1,0,False,False,2025-09-08
tattoo,TRAP GOOSE,Armstrong,1,0,False,False,2025-09-08
tattooed,GOOSE,Armstrong,1,0,False,False,2025-09-08
tatum,FACE,Armstrong,1,0,False,False,2025-09-08
tatung,FOOT,Armstrong,1,0,False,False,2025-09-08
tau,MOUTH,Armstrong,1,0,False,False,2025-09-08
taught,THOUGHT,Armstrong,1,0,False,False,2025-09-08
tauromachy,NORTH,Armstrong,1,0,False,False,2025-09-08
taurus,NORTH,Armstrong,1,0,False,False,2025-09-08
tavern,TRAP,Armstrong,1,0,False,False,2025-09-08
tavistock,LOT,Armstrong,1,0,False,False,2025-09-08
tax,TRAP,Armstrong,1,0,False,False,2025-09-08
taxi,HAPPY,Armstrong,1,0,False,False,2025-09-08
taxicab,TRAP,Armstrong,1,0,False,False,2025-09-08
tayberry,FACE,Armstrong,1,0,False,False,2025-09-08
taylor,FACE LETTER,Armstrong,1,0,False,False,2025-09-08
tayport,FACE,Armstrong,1,0,False,False,2025-09-08
tayside,FACE,Armstrong,1,0,False,False,2025-09-08
tea,FLEECE,Armstrong,1,0,False,False,2025-09-08
tea-bag,TRAP,Armstrong,1,0,False,False,2025-09-08
tea-time,PRICE,Armstrong,1,0,False,False,2025-09-08
tea-towel,MOUTH,Armstrong,1,0,False,False,2025-09-08
teach,FLEECE,Armstrong,1,0,False,False,2025-09-08
teacher,LETTER,Armstrong,1,0,False,False,2025-09-08
teague,FLEECE,Armstrong,1,0,False,False,2025-09-08
teak,FLEECE,Armstrong,1,0,False,False,2025-09-08
team,FLEECE,Armstrong,1,0,False,False,2025-09-08
teamed,FLEECE,Armstrong,1,0,False,False,2025-09-08
teamwork,FLEECE,Armstrong,1,0,False,False,2025-09-08
teapot,LOT,Armstrong,1,0,False,False,2025-09-08
tear,(NEAR),Armstrong,1,0,False,False,2025-09-08
teardrop,NEAR,Armstrong,1,0,False,False,2025-09-08
tearful,NEAR,Armstrong,1,0,False,False,2025-09-08
tearing,SQUARE,Armstrong,1,0,False,False,2025-09-08
tears,NEAR,Armstrong,1,0,False,False,2025-09-08
tearsheet,SQUARE,Armstrong,1,0,False,False,2025-09-08
teary,NEAR,Armstrong,1,0,False,False,2025-09-08
teaser,LETTER,Armstrong,1,0,False,False,2025-09-08
teaspoon,GOOSE,Armstrong,1,0,False,False,2025-09-08
tech,DRESS,Armstrong,1,0,False,False,2025-09-08
techie,HAPPY,Armstrong,1,0,False,False,2025-09-08
technicolor,STRUT,Armstrong,1,0,False,False,2025-09-08
technique,DRESS FLEECE,Armstrong,1,0,False,False,2025-09-08
technology,DRESS HAPPY COMMA,Armstrong,1,0,False,False,2025-09-08
tecumseh,COMMA,Armstrong,1,0,False,False,2025-09-08
tee,FLEECE,Armstrong,1,0,False,False,2025-09-08
teeming,FLEECE,Armstrong,1,0,False,False,2025-09-08
teen,FLEECE,Armstrong,1,0,False,False,2025-09-08
teenage,FLEECE FACE,Armstrong,1,0,False,False,2025-09-08
teenager,LETTER,Armstrong,1,0,False,False,2025-09-08
teepee,HAPPY,Armstrong,1,0,False,False,2025-09-08
teifi,HAPPY,Armstrong,1,0,False,False,2025-09-08
telecast,BATH,Armstrong,1,0,False,False,2025-09-08
telegraph,KIT DRESS BATH,Armstrong,1,0,False,False,2025-09-08
telemark,START,Armstrong,1,0,False,False,2025-09-08
telemarketing,START,Armstrong,1,0,False,False,2025-09-08
telephone,DRESS GOAT,Armstrong,1,0,False,False,2025-09-08
television,KIT DRESS,Armstrong,1,0,False,False,2025-09-08
televisual,KIT,Armstrong,1,0,False,False,2025-09-08
tell,DRESS,Armstrong,1,0,False,False,2025-09-08
telltale,FACE,Armstrong,1,0,False,False,2025-09-08
telomeres,NEAR,Armstrong,1,0,False,False,2025-09-08
temperature,DRESS (LETTER) COMMA,Armstrong,1,0,False,False,2025-09-08
tempestuous,DRESS,Armstrong,1,0,False,False,2025-09-08
tempi,HAPPY,Armstrong,1,0,False,False,2025-09-08
temporary,DRESS LETTER COMMA,Armstrong,1,0,False,False,2025-09-08
temptation,DRESS,Armstrong,1,0,False,False,2025-09-08
tempura,DRESS,Armstrong,1,0,False,False,2025-09-08
tenderloin,CHOICE,Armstrong,1,0,False,False,2025-09-08
teniers,NEAR,Armstrong,1,0,False,False,2025-09-08
tennis,KIT,Armstrong,1,0,False,False,2025-09-08
tennis-court,FORCE,Armstrong,1,0,False,False,2025-09-08
tenochtitlan,LOT,Armstrong,1,0,False,False,2025-09-08
tent-peg,DRESS,Armstrong,1,0,False,False,2025-09-08
teresa,COMMA,Armstrong,1,0,False,False,2025-09-08
teriyaki,PALM,Armstrong,1,0,False,False,2025-09-08
term,NURSE,Armstrong,1,0,False,False,2025-09-08
termi,SQUARE,Armstrong,1,0,False,False,2025-09-08
terminal,NURSE,Armstrong,1,0,False,False,2025-09-08
termination,NURSE,Armstrong,1,0,False,False,2025-09-08
terpene,NURSE,Armstrong,1,0,False,False,2025-09-08
terrace,DRESS,Armstrong,1,0,False,False,2025-09-08
terrain,FACE LETTER COMMA,Armstrong,1,0,False,False,2025-09-08
terrestrial,KIT,Armstrong,1,0,False,False,2025-09-08
terrible,DRESS,Armstrong,1,0,False,False,2025-09-08
territorial,FORCE,Armstrong,1,0,False,False,2025-09-08
territoriality,FORCE,Armstrong,1,0,False,False,2025-09-08
terror,LETTER,Armstrong,1,0,False,False,2025-09-08
terrorism,DRESS,Armstrong,1,0,False,False,2025-09-08
terry,DRESS,Armstrong,1,0,False,False,2025-09-08
tertiary,NURSE,Armstrong,1,0,False,False,2025-09-08
tessa,COMMA,Armstrong,1,0,False,False,2025-09-08
test,DRESS,Armstrong,1,0,False,False,2025-09-08
test-drive,PRICE,Armstrong,1,0,False,False,2025-09-08
test-tube,GOOSE,Armstrong,1,0,False,False,2025-09-08
testimonial,GOAT,Armstrong,1,0,False,False,2025-09-08
tether,DRESS,Armstrong,1,0,False,False,2025-09-08
teutonic,GOOSE,Armstrong,1,0,False,False,2025-09-08
tewa,FACE COMMA,Armstrong,1,0,False,False,2025-09-08
texas,COMMA,Armstrong,1,0,False,False,2025-09-08
text,DRESS,Armstrong,1,0,False,False,2025-09-08
textile,PRICE,Armstrong,1,0,False,False,2025-09-08
thai,PRICE,Armstrong,1,0,False,False,2025-09-08
thailand,TRAP PRICE,Armstrong,1,0,False,False,2025-09-08
thames,DRESS,Armstrong,1,0,False,False,2025-09-08
than,TRAP COMMA,Armstrong,1,0,False,False,2025-09-08
thanks,TRAP,Armstrong,1,0,False,False,2025-09-08
that,TRAP COMMA,Armstrong,1,0,False,False,2025-09-08
thatcher,TRAP LETTER,Armstrong,1,0,False,False,2025-09-08
thaumaturge,THOUGHT,Armstrong,1,0,False,False,2025-09-08
thea,NEAR,Armstrong,1,0,False,False,2025-09-08
theatre,FLEECE COMMA,Armstrong,1,0,False,False,2025-09-08
thee,FLEECE,Armstrong,1,0,False,False,2025-09-08
theft,DRESS,Armstrong,1,0,False,False,2025-09-08
their,SQUARE,Armstrong,1,0,False,False,2025-09-08
them,DRESS COMMA,Armstrong,1,0,False,False,2025-09-08
theme,FLEECE,Armstrong,1,0,False,False,2025-09-08
themselves,DRESS,Armstrong,1,0,False,False,2025-09-08
then,DRESS COMMA,Armstrong,1,0,False,False,2025-09-08
theodore,FORCE,Armstrong,1,0,False,False,2025-09-08
theologian,GOAT,Armstrong,1,0,False,False,2025-09-08
theomorphic,NEAR,Armstrong,1,0,False,False,2025-09-08
theory,FLEECE LETTER COMMA,Armstrong,1,0,False,False,2025-09-08
therapeutic,GOOSE,Armstrong,1,0,False,False,2025-09-08
therapy,DRESS HAPPY COMMA,Armstrong,1,0,False,False,2025-09-08
there,SQUARE LETTER,Armstrong,1,0,False,False,2025-09-08
thereby,SQUARE,Armstrong,1,0,False,False,2025-09-08
therefore,SQUARE FORCE,Armstrong,1,0,False,False,2025-09-08
therefrom,SQUARE,Armstrong,1,0,False,False,2025-09-08
thereto,SQUARE,Armstrong,1,0,False,False,2025-09-08
therewith,SQUARE,Armstrong,1,0,False,False,2025-09-08
thermal,NURSE,Armstrong,1,0,False,False,2025-09-08
thermocouple,STRUT,Armstrong,1,0,False,False,2025-09-08
thermoplastic,GOAT,Armstrong,1,0,False,False,2025-09-08
thermostat,TRAP NURSE,Armstrong,1,0,False,False,2025-09-08
thesaurus,NORTH,Armstrong,1,0,False,False,2025-09-08
thigh,PRICE,Armstrong,1,0,False,False,2025-09-08
thigh-highs,PRICE,Armstrong,1,0,False,False,2025-09-08
thighbone,PRICE,Armstrong,1,0,False,False,2025-09-08
thighs,PRICE,Armstrong,1,0,False,False,2025-09-08
thingamabob,LOT,Armstrong,1,0,False,False,2025-09-08
thingie,HAPPY,Armstrong,1,0,False,False,2025-09-08
thingy,HAPPY,Armstrong,1,0,False,False,2025-09-08
think-tank,TRAP,Armstrong,1,0,False,False,2025-09-08
third,NURSE,Armstrong,1,0,False,False,2025-09-08
thirteen,(FLEECE),Armstrong,1,0,False,False,2025-09-08
thirty,NURSE,Armstrong,1,0,False,False,2025-09-08
this,KIT,Armstrong,1,0,False,False,2025-09-08
thomas,LOT COMMA,Armstrong,1,0,False,False,2025-09-08
thong,CLOTH,Armstrong,1,0,False,False,2025-09-08
thorax,FORCE,Armstrong,1,0,False,False,2025-09-08
thorium,FORCE,Armstrong,1,0,False,False,2025-09-08
thorn,NORTH,Armstrong,1,0,False,False,2025-09-08
thorne,NORTH,Armstrong,1,0,False,False,2025-09-08
thornton,NORTH,Armstrong,1,0,False,False,2025-09-08
thoroughbred,STRUT,Armstrong,1,0,False,False,2025-09-08
thoroughfares,SQUARE,Armstrong,1,0,False,False,2025-09-08
thoroughly,STRUT,Armstrong,1,0,False,False,2025-09-08
thorpe,NORTH,Armstrong,1,0,False,False,2025-09-08
those,GOAT,Armstrong,1,0,False,False,2025-09-08
thoth,GOAT,Armstrong,1,0,False,False,2025-09-08
thou,MOUTH,Armstrong,1,0,False,False,2025-09-08
though,GOAT,Armstrong,1,0,False,False,2025-09-08
thought,THOUGHT,Armstrong,1,0,False,False,2025-09-08
thousands,MOUTH,Armstrong,1,0,False,False,2025-09-08
thread,DRESS,Armstrong,1,0,False,False,2025-09-08
threat,DRESS,Armstrong,1,0,False,False,2025-09-08
three,FLEECE,Armstrong,1,0,False,False,2025-09-08
threshing-floor,FORCE,Armstrong,1,0,False,False,2025-09-08
thriller,LETTER,Armstrong,1,0,False,False,2025-09-08
throat,GOAT,Armstrong,1,0,False,False,2025-09-08
thrombosis,LOT,Armstrong,1,0,False,False,2025-09-08
throng,CLOTH,Armstrong,1,0,False,False,2025-09-08
throttle,LOT,Armstrong,1,0,False,False,2025-09-08
through,GOOSE,Armstrong,1,0,False,False,2025-09-08
throughout,GOOSE MOUTH,Armstrong,1,0,False,False,2025-09-08
throughway,GOOSE,Armstrong,1,0,False,False,2025-09-08
throw,GOAT,Armstrong,1,0,False,False,2025-09-08
thrown,GOAT,Armstrong,1,0,False,False,2025-09-08
throws,GOAT,Armstrong,1,0,False,False,2025-09-08
thrush,STRUT,Armstrong,1,0,False,False,2025-09-08
thruway,GOOSE,Armstrong,1,0,False,False,2025-09-08
thucydides,GOOSE,Armstrong,1,0,False,False,2025-09-08
thud,STRUT,Armstrong,1,0,False,False,2025-09-08
thug,STRUT,Armstrong,1,0,False,False,2025-09-08
thule,HAPPY,Armstrong,1,0,False,False,2025-09-08
thumb,STRUT,Armstrong,1,0,False,False,2025-09-08
thumbnail,STRUT FACE,Armstrong,1,0,False,False,2025-09-08
thundercloud,MOUTH,Armstrong,1,0,False,False,2025-09-08
thunderstorm,NORTH,Armstrong,1,0,False,False,2025-09-08
thursday,NURSE,Armstrong,1,0,False,False,2025-09-08
thus,STRUT,Armstrong,1,0,False,False,2025-09-08
thyroid,CHOICE,Armstrong,1,0,False,False,2025-09-08
thyroxine,PRICE,Armstrong,1,0,False,False,2025-09-08
tiberias,PRICE,Armstrong,1,0,False,False,2025-09-08
ticket,KIT,Armstrong,1,0,False,False,2025-09-08
tidmarsh,START,Armstrong,1,0,False,False,2025-09-08
tie,PRICE,Armstrong,1,0,False,False,2025-09-08
tier,NEAR,Armstrong,1,0,False,False,2025-09-08
tierce,NEAR,Armstrong,1,0,False,False,2025-09-08
tierney,NEAR,Armstrong,1,0,False,False,2025-09-08
ties,PRICE,Armstrong,1,0,False,False,2025-09-08
tiger,PRICE LETTER,Armstrong,1,0,False,False,2025-09-08
tiger-lily,PRICE,Armstrong,1,0,False,False,2025-09-08
tight,PRICE,Armstrong,1,0,False,False,2025-09-08
tightrope,GOAT,Armstrong,1,0,False,False,2025-09-08
tigris,PRICE,Armstrong,1,0,False,False,2025-09-08
tijuana,PALM,Armstrong,1,0,False,False,2025-09-08
tiktok,LOT,Armstrong,1,0,False,False,2025-09-08
tile,PRICE,Armstrong,1,0,False,False,2025-09-08
timberlake,FACE LETTER,Armstrong,1,0,False,False,2025-09-08
timberyard,LETTER,Armstrong,1,0,False,False,2025-09-08
time,PRICE,Armstrong,1,0,False,False,2025-09-08
time-exposure,GOAT,Armstrong,1,0,False,False,2025-09-08
time-lapse,TRAP,Armstrong,1,0,False,False,2025-09-08
timeline,PRICE,Armstrong,1,0,False,False,2025-09-08
timeshare,SQUARE,Armstrong,1,0,False,False,2025-09-08
timesharing,SQUARE,Armstrong,1,0,False,False,2025-09-08
timetable,FACE PRICE,Armstrong,1,0,False,False,2025-09-08
timex,PRICE,Armstrong,1,0,False,False,2025-09-08
timisoara,START,Armstrong,1,0,False,False,2025-09-08
timor,FLEECE,Armstrong,1,0,False,False,2025-09-08
timothy,HAPPY COMMA,Armstrong,1,0,False,False,2025-09-08
tina,COMMA,Armstrong,1,0,False,False,2025-09-08
tintagel,TRAP,Armstrong,1,0,False,False,2025-09-08
tiny,PRICE HAPPY,Armstrong,1,0,False,False,2025-09-08
tip,KIT,Armstrong,1,0,False,False,2025-09-08
tiptoed,GOAT,Armstrong,1,0,False,False,2025-09-08
tirade,PRICE,Armstrong,1,0,False,False,2025-09-08
tirana,PALM,Armstrong,1,0,False,False,2025-09-08
tire,PRICE,Armstrong,1,0,False,False,2025-09-08
tired,PRICE,Armstrong,1,0,False,False,2025-09-08
tissue,GOOSE,Armstrong,1,0,False,False,2025-09-08
tissues,GOOSE,Armstrong,1,0,False,False,2025-09-08
titania,PALM,Armstrong,1,0,False,False,2025-09-08
titanic,PRICE,Armstrong,1,0,False,False,2025-09-08
titanium,PRICE,Armstrong,1,0,False,False,2025-09-08
tithe,PRICE,Armstrong,1,0,False,False,2025-09-08
tithe-barn,PRICE START,Armstrong,1,0,False,False,2025-09-08
title,PRICE,Armstrong,1,0,False,False,2025-09-08
title-page,FACE,Armstrong,1,0,False,False,2025-09-08
titmarsh,START,Armstrong,1,0,False,False,2025-09-08
titmouse,MOUTH,Armstrong,1,0,False,False,2025-09-08
tito,FLEECE,Armstrong,1,0,False,False,2025-09-08
tnt,DRESS,Armstrong,1,0,False,False,2025-09-08
to,GOOSE COMMA,Armstrong,1,0,False,False,2025-09-08
to-do,COMMA,Armstrong,1,0,False,False,2025-09-08
toast,GOAT,Armstrong,1,0,False,False,2025-09-08
toasting-fork,NORTH,Armstrong,1,0,False,False,2025-09-08
tobago,FACE,Armstrong,1,0,False,False,2025-09-08
tobey,HAPPY,Armstrong,1,0,False,False,2025-09-08
toby,GOAT,Armstrong,1,0,False,False,2025-09-08
toccata,PALM,Armstrong,1,0,False,False,2025-09-08
today,COMMA,Armstrong,1,0,False,False,2025-09-08
toddler,LOT,Armstrong,1,0,False,False,2025-09-08
toe,GOAT,Armstrong,1,0,False,False,2025-09-08
toe-rag,GOAT,Armstrong,1,0,False,False,2025-09-08
toffee,HAPPY,Armstrong,1,0,False,False,2025-09-08
tofu,GOAT,Armstrong,1,0,False,False,2025-09-08
toga,COMMA,Armstrong,1,0,False,False,2025-09-08
together,DRESS LETTER COMMA,Armstrong,1,0,False,False,2025-09-08
togetherness,DRESS,Armstrong,1,0,False,False,2025-09-08
togo,GOAT,Armstrong,1,0,False,False,2025-09-08
toil,CHOICE,Armstrong,1,0,False,False,2025-09-08
toilet,CHOICE,Armstrong,1,0,False,False,2025-09-08
toiletries,CHOICE,Armstrong,1,0,False,False,2025-09-08
toilette,PALM,Armstrong,1,0,False,False,2025-09-08
tokelau,MOUTH,Armstrong,1,0,False,False,2025-09-08
token,GOAT,Armstrong,1,0,False,False,2025-09-08
tokyo,GOAT,Armstrong,1,0,False,False,2025-09-08
told,GOAT,Armstrong,1,0,False,False,2025-09-08
toll,GOAT,Armstrong,1,0,False,False,2025-09-08
tolled,GOAT,Armstrong,1,0,False,False,2025-09-08
tolstoy,CHOICE,Armstrong,1,0,False,False,2025-09-08
tom,LOT,Armstrong,1,0,False,False,2025-09-08
tomatoes,GOAT,Armstrong,1,0,False,False,2025-09-08
tomb,GOOSE,Armstrong,1,0,False,False,2025-09-08
tombola,LOT,Armstrong,1,0,False,False,2025-09-08
tomboy,CHOICE,Armstrong,1,0,False,False,2025-09-08
tome,GOAT,Armstrong,1,0,False,False,2025-09-08
tomintoul,MOUTH,Armstrong,1,0,False,False,2025-09-08
tommie,HAPPY,Armstrong,1,0,False,False,2025-09-08
tomorrow,(CLOTH),Armstrong,1,0,False,False,2025-09-08
tomtom,LOT,Armstrong,1,0,False,False,2025-09-08
tone,GOAT,Armstrong,1,0,False,False,2025-09-08
toneme,FLEECE,Armstrong,1,0,False,False,2025-09-08
tonga,COMMA,Armstrong,1,0,False,False,2025-09-08
tongs,CLOTH,Armstrong,1,0,False,False,2025-09-08
toni,HAPPY,Armstrong,1,0,False,False,2025-09-08
tonight,PRICE,Armstrong,1,0,False,False,2025-09-08
tonsure,LETTER,Armstrong,1,0,False,False,2025-09-08
tony,GOAT,Armstrong,1,0,False,False,2025-09-08
too,GOOSE,Armstrong,1,0,False,False,2025-09-08
took,FOOT,Armstrong,1,0,False,False,2025-09-08
toolbox,LOT,Armstrong,1,0,False,False,2025-09-08
tools,GOOSE,Armstrong,1,0,False,False,2025-09-08
tooth,GOOSE,Armstrong,1,0,False,False,2025-09-08
toothbrush,STRUT,Armstrong,1,0,False,False,2025-09-08
toothless,GOOSE,Armstrong,1,0,False,False,2025-09-08
toothpaste,FACE GOOSE,Armstrong,1,0,False,False,2025-09-08
toothsome,GOOSE,Armstrong,1,0,False,False,2025-09-08
tooting,GOOSE,Armstrong,1,0,False,False,2025-09-08
tootsie,FOOT,Armstrong,1,0,False,False,2025-09-08
top,LOT,Armstrong,1,0,False,False,2025-09-08
top-dog,LOT,Armstrong,1,0,False,False,2025-09-08
topaz,TRAP,Armstrong,1,0,False,False,2025-09-08
topic,LOT,Armstrong,1,0,False,False,2025-09-08
topnotch,LOT,Armstrong,1,0,False,False,2025-09-08
topsoil,CHOICE,Armstrong,1,0,False,False,2025-09-08
torch,NORTH,Armstrong,1,0,False,False,2025-09-08
torch-singer,NORTH,Armstrong,1,0,False,False,2025-09-08
tore,FORCE,Armstrong,1,0,False,False,2025-09-08
torment,NORTH,Armstrong,1,0,False,False,2025-09-08
torn,FORCE,Armstrong,1,0,False,False,2025-09-08
tornado,FACE NORTH,Armstrong,1,0,False,False,2025-09-08
torpedo,NORTH,Armstrong,1,0,False,False,2025-09-08
torpoint,CHOICE,Armstrong,1,0,False,False,2025-09-08
torpor,NORTH,Armstrong,1,0,False,False,2025-09-08
torque,NORTH,Armstrong,1,0,False,False,2025-09-08
torres,DRESS,Armstrong,1,0,False,False,2025-09-08
tors,NORTH,Armstrong,1,0,False,False,2025-09-08
torso,NORTH,Armstrong,1,0,False,False,2025-09-08
tort,NORTH,Armstrong,1,0,False,False,2025-09-08
tortuga,COMMA,Armstrong,1,0,False,False,2025-09-08
tortuous,NORTH,Armstrong,1,0,False,False,2025-09-08
torture,NORTH,Armstrong,1,0,False,False,2025-09-08
torturous,NORTH,Armstrong,1,0,False,False,2025-09-08
torus,FORCE,Armstrong,1,0,False,False,2025-09-08
torvalds,NORTH,Armstrong,1,0,False,False,2025-09-08
torvill,NORTH,Armstrong,1,0,False,False,2025-09-08
tory,FORCE,Armstrong,1,0,False,False,2025-09-08
toshiba,FLEECE COMMA,Armstrong,1,0,False,False,2025-09-08
toss,CLOTH,Armstrong,1,0,False,False,2025-09-08
total,GOAT,Armstrong,1,0,False,False,2025-09-08
totally,COMMA,Armstrong,1,0,False,False,2025-09-08
tote,GOAT,Armstrong,1,0,False,False,2025-09-08
toucan,GOOSE,Armstrong,1,0,False,False,2025-09-08
touch,(STRUT) (MOUTH),Armstrong,1,0,False,False,2025-09-08
touch-and-go,STRUT,Armstrong,1,0,False,False,2025-09-08
touch-screen,STRUT,Armstrong,1,0,False,False,2025-09-08
touch-tone,STRUT,Armstrong,1,0,False,False,2025-09-08
touch-typing,STRUT,Armstrong,1,0,False,False,2025-09-08
touchdown,STRUT,Armstrong,1,0,False,False,2025-09-08
touchpad,TRAP STRUT,Armstrong,1,0,False,False,2025-09-08
touchscreen,FLEECE,Armstrong,1,0,False,False,2025-09-08
touchwood,STRUT,Armstrong,1,0,False,False,2025-09-08
touchy,STRUT,Armstrong,1,0,False,False,2025-09-08
tough,STRUT,Armstrong,1,0,False,False,2025-09-08
tougher,LETTER,Armstrong,1,0,False,False,2025-09-08
toughie,HAPPY,Armstrong,1,0,False,False,2025-09-08
toulouse-lautrec,GOOSE,Armstrong,1,0,False,False,2025-09-08
tour,(FORCE) CURE,Armstrong,1,0,False,False,2025-09-08
toured,CURE,Armstrong,1,0,False,False,2025-09-08
touring,FORCE CURE,Armstrong,1,0,False,False,2025-09-08
tourism,FORCE COMMA,Armstrong,1,0,False,False,2025-09-08
tourist,FORCE CURE,Armstrong,1,0,False,False,2025-09-08
touristic,FORCE CURE,Armstrong,1,0,False,False,2025-09-08
touristy,FORCE,Armstrong,1,0,False,False,2025-09-08
tourmaline,CURE,Armstrong,1,0,False,False,2025-09-08
tournament,FORCE CURE,Armstrong,1,0,False,False,2025-09-08
tournedos,CURE,Armstrong,1,0,False,False,2025-09-08
tours,CURE,Armstrong,1,0,False,False,2025-09-08
tout,MOUTH,Armstrong,1,0,False,False,2025-09-08
tow,GOAT,Armstrong,1,0,False,False,2025-09-08
towbar,START,Armstrong,1,0,False,False,2025-09-08
towed,GOAT,Armstrong,1,0,False,False,2025-09-08
towel,MOUTH,Armstrong,1,0,False,False,2025-09-08
tower,MOUTH,Armstrong,1,0,False,False,2025-09-08
town,MOUTH,Armstrong,1,0,False,False,2025-09-08
townee,HAPPY,Armstrong,1,0,False,False,2025-09-08
townspeople,FLEECE,Armstrong,1,0,False,False,2025-09-08
towpath,BATH,Armstrong,1,0,False,False,2025-09-08
towpaths,BATH,Armstrong,1,0,False,False,2025-09-08
towrope,GOAT,Armstrong,1,0,False,False,2025-09-08
toxoplasmosis,TRAP,Armstrong,1,0,False,False,2025-09-08
toy,CHOICE,Armstrong,1,0,False,False,2025-09-08
toy-boy,CHOICE,Armstrong,1,0,False,False,2025-09-08
toyota,GOAT COMMA,Armstrong,1,0,False,False,2025-09-08
toys,CHOICE,Armstrong,1,0,False,False,2025-09-08
toyshop,CHOICE,Armstrong,1,0,False,False,2025-09-08
tracey,HAPPY,Armstrong,1,0,False,False,2025-09-08
track,TRAP,Armstrong,1,0,False,False,2025-09-08
tracker,LETTER,Armstrong,1,0,False,False,2025-09-08
trade,FACE,Armstrong,1,0,False,False,2025-09-08
trademark,FACE START,Armstrong,1,0,False,False,2025-09-08
tradesman,FACE,Armstrong,1,0,False,False,2025-09-08
tradespeople,FLEECE,Armstrong,1,0,False,False,2025-09-08
traditional,KIT COMMA,Armstrong,1,0,False,False,2025-09-08
traffic,TRAP,Armstrong,1,0,False,False,2025-09-08
trafford,TRAP,Armstrong,1,0,False,False,2025-09-08
tragedy,TRAP,Armstrong,1,0,False,False,2025-09-08
tragic,TRAP,Armstrong,1,0,False,False,2025-09-08
trailblazer,FACE,Armstrong,1,0,False,False,2025-09-08
trailer,FACE LETTER,Armstrong,1,0,False,False,2025-09-08
train,FACE,Armstrong,1,0,False,False,2025-09-08
trainee,FLEECE,Armstrong,1,0,False,False,2025-09-08
trainer,LETTER,Armstrong,1,0,False,False,2025-09-08
trainers,FACE,Armstrong,1,0,False,False,2025-09-08
traipse,FACE,Armstrong,1,0,False,False,2025-09-08
trait,FACE,Armstrong,1,0,False,False,2025-09-08
traitor,FACE,Armstrong,1,0,False,False,2025-09-08
tranmere,NEAR,Armstrong,1,0,False,False,2025-09-08
transceiver,BATH,Armstrong,1,0,False,False,2025-09-08
transcend,BATH,Armstrong,1,0,False,False,2025-09-08
transcendence,BATH,Armstrong,1,0,False,False,2025-09-08
transcendentalist,BATH,Armstrong,1,0,False,False,2025-09-08
transcript,BATH,Armstrong,1,0,False,False,2025-09-08
transcription,BATH,Armstrong,1,0,False,False,2025-09-08
transept,DRESS,Armstrong,1,0,False,False,2025-09-08
transfer,BATH NURSE,Armstrong,1,0,False,False,2025-09-08
transferability,BATH,Armstrong,1,0,False,False,2025-09-08
transferable,NURSE,Armstrong,1,0,False,False,2025-09-08
transferase,BATH,Armstrong,1,0,False,False,2025-09-08
transference,BATH,Armstrong,1,0,False,False,2025-09-08
transferred,NURSE,Armstrong,1,0,False,False,2025-09-08
transferring,NURSE,Armstrong,1,0,False,False,2025-09-08
transfers,NURSE,Armstrong,1,0,False,False,2025-09-08
transfiguration,BATH,Armstrong,1,0,False,False,2025-09-08
transform,BATH,Armstrong,1,0,False,False,2025-09-08
transformation,BATH LETTER,Armstrong,1,0,False,False,2025-09-08
transformed,NORTH,Armstrong,1,0,False,False,2025-09-08
transformer,NORTH,Armstrong,1,0,False,False,2025-09-08
transformers,BATH,Armstrong,1,0,False,False,2025-09-08
transforming,NORTH,Armstrong,1,0,False,False,2025-09-08
transforms,NORTH,Armstrong,1,0,False,False,2025-09-08
transfusion,GOOSE BATH,Armstrong,1,0,False,False,2025-09-08
translation,BATH,Armstrong,1,0,False,False,2025-09-08
translucent,GOOSE,Armstrong,1,0,False,False,2025-09-08
transmigration,PRICE,Armstrong,1,0,False,False,2025-09-08
transparency,BATH,Armstrong,1,0,False,False,2025-09-08
transparent,TRAP BATH,Armstrong,1,0,False,False,2025-09-08
transpire,BATH,Armstrong,1,0,False,False,2025-09-08
transplant,BATH,Armstrong,1,0,False,False,2025-09-08
transponder,BATH,Armstrong,1,0,False,False,2025-09-08
transport,BATH FORCE,Armstrong,1,0,False,False,2025-09-08
transportation,BATH,Armstrong,1,0,False,False,2025-09-08
transposition,BATH,Armstrong,1,0,False,False,2025-09-08
transubstantiation,BATH,Armstrong,1,0,False,False,2025-09-08
transvaal,PALM,Armstrong,1,0,False,False,2025-09-08
transylvania,BATH,Armstrong,1,0,False,False,2025-09-08
trap-door,FORCE,Armstrong,1,0,False,False,2025-09-08
trapdoor,FORCE,Armstrong,1,0,False,False,2025-09-08
trapezoidal,CHOICE,Armstrong,1,0,False,False,2025-09-08
trash,TRAP,Armstrong,1,0,False,False,2025-09-08
trashy,HAPPY,Armstrong,1,0,False,False,2025-09-08
trattoria,NEAR,Armstrong,1,0,False,False,2025-09-08
trauma,THOUGHT COMMA,Armstrong,1,0,False,False,2025-09-08
traumatic,THOUGHT,Armstrong,1,0,False,False,2025-09-08
traumatize,THOUGHT,Armstrong,1,0,False,False,2025-09-08
travel,TRAP,Armstrong,1,0,False,False,2025-09-08
travelers,LETTER,Armstrong,1,0,False,False,2025-09-08
traveller,LETTER,Armstrong,1,0,False,False,2025-09-08
travelodge,LOT,Armstrong,1,0,False,False,2025-09-08
travis,TRAP,Armstrong,1,0,False,False,2025-09-08
travolta,COMMA,Armstrong,1,0,False,False,2025-09-08
trays,FACE,Armstrong,1,0,False,False,2025-09-08
trayvon,LOT,Armstrong,1,0,False,False,2025-09-08
treacherous,DRESS,Armstrong,1,0,False,False,2025-09-08
treachery,DRESS,Armstrong,1,0,False,False,2025-09-08
treasure,DRESS LETTER,Armstrong,1,0,False,False,2025-09-08
treasure-trove,DRESS,Armstrong,1,0,False,False,2025-09-08
treasurer,LETTER,Armstrong,1,0,False,False,2025-09-08
treasury,DRESS,Armstrong,1,0,False,False,2025-09-08
treat,FLEECE,Armstrong,1,0,False,False,2025-09-08
treatment,FLEECE,Armstrong,1,0,False,False,2025-09-08
treaty,FLEECE,Armstrong,1,0,False,False,2025-09-08
treble,DRESS,Armstrong,1,0,False,False,2025-09-08
trebuchet,GOOSE,Armstrong,1,0,False,False,2025-09-08
trefdraeth,PRICE,Armstrong,1,0,False,False,2025-09-08
trefoil,CHOICE,Armstrong,1,0,False,False,2025-09-08
tressure,LETTER,Armstrong,1,0,False,False,2025-09-08
triad,TRAP,Armstrong,1,0,False,False,2025-09-08
triangle,TRAP,Armstrong,1,0,False,False,2025-09-08
triathlon,TRAP,Armstrong,1,0,False,False,2025-09-08
tribal,PRICE,Armstrong,1,0,False,False,2025-09-08
tribunal,GOOSE PRICE,Armstrong,1,0,False,False,2025-09-08
tribune,GOOSE,Armstrong,1,0,False,False,2025-09-08
tributaries,FOOT,Armstrong,1,0,False,False,2025-09-08
tribute,KIT GOOSE,Armstrong,1,0,False,False,2025-09-08
triceratops,PRICE,Armstrong,1,0,False,False,2025-09-08
tricia,COMMA,Armstrong,1,0,False,False,2025-09-08
tried,PRICE,Armstrong,1,0,False,False,2025-09-08
tries,PRICE,Armstrong,1,0,False,False,2025-09-08
trifecta,PRICE,Armstrong,1,0,False,False,2025-09-08
trifoliate,PRICE,Armstrong,1,0,False,False,2025-09-08
trigeminal,PRICE,Armstrong,1,0,False,False,2025-09-08
trigger,KIT LETTER,Armstrong,1,0,False,False,2025-09-08
triglyceride,PRICE,Armstrong,1,0,False,False,2025-09-08
trigonic,PRICE,Armstrong,1,0,False,False,2025-09-08
trijet,PRICE,Armstrong,1,0,False,False,2025-09-08
trijugate,PRICE,Armstrong,1,0,False,False,2025-09-08
trilogy,HAPPY COMMA,Armstrong,1,0,False,False,2025-09-08
trimester,PRICE,Armstrong,1,0,False,False,2025-09-08
trinidad,TRAP,Armstrong,1,0,False,False,2025-09-08
trio,FLEECE,Armstrong,1,0,False,False,2025-09-08
trip,KIT,Armstrong,1,0,False,False,2025-09-08
tripadvisor,PRICE,Armstrong,1,0,False,False,2025-09-08
tripod,LOT PRICE,Armstrong,1,0,False,False,2025-09-08
trireme,FLEECE,Armstrong,1,0,False,False,2025-09-08
trishaw,PRICE,Armstrong,1,0,False,False,2025-09-08
triumph,PRICE,Armstrong,1,0,False,False,2025-09-08
triune,GOOSE PRICE,Armstrong,1,0,False,False,2025-09-08
trivago,PALM,Armstrong,1,0,False,False,2025-09-08
trivalent,PRICE,Armstrong,1,0,False,False,2025-09-08
triweekly,PRICE,Armstrong,1,0,False,False,2025-09-08
troika,CHOICE,Armstrong,1,0,False,False,2025-09-08
trojan,GOAT,Armstrong,1,0,False,False,2025-09-08
trolleybus,STRUT,Armstrong,1,0,False,False,2025-09-08
trombone,LOT,Armstrong,1,0,False,False,2025-09-08
trondheim,PRICE,Armstrong,1,0,False,False,2025-09-08
troop,GOOSE,Armstrong,1,0,False,False,2025-09-08
troop-carrier,TRAP,Armstrong,1,0,False,False,2025-09-08
trophy,GOAT HAPPY,Armstrong,1,0,False,False,2025-09-08
troth,GOAT,Armstrong,1,0,False,False,2025-09-08
troubadour,GOOSE FORCE,Armstrong,1,0,False,False,2025-09-08
trouble,STRUT,Armstrong,1,0,False,False,2025-09-08
troubleshooting,GOOSE,Armstrong,1,0,False,False,2025-09-08
trough,CLOTH,Armstrong,1,0,False,False,2025-09-08
trouser,LETTER,Armstrong,1,0,False,False,2025-09-08
trousers,MOUTH,Armstrong,1,0,False,False,2025-09-08
trout,MOUTH,Armstrong,1,0,False,False,2025-09-08
trowel,MOUTH,Armstrong,1,0,False,False,2025-09-08
troy,CHOICE,Armstrong,1,0,False,False,2025-09-08
truck,STRUT,Armstrong,1,0,False,False,2025-09-08
trudge,STRUT,Armstrong,1,0,False,False,2025-09-08
trudgen,STRUT,Armstrong,1,0,False,False,2025-09-08
true,GOOSE,Armstrong,1,0,False,False,2025-09-08
truer,GOOSE,Armstrong,1,0,False,False,2025-09-08
truffle,STRUT,Armstrong,1,0,False,False,2025-09-08
truffles,STRUT,Armstrong,1,0,False,False,2025-09-08
truism,GOOSE,Armstrong,1,0,False,False,2025-09-08
truly,GOOSE,Armstrong,1,0,False,False,2025-09-08
truncate,STRUT,Armstrong,1,0,False,False,2025-09-08
truncated,STRUT,Armstrong,1,0,False,False,2025-09-08
trunk,STRUT,Armstrong,1,0,False,False,2025-09-08
trunks,STRUT,Armstrong,1,0,False,False,2025-09-08
truro,CURE,Armstrong,1,0,False,False,2025-09-08
trust,STRUT,Armstrong,1,0,False,False,2025-09-08
trusted,STRUT,Armstrong,1,0,False,False,2025-09-08
trusts,STRUT,Armstrong,1,0,False,False,2025-09-08
trustworthy,HAPPY,Armstrong,1,0,False,False,2025-09-08
truth,GOOSE,Armstrong,1,0,False,False,2025-09-08
truths,GOOSE,Armstrong,1,0,False,False,2025-09-08
try,PRICE,Armstrong,1,0,False,False,2025-09-08
try-out,MOUTH,Armstrong,1,0,False,False,2025-09-08
tryptophan,GOAT,Armstrong,1,0,False,False,2025-09-08
tsarina,START,Armstrong,1,0,False,False,2025-09-08
tsunami,PALM GOOSE HAPPY,Armstrong,1,0,False,False,2025-09-08
tuareg,DRESS,Armstrong,1,0,False,False,2025-09-08
tub,STRUT,Armstrong,1,0,False,False,2025-09-08
tuba,GOOSE COMMA,Armstrong,1,0,False,False,2025-09-08
tube,GOOSE,Armstrong,1,0,False,False,2025-09-08
tuber,GOOSE,Armstrong,1,0,False,False,2025-09-08
tuberculosis,GOOSE,Armstrong,1,0,False,False,2025-09-08
tubthumping,STRUT,Armstrong,1,0,False,False,2025-09-08
tucson,GOOSE,Armstrong,1,0,False,False,2025-09-08
tufted,STRUT,Armstrong,1,0,False,False,2025-09-08
tug,STRUT,Armstrong,1,0,False,False,2025-09-08
tugendhat,PALM,Armstrong,1,0,False,False,2025-09-08
tuition,GOOSE,Armstrong,1,0,False,False,2025-09-08
tulip,GOOSE,Armstrong,1,0,False,False,2025-09-08
tulsa,COMMA,Armstrong,1,0,False,False,2025-09-08
tumbleweed,FLEECE,Armstrong,1,0,False,False,2025-09-08
tummy,STRUT,Armstrong,1,0,False,False,2025-09-08
tumour,GOOSE,Armstrong,1,0,False,False,2025-09-08
tumultuous,GOOSE,Armstrong,1,0,False,False,2025-09-08
tuna,GOOSE,Armstrong,1,0,False,False,2025-09-08
tune,GOOSE,Armstrong,1,0,False,False,2025-09-08
tungsten,STRUT,Armstrong,1,0,False,False,2025-09-08
tungusic,FOOT,Armstrong,1,0,False,False,2025-09-08
tunic,GOOSE,Armstrong,1,0,False,False,2025-09-08
tuning-fork,NORTH,Armstrong,1,0,False,False,2025-09-08
tunisia,GOOSE,Armstrong,1,0,False,False,2025-09-08
turbine,NURSE,Armstrong,1,0,False,False,2025-09-08
turbocharge,GOAT START,Armstrong,1,0,False,False,2025-09-08
turbojets,GOAT,Armstrong,1,0,False,False,2025-09-08
turbulent,NURSE,Armstrong,1,0,False,False,2025-09-08
turf,NURSE,Armstrong,1,0,False,False,2025-09-08
turgenev,DRESS,Armstrong,1,0,False,False,2025-09-08
turkey,HAPPY NURSE,Armstrong,1,0,False,False,2025-09-08
turkmenistan,DRESS NURSE,Armstrong,1,0,False,False,2025-09-08
turks,NURSE,Armstrong,1,0,False,False,2025-09-08
turmoil,CHOICE,Armstrong,1,0,False,False,2025-09-08
turn,NURSE,Armstrong,1,0,False,False,2025-09-08
turn-out,MOUTH,Armstrong,1,0,False,False,2025-09-08
turnaround,MOUTH,Armstrong,1,0,False,False,2025-09-08
turner,LETTER NURSE,Armstrong,1,0,False,False,2025-09-08
turning-point,CHOICE,Armstrong,1,0,False,False,2025-09-08
turnover,GOAT NURSE,Armstrong,1,0,False,False,2025-09-08
turnpike,PRICE,Armstrong,1,0,False,False,2025-09-08
turpin,NURSE,Armstrong,1,0,False,False,2025-09-08
turquoise,CHOICE NURSE,Armstrong,1,0,False,False,2025-09-08
turret,STRUT,Armstrong,1,0,False,False,2025-09-08
turtle,NURSE,Armstrong,1,0,False,False,2025-09-08
turtledove,STRUT,Armstrong,1,0,False,False,2025-09-08
turvey,HAPPY,Armstrong,1,0,False,False,2025-09-08
tush,FOOT,Armstrong,1,0,False,False,2025-09-08
tushie,HAPPY,Armstrong,1,0,False,False,2025-09-08
tuskegee,STRUT HAPPY,Armstrong,1,0,False,False,2025-09-08
tutor,GOOSE,Armstrong,1,0,False,False,2025-09-08
tutorial,GOOSE FORCE,Armstrong,1,0,False,False,2025-09-08
tutu,GOOSE,Armstrong,1,0,False,False,2025-09-08
tuvalu,PALM GOOSE,Armstrong,1,0,False,False,2025-09-08
tuxedo,STRUT,Armstrong,1,0,False,False,2025-09-08
tv,FLEECE,Armstrong,1,0,False,False,2025-09-08
twaites,FACE,Armstrong,1,0,False,False,2025-09-08
tweak,FLEECE,Armstrong,1,0,False,False,2025-09-08
tweed,FLEECE,Armstrong,1,0,False,False,2025-09-08
tweet,FLEECE,Armstrong,1,0,False,False,2025-09-08
twentieth,COMMA,Armstrong,1,0,False,False,2025-09-08
twenty-one,HAPPY,Armstrong,1,0,False,False,2025-09-08
twerking,NURSE,Armstrong,1,0,False,False,2025-09-08
twice,PRICE,Armstrong,1,0,False,False,2025-09-08
twilight,PRICE,Armstrong,1,0,False,False,2025-09-08
twist,KIT,Armstrong,1,0,False,False,2025-09-08
twitter,KIT LETTER,Armstrong,1,0,False,False,2025-09-08
two,GOOSE,Armstrong,1,0,False,False,2025-09-08
two-by-four,FORCE,Armstrong,1,0,False,False,2025-09-08
two-tone,GOAT,Armstrong,1,0,False,False,2025-09-08
two-way,GOOSE,Armstrong,1,0,False,False,2025-09-08
twofer,GOOSE,Armstrong,1,0,False,False,2025-09-08
twyford,PRICE,Armstrong,1,0,False,False,2025-09-08
tycoon,PRICE,Armstrong,1,0,False,False,2025-09-08
tyler,PRICE,Armstrong,1,0,False,False,2025-09-08
tynemouth,MOUTH,Armstrong,1,0,False,False,2025-09-08
type,PRICE,Armstrong,1,0,False,False,2025-09-08
typhoid,PRICE CHOICE,Armstrong,1,0,False,False,2025-09-08
typhoon,GOOSE PRICE,Armstrong,1,0,False,False,2025-09-08
typical,KIT,Armstrong,1,0,False,False,2025-09-08
typo,PRICE,Armstrong,1,0,False,False,2025-09-08
typography,PRICE,Armstrong,1,0,False,False,2025-09-08
tyrangiel,COMMA,Armstrong,1,0,False,False,2025-09-08
tyrannosaurus,NORTH,Armstrong,1,0,False,False,2025-09-08
tyre,PRICE,Armstrong,1,0,False,False,2025-09-08
tyrone,GOAT PRICE,Armstrong,1,0,False,False,2025-09-08
tzarina,START,Armstrong,1,0,False,False,2025-09-08
u-boat,GOOSE,Armstrong,1,0,False,False,2025-09-08
uber,LETTER,Armstrong,1,0,False,False,2025-09-08
ubiquity,GOOSE,Armstrong,1,0,False,False,2025-09-08
ubuntu,(FOOT) (GOOSE),Armstrong,1,0,False,False,2025-09-08
uccello,GOOSE,Armstrong,1,0,False,False,2025-09-08
uchimura,FLEECE,Armstrong,1,0,False,False,2025-09-08
udder,STRUT,Armstrong,1,0,False,False,2025-09-08
uffizi,GOOSE,Armstrong,1,0,False,False,2025-09-08
ufo,DRESS,Armstrong,1,0,False,False,2025-09-08
uganda,GOOSE COMMA,Armstrong,1,0,False,False,2025-09-08
ugly,STRUT,Armstrong,1,0,False,False,2025-09-08
ugrian,GOOSE,Armstrong,1,0,False,False,2025-09-08
ukraine,FACE,Armstrong,1,0,False,False,2025-09-08
ukulele,GOOSE,Armstrong,1,0,False,False,2025-09-08
ulster,STRUT,Armstrong,1,0,False,False,2025-09-08
ulterior,STRUT,Armstrong,1,0,False,False,2025-09-08
ultimate,STRUT,Armstrong,1,0,False,False,2025-09-08
ultimately,STRUT,Armstrong,1,0,False,False,2025-09-08
ultra,COMMA,Armstrong,1,0,False,False,2025-09-08
ultra-,STRUT,Armstrong,1,0,False,False,2025-09-08
ultrahigh,PRICE,Armstrong,1,0,False,False,2025-09-08
uluant,GOOSE,Armstrong,1,0,False,False,2025-09-08
ulysses,GOOSE,Armstrong,1,0,False,False,2025-09-08
umami,HAPPY,Armstrong,1,0,False,False,2025-09-08
umbilical,STRUT,Armstrong,1,0,False,False,2025-09-08
umbrella,STRUT COMMA,Armstrong,1,0,False,False,2025-09-08
umlaut,MOUTH (GOOSE) (FOOT),Armstrong,1,0,False,False,2025-09-08
umpire,PRICE,Armstrong,1,0,False,False,2025-09-08
umpiring,PRICE,Armstrong,1,0,False,False,2025-09-08
una,COMMA,Armstrong,1,0,False,False,2025-09-08
unacceptable,DRESS,Armstrong,1,0,False,False,2025-09-08
unanimous,GOOSE,Armstrong,1,0,False,False,2025-09-08
unasked,BATH,Armstrong,1,0,False,False,2025-09-08
unauthorized,THOUGHT,Armstrong,1,0,False,False,2025-09-08
unavailable,COMMA,Armstrong,1,0,False,False,2025-09-08
unaware,SQUARE,Armstrong,1,0,False,False,2025-09-08
unbearable,SQUARE,Armstrong,1,0,False,False,2025-09-08
unbiased,PRICE COMMA,Armstrong,1,0,False,False,2025-09-08
uncharacteristically,TRAP,Armstrong,1,0,False,False,2025-09-08
unclassifiable,PRICE,Armstrong,1,0,False,False,2025-09-08
uncle,STRUT,Armstrong,1,0,False,False,2025-09-08
unclear,NEAR,Armstrong,1,0,False,False,2025-09-08
uncork,NORTH,Armstrong,1,0,False,False,2025-09-08
uncouth,GOOSE,Armstrong,1,0,False,False,2025-09-08
uncovered,STRUT,Armstrong,1,0,False,False,2025-09-08
undamaged,TRAP,Armstrong,1,0,False,False,2025-09-08
undemocratic,DRESS,Armstrong,1,0,False,False,2025-09-08
under,STRUT LETTER,Armstrong,1,0,False,False,2025-09-08
underage,FACE,Armstrong,1,0,False,False,2025-09-08
underbrush,STRUT,Armstrong,1,0,False,False,2025-09-08
undercarriage,TRAP,Armstrong,1,0,False,False,2025-09-08
underclothing,GOAT,Armstrong,1,0,False,False,2025-09-08
undercover,STRUT LETTER,Armstrong,1,0,False,False,2025-09-08
undercurrent,STRUT,Armstrong,1,0,False,False,2025-09-08
undercut,STRUT,Armstrong,1,0,False,False,2025-09-08
underemployment,CHOICE,Armstrong,1,0,False,False,2025-09-08
underfloor,FORCE,Armstrong,1,0,False,False,2025-09-08
undergarments,START,Armstrong,1,0,False,False,2025-09-08
undergone,LETTER,Armstrong,1,0,False,False,2025-09-08
undergraduate,LETTER,Armstrong,1,0,False,False,2025-09-08
underground,MOUTH LETTER,Armstrong,1,0,False,False,2025-09-08
underneath,LETTER,Armstrong,1,0,False,False,2025-09-08
underpants,LETTER,Armstrong,1,0,False,False,2025-09-08
underpin,LETTER,Armstrong,1,0,False,False,2025-09-08
underscored,FORCE,Armstrong,1,0,False,False,2025-09-08
undersea,HAPPY,Armstrong,1,0,False,False,2025-09-08
undershirt,LETTER,Armstrong,1,0,False,False,2025-09-08
undershoot,LETTER,Armstrong,1,0,False,False,2025-09-08
undersigned,PRICE,Armstrong,1,0,False,False,2025-09-08
understand,STRUT LETTER,Armstrong,1,0,False,False,2025-09-08
understated,FACE LETTER,Armstrong,1,0,False,False,2025-09-08
understeer,NEAR,Armstrong,1,0,False,False,2025-09-08
understood,FOOT,Armstrong,1,0,False,False,2025-09-08
understudy,STRUT,Armstrong,1,0,False,False,2025-09-08
undertook,FOOT,Armstrong,1,0,False,False,2025-09-08
undervalue,LETTER,Armstrong,1,0,False,False,2025-09-08
underwater,THOUGHT LETTER,Armstrong,1,0,False,False,2025-09-08
underwear,SQUARE LETTER,Armstrong,1,0,False,False,2025-09-08
underwent,LETTER,Armstrong,1,0,False,False,2025-09-08
underwood,LETTER,Armstrong,1,0,False,False,2025-09-08
underworld,LETTER,Armstrong,1,0,False,False,2025-09-08
undoes,STRUT,Armstrong,1,0,False,False,2025-09-08
unduly,GOOSE,Armstrong,1,0,False,False,2025-09-08
unearth,NURSE,Armstrong,1,0,False,False,2025-09-08
unemployed,CHOICE,Armstrong,1,0,False,False,2025-09-08
unemployment,CHOICE,Armstrong,1,0,False,False,2025-09-08
unerring,NURSE,Armstrong,1,0,False,False,2025-09-08
unerringly,NURSE,Armstrong,1,0,False,False,2025-09-08
unesco,GOOSE,Armstrong,1,0,False,False,2025-09-08
unfair,SQUARE,Armstrong,1,0,False,False,2025-09-08
unfairly,SQUARE,Armstrong,1,0,False,False,2025-09-08
unfairness,SQUARE,Armstrong,1,0,False,False,2025-09-08
unfaithfulness,FACE,Armstrong,1,0,False,False,2025-09-08
unfathomable,TRAP,Armstrong,1,0,False,False,2025-09-08
unforeseen,FORCE,Armstrong,1,0,False,False,2025-09-08
unforgettable,LETTER,Armstrong,1,0,False,False,2025-09-08
unforthcoming,FORCE,Armstrong,1,0,False,False,2025-09-08
unfortunately,NORTH,Armstrong,1,0,False,False,2025-09-08
ungava,PALM,Armstrong,1,0,False,False,2025-09-08
ungoverned,STRUT,Armstrong,1,0,False,False,2025-09-08
uni,HAPPY,Armstrong,1,0,False,False,2025-09-08
unicef,DRESS,Armstrong,1,0,False,False,2025-09-08
unicode,GOOSE,Armstrong,1,0,False,False,2025-09-08
unicorn,GOOSE NORTH,Armstrong,1,0,False,False,2025-09-08
unicycle,GOOSE PRICE,Armstrong,1,0,False,False,2025-09-08
uniform,NORTH,Armstrong,1,0,False,False,2025-09-08
uninsured,CURE,Armstrong,1,0,False,False,2025-09-08
union,GOOSE (HAPPY) (COMMA),Armstrong,1,0,False,False,2025-09-08
unique,FLEECE GOOSE,Armstrong,1,0,False,False,2025-09-08
uniroyal,CHOICE,Armstrong,1,0,False,False,2025-09-08
unisex,DRESS,Armstrong,1,0,False,False,2025-09-08
unison,GOOSE,Armstrong,1,0,False,False,2025-09-08
unit,GOOSE,Armstrong,1,0,False,False,2025-09-08
unitard,KIT,Armstrong,1,0,False,False,2025-09-08
unite,GOOSE,Armstrong,1,0,False,False,2025-09-08
united,PRICE,Armstrong,1,0,False,False,2025-09-08
universal,GOOSE NURSE,Armstrong,1,0,False,False,2025-09-08
university,KIT GOOSE HAPPY NURSE,Armstrong,1,0,False,False,2025-09-08
unlawful,THOUGHT,Armstrong,1,0,False,False,2025-09-08
unlikely,PRICE,Armstrong,1,0,False,False,2025-09-08
unmask,BATH,Armstrong,1,0,False,False,2025-09-08
unnecessary,DRESS,Armstrong,1,0,False,False,2025-09-08
unpaid,STRUT FACE,Armstrong,1,0,False,False,2025-09-08
unpainted,STRUT,Armstrong,1,0,False,False,2025-09-08
unparalleled,STRUT,Armstrong,1,0,False,False,2025-09-08
unplanned,STRUT,Armstrong,1,0,False,False,2025-09-08
unpleasant,DRESS,Armstrong,1,0,False,False,2025-09-08
unplugged,STRUT,Armstrong,1,0,False,False,2025-09-08
unpopular,STRUT,Armstrong,1,0,False,False,2025-09-08
unprecedented,STRUT,Armstrong,1,0,False,False,2025-09-08
unprepossessing,FLEECE,Armstrong,1,0,False,False,2025-09-08
unpresidential,DRESS,Armstrong,1,0,False,False,2025-09-08
unpublished,STRUT,Armstrong,1,0,False,False,2025-09-08
unpunctuality,STRUT,Armstrong,1,0,False,False,2025-09-08
unquestioned,STRUT,Armstrong,1,0,False,False,2025-09-08
unreliability,PRICE,Armstrong,1,0,False,False,2025-09-08
unrighteous,PRICE,Armstrong,1,0,False,False,2025-09-08
unrighteously,PRICE,Armstrong,1,0,False,False,2025-09-08
unruly,STRUT,Armstrong,1,0,False,False,2025-09-08
unsatisfactory,TRAP,Armstrong,1,0,False,False,2025-09-08
unsavory,STRUT,Armstrong,1,0,False,False,2025-09-08
unscathed,FACE,Armstrong,1,0,False,False,2025-09-08
unspoiled,CHOICE,Armstrong,1,0,False,False,2025-09-08
unsupervised,LETTER,Armstrong,1,0,False,False,2025-09-08
unsurpassed,LETTER,Armstrong,1,0,False,False,2025-09-08
until,KIT STRUT,Armstrong,1,0,False,False,2025-09-08
unto,COMMA,Armstrong,1,0,False,False,2025-09-08
untouchable,STRUT,Armstrong,1,0,False,False,2025-09-08
untouched,STRUT,Armstrong,1,0,False,False,2025-09-08
untruths,GOOSE,Armstrong,1,0,False,False,2025-09-08
unusual,STRUT GOOSE,Armstrong,1,0,False,False,2025-09-08
unveil,FACE,Armstrong,1,0,False,False,2025-09-08
unwillingly,STRUT,Armstrong,1,0,False,False,2025-09-08
unworthy,NURSE,Armstrong,1,0,False,False,2025-09-08
up,STRUT,Armstrong,1,0,False,False,2025-09-08
upbeat,FLEECE,Armstrong,1,0,False,False,2025-09-08
upcoming,STRUT,Armstrong,1,0,False,False,2025-09-08
update,STRUT FACE,Armstrong,1,0,False,False,2025-09-08
upgrade,STRUT FACE,Armstrong,1,0,False,False,2025-09-08
upkeep,FLEECE,Armstrong,1,0,False,False,2025-09-08
upload,STRUT,Armstrong,1,0,False,False,2025-09-08
upon,LOT COMMA,Armstrong,1,0,False,False,2025-09-08
upper,STRUT LETTER,Armstrong,1,0,False,False,2025-09-08
uppsala,FOOT PALM,Armstrong,1,0,False,False,2025-09-08
upraise,STRUT,Armstrong,1,0,False,False,2025-09-08
upright,STRUT PRICE,Armstrong,1,0,False,False,2025-09-08
uproar,FORCE,Armstrong,1,0,False,False,2025-09-08
uproarious,FORCE,Armstrong,1,0,False,False,2025-09-08
uproariously,STRUT,Armstrong,1,0,False,False,2025-09-08
upset,DRESS STRUT,Armstrong,1,0,False,False,2025-09-08
upspeak,FLEECE,Armstrong,1,0,False,False,2025-09-08
upstairs,STRUT SQUARE,Armstrong,1,0,False,False,2025-09-08
upton,STRUT,Armstrong,1,0,False,False,2025-09-08
upwards,STRUT,Armstrong,1,0,False,False,2025-09-08
ural-altaic,BATH,Armstrong,1,0,False,False,2025-09-08
uranium,FOOT,Armstrong,1,0,False,False,2025-09-08
urban,NURSE,Armstrong,1,0,False,False,2025-09-08
urbana,LETTER,Armstrong,1,0,False,False,2025-09-08
urbane,LETTER,Armstrong,1,0,False,False,2025-09-08
urchin,NURSE,Armstrong,1,0,False,False,2025-09-08
urdu,GOOSE NURSE,Armstrong,1,0,False,False,2025-09-08
urethane,KIT,Armstrong,1,0,False,False,2025-09-08
urged,NURSE,Armstrong,1,0,False,False,2025-09-08
urgent,NURSE,Armstrong,1,0,False,False,2025-09-08
uri,CURE,Armstrong,1,0,False,False,2025-09-08
urinary,CURE,Armstrong,1,0,False,False,2025-09-08
urine,CURE,Armstrong,1,0,False,False,2025-09-08
url,DRESS,Armstrong,1,0,False,False,2025-09-08
urogenital,GOAT,Armstrong,1,0,False,False,2025-09-08
urologist,CURE,Armstrong,1,0,False,False,2025-09-08
urology,CURE,Armstrong,1,0,False,False,2025-09-08
urticaria,NURSE,Armstrong,1,0,False,False,2025-09-08
uruguay,GOOSE CURE COMMA (PRICE),Armstrong,1,0,False,False,2025-09-08
uruguayans,GOOSE,Armstrong,1,0,False,False,2025-09-08
urwin,NURSE,Armstrong,1,0,False,False,2025-09-08
us,DRESS STRUT COMMA,Armstrong,1,0,False,False,2025-09-08
usa,DRESS,Armstrong,1,0,False,False,2025-09-08
usage,GOOSE,Armstrong,1,0,False,False,2025-09-08
usborne,STRUT FORCE,Armstrong,1,0,False,False,2025-09-08
use,GOOSE,Armstrong,1,0,False,False,2025-09-08
useful,GOOSE,Armstrong,1,0,False,False,2025-09-08
user,GOOSE LETTER,Armstrong,1,0,False,False,2025-09-08
users,LETTER,Armstrong,1,0,False,False,2025-09-08
usher,STRUT,Armstrong,1,0,False,False,2025-09-08
usual,GOOSE,Armstrong,1,0,False,False,2025-09-08
usually,GOOSE,Armstrong,1,0,False,False,2025-09-08
usufruct,FOOT,Armstrong,1,0,False,False,2025-09-08
usurious,GOOSE,Armstrong,1,0,False,False,2025-09-08
usurpers,GOOSE,Armstrong,1,0,False,False,2025-09-08
usury,GOOSE,Armstrong,1,0,False,False,2025-09-08
utah,PALM,Armstrong,1,0,False,False,2025-09-08
utahan,PALM,Armstrong,1,0,False,False,2025-09-08
utensils,GOOSE,Armstrong,1,0,False,False,2025-09-08
uther,LETTER,Armstrong,1,0,False,False,2025-09-08
uthwatt,STRUT,Armstrong,1,0,False,False,2025-09-08
utility,GOOSE,Armstrong,1,0,False,False,2025-09-08
utilize,GOOSE,Armstrong,1,0,False,False,2025-09-08
utilized,PRICE,Armstrong,1,0,False,False,2025-09-08
utmost,STRUT GOAT,Armstrong,1,0,False,False,2025-09-08
utopia,GOOSE,Armstrong,1,0,False,False,2025-09-08
utter,STRUT,Armstrong,1,0,False,False,2025-09-08
utterly,LETTER,Armstrong,1,0,False,False,2025-09-08
uvula,GOOSE,Armstrong,1,0,False,False,2025-09-08
uvular,GOOSE,Armstrong,1,0,False,False,2025-09-08
uvularization,GOOSE,Armstrong,1,0,False,False,2025-09-08
uxorious,FORCE,Armstrong,1,0,False,False,2025-09-08
uyghur,FLEECE,Armstrong,1,0,False,False,2025-09-08
uzbek,FOOT,Armstrong,1,0,False,False,2025-09-08
uzbekistan,PALM (GOOSE) (FOOT),Armstrong,1,0,False,False,2025-09-08
uzi,HAPPY,Armstrong,1,0,False,False,2025-09-08
uzziah,STRUT,Armstrong,1,0,False,False,2025-09-08
v-sign,PRICE,Armstrong,1,0,False,False,2025-09-08
vaal,PALM,Armstrong,1,0,False,False,2025-09-08
vacancy,FACE,Armstrong,1,0,False,False,2025-09-08
vaccine,FLEECE,Armstrong,1,0,False,False,2025-09-08
vacuum,GOOSE,Armstrong,1,0,False,False,2025-09-08
vagotomy,FACE,Armstrong,1,0,False,False,2025-09-08
vague,FACE,Armstrong,1,0,False,False,2025-09-08
vainglorious,FORCE,Armstrong,1,0,False,False,2025-09-08
vale,FACE,Armstrong,1,0,False,False,2025-09-08
valentine,PRICE,Armstrong,1,0,False,False,2025-09-08
valerie,HAPPY,Armstrong,1,0,False,False,2025-09-08
valid,KIT TRAP,Armstrong,1,0,False,False,2025-09-08
valley,TRAP HAPPY,Armstrong,1,0,False,False,2025-09-08
valuable,FOOT,Armstrong,1,0,False,False,2025-09-08
valuation,GOOSE,Armstrong,1,0,False,False,2025-09-08
value,TRAP GOOSE,Armstrong,1,0,False,False,2025-09-08
valued,GOOSE,Armstrong,1,0,False,False,2025-09-08
values,GOOSE,Armstrong,1,0,False,False,2025-09-08
vampire,PRICE,Armstrong,1,0,False,False,2025-09-08
van,TRAP,Armstrong,1,0,False,False,2025-09-08
vancouver,GOOSE,Armstrong,1,0,False,False,2025-09-08
vanessa,COMMA,Armstrong,1,0,False,False,2025-09-08
vanguard,START,Armstrong,1,0,False,False,2025-09-08
vanilla,COMMA,Armstrong,1,0,False,False,2025-09-08
vape,FACE,Armstrong,1,0,False,False,2025-09-08
vapour,FACE,Armstrong,1,0,False,False,2025-09-08
variable,SQUARE,Armstrong,1,0,False,False,2025-09-08
variance,SQUARE,Armstrong,1,0,False,False,2025-09-08
variation,SQUARE,Armstrong,1,0,False,False,2025-09-08
variety,PRICE LETTER COMMA,Armstrong,1,0,False,False,2025-09-08
various,SQUARE COMMA,Armstrong,1,0,False,False,2025-09-08
varnish,START,Armstrong,1,0,False,False,2025-09-08
varsity,START,Armstrong,1,0,False,False,2025-09-08
vary,SQUARE,Armstrong,1,0,False,False,2025-09-08
vasodilator,FACE,Armstrong,1,0,False,False,2025-09-08
vat,TRAP,Armstrong,1,0,False,False,2025-09-08
vaughan,THOUGHT,Armstrong,1,0,False,False,2025-09-08
vault,THOUGHT,Armstrong,1,0,False,False,2025-09-08
vauxhall,THOUGHT,Armstrong,1,0,False,False,2025-09-08
vaz,TRAP,Armstrong,1,0,False,False,2025-09-08
veered,NEAR,Armstrong,1,0,False,False,2025-09-08
vega,COMMA,Armstrong,1,0,False,False,2025-09-08
vegan,FLEECE,Armstrong,1,0,False,False,2025-09-08
vegetables,DRESS,Armstrong,1,0,False,False,2025-09-08
vegetarian,DRESS SQUARE,Armstrong,1,0,False,False,2025-09-08
veggie,HAPPY,Armstrong,1,0,False,False,2025-09-08
vehemence,NEAR,Armstrong,1,0,False,False,2025-09-08
vehicles,FLEECE,Armstrong,1,0,False,False,2025-09-08
veil,FACE,Armstrong,1,0,False,False,2025-09-08
veloce,GOAT,Armstrong,1,0,False,False,2025-09-08
velour,GOOSE,Armstrong,1,0,False,False,2025-09-08
vendee,HAPPY,Armstrong,1,0,False,False,2025-09-08
vendor,COMMA,Armstrong,1,0,False,False,2025-09-08
veneer,NEAR,Armstrong,1,0,False,False,2025-09-08
venezuela,FACE COMMA,Armstrong,1,0,False,False,2025-09-08
ventura,CURE COMMA,Armstrong,1,0,False,False,2025-09-08
vera,COMMA,Armstrong,1,0,False,False,2025-09-08
veranda,COMMA,Armstrong,1,0,False,False,2025-09-08
verbal,NURSE,Armstrong,1,0,False,False,2025-09-08
verde,NURSE,Armstrong,1,0,False,False,2025-09-08
verdi,SQUARE HAPPY,Armstrong,1,0,False,False,2025-09-08
verdict,NURSE,Armstrong,1,0,False,False,2025-09-08
verge,NURSE,Armstrong,1,0,False,False,2025-09-08
verifiable,PRICE,Armstrong,1,0,False,False,2025-09-08
verified,KIT DRESS PRICE,Armstrong,1,0,False,False,2025-09-08
verify,PRICE,Armstrong,1,0,False,False,2025-09-08
vermeer,NEAR,Armstrong,1,0,False,False,2025-09-08
vermont,LETTER,Armstrong,1,0,False,False,2025-09-08
veronica,COMMA,Armstrong,1,0,False,False,2025-09-08
verruca,GOOSE,Armstrong,1,0,False,False,2025-09-08
versailles,SQUARE,Armstrong,1,0,False,False,2025-09-08
versatile,NURSE (PRICE),Armstrong,1,0,False,False,2025-09-08
verse,NURSE,Armstrong,1,0,False,False,2025-09-08
version,NURSE,Armstrong,1,0,False,False,2025-09-08
versus,LETTER COMMA NURSE,Armstrong,1,0,False,False,2025-09-08
vertical,NURSE,Armstrong,1,0,False,False,2025-09-08
very,DRESS HAPPY,Armstrong,1,0,False,False,2025-09-08
vespa,COMMA,Armstrong,1,0,False,False,2025-09-08
vespucci,GOOSE,Armstrong,1,0,False,False,2025-09-08
vexatious,FACE,Armstrong,1,0,False,False,2025-09-08
vhs,FACE,Armstrong,1,0,False,False,2025-09-08
viaduct,STRUT,Armstrong,1,0,False,False,2025-09-08
viagra,TRAP,Armstrong,1,0,False,False,2025-09-08
viber,PRICE,Armstrong,1,0,False,False,2025-09-08
vibraharp,START,Armstrong,1,0,False,False,2025-09-08
vibrant,PRICE,Armstrong,1,0,False,False,2025-09-08
vibrating,PRICE,Armstrong,1,0,False,False,2025-09-08
vibration,PRICE,Armstrong,1,0,False,False,2025-09-08
vibrato,PALM,Armstrong,1,0,False,False,2025-09-08
viburnum,PRICE,Armstrong,1,0,False,False,2025-09-08
vicarious,SQUARE,Armstrong,1,0,False,False,2025-09-08
vice,PRICE,Armstrong,1,0,False,False,2025-09-08
vice-chairperson,SQUARE,Armstrong,1,0,False,False,2025-09-08
vicenza,COMMA,Armstrong,1,0,False,False,2025-09-08
viceroy,CHOICE,Armstrong,1,0,False,False,2025-09-08
victim,KIT,Armstrong,1,0,False,False,2025-09-08
victoria,FORCE,Armstrong,1,0,False,False,2025-09-08
victorian,FORCE,Armstrong,1,0,False,False,2025-09-08
victorious,FORCE,Armstrong,1,0,False,False,2025-09-08
victory,KIT LETTER COMMA,Armstrong,1,0,False,False,2025-09-08
vidal,PALM,Armstrong,1,0,False,False,2025-09-08
vide,(FLEECE),Armstrong,1,0,False,False,2025-09-08
video,KIT,Armstrong,1,0,False,False,2025-09-08
videos,GOAT,Armstrong,1,0,False,False,2025-09-08
vieira,SQUARE,Armstrong,1,0,False,False,2025-09-08
vienna,COMMA,Armstrong,1,0,False,False,2025-09-08
viennese,NEAR,Armstrong,1,0,False,False,2025-09-08
vietnam,PALM,Armstrong,1,0,False,False,2025-09-08
vietnamese,DRESS,Armstrong,1,0,False,False,2025-09-08
view,GOOSE,Armstrong,1,0,False,False,2025-09-08
viewed,GOOSE,Armstrong,1,0,False,False,2025-09-08
viewing,GOOSE,Armstrong,1,0,False,False,2025-09-08
viewpoint,CHOICE,Armstrong,1,0,False,False,2025-09-08
vigilant,KIT,Armstrong,1,0,False,False,2025-09-08
vigo,FLEECE,Armstrong,1,0,False,False,2025-09-08
viking,PRICE,Armstrong,1,0,False,False,2025-09-08
villa,KIT COMMA,Armstrong,1,0,False,False,2025-09-08
village,KIT,Armstrong,1,0,False,False,2025-09-08
villas,COMMA,Armstrong,1,0,False,False,2025-09-08
villein,FACE,Armstrong,1,0,False,False,2025-09-08
vintage,KIT,Armstrong,1,0,False,False,2025-09-08
violence,PRICE (COMMA),Armstrong,1,0,False,False,2025-09-08
viper,PRICE,Armstrong,1,0,False,False,2025-09-08
virago,PALM,Armstrong,1,0,False,False,2025-09-08
viral,PRICE,Armstrong,1,0,False,False,2025-09-08
virgin,NURSE,Armstrong,1,0,False,False,2025-09-08
virginia,LETTER,Armstrong,1,0,False,False,2025-09-08
virginity,LETTER,Armstrong,1,0,False,False,2025-09-08
virgo,NURSE,Armstrong,1,0,False,False,2025-09-08
virology,PRICE,Armstrong,1,0,False,False,2025-09-08
virtual,GOOSE NURSE,Armstrong,1,0,False,False,2025-09-08
virtue,GOOSE NURSE,Armstrong,1,0,False,False,2025-09-08
virtues,GOOSE,Armstrong,1,0,False,False,2025-09-08
virtuoso,NURSE,Armstrong,1,0,False,False,2025-09-08
virus,PRICE,Armstrong,1,0,False,False,2025-09-08
visa,COMMA,Armstrong,1,0,False,False,2025-09-08
viscose,GOAT,Armstrong,1,0,False,False,2025-09-08
visible,KIT,Armstrong,1,0,False,False,2025-09-08
vision,KIT,Armstrong,1,0,False,False,2025-09-08
visit,KIT,Armstrong,1,0,False,False,2025-09-08
visor,LETTER,Armstrong,1,0,False,False,2025-09-08
vista,KIT COMMA,Armstrong,1,0,False,False,2025-09-08
visual,KIT GOOSE,Armstrong,1,0,False,False,2025-09-08
visualization,KIT,Armstrong,1,0,False,False,2025-09-08
visualize,PRICE,Armstrong,1,0,False,False,2025-09-08
vital,PRICE,Armstrong,1,0,False,False,2025-09-08
vitality,PRICE,Armstrong,1,0,False,False,2025-09-08
vitiligo,PRICE,Armstrong,1,0,False,False,2025-09-08
viva,COMMA,Armstrong,1,0,False,False,2025-09-08
vivace,PALM,Armstrong,1,0,False,False,2025-09-08
vivacious,FACE,Armstrong,1,0,False,False,2025-09-08
vivarium,PRICE,Armstrong,1,0,False,False,2025-09-08
vivid,KIT,Armstrong,1,0,False,False,2025-09-08
vizier,NEAR,Armstrong,1,0,False,False,2025-09-08
vladimir,TRAP,Armstrong,1,0,False,False,2025-09-08
vocab,TRAP,Armstrong,1,0,False,False,2025-09-08
vocal,GOAT,Armstrong,1,0,False,False,2025-09-08
vocational,GOAT,Armstrong,1,0,False,False,2025-09-08
vodafone,GOAT,Armstrong,1,0,False,False,2025-09-08
vodaphone,GOAT,Armstrong,1,0,False,False,2025-09-08
vogue,GOAT,Armstrong,1,0,False,False,2025-09-08
voice,CHOICE,Armstrong,1,0,False,False,2025-09-08
voice-over,CHOICE,Armstrong,1,0,False,False,2025-09-08
voicemail,CHOICE,Armstrong,1,0,False,False,2025-09-08
void,CHOICE,Armstrong,1,0,False,False,2025-09-08
voigt,CHOICE,Armstrong,1,0,False,False,2025-09-08
voile,CHOICE,Armstrong,1,0,False,False,2025-09-08
voivode,CHOICE,Armstrong,1,0,False,False,2025-09-08
voivodeship,CHOICE,Armstrong,1,0,False,False,2025-09-08
volcano,LOT FACE,Armstrong,1,0,False,False,2025-09-08
volga,COMMA,Armstrong,1,0,False,False,2025-09-08
volkswagen,TRAP GOAT,Armstrong,1,0,False,False,2025-09-08
volleyball,THOUGHT,Armstrong,1,0,False,False,2025-09-08
voluble,FOOT,Armstrong,1,0,False,False,2025-09-08
volume,GOOSE,Armstrong,1,0,False,False,2025-09-08
volumetric,FOOT,Armstrong,1,0,False,False,2025-09-08
volunteer,LOT NEAR,Armstrong,1,0,False,False,2025-09-08
volunteered,NEAR,Armstrong,1,0,False,False,2025-09-08
volunteers,NEAR,Armstrong,1,0,False,False,2025-09-08
vomit,LOT,Armstrong,1,0,False,False,2025-09-08
voodoo,GOOSE,Armstrong,1,0,False,False,2025-09-08
voracious,FACE,Armstrong,1,0,False,False,2025-09-08
voronezh,DRESS,Armstrong,1,0,False,False,2025-09-08
vosges,GOAT,Armstrong,1,0,False,False,2025-09-08
vote,GOAT,Armstrong,1,0,False,False,2025-09-08
vouch,MOUTH,Armstrong,1,0,False,False,2025-09-08
voucher,MOUTH,Armstrong,1,0,False,False,2025-09-08
vouchsafe,FACE MOUTH,Armstrong,1,0,False,False,2025-09-08
vow,MOUTH,Armstrong,1,0,False,False,2025-09-08
vowed,MOUTH,Armstrong,1,0,False,False,2025-09-08
vowel,MOUTH,Armstrong,1,0,False,False,2025-09-08
vowles,MOUTH,Armstrong,1,0,False,False,2025-09-08
vows,MOUTH,Armstrong,1,0,False,False,2025-09-08
voyager,CHOICE LETTER,Armstrong,1,0,False,False,2025-09-08
voyeur,NURSE,Armstrong,1,0,False,False,2025-09-08
voyeurism,NURSE,Armstrong,1,0,False,False,2025-09-08
voyeuristic,CHOICE,Armstrong,1,0,False,False,2025-09-08
vulgarity,STRUT,Armstrong,1,0,False,False,2025-09-08
vulnerable,STRUT,Armstrong,1,0,False,False,2025-09-08
vuvuzela,GOOSE,Armstrong,1,0,False,False,2025-09-08
wabash,TRAP THOUGHT,Armstrong,1,0,False,False,2025-09-08
wadded,LOT,Armstrong,1,0,False,False,2025-09-08
waddle,LOT,Armstrong,1,0,False,False,2025-09-08
wade,FACE,Armstrong,1,0,False,False,2025-09-08
wadi,HAPPY,Armstrong,1,0,False,False,2025-09-08
wafer,FACE,Armstrong,1,0,False,False,2025-09-08
wafer-thin,FACE LETTER,Armstrong,1,0,False,False,2025-09-08
wag,TRAP,Armstrong,1,0,False,False,2025-09-08
wage,FACE,Armstrong,1,0,False,False,2025-09-08
wagnerian,PALM,Armstrong,1,0,False,False,2025-09-08
wagstaff,BATH,Armstrong,1,0,False,False,2025-09-08
wah-wah,PALM,Armstrong,1,0,False,False,2025-09-08
waif,FACE,Armstrong,1,0,False,False,2025-09-08
wail,FACE,Armstrong,1,0,False,False,2025-09-08
waist,FACE,Armstrong,1,0,False,False,2025-09-08
waist-deep,FACE,Armstrong,1,0,False,False,2025-09-08
waist-high,FACE PRICE,Armstrong,1,0,False,False,2025-09-08
waistband,FACE,Armstrong,1,0,False,False,2025-09-08
waistline,FACE,Armstrong,1,0,False,False,2025-09-08
wait,FACE,Armstrong,1,0,False,False,2025-09-08
waiter,FACE,Armstrong,1,0,False,False,2025-09-08
waitress,FACE,Armstrong,1,0,False,False,2025-09-08
waitrose,FACE GOAT,Armstrong,1,0,False,False,2025-09-08
waiver,FACE,Armstrong,1,0,False,False,2025-09-08
wake,FACE,Armstrong,1,0,False,False,2025-09-08
waldorf,NORTH,Armstrong,1,0,False,False,2025-09-08
wales,FACE,Armstrong,1,0,False,False,2025-09-08
walk,THOUGHT,Armstrong,1,0,False,False,2025-09-08
walk-in,THOUGHT,Armstrong,1,0,False,False,2025-09-08
walkabout,MOUTH,Armstrong,1,0,False,False,2025-09-08
walker,LETTER,Armstrong,1,0,False,False,2025-09-08
walkie-talkie,THOUGHT,Armstrong,1,0,False,False,2025-09-08
walkway,THOUGHT,Armstrong,1,0,False,False,2025-09-08
wall,THOUGHT,Armstrong,1,0,False,False,2025-09-08
wallflower,MOUTH,Armstrong,1,0,False,False,2025-09-08
wallpaper,LETTER,Armstrong,1,0,False,False,2025-09-08
walmart,START,Armstrong,1,0,False,False,2025-09-08
walmesley,THOUGHT,Armstrong,1,0,False,False,2025-09-08
walnut,STRUT,Armstrong,1,0,False,False,2025-09-08
walrus,THOUGHT,Armstrong,1,0,False,False,2025-09-08
walsall,THOUGHT,Armstrong,1,0,False,False,2025-09-08
waltz,THOUGHT,Armstrong,1,0,False,False,2025-09-08
wanderlust,STRUT,Armstrong,1,0,False,False,2025-09-08
wandsworth,COMMA,Armstrong,1,0,False,False,2025-09-08
wanting,LOT,Armstrong,1,0,False,False,2025-09-08
war-torn,FORCE,Armstrong,1,0,False,False,2025-09-08
ward,NORTH,Armstrong,1,0,False,False,2025-09-08
wardell,NORTH,Armstrong,1,0,False,False,2025-09-08
warden,NORTH,Armstrong,1,0,False,False,2025-09-08
wardrobe,GOAT NORTH,Armstrong,1,0,False,False,2025-09-08
ware,SQUARE,Armstrong,1,0,False,False,2025-09-08
warehouse,MOUTH,Armstrong,1,0,False,False,2025-09-08
warehouses,MOUTH,Armstrong,1,0,False,False,2025-09-08
warehousing,MOUTH,Armstrong,1,0,False,False,2025-09-08
wares,SQUARE,Armstrong,1,0,False,False,2025-09-08
warfare,SQUARE,Armstrong,1,0,False,False,2025-09-08
warfarin,NORTH,Armstrong,1,0,False,False,2025-09-08
warhorse,NORTH,Armstrong,1,0,False,False,2025-09-08
waring,SQUARE,Armstrong,1,0,False,False,2025-09-08
warlike,NORTH,Armstrong,1,0,False,False,2025-09-08
warlock,NORTH,Armstrong,1,0,False,False,2025-09-08
warlord,NORTH,Armstrong,1,0,False,False,2025-09-08
warm-up,NORTH,Armstrong,1,0,False,False,2025-09-08
warmer,NORTH LETTER,Armstrong,1,0,False,False,2025-09-08
warming,NORTH,Armstrong,1,0,False,False,2025-09-08
warmonger,STRUT,Armstrong,1,0,False,False,2025-09-08
warmth,NORTH,Armstrong,1,0,False,False,2025-09-08
warned,NORTH,Armstrong,1,0,False,False,2025-09-08
warner,NORTH,Armstrong,1,0,False,False,2025-09-08
warning,NORTH,Armstrong,1,0,False,False,2025-09-08
warp,NORTH,Armstrong,1,0,False,False,2025-09-08
warrant,(CLOTH),Armstrong,1,0,False,False,2025-09-08
warrantors,NORTH,Armstrong,1,0,False,False,2025-09-08
warren,(CLOTH),Armstrong,1,0,False,False,2025-09-08
warrior,(CLOTH),Armstrong,1,0,False,False,2025-09-08
wars,NORTH,Armstrong,1,0,False,False,2025-09-08
warsaw,NORTH,Armstrong,1,0,False,False,2025-09-08
wart,NORTH,Armstrong,1,0,False,False,2025-09-08
wartime,PRICE,Armstrong,1,0,False,False,2025-09-08
warwidow,NORTH,Armstrong,1,0,False,False,2025-09-08
wary,SQUARE,Armstrong,1,0,False,False,2025-09-08
wasabi,PALM HAPPY,Armstrong,1,0,False,False,2025-09-08
wash,CLOTH,Armstrong,1,0,False,False,2025-09-08
washbasin,FACE,Armstrong,1,0,False,False,2025-09-08
washing-machine,FLEECE,Armstrong,1,0,False,False,2025-09-08
wasp,LOT,Armstrong,1,0,False,False,2025-09-08
waste,FACE,Armstrong,1,0,False,False,2025-09-08
watch,LOT,Armstrong,1,0,False,False,2025-09-08
watchband,LOT,Armstrong,1,0,False,False,2025-09-08
watchdog,LOT,Armstrong,1,0,False,False,2025-09-08
watchfully,LOT,Armstrong,1,0,False,False,2025-09-08
water,THOUGHT LETTER,Armstrong,1,0,False,False,2025-09-08
water-bottle,LOT LETTER,Armstrong,1,0,False,False,2025-09-08
water-buffalo,STRUT,Armstrong,1,0,False,False,2025-09-08
water-closet,LOT,Armstrong,1,0,False,False,2025-09-08
water-tower,MOUTH,Armstrong,1,0,False,False,2025-09-08
watercolor,STRUT LETTER,Armstrong,1,0,False,False,2025-09-08
watercolour,LETTER,Armstrong,1,0,False,False,2025-09-08
watercourse,FORCE LETTER,Armstrong,1,0,False,False,2025-09-08
watercraft,BATH LETTER,Armstrong,1,0,False,False,2025-09-08
waterfall,THOUGHT LETTER,Armstrong,1,0,False,False,2025-09-08
waterfoul,MOUTH,Armstrong,1,0,False,False,2025-09-08
waterfront,STRUT LETTER,Armstrong,1,0,False,False,2025-09-08
watergate,LETTER,Armstrong,1,0,False,False,2025-09-08
waterloo,LETTER,Armstrong,1,0,False,False,2025-09-08
watermain,FACE,Armstrong,1,0,False,False,2025-09-08
waterproof,GOOSE,Armstrong,1,0,False,False,2025-09-08
watershed,LETTER,Armstrong,1,0,False,False,2025-09-08
waterspout,MOUTH,Armstrong,1,0,False,False,2025-09-08
waterways,LETTER,Armstrong,1,0,False,False,2025-09-08
wave,FACE,Armstrong,1,0,False,False,2025-09-08
wavelength,DRESS,Armstrong,1,0,False,False,2025-09-08
wawa,PALM,Armstrong,1,0,False,False,2025-09-08
way-out,MOUTH,Armstrong,1,0,False,False,2025-09-08
waybill,FACE,Armstrong,1,0,False,False,2025-09-08
wayfarer,FACE SQUARE,Armstrong,1,0,False,False,2025-09-08
wayfaring,SQUARE,Armstrong,1,0,False,False,2025-09-08
wayne,FACE,Armstrong,1,0,False,False,2025-09-08
ways,FACE,Armstrong,1,0,False,False,2025-09-08
wayside,FACE,Armstrong,1,0,False,False,2025-09-08
wayward,FACE,Armstrong,1,0,False,False,2025-09-08
weak,FLEECE,Armstrong,1,0,False,False,2025-09-08
wealthy,HAPPY,Armstrong,1,0,False,False,2025-09-08
wean,FLEECE,Armstrong,1,0,False,False,2025-09-08
weapons,DRESS,Armstrong,1,0,False,False,2025-09-08
wear,SQUARE,Armstrong,1,0,False,False,2025-09-08
wearable,SQUARE,Armstrong,1,0,False,False,2025-09-08
wearer,SQUARE,Armstrong,1,0,False,False,2025-09-08
weariest,NEAR,Armstrong,1,0,False,False,2025-09-08
wearing,SQUARE,Armstrong,1,0,False,False,2025-09-08
wears,SQUARE,Armstrong,1,0,False,False,2025-09-08
weary,NEAR,Armstrong,1,0,False,False,2025-09-08
weather,DRESS LETTER,Armstrong,1,0,False,False,2025-09-08
weather-chart,LETTER,Armstrong,1,0,False,False,2025-09-08
weather-map,TRAP,Armstrong,1,0,False,False,2025-09-08
weatherby,LETTER,Armstrong,1,0,False,False,2025-09-08
web,DRESS,Armstrong,1,0,False,False,2025-09-08
webb,DRESS,Armstrong,1,0,False,False,2025-09-08
webber,DRESS LETTER,Armstrong,1,0,False,False,2025-09-08
webcam,TRAP,Armstrong,1,0,False,False,2025-09-08
weber,FACE,Armstrong,1,0,False,False,2025-09-08
website,DRESS PRICE,Armstrong,1,0,False,False,2025-09-08
webster,DRESS,Armstrong,1,0,False,False,2025-09-08
wed,DRESS,Armstrong,1,0,False,False,2025-09-08
wedding,DRESS,Armstrong,1,0,False,False,2025-09-08
wedge,DRESS,Armstrong,1,0,False,False,2025-09-08
wedgwood,DRESS,Armstrong,1,0,False,False,2025-09-08
wednesday,DRESS,Armstrong,1,0,False,False,2025-09-08
wee,FLEECE,Armstrong,1,0,False,False,2025-09-08
weed,FLEECE,Armstrong,1,0,False,False,2025-09-08
week,FLEECE,Armstrong,1,0,False,False,2025-09-08
weekend,(FLEECE),Armstrong,1,0,False,False,2025-09-08
weekenders,(FLEECE),Armstrong,1,0,False,False,2025-09-08
weep,FLEECE,Armstrong,1,0,False,False,2025-09-08
weigela,PRICE,Armstrong,1,0,False,False,2025-09-08
weighbridge,FACE,Armstrong,1,0,False,False,2025-09-08
weighed,FACE,Armstrong,1,0,False,False,2025-09-08
weighs,FACE,Armstrong,1,0,False,False,2025-09-08
weight,FACE,Armstrong,1,0,False,False,2025-09-08
weightwatchers,LOT,Armstrong,1,0,False,False,2025-09-08
weir,NEAR,Armstrong,1,0,False,False,2025-09-08
weird,NEAR,Armstrong,1,0,False,False,2025-09-08
welcome,DRESS COMMA,Armstrong,1,0,False,False,2025-09-08
welfare,SQUARE,Armstrong,1,0,False,False,2025-09-08
well-being,DRESS,Armstrong,1,0,False,False,2025-09-08
well-known,GOAT,Armstrong,1,0,False,False,2025-09-08
well-meaning,FLEECE,Armstrong,1,0,False,False,2025-09-08
well-nigh,PRICE,Armstrong,1,0,False,False,2025-09-08
well-worn,FORCE,Armstrong,1,0,False,False,2025-09-08
weltschmerz,SQUARE,Armstrong,1,0,False,False,2025-09-08
wentworth,LETTER,Armstrong,1,0,False,False,2025-09-08
were,LETTER NURSE,Armstrong,1,0,False,False,2025-09-08
werewolf,FOOT SQUARE,Armstrong,1,0,False,False,2025-09-08
wesley,DRESS,Armstrong,1,0,False,False,2025-09-08
west,DRESS,Armstrong,1,0,False,False,2025-09-08
west-end,DRESS,Armstrong,1,0,False,False,2025-09-08
westbourne,FORCE CURE,Armstrong,1,0,False,False,2025-09-08
western,DRESS LETTER,Armstrong,1,0,False,False,2025-09-08
wet,DRESS,Armstrong,1,0,False,False,2025-09-08
wetherby,DRESS,Armstrong,1,0,False,False,2025-09-08
wetherspoon,DRESS,Armstrong,1,0,False,False,2025-09-08
weymouth,FACE,Armstrong,1,0,False,False,2025-09-08
whale,FACE,Armstrong,1,0,False,False,2025-09-08
wharf,NORTH,Armstrong,1,0,False,False,2025-09-08
wharfedale,NORTH,Armstrong,1,0,False,False,2025-09-08
wharves,NORTH,Armstrong,1,0,False,False,2025-09-08
whatever,DRESS LOT LETTER,Armstrong,1,0,False,False,2025-09-08
whatsapp,TRAP,Armstrong,1,0,False,False,2025-09-08
wheatear,NEAR,Armstrong,1,0,False,False,2025-09-08
wheelbarrow,TRAP,Armstrong,1,0,False,False,2025-09-08
wheelchair,SQUARE,Armstrong,1,0,False,False,2025-09-08
wheelchairs,SQUARE,Armstrong,1,0,False,False,2025-09-08
when,DRESS,Armstrong,1,0,False,False,2025-09-08
whenever,DRESS,Armstrong,1,0,False,False,2025-09-08
where,SQUARE,Armstrong,1,0,False,False,2025-09-08
whereabouts,MOUTH,Armstrong,1,0,False,False,2025-09-08
whereas,TRAP,Armstrong,1,0,False,False,2025-09-08
whereby,SQUARE,Armstrong,1,0,False,False,2025-09-08
wherefore,SQUARE,Armstrong,1,0,False,False,2025-09-08
wheresoever,SQUARE,Armstrong,1,0,False,False,2025-09-08
whereto,SQUARE,Armstrong,1,0,False,False,2025-09-08
wherever,LETTER,Armstrong,1,0,False,False,2025-09-08
wherewith,SQUARE,Armstrong,1,0,False,False,2025-09-08
wherewithall,SQUARE,Armstrong,1,0,False,False,2025-09-08
whether,DRESS LETTER,Armstrong,1,0,False,False,2025-09-08
whew,GOOSE,Armstrong,1,0,False,False,2025-09-08
which,KIT,Armstrong,1,0,False,False,2025-09-08
whichever,KIT,Armstrong,1,0,False,False,2025-09-08
while,PRICE,Armstrong,1,0,False,False,2025-09-08
whiplash,TRAP,Armstrong,1,0,False,False,2025-09-08
whirlpool,NURSE,Armstrong,1,0,False,False,2025-09-08
whitbread,DRESS,Armstrong,1,0,False,False,2025-09-08
white,PRICE,Armstrong,1,0,False,False,2025-09-08
whitebeard,NEAR,Armstrong,1,0,False,False,2025-09-08
whitechapel,TRAP,Armstrong,1,0,False,False,2025-09-08
whitefriars,PRICE,Armstrong,1,0,False,False,2025-09-08
whitehall,THOUGHT PRICE,Armstrong,1,0,False,False,2025-09-08
whitehead,DRESS,Armstrong,1,0,False,False,2025-09-08
whitehorse,NORTH,Armstrong,1,0,False,False,2025-09-08
whitey,HAPPY,Armstrong,1,0,False,False,2025-09-08
who,GOOSE,Armstrong,1,0,False,False,2025-09-08
whole,GOAT,Armstrong,1,0,False,False,2025-09-08
wholesale,FACE GOAT,Armstrong,1,0,False,False,2025-09-08
whom,GOOSE,Armstrong,1,0,False,False,2025-09-08
whoopee,FOOT HAPPY,Armstrong,1,0,False,False,2025-09-08
whoopi,FOOT,Armstrong,1,0,False,False,2025-09-08
whoops,FOOT,Armstrong,1,0,False,False,2025-09-08
whoosh,FOOT,Armstrong,1,0,False,False,2025-09-08
whore,FORCE,Armstrong,1,0,False,False,2025-09-08
whose,GOOSE,Armstrong,1,0,False,False,2025-09-08
why,PRICE,Armstrong,1,0,False,False,2025-09-08
wi-fi,PRICE,Armstrong,1,0,False,False,2025-09-08
widdershins,LETTER,Armstrong,1,0,False,False,2025-09-08
widdowson,GOAT,Armstrong,1,0,False,False,2025-09-08
wide,PRICE,Armstrong,1,0,False,False,2025-09-08
wide-body,LOT,Armstrong,1,0,False,False,2025-09-08
wider,PRICE LETTER,Armstrong,1,0,False,False,2025-09-08
widespread,DRESS,Armstrong,1,0,False,False,2025-09-08
widget,KIT,Armstrong,1,0,False,False,2025-09-08
widows,GOAT,Armstrong,1,0,False,False,2025-09-08
wiesbaden,PALM,Armstrong,1,0,False,False,2025-09-08
wife,PRICE,Armstrong,1,0,False,False,2025-09-08
wifi,PRICE,Armstrong,1,0,False,False,2025-09-08
wig,KIT,Armstrong,1,0,False,False,2025-09-08
wight,PRICE,Armstrong,1,0,False,False,2025-09-08
wiki,HAPPY,Armstrong,1,0,False,False,2025-09-08
wikileaks,FLEECE,Armstrong,1,0,False,False,2025-09-08
wilberforce,FORCE,Armstrong,1,0,False,False,2025-09-08
wild,PRICE,Armstrong,1,0,False,False,2025-09-08
wilde,PRICE,Armstrong,1,0,False,False,2025-09-08
wilderness,LETTER,Armstrong,1,0,False,False,2025-09-08
wildfire,PRICE,Armstrong,1,0,False,False,2025-09-08
wildfoul,MOUTH,Armstrong,1,0,False,False,2025-09-08
wildlife,PRICE,Armstrong,1,0,False,False,2025-09-08
wilhemshaven,PALM,Armstrong,1,0,False,False,2025-09-08
will,KIT,Armstrong,1,0,False,False,2025-09-08
william,COMMA,Armstrong,1,0,False,False,2025-09-08
willow-wren,GOAT,Armstrong,1,0,False,False,2025-09-08
willows,GOAT,Armstrong,1,0,False,False,2025-09-08
willpower,MOUTH,Armstrong,1,0,False,False,2025-09-08
wimborne,FORCE,Armstrong,1,0,False,False,2025-09-08
windcheater,FLEECE,Armstrong,1,0,False,False,2025-09-08
windermere,NEAR LETTER,Armstrong,1,0,False,False,2025-09-08
windfall,THOUGHT,Armstrong,1,0,False,False,2025-09-08
window-shop,GOAT,Armstrong,1,0,False,False,2025-09-08
windows,GOAT,Armstrong,1,0,False,False,2025-09-08
windowsill,GOAT,Armstrong,1,0,False,False,2025-09-08
windrush,STRUT,Armstrong,1,0,False,False,2025-09-08
windscreen,FLEECE,Armstrong,1,0,False,False,2025-09-08
windsor,LETTER,Armstrong,1,0,False,False,2025-09-08
windswept,DRESS,Armstrong,1,0,False,False,2025-09-08
wine,PRICE,Armstrong,1,0,False,False,2025-09-08
winger,LETTER,Armstrong,1,0,False,False,2025-09-08
wingnut,STRUT,Armstrong,1,0,False,False,2025-09-08
winnepesaukee,HAPPY,Armstrong,1,0,False,False,2025-09-08
winner,LETTER,Armstrong,1,0,False,False,2025-09-08
winnipeg,DRESS,Armstrong,1,0,False,False,2025-09-08
winter,LETTER,Armstrong,1,0,False,False,2025-09-08
wipe,PRICE,Armstrong,1,0,False,False,2025-09-08
wipers,PRICE,Armstrong,1,0,False,False,2025-09-08
wire,PRICE,Armstrong,1,0,False,False,2025-09-08
wire-cutters,STRUT,Armstrong,1,0,False,False,2025-09-08
wiredrawn,THOUGHT,Armstrong,1,0,False,False,2025-09-08
wireless,PRICE COMMA,Armstrong,1,0,False,False,2025-09-08
wiring,PRICE,Armstrong,1,0,False,False,2025-09-08
wirth,NURSE,Armstrong,1,0,False,False,2025-09-08
wisbech,FLEECE,Armstrong,1,0,False,False,2025-09-08
wisdom,KIT,Armstrong,1,0,False,False,2025-09-08
wise,PRICE,Armstrong,1,0,False,False,2025-09-08
wiseacre,FACE,Armstrong,1,0,False,False,2025-09-08
wish,KIT,Armstrong,1,0,False,False,2025-09-08
witch,KIT,Armstrong,1,0,False,False,2025-09-08
witch-haze,FACE,Armstrong,1,0,False,False,2025-09-08
witchcraft,BATH,Armstrong,1,0,False,False,2025-09-08
with,KIT,Armstrong,1,0,False,False,2025-09-08
withal,KIT,Armstrong,1,0,False,False,2025-09-08
withdrawal,THOUGHT,Armstrong,1,0,False,False,2025-09-08
withdrawn,THOUGHT,Armstrong,1,0,False,False,2025-09-08
withdraws,THOUGHT,Armstrong,1,0,False,False,2025-09-08
withers,KIT,Armstrong,1,0,False,False,2025-09-08
witherspoon,GOOSE LETTER,Armstrong,1,0,False,False,2025-09-08
within,KIT,Armstrong,1,0,False,False,2025-09-08
without,KIT MOUTH,Armstrong,1,0,False,False,2025-09-08
withstood,FOOT,Armstrong,1,0,False,False,2025-09-08
wives,PRICE,Armstrong,1,0,False,False,2025-09-08
wizard,KIT,Armstrong,1,0,False,False,2025-09-08
wo,GOAT,Armstrong,1,0,False,False,2025-09-08
woburn,GOAT,Armstrong,1,0,False,False,2025-09-08
woe,GOAT,Armstrong,1,0,False,False,2025-09-08
woeful,GOAT,Armstrong,1,0,False,False,2025-09-08
wolf,FOOT,Armstrong,1,0,False,False,2025-09-08
wolff,FOOT,Armstrong,1,0,False,False,2025-09-08
wolfgang,TRAP,Armstrong,1,0,False,False,2025-09-08
wolseley,FOOT,Armstrong,1,0,False,False,2025-09-08
wolstenholme,GOAT,Armstrong,1,0,False,False,2025-09-08
wolverhampton,FOOT,Armstrong,1,0,False,False,2025-09-08
wolverine,FOOT FLEECE,Armstrong,1,0,False,False,2025-09-08
woman,FOOT COMMA,Armstrong,1,0,False,False,2025-09-08
womenfolk,GOAT,Armstrong,1,0,False,False,2025-09-08
won,STRUT,Armstrong,1,0,False,False,2025-09-08
wonder,STRUT LETTER,Armstrong,1,0,False,False,2025-09-08
wonderful,STRUT LETTER,Armstrong,1,0,False,False,2025-09-08
wonderwall,LETTER,Armstrong,1,0,False,False,2025-09-08
wonga,COMMA,Armstrong,1,0,False,False,2025-09-08
wood,FOOT,Armstrong,1,0,False,False,2025-09-08
wood-pulp,STRUT,Armstrong,1,0,False,False,2025-09-08
woodcraft,BATH,Armstrong,1,0,False,False,2025-09-08
wooden,FOOT,Armstrong,1,0,False,False,2025-09-08
woodruff,STRUT,Armstrong,1,0,False,False,2025-09-08
woodstock,LOT FOOT,Armstrong,1,0,False,False,2025-09-08
woodwind,FOOT,Armstrong,1,0,False,False,2025-09-08
woof,FOOT,Armstrong,1,0,False,False,2025-09-08
woofer,FOOT LETTER,Armstrong,1,0,False,False,2025-09-08
wooferton,FOOT,Armstrong,1,0,False,False,2025-09-08
woolgatherer,TRAP,Armstrong,1,0,False,False,2025-09-08
woolgathering,TRAP,Armstrong,1,0,False,False,2025-09-08
woolwich,FOOT,Armstrong,1,0,False,False,2025-09-08
woomera,FOOT,Armstrong,1,0,False,False,2025-09-08
woops,FOOT,Armstrong,1,0,False,False,2025-09-08
woos,GOOSE,Armstrong,1,0,False,False,2025-09-08
wooster,FOOT,Armstrong,1,0,False,False,2025-09-08
wootton,FOOT,Armstrong,1,0,False,False,2025-09-08
worcester,FOOT,Armstrong,1,0,False,False,2025-09-08
worcestershire,LETTER,Armstrong,1,0,False,False,2025-09-08
word,NURSE,Armstrong,1,0,False,False,2025-09-08
wordsworth,LETTER NURSE,Armstrong,1,0,False,False,2025-09-08
wordsworthian,NURSE,Armstrong,1,0,False,False,2025-09-08
wore,FORCE,Armstrong,1,0,False,False,2025-09-08
work,NURSE,Armstrong,1,0,False,False,2025-09-08
work-sharing,SQUARE,Armstrong,1,0,False,False,2025-09-08
work-study,STRUT,Armstrong,1,0,False,False,2025-09-08
workbasket,BATH,Armstrong,1,0,False,False,2025-09-08
worker,LETTER,Armstrong,1,0,False,False,2025-09-08
workforce,FORCE,Armstrong,1,0,False,False,2025-09-08
workhorse,NORTH,Armstrong,1,0,False,False,2025-09-08
working-class,BATH,Armstrong,1,0,False,False,2025-09-08
workload,GOAT,Armstrong,1,0,False,False,2025-09-08
workout,MOUTH NURSE,Armstrong,1,0,False,False,2025-09-08
workplace,NURSE,Armstrong,1,0,False,False,2025-09-08
workshop,LOT NURSE,Armstrong,1,0,False,False,2025-09-08
world,NURSE,Armstrong,1,0,False,False,2025-09-08
world-weary,NEAR,Armstrong,1,0,False,False,2025-09-08
worldwide,PRICE NURSE,Armstrong,1,0,False,False,2025-09-08
worm-gear,NEAR,Armstrong,1,0,False,False,2025-09-08
worn,FORCE,Armstrong,1,0,False,False,2025-09-08
worries,STRUT,Armstrong,1,0,False,False,2025-09-08
worry,STRUT,Armstrong,1,0,False,False,2025-09-08
worrying,STRUT,Armstrong,1,0,False,False,2025-09-08
worrywart,NORTH,Armstrong,1,0,False,False,2025-09-08
worse,NURSE,Armstrong,1,0,False,False,2025-09-08
worship,NURSE,Armstrong,1,0,False,False,2025-09-08
worshipped,NURSE,Armstrong,1,0,False,False,2025-09-08
worshippers,NURSE,Armstrong,1,0,False,False,2025-09-08
worst,NURSE,Armstrong,1,0,False,False,2025-09-08
worth,NURSE,Armstrong,1,0,False,False,2025-09-08
worthiest,NURSE,Armstrong,1,0,False,False,2025-09-08
worthily,NURSE,Armstrong,1,0,False,False,2025-09-08
worthiness,NURSE,Armstrong,1,0,False,False,2025-09-08
worthing,NURSE,Armstrong,1,0,False,False,2025-09-08
worthington,NURSE,Armstrong,1,0,False,False,2025-09-08
worthless,NURSE,Armstrong,1,0,False,False,2025-09-08
worthwhile,PRICE NURSE,Armstrong,1,0,False,False,2025-09-08
worthy,HAPPY NURSE,Armstrong,1,0,False,False,2025-09-08
wotcha,COMMA,Armstrong,1,0,False,False,2025-09-08
would,FOOT COMMA,Armstrong,1,0,False,False,2025-09-08
wound,GOOSE,Armstrong,1,0,False,False,2025-09-08
woven,GOAT,Armstrong,1,0,False,False,2025-09-08
wow,MOUTH,Armstrong,1,0,False,False,2025-09-08
wraith,FACE,Armstrong,1,0,False,False,2025-09-08
wraiths,FACE,Armstrong,1,0,False,False,2025-09-08
wrap,TRAP,Armstrong,1,0,False,False,2025-09-08
wreak,FLEECE,Armstrong,1,0,False,False,2025-09-08
wretched,DRESS,Armstrong,1,0,False,False,2025-09-08
wright,PRICE,Armstrong,1,0,False,False,2025-09-08
wringer,LETTER,Armstrong,1,0,False,False,2025-09-08
wristwatch,LOT,Armstrong,1,0,False,False,2025-09-08
write,PRICE,Armstrong,1,0,False,False,2025-09-08
writhe,PRICE,Armstrong,1,0,False,False,2025-09-08
written,KIT,Armstrong,1,0,False,False,2025-09-08
wroclaw,TRAP,Armstrong,1,0,False,False,2025-09-08
wrong,CLOTH,Armstrong,1,0,False,False,2025-09-08
wrote,GOAT,Armstrong,1,0,False,False,2025-09-08
wroth,GOAT,Armstrong,1,0,False,False,2025-09-08
wrought,THOUGHT,Armstrong,1,0,False,False,2025-09-08
wrythe,PRICE,Armstrong,1,0,False,False,2025-09-08
wuppertal,FOOT PALM,Armstrong,1,0,False,False,2025-09-08
wuss,FOOT,Armstrong,1,0,False,False,2025-09-08
wuthering,STRUT,Armstrong,1,0,False,False,2025-09-08
wych,PRICE,Armstrong,1,0,False,False,2025-09-08
wyoming,GOAT,Armstrong,1,0,False,False,2025-09-08
wysiwyg,HAPPY,Armstrong,1,0,False,False,2025-09-08
x-rays,FACE,Armstrong,1,0,False,False,2025-09-08
xanthe,HAPPY,Armstrong,1,0,False,False,2025-09-08
xbox,LOT,Armstrong,1,0,False,False,2025-09-08
xenogears,NEAR,Armstrong,1,0,False,False,2025-09-08
xenosaga,PALM,Armstrong,1,0,False,False,2025-09-08
xerox,LOT,Armstrong,1,0,False,False,2025-09-08
xhosa,(THOUGHT) COMMA (GOAT),Armstrong,1,0,False,False,2025-09-08
yacht-club,STRUT,Armstrong,1,0,False,False,2025-09-08
yahoo,GOOSE,Armstrong,1,0,False,False,2025-09-08
yahoos,GOOSE,Armstrong,1,0,False,False,2025-09-08
yahweh,PALM,Armstrong,1,0,False,False,2025-09-08
yale,FACE,Armstrong,1,0,False,False,2025-09-08
yamaha,PALM,Armstrong,1,0,False,False,2025-09-08
yankee,HAPPY,Armstrong,1,0,False,False,2025-09-08
yard,START,Armstrong,1,0,False,False,2025-09-08
yard-measure,DRESS,Armstrong,1,0,False,False,2025-09-08
yardarm,START,Armstrong,1,0,False,False,2025-09-08
yarmouth,START,Armstrong,1,0,False,False,2025-09-08
yarn,START,Armstrong,1,0,False,False,2025-09-08
yarwood,START,Armstrong,1,0,False,False,2025-09-08
yawp,THOUGHT,Armstrong,1,0,False,False,2025-09-08
yeadon,FACE,Armstrong,1,0,False,False,2025-09-08
year,NEAR,Armstrong,1,0,False,False,2025-09-08
yearling,NEAR,Armstrong,1,0,False,False,2025-09-08
yearlong,NEAR,Armstrong,1,0,False,False,2025-09-08
yearly,NEAR,Armstrong,1,0,False,False,2025-09-08
years,NEAR,Armstrong,1,0,False,False,2025-09-08
yeas,FACE,Armstrong,1,0,False,False,2025-09-08
yellow,DRESS,Armstrong,1,0,False,False,2025-09-08
yellow-flag,GOAT,Armstrong,1,0,False,False,2025-09-08
yellowknife,PRICE,Armstrong,1,0,False,False,2025-09-08
yellows,GOAT,Armstrong,1,0,False,False,2025-09-08
yellowstone,GOAT,Armstrong,1,0,False,False,2025-09-08
yellowwood,GOAT,Armstrong,1,0,False,False,2025-09-08
yeovil,GOAT,Armstrong,1,0,False,False,2025-09-08
yer,LETTER,Armstrong,1,0,False,False,2025-09-08
yes,DRESS,Armstrong,1,0,False,False,2025-09-08
yesterday,LETTER,Armstrong,1,0,False,False,2025-09-08
yesteryear,NEAR LETTER,Armstrong,1,0,False,False,2025-09-08
yet,DRESS,Armstrong,1,0,False,False,2025-09-08
yeti,HAPPY,Armstrong,1,0,False,False,2025-09-08
yew,GOOSE,Armstrong,1,0,False,False,2025-09-08
yippee,HAPPY,Armstrong,1,0,False,False,2025-09-08
ymca,DRESS,Armstrong,1,0,False,False,2025-09-08
yo,GOAT,Armstrong,1,0,False,False,2025-09-08
yoga,GOAT COMMA,Armstrong,1,0,False,False,2025-09-08
yogi,GOAT HAPPY,Armstrong,1,0,False,False,2025-09-08
yoichi,FLEECE,Armstrong,1,0,False,False,2025-09-08
yoicks,CHOICE,Armstrong,1,0,False,False,2025-09-08
yokohama,PALM,Armstrong,1,0,False,False,2025-09-08
yolanda,GOAT,Armstrong,1,0,False,False,2025-09-08
yolk,GOAT,Armstrong,1,0,False,False,2025-09-08
york,NORTH,Armstrong,1,0,False,False,2025-09-08
yorkie,HAPPY,Armstrong,1,0,False,False,2025-09-08
yorkshire,NORTH,Armstrong,1,0,False,False,2025-09-08
yoruba,COMMA,Armstrong,1,0,False,False,2025-09-08
you,GOOSE,Armstrong,1,0,False,False,2025-09-08
young,STRUT,Armstrong,1,0,False,False,2025-09-08
younger,STRUT LETTER,Armstrong,1,0,False,False,2025-09-08
youngest,STRUT,Armstrong,1,0,False,False,2025-09-08
younghusband,STRUT,Armstrong,1,0,False,False,2025-09-08
youngster,STRUT,Armstrong,1,0,False,False,2025-09-08
your,CURE LETTER (FORCE),Armstrong,1,0,False,False,2025-09-08
yours,CURE,Armstrong,1,0,False,False,2025-09-08
yourself,FORCE (LETTER),Armstrong,1,0,False,False,2025-09-08
youths,GOOSE,Armstrong,1,0,False,False,2025-09-08
youtube,GOOSE,Armstrong,1,0,False,False,2025-09-08
yowl,MOUTH,Armstrong,1,0,False,False,2025-09-08
ythan,PRICE,Armstrong,1,0,False,False,2025-09-08
yugoslav,PALM GOOSE,Armstrong,1,0,False,False,2025-09-08
yule,GOOSE,Armstrong,1,0,False,False,2025-09-08
yussuf,FOOT,Armstrong,1,0,False,False,2025-09-08
zageb,PALM,Armstrong,1,0,False,False,2025-09-08
zagreb,DRESS,Armstrong,1,0,False,False,2025-09-08
zambezi,HAPPY,Armstrong,1,0,False,False,2025-09-08
zanzibar,START,Armstrong,1,0,False,False,2025-09-08
zapata,PALM,Armstrong,1,0,False,False,2025-09-08
zaporozhye,GOAT COMMA,Armstrong,1,0,False,False,2025-09-08
zappa,COMMA,Armstrong,1,0,False,False,2025-09-08
zara,START COMMA,Armstrong,1,0,False,False,2025-09-08
zarzuela,START,Armstrong,1,0,False,False,2025-09-08
zebra,(DRESS) COMMA (FLEECE),Armstrong,1,0,False,False,2025-09-08
zeebrugge,FOOT,Armstrong,1,0,False,False,2025-09-08
zeinab,TRAP,Armstrong,1,0,False,False,2025-09-08
zeitgeist,PRICE,Armstrong,1,0,False,False,2025-09-08
zelda,COMMA,Armstrong,1,0,False,False,2025-09-08
zellweger,DRESS,Armstrong,1,0,False,False,2025-09-08
zenith,KIT,Armstrong,1,0,False,False,2025-09-08
zero,NEAR,Armstrong,1,0,False,False,2025-09-08
zero-rated,GOAT,Armstrong,1,0,False,False,2025-09-08
zeroth,GOAT,Armstrong,1,0,False,False,2025-09-08
zeta,COMMA,Armstrong,1,0,False,False,2025-09-08
zeugma,GOOSE,Armstrong,1,0,False,False,2025-09-08
zhirkov,NEAR,Armstrong,1,0,False,False,2025-09-08
zhivago,PALM,Armstrong,1,0,False,False,2025-09-08
zhuzh,FOOT,Armstrong,1,0,False,False,2025-09-08
zhuzhed,FOOT,Armstrong,1,0,False,False,2025-09-08
zhuzhes,FOOT,Armstrong,1,0,False,False,2025-09-08
zhuzhing,FOOT,Armstrong,1,0,False,False,2025-09-08
zigzag,TRAP,Armstrong,1,0,False,False,2025-09-08
zimbabwe,PALM,Armstrong,1,0,False,False,2025-09-08
zimmerman,LETTER,Armstrong,1,0,False,False,2025-09-08
zipped,KIT,Armstrong,1,0,False,False,2025-09-08
zither,KIT,Armstrong,1,0,False,False,2025-09-08
zizzi,HAPPY,Armstrong,1,0,False,False,2025-09-08
zombie,HAPPY,Armstrong,1,0,False,False,2025-09-08
zone,GOAT,Armstrong,1,0,False,False,2025-09-08
zoo,GOOSE,Armstrong,1,0,False,False,2025-09-08
zoom,GOOSE,Armstrong,1,0,False,False,2025-09-08
zucchini,GOOSE,Armstrong,1,0,False,False,2025-09-08
zulu,GOOSE,Armstrong,1,0,False,False,2025-09-08
zulus,GOOSE,Armstrong,1,0,False,False,2025-09-08
zurich,GOOSE,Armstrong,1,0,False,False,2025-09-08
zwieback,FLEECE,Armstrong,1,0,False,False,2025-09-08
zygoma,PRICE,Armstrong,1,0,False,False,2025-09-08
zygopteran,PRICE,Armstrong,1,0,False,False,2025-09-08
zygosis,PRICE,Armstrong,1,0,False,False,2025-09-08