Word,Sets,Source,Checks,Score,Synonyms,Generated,Added
a-bomb,FACE LOT,Armstrong,2,0,False,False,2025-09-08
a-level,DRESS FACE,Armstrong,2,0,False,False,2025-09-08
aachen,PALM,Armstrong,2,0,False,False,2025-09-08
aardvark,START,Armstrong,2,0,False,False,2025-09-08
aaron,SQUARE,Armstrong,2,0,False,False,2025-09-08
abandon,TRAP COMMA,Armstrong,2,0,False,False,2025-09-08
abba,TRAP COMMA,Armstrong,2,0,False,False,2025-09-08
abbatial,FACE,Armstrong,2,0,False,False,2025-09-08
abbey,TRAP HAPPY,Armstrong,2,0,False,False,2025-09-08
abdominal,TRAP LOT KIT,Armstrong,2,0,False,False,2025-09-08
abduct,TRAP STRUT,Armstrong,2,0,False,False,2025-09-08
abdullah,TRAP GOOSE,Armstrong,2,0,False,False,2025-09-08
abel,FACE,Armstrong,2,0,False,False,2025-09-08
abercrombie,TRAP LOT HAPPY LETTER,Armstrong,2,0,False,False,2025-09-08
aberdeen,TRAP FLEECE LETTER,Armstrong,2,0,False,False,2025-09-08
abernathy,TRAP LETTER HAPPY,Armstrong,2,0,False,False,2025-09-08
abidjan,FLEECE TRAP PALM,Armstrong,2,0,False,False,2025-09-08
abigail,FACE KIT TRAP,Armstrong,2,0,False,False,2025-09-08
ability,COMMA KIT HAPPY,Armstrong,2,0,False,False,2025-09-08
abkhaz,PALM,Armstrong,2,0,False,False,2025-09-08
ablation,TRAP FACE,Armstrong,2,0,False,False,2025-09-08
able,FACE,Armstrong,2,0,False,False,2025-09-08
ableism,FACE KIT,Armstrong,2,0,False,False,2025-09-08
ablution,GOOSE,Armstrong,2,0,False,False,2025-09-08
abnormal,TRAP NORTH,Armstrong,2,0,False,False,2025-09-08
abode,GOAT COMMA,Armstrong,2,0,False,False,2025-09-08
abort,NORTH,Armstrong,2,0,False,False,2025-09-08
abortion,NORTH,Armstrong,2,0,False,False,2025-09-08
about,MOUTH,Armstrong,2,0,False,False,2025-09-08
above,STRUT COMMA,Armstrong,2,0,False,False,2025-09-08
aboyne,CHOICE,Armstrong,2,0,False,False,2025-09-08
abraham,TRAP FACE,Armstrong,2,0,False,False,2025-09-08
abrasion,FACE,Armstrong,2,0,False,False,2025-09-08
abroad,COMMA THOUGHT,Armstrong,2,0,False,False,2025-09-08
abs,TRAP,Armstrong,2,0,False,False,2025-09-08
abscission,TRAP KIT,Armstrong,2,0,False,False,2025-09-08
absence,TRAP,Armstrong,2,0,False,False,2025-09-08
absent,COMMA TRAP,Armstrong,2,0,False,False,2025-09-08
absentia,TRAP DRESS,Armstrong,2,0,False,False,2025-09-08
absolute,TRAP GOOSE (COMMA),Armstrong,2,0,False,False,2025-09-08
absolutely,TRAP GOOSE HAPPY,Armstrong,2,0,False,False,2025-09-08
absorb,NORTH,Armstrong,2,0,False,False,2025-09-08
absorbent,NORTH,Armstrong,2,0,False,False,2025-09-08
absorptivity,NORTH KIT HAPPY,Armstrong,2,0,False,False,2025-09-08
abuse,GOOSE COMMA,Armstrong,2,0,False,False,2025-09-08
abusive,GOOSE KIT,Armstrong,2,0,False,False,2025-09-08
abuzz,STRUT,Armstrong,2,0,False,False,2025-09-08
acacia,FACE,Armstrong,2,0,False,False,2025-09-08
academe,FLEECE TRAP,Armstrong,2,0,False,False,2025-09-08
academy,TRAP HAPPY COMMA,Armstrong,2,0,False,False,2025-09-08
acapulco,FOOT GOAT TRAP,Armstrong,2,0,False,False,2025-09-08
accept,DRESS COMMA,Armstrong,2,0,False,False,2025-09-08
acceptable,COMMA DRESS,Armstrong,2,0,False,False,2025-09-08
access,DRESS TRAP,Armstrong,2,0,False,False,2025-09-08
accessary,COMMA DRESS HAPPY,Armstrong,2,0,False,False,2025-09-08
accessibility,KIT HAPPY DRESS,Armstrong,2,0,False,False,2025-09-08
accessible,DRESS COMMA,Armstrong,2,0,False,False,2025-09-08
accessory,LETTER COMMA DRESS HAPPY,Armstrong,2,0,False,False,2025-09-08
acciaccatura,COMMA TRAP CURE,Armstrong,2,0,False,False,2025-09-08
acclaim,FACE,Armstrong,2,0,False,False,2025-09-08
accolade,FACE TRAP,Armstrong,2,0,False,False,2025-09-08
accommodation,COMMA LOT FACE,Armstrong,2,0,False,False,2025-09-08
accomplished,COMMA LOT KIT,Armstrong,2,0,False,False,2025-09-08
accord,NORTH,Armstrong,2,0,False,False,2025-09-08
accordance,COMMA NORTH,Armstrong,2,0,False,False,2025-09-08
according,COMMA NORTH KIT,Armstrong,2,0,False,False,2025-09-08
accost,CLOTH,Armstrong,2,0,False,False,2025-09-08
account,MOUTH COMMA,Armstrong,2,0,False,False,2025-09-08
accountant,COMMA MOUTH,Armstrong,2,0,False,False,2025-09-08
accumululated,GOOSE FACE,Armstrong,2,0,False,False,2025-09-08
accuracy,FOOT TRAP HAPPY,Armstrong,2,0,False,False,2025-09-08
accurist,FOOT TRAP KIT,Armstrong,2,0,False,False,2025-09-08
accusation,FOOT TRAP FACE,Armstrong,2,0,False,False,2025-09-08
accuse,GOOSE,Armstrong,2,0,False,False,2025-09-08
accused,COMMA GOOSE,Armstrong,2,0,False,False,2025-09-08
ace,FACE,Armstrong,2,0,False,False,2025-09-08
acheulian,COMMA GOOSE,Armstrong,2,0,False,False,2025-09-08
achievable,COMMA FLEECE,Armstrong,2,0,False,False,2025-09-08
achieve,COMMA FLEECE,Armstrong,2,0,False,False,2025-09-08
achievement,COMMA FLEECE,Armstrong,2,0,False,False,2025-09-08
achieving,COMMA FLEECE KIT,Armstrong,2,0,False,False,2025-09-08
achoo,COMMA GOOSE,Armstrong,2,0,False,False,2025-09-08
ackee,HAPPY,Armstrong,2,0,False,False,2025-09-08
acorn,NORTH FACE,Armstrong,2,0,False,False,2025-09-08
acoustic,GOOSE KIT,Armstrong,2,0,False,False,2025-09-08
acoustician,GOOSE TRAP KIT,Armstrong,2,0,False,False,2025-09-08
acre,FACE,Armstrong,2,0,False,False,2025-09-08
across,CLOTH COMMA,Armstrong,2,0,False,False,2025-09-08
act,TRAP,Armstrong,2,0,False,False,2025-09-08
action,TRAP,Armstrong,2,0,False,False,2025-09-08
activate,KIT TRAP FACE,Armstrong,2,0,False,False,2025-09-08
activity,KIT TRAP HAPPY,Armstrong,2,0,False,False,2025-09-08
actual,GOOSE TRAP,Armstrong,2,0,False,False,2025-09-08
actually,TRAP (COMMA) HAPPY (GOOSE),Armstrong,2,0,False,False,2025-09-08
acumen,FOOT TRAP,Armstrong,2,0,False,False,2025-09-08
acupressure,DRESS GOOSE LETTER TRAP,Armstrong,2,0,False,False,2025-09-08
acupuncture,STRUT FOOT TRAP LETTER,Armstrong,2,0,False,False,2025-09-08
acute,GOOSE,Armstrong,2,0,False,False,2025-09-08
ad,TRAP,Armstrong,2,0,False,False,2025-09-08
adam,TRAP,Armstrong,2,0,False,False,2025-09-08
adaptation,TRAP FACE,Armstrong,2,0,False,False,2025-09-08
adaptive,TRAP COMMA KIT,Armstrong,2,0,False,False,2025-09-08
add,TRAP,Armstrong,2,0,False,False,2025-09-08
addict,KIT TRAP,Armstrong,2,0,False,False,2025-09-08
addicts,TRAP KIT,Armstrong,2,0,False,False,2025-09-08
addition,KIT,Armstrong,2,0,False,False,2025-09-08
additional,KIT COMMA,Armstrong,2,0,False,False,2025-09-08
address,DRESS COMMA,Armstrong,2,0,False,False,2025-09-08
adelaide,FACE TRAP,Armstrong,2,0,False,False,2025-09-08
adelphi,HAPPY DRESS,Armstrong,2,0,False,False,2025-09-08
adenosine,(KIT) (FLEECE) DRESS,Armstrong,2,0,False,False,2025-09-08
adhere,NEAR TRAP,Armstrong,2,0,False,False,2025-09-08
adhering,NEAR TRAP,Armstrong,2,0,False,False,2025-09-08
adjacency,COMMA FACE HAPPY,Armstrong,2,0,False,False,2025-09-08
adjacent,COMMA FACE,Armstrong,2,0,False,False,2025-09-08
adjoining,COMMA CHOICE KIT,Armstrong,2,0,False,False,2025-09-08
adjoins,COMMA CHOICE,Armstrong,2,0,False,False,2025-09-08
adjourn,COMMA FORCE,Armstrong,2,0,False,False,2025-09-08
adjourned,COMMA FORCE,Armstrong,2,0,False,False,2025-09-08
adjournment,COMMA FORCE,Armstrong,2,0,False,False,2025-09-08
adjudged,STRUT COMMA,Armstrong,2,0,False,False,2025-09-08
adjudication,COMMA GOOSE KIT FACE,Armstrong,2,0,False,False,2025-09-08
adjudications,COMMA GOOSE KIT FACE,Armstrong,2,0,False,False,2025-09-08
adjunct,STRUT TRAP,Armstrong,2,0,False,False,2025-09-08
adjunction,COMMA STRUT TRAP,Armstrong,2,0,False,False,2025-09-08
adjunctive,COMMA TRAP STRUT KIT,Armstrong,2,0,False,False,2025-09-08
adjust,COMMA STRUT,Armstrong,2,0,False,False,2025-09-08
adjustable,COMMA STRUT,Armstrong,2,0,False,False,2025-09-08
adjuster,COMMA STRUT LETTER,Armstrong,2,0,False,False,2025-09-08
administration,COMMA TRAP KIT FACE,Armstrong,2,0,False,False,2025-09-08
admission,COMMA TRAP KIT,Armstrong,2,0,False,False,2025-09-08
admit,KIT,Armstrong,2,0,False,False,2025-09-08
admits,COMMA KIT,Armstrong,2,0,False,False,2025-09-08
adobe,GOAT COMMA HAPPY,Armstrong,2,0,False,False,2025-09-08
adopt,LOT,Armstrong,2,0,False,False,2025-09-08
adorable,FORCE COMMA,Armstrong,2,0,False,False,2025-09-08
adore,FORCE COMMA,Armstrong,2,0,False,False,2025-09-08
adorn,NORTH,Armstrong,2,0,False,False,2025-09-08
adrian,FACE FLEECE?,Armstrong,2,0,False,False,2025-09-08
advanced,COMMA BATH,Armstrong,2,0,False,False,2025-09-08
advantage,BATH COMMA,Armstrong,2,0,False,False,2025-09-08
advantageous,FACE TRAP,Armstrong,2,0,False,False,2025-09-08
adventure,LETTER COMMA DRESS,Armstrong,2,0,False,False,2025-09-08
advert,NURSE TRAP,Armstrong,2,0,False,False,2025-09-08
advertise,PRICE TRAP LETTER,Armstrong,2,0,False,False,2025-09-08
advertised,LETTER TRAP PRICE,Armstrong,2,0,False,False,2025-09-08
advertisement,NURSE/LETTER TRAP PRICE/KIT,Armstrong,2,0,False,False,2025-09-08
advertiser,LETTER TRAP PRICE,Armstrong,2,0,False,False,2025-09-08
advertising,TRAP LETTER PRICE KIT,Armstrong,2,0,False,False,2025-09-08
advice,PRICE COMMA,Armstrong,2,0,False,False,2025-09-08
advisor,PRICE LETTER COMMA,Armstrong,2,0,False,False,2025-09-08
aegean,NEAR,Armstrong,2,0,False,False,2025-09-08
aegis,FLEECE KIT,Armstrong,2,0,False,False,2025-09-08
aegisthus,(FLEECE) KIT,Armstrong,2,0,False,False,2025-09-08
aemilius,FLEECE,Armstrong,2,0,False,False,2025-09-08
aerial,SQUARE FLEECE,Armstrong,2,0,False,False,2025-09-08
aerofoil,CHOICE SQUARE GOAT,Armstrong,2,0,False,False,2025-09-08
aeroplane,FACE SQUARE GOAT,Armstrong,2,0,False,False,2025-09-08
aerospace,GOAT SQUARE FACE,Armstrong,2,0,False,False,2025-09-08
aertex,SQUARE DRESS,Armstrong,2,0,False,False,2025-09-08
aether,LETTER FLEECE,Armstrong,2,0,False,False,2025-09-08
affair,SQUARE,Armstrong,2,0,False,False,2025-09-08
affairs,SQUARE COMMA,Armstrong,2,0,False,False,2025-09-08
affect,COMMA DRESS,Armstrong,2,0,False,False,2025-09-08
affected,COMMA DRESS,Armstrong,2,0,False,False,2025-09-08
affection,COMMA DRESS,Armstrong,2,0,False,False,2025-09-08
affectionate,COMMA DRESS,Armstrong,2,0,False,False,2025-09-08
affective,COMMA DRESS KIT,Armstrong,2,0,False,False,2025-09-08
affiliate,COMMA KIT FACE,Armstrong,2,0,False,False,2025-09-08
affiliated,KIT COMMA FACE,Armstrong,2,0,False,False,2025-09-08
affinity,COMMA KIT HAPPY,Armstrong,2,0,False,False,2025-09-08
affleck,TRAP DRESS,Armstrong,2,0,False,False,2025-09-08
affluenza,COMMA TRAP GOOSE DRESS,Armstrong,2,0,False,False,2025-09-08
afford,FORCE COMMA,Armstrong,2,0,False,False,2025-09-08
affordable,COMMA FORCE,Armstrong,2,0,False,False,2025-09-08
affranchises,COMMA TRAP PRICE,Armstrong,2,0,False,False,2025-09-08
affricative,TRAP KIT,Armstrong,2,0,False,False,2025-09-08
afghan,TRAP,Armstrong,2,0,False,False,2025-09-08
afghanistan,TRAP PALM KIT,Armstrong,2,0,False,False,2025-09-08
afield,COMMA FLEECE,Armstrong,2,0,False,False,2025-09-08
afire,COMMA PRICE,Armstrong,2,0,False,False,2025-09-08
afocal,FACE GOAT,Armstrong,2,0,False,False,2025-09-08
afoot,FOOT COMMA,Armstrong,2,0,False,False,2025-09-08
aforementioned,FORCE DRESS TRAP,Armstrong,2,0,False,False,2025-09-08
afraid,FACE COMMA,Armstrong,2,0,False,False,2025-09-08
afresh,COMMA DRESS,Armstrong,2,0,False,False,2025-09-08
africa,TRAP COMMA KIT,Armstrong,2,0,False,False,2025-09-08
afrikaans,PALM TRAP KIT,Armstrong,2,0,False,False,2025-09-08
afro-wig,GOAT TRAP KIT,Armstrong,2,0,False,False,2025-09-08
after,BATH LETTER,Armstrong,2,0,False,False,2025-09-08
afterlife,PRICE BATH LETTER,Armstrong,2,0,False,False,2025-09-08
aftermath,TRAP LETTER BATH,Armstrong,2,0,False,False,2025-09-08
afternoon,LETTER BATH GOOSE,Armstrong,2,0,False,False,2025-09-08
aftershave,FACE BATH LETTER,Armstrong,2,0,False,False,2025-09-08
afterthought,THOUGHT LETTER BATH,Armstrong,2,0,False,False,2025-09-08
afterwards,LETTER BATH,Armstrong,2,0,False,False,2025-09-08
again,(DRESS) COMMA (FACE),Armstrong,2,0,False,False,2025-09-08
against,(DRESS) COMMA (FACE),Armstrong,2,0,False,False,2025-09-08
agatha,COMMA TRAP,Armstrong,2,0,False,False,2025-09-08
agave,COMMA FACE,Armstrong,2,0,False,False,2025-09-08
age,FACE,Armstrong,2,0,False,False,2025-09-08
ageing,FACE KIT,Armstrong,2,0,False,False,2025-09-08
agency,FACE HAPPY,Armstrong,2,0,False,False,2025-09-08
agenda,COMMA DRESS,Armstrong,2,0,False,False,2025-09-08
agent,FACE,Armstrong,2,0,False,False,2025-09-08
agential,FACE DRESS,Armstrong,2,0,False,False,2025-09-08
ageusia,FACE GOOSE FLEECE,Armstrong,2,0,False,False,2025-09-08
agfa,COMMA TRAP,Armstrong,2,0,False,False,2025-09-08
aggiornamento,COMMA DRESS GOAT CURE,Armstrong,2,0,False,False,2025-09-08
aggressive,COMMA DRESS KIT,Armstrong,2,0,False,False,2025-09-08
aggressively,COMMA DRESS KIT HAPPY,Armstrong,2,0,False,False,2025-09-08
aggressor,COMMA DRESS LETTER,Armstrong,2,0,False,False,2025-09-08
aggrieved,COMMA FLEECE,Armstrong,2,0,False,False,2025-09-08
agile,TRAP PRICE,Armstrong,2,0,False,False,2025-09-08
agility,COMMA KIT HAPPY,Armstrong,2,0,False,False,2025-09-08
agincourt,FORCE TRAP KIT,Armstrong,2,0,False,False,2025-09-08
ago,GOAT COMMA,Armstrong,2,0,False,False,2025-09-08
agony,TRAP HAPPY,Armstrong,2,0,False,False,2025-09-08
agra,PALM TRAP,Armstrong,2,0,False,False,2025-09-08
agranulocytosis,COMMA TRAP GOAT PRICE KIT,Armstrong,2,0,False,False,2025-09-08
agrapha,COMMA TRAP,Armstrong,2,0,False,False,2025-09-08
agrarianism,COMMA SQUARE KIT,Armstrong,2,0,False,False,2025-09-08
agree,COMMA FLEECE,Armstrong,2,0,False,False,2025-09-08
agreeable,COMMA FLEECE,Armstrong,2,0,False,False,2025-09-08
agreed,FLEECE COMMA,Armstrong,2,0,False,False,2025-09-08
agreeing,FLEECE KIT,Armstrong,2,0,False,False,2025-09-08
agreement,FLEECE,Armstrong,2,0,False,False,2025-09-08
agricola,COMMA KIT,Armstrong,2,0,False,False,2025-09-08
agriculture,TRAP STRUT KIT LETTER,Armstrong,2,0,False,False,2025-09-08
agrippa,COMMA KIT,Armstrong,2,0,False,False,2025-09-08
agronomist,COMMA LOT KIT,Armstrong,2,0,False,False,2025-09-08
agronomy,COMMA LOT HAPPY,Armstrong,2,0,False,False,2025-09-08
aground,COMMA MOUTH,Armstrong,2,0,False,False,2025-09-08
aguecheek,FLEECE GOOSE,Armstrong,2,0,False,False,2025-09-08
ah,PALM,Armstrong,2,0,False,False,2025-09-08
aha,PALM,Armstrong,2,0,False,False,2025-09-08
ahead,DRESS,Armstrong,2,0,False,False,2025-09-08
ahmed,DRESS PALM,Armstrong,2,0,False,False,2025-09-08
ahoy,CHOICE,Armstrong,2,0,False,False,2025-09-08
aiden,FACE,Armstrong,2,0,False,False,2025-09-08
aids,FACE,Armstrong,2,0,False,False,2025-09-08
aiken,FACE,Armstrong,2,0,False,False,2025-09-08
aikido,FLEECE PRICE GOAT,Armstrong,2,0,False,False,2025-09-08
aileen,(FLEECE) PRICE,Armstrong,2,0,False,False,2025-09-08
ailing,FACE KIT,Armstrong,2,0,False,False,2025-09-08
aim,FACE,Armstrong,2,0,False,False,2025-09-08
aimee,FACE HAPPY,Armstrong,2,0,False,False,2025-09-08
air,SQUARE,Armstrong,2,0,False,False,2025-09-08
air-bladder,SQUARE TRAP LETTER,Armstrong,2,0,False,False,2025-09-08
air-cooled,SQUARE GOOSE,Armstrong,2,0,False,False,2025-09-08
air-minded,SQUARE PRICE,Armstrong,2,0,False,False,2025-09-08
air-pump,STRUT SQUARE,Armstrong,2,0,False,False,2025-09-08
air-raid,FACE SQUARE,Armstrong,2,0,False,False,2025-09-08
air-shaft,SQUARE BATH,Armstrong,2,0,False,False,2025-09-08
air-to-air,SQUARE,Armstrong,2,0,False,False,2025-09-08
airbag,TRAP SQUARE,Armstrong,2,0,False,False,2025-09-08
airbed,SQUARE DRESS,Armstrong,2,0,False,False,2025-09-08
airbnb,SQUARE FLEECE,Armstrong,2,0,False,False,2025-09-08
airborne,SQUARE FORCE,Armstrong,2,0,False,False,2025-09-08
airbrush,STRUT SQUARE,Armstrong,2,0,False,False,2025-09-08
airbus,STRUT SQUARE,Armstrong,2,0,False,False,2025-09-08
aircraft,BATH SQUARE,Armstrong,2,0,False,False,2025-09-08
aircrew,SQUARE GOOSE,Armstrong,2,0,False,False,2025-09-08
airdrie,SQUARE FLEECE,Armstrong,2,0,False,False,2025-09-08
airdrop,SQUARE LOT,Armstrong,2,0,False,False,2025-09-08
airedale,SQUARE FACE,Armstrong,2,0,False,False,2025-09-08
airfare,SQUARE,Armstrong,2,0,False,False,2025-09-08
airfares,SQUARE,Armstrong,2,0,False,False,2025-09-08
airfield,SQUARE FLEECE,Armstrong,2,0,False,False,2025-09-08
airflow,SQUARE GOAT,Armstrong,2,0,False,False,2025-09-08
airframe,SQUARE FACE,Armstrong,2,0,False,False,2025-09-08
airing,SQUARE KIT,Armstrong,2,0,False,False,2025-09-08
airlifted,SQUARE KIT,Armstrong,2,0,False,False,2025-09-08
airline,SQUARE PRICE,Armstrong,2,0,False,False,2025-09-08
airliner,SQUARE PRICE LETTER,Armstrong,2,0,False,False,2025-09-08
airmail,SQUARE FACE,Armstrong,2,0,False,False,2025-09-08
airman,SQUARE,Armstrong,2,0,False,False,2025-09-08
airplane,SQUARE FACE,Armstrong,2,0,False,False,2025-09-08
airpocalypse,SQUARE LOT KIT,Armstrong,2,0,False,False,2025-09-08
airport,SQUARE FORCE,Armstrong,2,0,False,False,2025-09-08
airscrew,SQUARE GOOSE,Armstrong,2,0,False,False,2025-09-08
airship,SQUARE KIT,Armstrong,2,0,False,False,2025-09-08
airshow,SQUARE GOAT,Armstrong,2,0,False,False,2025-09-08
airsickness,SQUARE KIT,Armstrong,2,0,False,False,2025-09-08
airspace,SQUARE FACE,Armstrong,2,0,False,False,2025-09-08
airspeed,FLEECE SQUARE,Armstrong,2,0,False,False,2025-09-08
airstream,FLEECE SQUARE,Armstrong,2,0,False,False,2025-09-08
airstrip,SQUARE KIT,Armstrong,2,0,False,False,2025-09-08
airway,SQUARE FACE,Armstrong,2,0,False,False,2025-09-08
airy,SQUARE HAPPY,Armstrong,2,0,False,False,2025-09-08
aisha,COMMA (TRAP) (PALM) (FACE) (PRICE) (FLEECE),Armstrong,2,0,False,False,2025-09-08
aiwa,PRICE COMMA,Armstrong,2,0,False,False,2025-09-08
ajaccio,TRAP FLEECE GOAT,Armstrong,2,0,False,False,2025-09-08
ajar,COMMA START,Armstrong,2,0,False,False,2025-09-08
ajax,TRAP FACE,Armstrong,2,0,False,False,2025-09-08
akela,PALM FLEECE,Armstrong,2,0,False,False,2025-09-08
al,TRAP,Armstrong,2,0,False,False,2025-09-08
alabama,COMMA TRAP,Armstrong,2,0,False,False,2025-09-08
alack,COMMA TRAP,Armstrong,2,0,False,False,2025-09-08
alamein,FACE TRAP,Armstrong,2,0,False,False,2025-09-08
alan,TRAP,Armstrong,2,0,False,False,2025-09-08
alarm,START COMMA,Armstrong,2,0,False,False,2025-09-08
alaska,COMMA TRAP,Armstrong,2,0,False,False,2025-09-08
alba,COMMA (TRAP),Armstrong,2,0,False,False,2025-09-08
album,TRAP,Armstrong,2,0,False,False,2025-09-08
albumin,FOOT KIT TRAP,Armstrong,2,0,False,False,2025-09-08
alcatraz,TRAP,Armstrong,2,0,False,False,2025-09-08
alcohol,LOT TRAP,Armstrong,2,0,False,False,2025-09-08
aldershot,LOT LETTER TRAP,Armstrong,2,0,False,False,2025-09-08
ale,FACE,Armstrong,2,0,False,False,2025-09-08
aleph,DRESS TRAP,Armstrong,2,0,False,False,2025-09-08
alert,COMMA NURSE,Armstrong,2,0,False,False,2025-09-08
alex,TRAP,Armstrong,2,0,False,False,2025-09-08
alexander,TRAP BATH LETTER,Armstrong,2,0,False,False,2025-09-08
alexandra,BATH COMMA TRAP,Armstrong,2,0,False,False,2025-09-08
alexis,COMMA DRESS KIT,Armstrong,2,0,False,False,2025-09-08
alfalfa,COMMA TRAP,Armstrong,2,0,False,False,2025-09-08
alfie,HAPPY TRAP,Armstrong,2,0,False,False,2025-09-08
algarve,TRAP START,Armstrong,2,0,False,False,2025-09-08
algeria,TRAP NEAR HAPPY,Armstrong,2,0,False,False,2025-09-08
algorithm,KIT TRAP,Armstrong,2,0,False,False,2025-09-08
alhambra,TRAP COMMA,Armstrong,2,0,False,False,2025-09-08
alibaba,PALM TRAP FLEECE,Armstrong,2,0,False,False,2025-09-08
alicia,COMMA FLEECE,Armstrong,2,0,False,False,2025-09-08
alien,FACE,Armstrong,2,0,False,False,2025-09-08
alight,PRICE COMMA,Armstrong,2,0,False,False,2025-09-08
align,PRICE,Armstrong,2,0,False,False,2025-09-08
alive,PRICE COMMA,Armstrong,2,0,False,False,2025-09-08
alix,TRAP KIT,Armstrong,2,0,False,False,2025-09-08
all,THOUGHT,Armstrong,2,0,False,False,2025-09-08
all-round,MOUTH THOUGHT,Armstrong,2,0,False,False,2025-09-08
allardyce,PRICE TRAP,Armstrong,2,0,False,False,2025-09-08
allege,DRESS,Armstrong,2,0,False,False,2025-09-08
alleged,COMMA DRESS,Armstrong,2,0,False,False,2025-09-08
allegiance,FLEECE,Armstrong,2,0,False,False,2025-09-08
allergic,NURSE KIT,Armstrong,2,0,False,False,2025-09-08
allergy,LETTER TRAP HAPPY,Armstrong,2,0,False,False,2025-09-08
alliance,COMMA PRICE,Armstrong,2,0,False,False,2025-09-08
allow,COMMA MOUTH,Armstrong,2,0,False,False,2025-09-08
allowable,MOUTH,Armstrong,2,0,False,False,2025-09-08
allowance,MOUTH COMMA,Armstrong,2,0,False,False,2025-09-08
allowed,MOUTH,Armstrong,2,0,False,False,2025-09-08
allowing,COMMA MOUTH KIT,Armstrong,2,0,False,False,2025-09-08
allows,MOUTH COMMA,Armstrong,2,0,False,False,2025-09-08
alloy,CHOICE TRAP,Armstrong,2,0,False,False,2025-09-08
alloys,CHOICE TRAP,Armstrong,2,0,False,False,2025-09-08
allure,CURE TRAP,Armstrong,2,0,False,False,2025-09-08
almost,GOAT THOUGHT,Armstrong,2,0,False,False,2025-09-08
alnmouth,MOUTH/COMMA TRAP,Armstrong,2,0,False,False,2025-09-08
alone,GOAT COMMA,Armstrong,2,0,False,False,2025-09-08
along,COMMA LOT,Armstrong,2,0,False,False,2025-09-08
alongside,PRICE COMMA LOT,Armstrong,2,0,False,False,2025-09-08
alopecia,COMMA TRAP GOAT FLEECE,Armstrong,2,0,False,False,2025-09-08
alpha,COMMA TRAP,Armstrong,2,0,False,False,2025-09-08
alphabet,DRESS TRAP,Armstrong,2,0,False,False,2025-09-08
already,DRESS THOUGHT HAPPY,Armstrong,2,0,False,False,2025-09-08
alsace,TRAP,Armstrong,2,0,False,False,2025-09-08
alsager,FACE TRAP LETTER,Armstrong,2,0,False,False,2025-09-08
also,THOUGHT GOAT,Armstrong,2,0,False,False,2025-09-08
also-ran,GOAT THOUGHT TRAP,Armstrong,2,0,False,False,2025-09-08
altamira,BATH TRAP PRICE,Armstrong,2,0,False,False,2025-09-08
altazimuth,BATH TRAP KIT,Armstrong,2,0,False,False,2025-09-08
altdorfer,NORTH TRAP LETTER,Armstrong,2,0,False,False,2025-09-08
alter,THOUGHT LETTER,Armstrong,2,0,False,False,2025-09-08
alternate,THOUGHT LETTER,Armstrong,2,0,False,False,2025-09-08
alternates,LETTER THOUGHT,Armstrong,2,0,False,False,2025-09-08
alternative,LOT NURSE KIT,Armstrong,2,0,False,False,2025-09-08
althorp,NORTH THOUGHT,Armstrong,2,0,False,False,2025-09-08
although,THOUGHT GOAT,Armstrong,2,0,False,False,2025-09-08
altissimo,BATH KIT GOAT,Armstrong,2,0,False,False,2025-09-08
altitude,GOOSE BATH KIT,Armstrong,2,0,False,False,2025-09-08
altkirch,NEAR BATH,Armstrong,2,0,False,False,2025-09-08
alto,BATH GOAT,Armstrong,2,0,False,False,2025-09-08
altocumulus,BATH GOAT GOOSE,Armstrong,2,0,False,False,2025-09-08
altogether,DRESS THOUGHT LETTER,Armstrong,2,0,False,False,2025-09-08
altoona,BATH GOOSE,Armstrong,2,0,False,False,2025-09-08
altruism,BATH GOOSE KIT,Armstrong,2,0,False,False,2025-09-08
aluminum,GOOSE KIT,Armstrong,2,0,False,False,2025-09-08
alumni,PRICE COMMA STRUT,Armstrong,2,0,False,False,2025-09-08
alva,COMMA TRAP,Armstrong,2,0,False,False,2025-09-08
always,FACE THOUGHT,Armstrong,2,0,False,False,2025-09-08
am,TRAP COMMA,Armstrong,2,0,False,False,2025-09-08
amahl,PALM,Armstrong,2,0,False,False,2025-09-08
amanda,COMMA TRAP,Armstrong,2,0,False,False,2025-09-08
amaurosis,NORTH TRAP GOAT KIT,Armstrong,2,0,False,False,2025-09-08
amaze,FACE,Armstrong,2,0,False,False,2025-09-08
amazed,COMMA FACE,Armstrong,2,0,False,False,2025-09-08
amazing,COMMA FACE KIT,Armstrong,2,0,False,False,2025-09-08
amazingly,COMMA FACE KIT HAPPY,Armstrong,2,0,False,False,2025-09-08
amazon,TRAP COMMA LOT,Armstrong,2,0,False,False,2025-09-08
ambiguous,GOOSE TRAP KIT,Armstrong,2,0,False,False,2025-09-08
ambitious,TRAP KIT,Armstrong,2,0,False,False,2025-09-08
amelia,COMMA FLEECE,Armstrong,2,0,False,False,2025-09-08
amended,COMMA DRESS,Armstrong,2,0,False,False,2025-09-08
amendment,COMMA DRESS,Armstrong,2,0,False,False,2025-09-08
amenities,COMMA DRESS KIT,Armstrong,2,0,False,False,2025-09-08
america,DRESS COMMA KIT,Armstrong,2,0,False,False,2025-09-08
americana,COMMA DRESS KIT BATH,Armstrong,2,0,False,False,2025-09-08
amid,KIT COMMA,Armstrong,2,0,False,False,2025-09-08
amidst,COMMA KIT,Armstrong,2,0,False,False,2025-09-08
amiga,COMMA FLEECE,Armstrong,2,0,False,False,2025-09-08
amigo,FLEECE COMMA,Armstrong,2,0,False,False,2025-09-08
amin,PALM KIT,Armstrong,2,0,False,False,2025-09-08
amine,FACE FLEECE,Armstrong,2,0,False,False,2025-09-08
amino,COMMA FLEECE GOAT,Armstrong,2,0,False,False,2025-09-08
amirite,PRICE TRAP,Armstrong,2,0,False,False,2025-09-08
amish,PALM KIT,Armstrong,2,0,False,False,2025-09-08
ammonium,COMMA GOAT HAPPY,Armstrong,2,0,False,False,2025-09-08
ammunition,FOOT TRAP KIT,Armstrong,2,0,False,False,2025-09-08
amoeba,FLEECE COMMA,Armstrong,2,0,False,False,2025-09-08
among,STRUT COMMA,Armstrong,2,0,False,False,2025-09-08
amongst,COMMA STRUT,Armstrong,2,0,False,False,2025-09-08
amoral,FACE FORCE,Armstrong,2,0,False,False,2025-09-08
amos,FACE CLOTH,Armstrong,2,0,False,False,2025-09-08
amount,MOUTH COMMA,Armstrong,2,0,False,False,2025-09-08
amour,CURE,Armstrong,2,0,False,False,2025-09-08
ampere,SQUARE TRAP,Armstrong,2,0,False,False,2025-09-08
amplifier,PRICE TRAP KIT LETTER,Armstrong,2,0,False,False,2025-09-08
amused,COMMA GOOSE,Armstrong,2,0,False,False,2025-09-08
amusement,GOOSE COMMA,Armstrong,2,0,False,False,2025-09-08
amusing,COMMA GOOSE KIT,Armstrong,2,0,False,False,2025-09-08
amy,FACE HAPPY,Armstrong,2,0,False,False,2025-09-08
an,TRAP COMMA,Armstrong,2,0,False,False,2025-09-08
anaheim,PRICE TRAP,Armstrong,2,0,False,False,2025-09-08
analog,LOT TRAP,Armstrong,2,0,False,False,2025-09-08
analogue,LOT TRAP,Armstrong,2,0,False,False,2025-09-08
analysis,KIT TRAP COMMA,Armstrong,2,0,False,False,2025-09-08
anaphors,NORTH TRAP,Armstrong,2,0,False,False,2025-09-08
anatomy,COMMA TRAP HAPPY,Armstrong,2,0,False,False,2025-09-08
ancient,FACE,Armstrong,2,0,False,False,2025-09-08
and,TRAP COMMA,Armstrong,2,0,False,False,2025-09-08
anderson,LETTER TRAP,Armstrong,2,0,False,False,2025-09-08
andorra,COMMA NORTH TRAP,Armstrong,2,0,False,False,2025-09-08
andover,GOAT TRAP LETTER,Armstrong,2,0,False,False,2025-09-08
andrew,GOOSE TRAP,Armstrong,2,0,False,False,2025-09-08
android,TRAP CHOICE,Armstrong,2,0,False,False,2025-09-08
andy,HAPPY TRAP,Armstrong,2,0,False,False,2025-09-08
anemia,COMMA FLEECE,Armstrong,2,0,False,False,2025-09-08
angel,FACE,Armstrong,2,0,False,False,2025-09-08
angela,COMMA TRAP,Armstrong,2,0,False,False,2025-09-08
angelina,COMMA TRAP FLEECE,Armstrong,2,0,False,False,2025-09-08
anger,TRAP LETTER,Armstrong,2,0,False,False,2025-09-08
angie,HAPPY TRAP,Armstrong,2,0,False,False,2025-09-08
angiers,NEAR TRAP,Armstrong,2,0,False,False,2025-09-08
angiogram,GOAT TRAP FLEECE,Armstrong,2,0,False,False,2025-09-08
anglepoise,CHOICE TRAP,Armstrong,2,0,False,False,2025-09-08
anglesey,HAPPY TRAP,Armstrong,2,0,False,False,2025-09-08
anglia,TRAP HAPPY,Armstrong,2,0,False,False,2025-09-08
anglo-saxon,GOAT TRAP,Armstrong,2,0,False,False,2025-09-08
angola,TRAP GOAT COMMA,Armstrong,2,0,False,False,2025-09-08
angora,FORCE TRAP,Armstrong,2,0,False,False,2025-09-08
angry,TRAP HAPPY,Armstrong,2,0,False,False,2025-09-08
anguilla,TRAP COMMA KIT,Armstrong,2,0,False,False,2025-09-08
aniseed,FLEECE TRAP,Armstrong,2,0,False,False,2025-09-08
anita,FLEECE COMMA,Armstrong,2,0,False,False,2025-09-08
anna,COMMA TRAP,Armstrong,2,0,False,False,2025-09-08
annette,COMMA DRESS,Armstrong,2,0,False,False,2025-09-08
annex,COMMA DRESS,Armstrong,2,0,False,False,2025-09-08
annie,HAPPY TRAP,Armstrong,2,0,False,False,2025-09-08
anniversary,NURSE TRAP KIT HAPPY,Armstrong,2,0,False,False,2025-09-08
announced,MOUTH COMMA,Armstrong,2,0,False,False,2025-09-08
announcement,COMMA MOUTH,Armstrong,2,0,False,False,2025-09-08
annoy,CHOICE,Armstrong,2,0,False,False,2025-09-08
annoyed,CHOICE,Armstrong,2,0,False,False,2025-09-08
annoying,COMMA CHOICE COMMA,Armstrong,2,0,False,False,2025-09-08
annual,GOOSE TRAP,Armstrong,2,0,False,False,2025-09-08
annunziata,FOOT TRAP STRUT,Armstrong,2,0,False,False,2025-09-08
anon,COMMA LOT,Armstrong,2,0,False,False,2025-09-08
anonymous,COMMA LOT KIT,Armstrong,2,0,False,False,2025-09-08
anonymously,COMMA LOT KIT HAPPY,Armstrong,2,0,False,False,2025-09-08
another,STRUT LETTER COMMA,Armstrong,2,0,False,False,2025-09-08
antarctica,COMMA START KIT,Armstrong,2,0,False,False,2025-09-08
anteater,FLEECE TRAP LETTER,Armstrong,2,0,False,False,2025-09-08
anteriority,NEAR TRAP NORTH KIT HAPPY,Armstrong,2,0,False,False,2025-09-08
anther,LETTER TRAP,Armstrong,2,0,False,False,2025-09-08
anthropomorphic,NORTH TRAP KIT,Armstrong,2,0,False,False,2025-09-08
anti-aircraft,SQUARE TRAP FLEECE BATH,Armstrong,2,0,False,False,2025-09-08
antibes,FLEECE LOT,Armstrong,2,0,False,False,2025-09-08
antibodies,LOT TRAP FLEECE,Armstrong,2,0,False,False,2025-09-08
antifa,COMMA (FLEECE),Armstrong,2,0,False,False,2025-09-08
antigua,FLEECE COMMA,Armstrong,2,0,False,False,2025-09-08
antilles,TRAP KIT FLEECE,Armstrong,2,0,False,False,2025-09-08
antinovel,LOT TRAP KIT,Armstrong,2,0,False,False,2025-09-08
antique,FLEECE TRAP,Armstrong,2,0,False,False,2025-09-08
antiscorbutic,NORTH TRAP FLEECE GOOSE KIT,Armstrong,2,0,False,False,2025-09-08
antistrophe,HAPPY TRAP KIT,Armstrong,2,0,False,False,2025-09-08
anxiety,TRAP PRICE HAPPY,Armstrong,2,0,False,False,2025-09-08
any,DRESS HAPPY,Armstrong,2,0,False,False,2025-09-08
anybody,LOT HAPPY DRESS,Armstrong,2,0,False,False,2025-09-08
anyhow,MOUTH DRESS HAPPY,Armstrong,2,0,False,False,2025-09-08
anymore,FORCE DRESS HAPPY,Armstrong,2,0,False,False,2025-09-08
anyone,STRUT HAPPY DRESS,Armstrong,2,0,False,False,2025-09-08
anytime,PRICE DRESS HAPPY,Armstrong,2,0,False,False,2025-09-08
anyway,HAPPY DRESS FACE,Armstrong,2,0,False,False,2025-09-08
anywhere,SQUARE HAPPY DRESS,Armstrong,2,0,False,False,2025-09-08
aoife,COMMA FLEECE,Armstrong,2,0,False,False,2025-09-08
apache,TRAP HAPPY,Armstrong,2,0,False,False,2025-09-08
apart,START COMMA,Armstrong,2,0,False,False,2025-09-08
apartment,COMMA START,Armstrong,2,0,False,False,2025-09-08
apatow,MOUTH TRAP,Armstrong,2,0,False,False,2025-09-08
ape,FACE,Armstrong,2,0,False,False,2025-09-08
apeldoorn,FORCE TRAP,Armstrong,2,0,False,False,2025-09-08
aperiodic,NEAR FACE FLEECE LOT KIT,Armstrong,2,0,False,False,2025-09-08
aperiodicity,NEAR FACE FLEECE KIT HAPPY,Armstrong,2,0,False,False,2025-09-08
apex,FACE DRESS,Armstrong,2,0,False,False,2025-09-08
aphid,FACE,Armstrong,2,0,False,False,2025-09-08
aphonia,FACE GOAT HAPPY,Armstrong,2,0,False,False,2025-09-08
apia,PALM FLEECE,Armstrong,2,0,False,False,2025-09-08
apiece,COMMA FLEECE,Armstrong,2,0,False,False,2025-09-08
apocrypha,COMMA LOT,Armstrong,2,0,False,False,2025-09-08
apogee,HAPPY TRAP,Armstrong,2,0,False,False,2025-09-08
apologia,GOAT TRAP HAPPY,Armstrong,2,0,False,False,2025-09-08
apology,COMMA LOT HAPPY,Armstrong,2,0,False,False,2025-09-08
apostrophe,HAPPY LOT HAPPY,Armstrong,2,0,False,False,2025-09-08
appalled,THOUGHT COMMA,Armstrong,2,0,False,False,2025-09-08
appaloosa,COMMA TRAP GOOSE,Armstrong,2,0,False,False,2025-09-08
apparently,TRAP COMMA HAPPY,Armstrong,2,0,False,False,2025-09-08
appeal,COMMA FLEECE,Armstrong,2,0,False,False,2025-09-08
appear,NEAR COMMA,Armstrong,2,0,False,False,2025-09-08
appearance,COMMA NEAR,Armstrong,2,0,False,False,2025-09-08
appeared,COMMA NEAR,Armstrong,2,0,False,False,2025-09-08
appearing,COMMA NEAR,Armstrong,2,0,False,False,2025-09-08
appears,COMMA NEAR,Armstrong,2,0,False,False,2025-09-08
appetite,TRAP COMMA PRICE,Armstrong,2,0,False,False,2025-09-08
applause,COMMA THOUGHT,Armstrong,2,0,False,False,2025-09-08
apple,TRAP,Armstrong,2,0,False,False,2025-09-08
appliance,COMMA PRICE,Armstrong,2,0,False,False,2025-09-08
application,TRAP FACE COMMA,Armstrong,2,0,False,False,2025-09-08
apply,PRICE COMMA,Armstrong,2,0,False,False,2025-09-08
appoint,COMMA CHOICE,Armstrong,2,0,False,False,2025-09-08
appointed,COMMA CHOICE,Armstrong,2,0,False,False,2025-09-08
appraisal,COMMA FACE,Armstrong,2,0,False,False,2025-09-08
apprentice,COMMA DRESS,Armstrong,2,0,False,False,2025-09-08
approach,GOAT COMMA,Armstrong,2,0,False,False,2025-09-08
appropriate,GOAT COMMA,Armstrong,2,0,False,False,2025-09-08
approval,COMMA GOOSE,Armstrong,2,0,False,False,2025-09-08
approximate,COMMA LOT,Armstrong,2,0,False,False,2025-09-08
apps,TRAP,Armstrong,2,0,False,False,2025-09-08
apraxia,FACE TRAP FLEECE,Armstrong,2,0,False,False,2025-09-08
april,FACE KIT/COMMA,Armstrong,2,0,False,False,2025-09-08
apron,FACE,Armstrong,2,0,False,False,2025-09-08
aqaba,COMMA (BATH),Armstrong,2,0,False,False,2025-09-08
aqua,TRAP COMMA,Armstrong,2,0,False,False,2025-09-08
aqualung,TRAP COMMA STRUT,Armstrong,2,0,False,False,2025-09-08
aquanaut,TRAP THOUGHT,Armstrong,2,0,False,False,2025-09-08
arab,TRAP COMMA,Armstrong,2,0,False,False,2025-09-08
arabian,FACE FLEECE,Armstrong,2,0,False,False,2025-09-08
araucania,TRAP THOUGHT FACE FLEECE,Armstrong,2,0,False,False,2025-09-08
arbitrage,START KIT PALM,Armstrong,2,0,False,False,2025-09-08
arbitrageur,START KIT PALM LETTER,Armstrong,2,0,False,False,2025-09-08
arbitrament,START KIT,Armstrong,2,0,False,False,2025-09-08
arbitrary,START KIT (SQUARE) HAPPY,Armstrong,2,0,False,False,2025-09-08
arboreal,START NORTH FLEECE,Armstrong,2,0,False,False,2025-09-08
arboretum,START FLEECE,Armstrong,2,0,False,False,2025-09-08
arbuthnot,STRUT START,Armstrong,2,0,False,False,2025-09-08
arbutus,START GOOSE,Armstrong,2,0,False,False,2025-09-08
arch,START,Armstrong,2,0,False,False,2025-09-08
archangel,START FACE,Armstrong,2,0,False,False,2025-09-08
archbishop,START KIT,Armstrong,2,0,False,False,2025-09-08
archbishopric,START KIT,Armstrong,2,0,False,False,2025-09-08
archduchess,START STRUT DRESS,Armstrong,2,0,False,False,2025-09-08
archenemy,START DRESS HAPPY,Armstrong,2,0,False,False,2025-09-08
archer,START LETTER,Armstrong,2,0,False,False,2025-09-08
archery,START NURSE HAPPY,Armstrong,2,0,False,False,2025-09-08
archibald,START KIT THOUGHT,Armstrong,2,0,False,False,2025-09-08
archie,START HAPPY,Armstrong,2,0,False,False,2025-09-08
architecture,START KIT DRESS LETTER,Armstrong,2,0,False,False,2025-09-08
architrave,START KIT FACE,Armstrong,2,0,False,False,2025-09-08
archival,START PRICE,Armstrong,2,0,False,False,2025-09-08
archive,START PRICE,Armstrong,2,0,False,False,2025-09-08
archway,START FACE,Armstrong,2,0,False,False,2025-09-08
arden,START,Armstrong,2,0,False,False,2025-09-08
area,SQUARE COMMA,Armstrong,2,0,False,False,2025-09-08
areas,SQUARE COMMA,Armstrong,2,0,False,False,2025-09-08
arena,FLEECE COMMA,Armstrong,2,0,False,False,2025-09-08
aretha,FLEECE COMMA,Armstrong,2,0,False,False,2025-09-08
argentina,START FLEECE COMMA,Armstrong,2,0,False,False,2025-09-08
argentine,START PRICE,Armstrong,2,0,False,False,2025-09-08
argento,START GOAT,Armstrong,2,0,False,False,2025-09-08
argillaceous,START KIT FACE,Armstrong,2,0,False,False,2025-09-08
arginine,START PRICE/FLEECE,Armstrong,2,0,False,False,2025-09-08
argos,START (LOT) (GOAT),Armstrong,2,0,False,False,2025-09-08
arguable,START GOOSE,Armstrong,2,0,False,False,2025-09-08
argue,GOOSE START,Armstrong,2,0,False,False,2025-09-08
argued,GOOSE START,Armstrong,2,0,False,False,2025-09-08
argues,GOOSE START,Armstrong,2,0,False,False,2025-09-08
argument,FOOT START,Armstrong,2,0,False,False,2025-09-08
argus,START,Armstrong,2,0,False,False,2025-09-08
ariel,SQUARE FLEECE,Armstrong,2,0,False,False,2025-09-08
arithmetic,KIT,Armstrong,2,0,False,False,2025-09-08
arkell,START,Armstrong,2,0,False,False,2025-09-08
arlene,START (FLEECE),Armstrong,2,0,False,False,2025-09-08
arlette,START DRESS,Armstrong,2,0,False,False,2025-09-08
arm,START,Armstrong,2,0,False,False,2025-09-08
armada,PALM START,Armstrong,2,0,False,False,2025-09-08
armagh,PALM START,Armstrong,2,0,False,False,2025-09-08
armando,START BATH,Armstrong,2,0,False,False,2025-09-08
armchair,START SQUARE,Armstrong,2,0,False,False,2025-09-08
armchairs,START SQUARE,Armstrong,2,0,False,False,2025-09-08
armenia,START FLEECE,Armstrong,2,0,False,False,2025-09-08
armor,START LETTER,Armstrong,2,0,False,False,2025-09-08
armrest,START DRESS,Armstrong,2,0,False,False,2025-09-08
army,START HAPPY,Armstrong,2,0,False,False,2025-09-08
arnold,START,Armstrong,2,0,False,False,2025-09-08
around,MOUTH,Armstrong,2,0,False,False,2025-09-08
arpeggios,START DRESS FLEECE GOAT,Armstrong,2,0,False,False,2025-09-08
arrearage,NEAR,Armstrong,2,0,False,False,2025-09-08
arrival,PRICE,Armstrong,2,0,False,False,2025-09-08
arrowroot,TRAP GOAT GOOSE,Armstrong,2,0,False,False,2025-09-08
arrowsmith,TRAP GOAT KIT,Armstrong,2,0,False,False,2025-09-08
arrowwood,TRAP GOAT FOOT,Armstrong,2,0,False,False,2025-09-08
arse,START,Armstrong,2,0,False,False,2025-09-08
arsenal,START,Armstrong,2,0,False,False,2025-09-08
arsenic,START KIT,Armstrong,2,0,False,False,2025-09-08
arson,START,Armstrong,2,0,False,False,2025-09-08
arthralgia,START THOUGHT FLEECE,Armstrong,2,0,False,False,2025-09-08
arthritic,START KIT,Armstrong,2,0,False,False,2025-09-08
arthropod,START LOT,Armstrong,2,0,False,False,2025-09-08
arthropoda,START LOT,Armstrong,2,0,False,False,2025-09-08
arthropodus,START LOT,Armstrong,2,0,False,False,2025-09-08
arthrous,START,Armstrong,2,0,False,False,2025-09-08
arthur,START LETTER,Armstrong,2,0,False,False,2025-09-08
arthurian,START NURSE FLEECE,Armstrong,2,0,False,False,2025-09-08
article,KIT START,Armstrong,2,0,False,False,2025-09-08
articulated,START KIT GOOSE FACE,Armstrong,2,0,False,False,2025-09-08
artist,KIT START,Armstrong,2,0,False,False,2025-09-08
artistic,START KIT,Armstrong,2,0,False,False,2025-09-08
arts,START,Armstrong,2,0,False,False,2025-09-08
aruba,COMMA GOOSE,Armstrong,2,0,False,False,2025-09-08
as,TRAP COMMA,Armstrong,2,0,False,False,2025-09-08
ascot,TRAP LOT,Armstrong,2,0,False,False,2025-09-08
asda,TRAP COMMA,Armstrong,2,0,False,False,2025-09-08
ashamedly,COMMA FACE,Armstrong,2,0,False,False,2025-09-08
ashanti,COMMA PALM/TRAP HAPPY,Armstrong,2,0,False,False,2025-09-08
ashbourne,TRAP FORCE CURE,Armstrong,2,0,False,False,2025-09-08
ashburton,TRAP NURSE,Armstrong,2,0,False,False,2025-09-08
ashes,TRAP,Armstrong,2,0,False,False,2025-09-08
ashkenazi,TRAP PALM,Armstrong,2,0,False,False,2025-09-08
ashley,TRAP HAPPY,Armstrong,2,0,False,False,2025-09-08
ashmolean,TRAP GOAT FLEECE,Armstrong,2,0,False,False,2025-09-08
ashore,COMMA FORCE,Armstrong,2,0,False,False,2025-09-08
ashton,TRAP,Armstrong,2,0,False,False,2025-09-08
ashtoreth,TRAP DRESS,Armstrong,2,0,False,False,2025-09-08
asia,FACE COMMA,Armstrong,2,0,False,False,2025-09-08
aside,PRICE COMMA,Armstrong,2,0,False,False,2025-09-08
ask,BATH,Armstrong,2,0,False,False,2025-09-08
askance,BATH,Armstrong,2,0,False,False,2025-09-08
aspartame,TRAP LETTER FACE,Armstrong,2,0,False,False,2025-09-08
aspirations,TRAP KIT COMMA FACE,Armstrong,2,0,False,False,2025-09-08
ass,TRAP,Armstrong,2,0,False,False,2025-09-08
assassin,COMMA TRAP KIT,Armstrong,2,0,False,False,2025-09-08
assault,THOUGHT COMMA,Armstrong,2,0,False,False,2025-09-08
assembly,COMMA DRESS HAPPY,Armstrong,2,0,False,False,2025-09-08
assess,COMMA DRESS,Armstrong,2,0,False,False,2025-09-08
assessment,COMMA DRESS,Armstrong,2,0,False,False,2025-09-08
asset,DRESS TRAP,Armstrong,2,0,False,False,2025-09-08
assign,PRICE,Armstrong,2,0,False,False,2025-09-08
assignee,PRICE HAPPY,Armstrong,2,0,False,False,2025-09-08
assignment,PRICE,Armstrong,2,0,False,False,2025-09-08
assist,COMMA KIT,Armstrong,2,0,False,False,2025-09-08
assistance,COMMA KIT,Armstrong,2,0,False,False,2025-09-08
assistant,COMMA KIT,Armstrong,2,0,False,False,2025-09-08
assisted,COMMA KIT,Armstrong,2,0,False,False,2025-09-08
associate,COMMA (GOAT) FLEECE (FACE),Armstrong,2,0,False,False,2025-09-08
associated,COMMA (GOAT) FLEECE FACE,Armstrong,2,0,False,False,2025-09-08
association,FACE GOAT COMMA FLEECE,Armstrong,2,0,False,False,2025-09-08
assort,NORTH,Armstrong,2,0,False,False,2025-09-08
assume,GOOSE COMMA,Armstrong,2,0,False,False,2025-09-08
assurance,COMMA CURE,Armstrong,2,0,False,False,2025-09-08
assure,COMMA CURE,Armstrong,2,0,False,False,2025-09-08
assured,CURE COMMA,Armstrong,2,0,False,False,2025-09-08
assuredly,COMMA CURE,Armstrong,2,0,False,False,2025-09-08
assuredness,COMMA CURE,Armstrong,2,0,False,False,2025-09-08
aston,TRAP,Armstrong,2,0,False,False,2025-09-08
astonishing,COMMA LOT KIT,Armstrong,2,0,False,False,2025-09-08
astoria,FORCE COMMA FLEECE,Armstrong,2,0,False,False,2025-09-08
astra,TRAP COMMA,Armstrong,2,0,False,False,2025-09-08
astrolabe,TRAP FACE,Armstrong,2,0,False,False,2025-09-08
astronaut,TRAP THOUGHT,Armstrong,2,0,False,False,2025-09-08
asylum,COMMA PRICE,Armstrong,2,0,False,False,2025-09-08
asynchronous,FACE KIT STRUT,Armstrong,2,0,False,False,2025-09-08
at,TRAP COMMA,Armstrong,2,0,False,False,2025-09-08
at-home,COMMA GOAT,Armstrong,2,0,False,False,2025-09-08
atari,START HAPPY,Armstrong,2,0,False,False,2025-09-08
ate,PALM,Armstrong,2,0,False,False,2025-09-08
atheist,FACE FLEECE KIT,Armstrong,2,0,False,False,2025-09-08
athena,COMMA FLEECE,Armstrong,2,0,False,False,2025-09-08
athenaeum,TRAP FLEECE,Armstrong,2,0,False,False,2025-09-08
athenian,COMMA FLEECE,Armstrong,2,0,False,False,2025-09-08
athens,TRAP,Armstrong,2,0,False,False,2025-09-08
athey,HAPPY (FACE) TRAP,Armstrong,2,0,False,False,2025-09-08
athirst,COMMA NURSE,Armstrong,2,0,False,False,2025-09-08
athlete,TRAP FLEECE,Armstrong,2,0,False,False,2025-09-08
athletics,DRESS TRAP KIT,Armstrong,2,0,False,False,2025-09-08
athlone,TRAP GOAT,Armstrong,2,0,False,False,2025-09-08
athwart,COMMA NORTH,Armstrong,2,0,False,False,2025-09-08
atlanta,COMMA BATH,Armstrong,2,0,False,False,2025-09-08
atlantic,COMMA BATH,Armstrong,2,0,False,False,2025-09-08
atmosphere,TRAP NEAR,Armstrong,2,0,False,False,2025-09-08
atmospheres,TRAP NEAR,Armstrong,2,0,False,False,2025-09-08
attach,TRAP,Armstrong,2,0,False,False,2025-09-08
attached,COMMA TRAP,Armstrong,2,0,False,False,2025-09-08
attack,TRAP COMMA,Armstrong,2,0,False,False,2025-09-08
attempt,DRESS COMMA,Armstrong,2,0,False,False,2025-09-08
attend,COMMA DRESS,Armstrong,2,0,False,False,2025-09-08
attendance,COMMA DRESS,Armstrong,2,0,False,False,2025-09-08
attendee,COMMA DRESS HAPPY,Armstrong,2,0,False,False,2025-09-08
attention,COMMA DRESS,Armstrong,2,0,False,False,2025-09-08
attire,COMMA PRICE LETTER,Armstrong,2,0,False,False,2025-09-08
attitude,TRAP KIT GOOSE,Armstrong,2,0,False,False,2025-09-08
attorney,COMMA NURSE HAPPY,Armstrong,2,0,False,False,2025-09-08
attract,COMMA TRAP,Armstrong,2,0,False,False,2025-09-08
attraction,COMMA TRAP,Armstrong,2,0,False,False,2025-09-08
attribute,KIT TRAP GOOSE COMMA,Armstrong,2,0,False,False,2025-09-08
atwater,THOUGHT LETTER,Armstrong,2,0,False,False,2025-09-08
atwood,FOOT,Armstrong,2,0,False,False,2025-09-08
aubade,PALM,Armstrong,2,0,False,False,2025-09-08
aubrey,THOUGHT HAPPY,Armstrong,2,0,False,False,2025-09-08
aubrietia,THOUGHT FLEECE,Armstrong,2,0,False,False,2025-09-08
auburn,THOUGHT NURSE,Armstrong,2,0,False,False,2025-09-08
auckland,THOUGHT,Armstrong,2,0,False,False,2025-09-08
auction,THOUGHT,Armstrong,2,0,False,False,2025-09-08
audacious,THOUGHT FACE,Armstrong,2,0,False,False,2025-09-08
audaciously,THOUGHT FACE HAPPY,Armstrong,2,0,False,False,2025-09-08
audacity,THOUGHT TRAP KIT HAPPY,Armstrong,2,0,False,False,2025-09-08
auden,THOUGHT,Armstrong,2,0,False,False,2025-09-08
audi,MOUTH HAPPY,Armstrong,2,0,False,False,2025-09-08
audible,THOUGHT,Armstrong,2,0,False,False,2025-09-08
audience,THOUGHT FLEECE,Armstrong,2,0,False,False,2025-09-08
audio,THOUGHT FLEECE GOAT,Armstrong,2,0,False,False,2025-09-08
audiobook,THOUGHT FLEECE GOAT FOOT,Armstrong,2,0,False,False,2025-09-08
audiology,THOUGHT FLEECE LOT HAPPY,Armstrong,2,0,False,False,2025-09-08
audit,THOUGHT KIT,Armstrong,2,0,False,False,2025-09-08
audition,THOUGHT KIT,Armstrong,2,0,False,False,2025-09-08
auditorium,THOUGHT KIT FORCE FLEECE,Armstrong,2,0,False,False,2025-09-08
audrey,THOUGH HAPPY,Armstrong,2,0,False,False,2025-09-08
audubon,THOUGHT,Armstrong,2,0,False,False,2025-09-08
auger,THOUGHT LETTER,Armstrong,2,0,False,False,2025-09-08
aught,THOUGHT,Armstrong,2,0,False,False,2025-09-08
augment,THOUGHT,Armstrong,2,0,False,False,2025-09-08
augmented,THOUGHT,Armstrong,2,0,False,False,2025-09-08
auguries,THOUGHT FLEECE,Armstrong,2,0,False,False,2025-09-08
augury,THOUGHT HAPPY,Armstrong,2,0,False,False,2025-09-08
august,STRUT THOUGHT COMMA,Armstrong,2,0,False,False,2025-09-08
augusta,THOUGHT STRUT,Armstrong,2,0,False,False,2025-09-08
augustina,THOUGHT STRUT FLEECE,Armstrong,2,0,False,False,2025-09-08
augustine,THOUGHT FLEECE,Armstrong,2,0,False,False,2025-09-08
augustinian,THOUGHT KIT HAPPY,Armstrong,2,0,False,False,2025-09-08
augustus,THOUGHT STRUT,Armstrong,2,0,False,False,2025-09-08
aumerle,THOUGHT NURSE,Armstrong,2,0,False,False,2025-09-08
auntie,BATH HAPPY,Armstrong,2,0,False,False,2025-09-08
aura,NORTH COMMA,Armstrong,2,0,False,False,2025-09-08
aural,NORTH,Armstrong,2,0,False,False,2025-09-08
aurelia,NORTH FLEECE,Armstrong,2,0,False,False,2025-09-08
aurelian,NORTH FLEECE,Armstrong,2,0,False,False,2025-09-08
aurelius,NORTH FLEECE STRUT,Armstrong,2,0,False,False,2025-09-08
aureola,NORTH FLEECE GOAT,Armstrong,2,0,False,False,2025-09-08
auricular,NORTH KIT GOOSE LETTER,Armstrong,2,0,False,False,2025-09-08
auriferous,NORTH KIT NURSE,Armstrong,2,0,False,False,2025-09-08
auriga,PRICE NORTH,Armstrong,2,0,False,False,2025-09-08
aurora,NORTH FORCE,Armstrong,2,0,False,False,2025-09-08
auschwitz,MOUTH KIT,Armstrong,2,0,False,False,2025-09-08
auspices,THOUGHT KIT,Armstrong,2,0,False,False,2025-09-08
auspicious,THOUGHT KIT,Armstrong,2,0,False,False,2025-09-08
aussie,CLOTH HAPPY,Armstrong,2,0,False,False,2025-09-08
austen,CLOTH,Armstrong,2,0,False,False,2025-09-08
austere,THOUGHT NEAR,Armstrong,2,0,False,False,2025-09-08
austerity,THOUGHT KIT HAPPY,Armstrong,2,0,False,False,2025-09-08
austin,CLOTH KIT,Armstrong,2,0,False,False,2025-09-08
australasia,COMMA CLOTH FACE FLEECE,Armstrong,2,0,False,False,2025-09-08
australia,FACE CLOTH FLEECE,Armstrong,2,0,False,False,2025-09-08
austria,CLOTH FLEECE,Armstrong,2,0,False,False,2025-09-08
austro-hungarian,CLOTH GOAT STRUT SQUARE HAPPY,Armstrong,2,0,False,False,2025-09-08
authentic,THOUGHT DRESS KIT,Armstrong,2,0,False,False,2025-09-08
authentication,THOUGHT DRESS KIT FACE,Armstrong,2,0,False,False,2025-09-08
author,THOUGHT LETTER,Armstrong,2,0,False,False,2025-09-08
authorial,FORCE FLEECE,Armstrong,2,0,False,False,2025-09-08
authoritarian,(THOUGHT) FORCE SQUARE FLEECE,Armstrong,2,0,False,False,2025-09-08
authoritative,(THOUGHT) FORCE FACE,Armstrong,2,0,False,False,2025-09-08
authority,THOUGHT (CLOTH) FORCE HAPPY,Armstrong,2,0,False,False,2025-09-08
autism,THOUGHT KIT,Armstrong,2,0,False,False,2025-09-08
autistic,THOUGHT KIT,Armstrong,2,0,False,False,2025-09-08
auto,THOUGHT GOAT,Armstrong,2,0,False,False,2025-09-08
autobahn,THOUGHT GOAT PALM,Armstrong,2,0,False,False,2025-09-08
autochanger,THOUGHT GOAT FACE LETTER,Armstrong,2,0,False,False,2025-09-08
autoclave,THOUGHT GOAT FACE,Armstrong,2,0,False,False,2025-09-08
autograph,THOUGHT GOAT BATH,Armstrong,2,0,False,False,2025-09-08
autogyros,THOUGHT GOAT PRICE,Armstrong,2,0,False,False,2025-09-08
autoharp,THOUGHT GOAT START,Armstrong,2,0,False,False,2025-09-08
autologous,THOUGHT GOAT,Armstrong,2,0,False,False,2025-09-08
automatic,THOUGHT GOAT TRAP,Armstrong,2,0,False,False,2025-09-08
autopilot,THOUGHT GOAT PRICE,Armstrong,2,0,False,False,2025-09-08
autoroute,THOUGHT GOAT GOOSE/MOUTH,Armstrong,2,0,False,False,2025-09-08
autos,THOUGHT GOAT,Armstrong,2,0,False,False,2025-09-08
autumn,THOUGHT (STRUT),Armstrong,2,0,False,False,2025-09-08
auvergne,GOAT NURSE,Armstrong,2,0,False,False,2025-09-08
auxiliary,THOUGHT KIT HAPPY,Armstrong,2,0,False,False,2025-09-08
ava,FACE,Armstrong,2,0,False,False,2025-09-08
avail,COMMA FACE,Armstrong,2,0,False,False,2025-09-08
availability,COMMA FACE KIT HAPPY,Armstrong,2,0,False,False,2025-09-08
available,FACE COMMA,Armstrong,2,0,False,False,2025-09-08
availing,FACE COMMA,Armstrong,2,0,False,False,2025-09-08
avalon,TRAP LOT,Armstrong,2,0,False,False,2025-09-08
avast,COMMA BATH,Armstrong,2,0,False,False,2025-09-08
avatar,TRAP START,Armstrong,2,0,False,False,2025-09-08
avaunt,THOUGHT,Armstrong,2,0,False,False,2025-09-08
avenge,COMMA DRESS,Armstrong,2,0,False,False,2025-09-08
avenger,COMMA DRESS LETTER,Armstrong,2,0,False,False,2025-09-08
aventurine,COMMA DRESS NURSE FLEECE,Armstrong,2,0,False,False,2025-09-08
avenue,TRAP GOOSE,Armstrong,2,0,False,False,2025-09-08
avenues,TRAP GOOSE,Armstrong,2,0,False,False,2025-09-08
aver,COMMA LETTER,Armstrong,2,0,False,False,2025-09-08
average,TRAP NURSE,Armstrong,2,0,False,False,2025-09-08
averse,COMMA NURSE,Armstrong,2,0,False,False,2025-09-08
aversion,COMMA NURSE,Armstrong,2,0,False,False,2025-09-08
avert,COMMA NURSE,Armstrong,2,0,False,False,2025-09-08
avesta,COMMA DRESS,Armstrong,2,0,False,False,2025-09-08
avestan,COMMA DRESS,Armstrong,2,0,False,False,2025-09-08
aviation,FACE FLEECE,Armstrong,2,0,False,False,2025-09-08
avis,FACE KIT,Armstrong,2,0,False,False,2025-09-08
aviva,COMMA FLEECE,Armstrong,2,0,False,False,2025-09-08
avoca,COMMA GOAT,Armstrong,2,0,False,False,2025-09-08
avocado,PALM GOAT,Armstrong,2,0,False,False,2025-09-08
avoid,CHOICE COMMA,Armstrong,2,0,False,False,2025-09-08
avoidable,COMMA CHOICE,Armstrong,2,0,False,False,2025-09-08
avoidance,CHOICE COMMA,Armstrong,2,0,False,False,2025-09-08
avowed,COMMA MOUTH,Armstrong,2,0,False,False,2025-09-08
avulsion,COMMA STRUT,Armstrong,2,0,False,False,2025-09-08
avuncular,COMMA STRUT,Armstrong,2,0,False,False,2025-09-08
awacs,FACE,Armstrong,2,0,False,False,2025-09-08
await,FACE,Armstrong,2,0,False,False,2025-09-08
awaited,COMMA FACE,Armstrong,2,0,False,False,2025-09-08
awards,COMMA NORTH,Armstrong,2,0,False,False,2025-09-08
aware,SQUARE COMMA,Armstrong,2,0,False,False,2025-09-08
away,COMMA FACE,Armstrong,2,0,False,False,2025-09-08
awe-inspiring,THOUGHT KIT PRICE,Armstrong,2,0,False,False,2025-09-08
awesome,THOUGHT,Armstrong,2,0,False,False,2025-09-08
awestruck,STRUT THOUGHT,Armstrong,2,0,False,False,2025-09-08
awful,THOUGHT,Armstrong,2,0,False,False,2025-09-08
awkward,THOUGHT LETTER,Armstrong,2,0,False,False,2025-09-08
awning,THOUGHT,Armstrong,2,0,False,False,2025-09-08
awol,FACE THOUGHT,Armstrong,2,0,False,False,2025-09-08
aylesbury,FACE HAPPY,Armstrong,2,0,False,False,2025-09-08
ayrshire,SQUARE NEAR/LETTER,Armstrong,2,0,False,False,2025-09-08
ayrton,SQUARE,Armstrong,2,0,False,False,2025-09-08
azala,COMMA FACE,Armstrong,2,0,False,False,2025-09-08
azalea,COMMA FACE,Armstrong,2,0,False,False,2025-09-08
azaleas,COMMA FACE,Armstrong,2,0,False,False,2025-09-08
azania,COMMA FACE,Armstrong,2,0,False,False,2025-09-08
azathioprine,COMMA PRICE FLEECE,Armstrong,2,0,False,False,2025-09-08
azaziel,COMMA FACE,Armstrong,2,0,False,False,2025-09-08
azerbaijan,TRAP PALM PRICE LETTER,Armstrong,2,0,False,False,2025-09-08
azeri,COMMA SQUARE HAPPY,Armstrong,2,0,False,False,2025-09-08
azeris,COMMA SQUARE HAPPY,Armstrong,2,0,False,False,2025-09-08
azithromycin,COMMA KIT GOAT PRICE,Armstrong,2,0,False,False,2025-09-08
aziz,COMMA FLEECE,Armstrong,2,0,False,False,2025-09-08
azote,COMMA/FACE GOAT,Armstrong,2,0,False,False,2025-09-08
azotic,COMMA/FACE GOAT KIT,Armstrong,2,0,False,False,2025-09-08
azov,TRAP LOT,Armstrong,2,0,False,False,2025-09-08
aztec,TRAP,Armstrong,2,0,False,False,2025-09-08
azure,TRAP LETTER/CURE,Armstrong,2,0,False,False,2025-09-08
baa,PALM,Armstrong,2,0,False,False,2025-09-08
babe,FACE,Armstrong,2,0,False,False,2025-09-08
babushka,GOOSE,Armstrong,2,0,False,False,2025-09-08
baby,FACE HAPPY,Armstrong,2,0,False,False,2025-09-08
baby-talk,FACE HAPPY THOUGHT,Armstrong,2,0,False,False,2025-09-08
babysitting,FACE HAPPY KIT,Armstrong,2,0,False,False,2025-09-08
back,TRAP,Armstrong,2,0,False,False,2025-09-08
back-formation,TRAP NORTH FACE,Armstrong,2,0,False,False,2025-09-08
backdoor,TRAP FORCE,Armstrong,2,0,False,False,2025-09-08
background,TRAP MOUTH,Armstrong,2,0,False,False,2025-09-08
backhouse,TRAP MOUTH,Armstrong,2,0,False,False,2025-09-08
backlash,TRAP,Armstrong,2,0,False,False,2025-09-08
backstreet,TRAP FLEECE,Armstrong,2,0,False,False,2025-09-08
backup,TRAP STRUT,Armstrong,2,0,False,False,2025-09-08
bacon,FACE,Armstrong,2,0,False,False,2025-09-08
bad,TRAP,Armstrong,2,0,False,False,2025-09-08
badass,TRAP,Armstrong,2,0,False,False,2025-09-08
badawi,PALM HAPPY,Armstrong,2,0,False,False,2025-09-08
baden-powell,FACE MOUTH,Armstrong,2,0,False,False,2025-09-08
badge,TRAP,Armstrong,2,0,False,False,2025-09-08
badinage,TRAP PALM,Armstrong,2,0,False,False,2025-09-08
badmouth,TRAP MOUTH,Armstrong,2,0,False,False,2025-09-08
bag,TRAP,Armstrong,2,0,False,False,2025-09-08
baggie,TRAP HAPPY,Armstrong,2,0,False,False,2025-09-08
bah,PALM,Armstrong,2,0,False,False,2025-09-08
bahamas,PALM,Armstrong,2,0,False,False,2025-09-08
bahasa,PALM,Armstrong,2,0,False,False,2025-09-08
bahia,PALM/TRAP FLEECE,Armstrong,2,0,False,False,2025-09-08
baht,PALM,Armstrong,2,0,False,False,2025-09-08
bail,FACE,Armstrong,2,0,False,False,2025-09-08
bailey,FACE HAPPY,Armstrong,2,0,False,False,2025-09-08
baird,SQUARE,Armstrong,2,0,False,False,2025-09-08
bairns,SQUARE,Armstrong,2,0,False,False,2025-09-08
bait,FACE,Armstrong,2,0,False,False,2025-09-08
baja,PALM FACE,Armstrong,2,0,False,False,2025-09-08
bajan,FACE PALM,Armstrong,2,0,False,False,2025-09-08
baker,FACE LETTER,Armstrong,2,0,False,False,2025-09-08
bakery,FACE LETTER HAPPY,Armstrong,2,0,False,False,2025-09-08
baking,FACE KIT,Armstrong,2,0,False,False,2025-09-08
balaclava,TRAP PALM,Armstrong,2,0,False,False,2025-09-08
balance-sheet,TRAP FLEECE,Armstrong,2,0,False,False,2025-09-08
baldwin,THOUGHT KIT,Armstrong,2,0,False,False,2025-09-08
bale,FACE,Armstrong,2,0,False,False,2025-09-08
balenciaga,PALM FLEECE DRESS,Armstrong,2,0,False,False,2025-09-08
balfor,TRAP LETTER,Armstrong,2,0,False,False,2025-09-08
bali,PALM HAPPY,Armstrong,2,0,False,False,2025-09-08
balk,THOUGHT,Armstrong,2,0,False,False,2025-09-08
ball,THOUGHT,Armstrong,2,0,False,False,2025-09-08
ballerina,TRAP FLEECE,Armstrong,2,0,False,False,2025-09-08
balloon,GOOSE COMMA,Armstrong,2,0,False,False,2025-09-08
ballpoint,THOUGHT CHOICE,Armstrong,2,0,False,False,2025-09-08
ballroom,THOUGHT GOOSE,Armstrong,2,0,False,False,2025-09-08
balmoral,TRAP NORTH/CLOTH,Armstrong,2,0,False,False,2025-09-08
bamforth,TRAP FORCE,Armstrong,2,0,False,False,2025-09-08
banana,BATH,Armstrong,2,0,False,False,2025-09-08
bandolier,GOAT NEAR,Armstrong,2,0,False,False,2025-09-08
bandung,TRAP COMMA,Armstrong,2,0,False,False,2025-09-08
bang,TRAP,Armstrong,2,0,False,False,2025-09-08
banger,TRAP LETTER,Armstrong,2,0,False,False,2025-09-08
bangkok,TRAP LOT,Armstrong,2,0,False,False,2025-09-08
bangladeshi,TRAP DRESS HAPPY,Armstrong,2,0,False,False,2025-09-08
bank,TRAP,Armstrong,2,0,False,False,2025-09-08
bank-draft,TRAP BATH,Armstrong,2,0,False,False,2025-09-08
bankrupt,TRAP STRUT,Armstrong,2,0,False,False,2025-09-08
banshee,TRAP HAPPY,Armstrong,2,0,False,False,2025-09-08
baobab,FACE TRAP,Armstrong,2,0,False,False,2025-09-08
bar,START,Armstrong,2,0,False,False,2025-09-08
barack,PALM,Armstrong,2,0,False,False,2025-09-08
barbadian,START FACE HAPPY,Armstrong,2,0,False,False,2025-09-08
barbados,FACE START (LOT),Armstrong,2,0,False,False,2025-09-08
barbara,START COMMA,Armstrong,2,0,False,False,2025-09-08
barbarian,START SQUARE HAPPY,Armstrong,2,0,False,False,2025-09-08
barbarity,START HAPPY,Armstrong,2,0,False,False,2025-09-08
barbecue,GOOSE START,Armstrong,2,0,False,False,2025-09-08
barbecued,GOOSE START,Armstrong,2,0,False,False,2025-09-08
barber,START LETTER,Armstrong,2,0,False,False,2025-09-08
barbershop,START LETTER LOT,Armstrong,2,0,False,False,2025-09-08
barbican,START,Armstrong,2,0,False,False,2025-09-08
barbie,START HAPPY,Armstrong,2,0,False,False,2025-09-08
barbiturates,START CURE,Armstrong,2,0,False,False,2025-09-08
barbour,START LETTER,Armstrong,2,0,False,False,2025-09-08
barbuda,START GOOSE COMMA,Armstrong,2,0,False,False,2025-09-08
barcelona,GOAT START COMMA,Armstrong,2,0,False,False,2025-09-08
barcode,START GOAT,Armstrong,2,0,False,False,2025-09-08
bardot,START GOAT,Armstrong,2,0,False,False,2025-09-08
bare,SQUARE,Armstrong,2,0,False,False,2025-09-08
barefaced,SQUARE FACE,Armstrong,2,0,False,False,2025-09-08
barefacedly,SQUARE FACE,Armstrong,2,0,False,False,2025-09-08
barefoot,SQUARE FOOT,Armstrong,2,0,False,False,2025-09-08
barelegged,SQUARE DRESS,Armstrong,2,0,False,False,2025-09-08
barely,SQUARE HAPPY,Armstrong,2,0,False,False,2025-09-08
barenboim,SQUARE CHOICE,Armstrong,2,0,False,False,2025-09-08
bareness,SQUARE,Armstrong,2,0,False,False,2025-09-08
bares,SQUARE,Armstrong,2,0,False,False,2025-09-08
barf,START,Armstrong,2,0,False,False,2025-09-08
barfly,START HAPPY,Armstrong,2,0,False,False,2025-09-08
barford,START LETTER,Armstrong,2,0,False,False,2025-09-08
bargain,START,Armstrong,2,0,False,False,2025-09-08
barge,START,Armstrong,2,0,False,False,2025-09-08
bargoed,START GOAT,Armstrong,2,0,False,False,2025-09-08
baring,SQUARE KIT,Armstrong,2,0,False,False,2025-09-08
barkley,START HAPPY,Armstrong,2,0,False,False,2025-09-08
barley,START HAPPY,Armstrong,2,0,False,False,2025-09-08
barlow,START GOAT,Armstrong,2,0,False,False,2025-09-08
barn,START,Armstrong,2,0,False,False,2025-09-08
barnard,START,Armstrong,2,0,False,False,2025-09-08
barnes,START,Armstrong,2,0,False,False,2025-09-08
barnett,START,Armstrong,2,0,False,False,2025-09-08
barney,START HAPPY,Armstrong,2,0,False,False,2025-09-08
baron,SQUARE/TRAP,Armstrong,2,0,False,False,2025-09-08
barr,START,Armstrong,2,0,False,False,2025-09-08
barrage,START (TRAP),Armstrong,2,0,False,False,2025-09-08
barrow-man,TRAP GOAT,Armstrong,2,0,False,False,2025-09-08
barrymore,SQUARE/TRAP HAPPY FORCE,Armstrong,2,0,False,False,2025-09-08
barsham,START,Armstrong,2,0,False,False,2025-09-08
bartholomew,START GOOSE LOT,Armstrong,2,0,False,False,2025-09-08
barwise,START PRICE,Armstrong,2,0,False,False,2025-09-08
base,FACE,Armstrong,2,0,False,False,2025-09-08
baseball,FACE THOUGHT,Armstrong,2,0,False,False,2025-09-08
based,FACE,Armstrong,2,0,False,False,2025-09-08
basel,PALM,Armstrong,2,0,False,False,2025-09-08
bash,TRAP,Armstrong,2,0,False,False,2025-09-08
basic,FACE KIT,Armstrong,2,0,False,False,2025-09-08
basil,TRAP/FACE KIT,Armstrong,2,0,False,False,2025-09-08
basinger,KIT LETTER,Armstrong,2,0,False,False,2025-09-08
basingstoke,FACE KIT GOAT,Armstrong,2,0,False,False,2025-09-08
basis,FACE KIT,Armstrong,2,0,False,False,2025-09-08
basket,BATH,Armstrong,2,0,False,False,2025-09-08
basketball,THOUGHT BATH,Armstrong,2,0,False,False,2025-09-08
basking,BATH KIT,Armstrong,2,0,False,False,2025-09-08
basso,PALM,Armstrong,2,0,False,False,2025-09-08
basta,PALM,Armstrong,2,0,False,False,2025-09-08
batch,TRAP,Armstrong,2,0,False,False,2025-09-08
bath,BATH,Armstrong,2,0,False,False,2025-09-08
bath-chair,BATH SQUARE,Armstrong,2,0,False,False,2025-09-08
bather,FACE LETTER,Armstrong,2,0,False,False,2025-09-08
bathgate,BATH FACE,Armstrong,2,0,False,False,2025-09-08
bathhouse,BATH MOUTH,Armstrong,2,0,False,False,2025-09-08
bathing,(FACE) KIT,Armstrong,2,0,False,False,2025-09-08
bathing-costume,FACE KIT CLOTH GOOSE,Armstrong,2,0,False,False,2025-09-08
bathing-suit,FACE KIT GOOSE,Armstrong,2,0,False,False,2025-09-08
batho,FACE GOAT,Armstrong,2,0,False,False,2025-09-08
bathrobe,BATH GOAT,Armstrong,2,0,False,False,2025-09-08
bathroom,GOOSE BATH,Armstrong,2,0,False,False,2025-09-08
baths,BATH,Armstrong,2,0,False,False,2025-09-08
bathtub,STRUT BATH,Armstrong,2,0,False,False,2025-09-08
bathurst,TRAP NURSE,Armstrong,2,0,False,False,2025-09-08
bathyscaphe,BATH FACE/TRAP,Armstrong,2,0,False,False,2025-09-08
bathyspheres,BATH NEAR,Armstrong,2,0,False,False,2025-09-08
batman,TRAP,Armstrong,2,0,False,False,2025-09-08
battersea,TRAP NURSE HAPPY,Armstrong,2,0,False,False,2025-09-08
battle,TRAP,Armstrong,2,0,False,False,2025-09-08
bauble,THOUGHT,Armstrong,2,0,False,False,2025-09-08
bavaria,SQUARE HAPPY,Armstrong,2,0,False,False,2025-09-08
bay-wreath,FACE FLEECE,Armstrong,2,0,False,False,2025-09-08
bayberry,DRESS FACE HAPPY,Armstrong,2,0,False,False,2025-09-08
bayswater,FACE THOUGHT LETTER,Armstrong,2,0,False,False,2025-09-08
baywatch,FACE LOT,Armstrong,2,0,False,False,2025-09-08
baz,TRAP,Armstrong,2,0,False,False,2025-09-08
bazaar,START,Armstrong,2,0,False,False,2025-09-08
bazooka,GOOSE,Armstrong,2,0,False,False,2025-09-08
be,FLEECE,Armstrong,2,0,False,False,2025-09-08
bea,FLEECE,Armstrong,2,0,False,False,2025-09-08
beach,FLEECE,Armstrong,2,0,False,False,2025-09-08
beachy,FLEECE HAPPY,Armstrong,2,0,False,False,2025-09-08
beadle,FLEECE,Armstrong,2,0,False,False,2025-09-08
beads,FLEECE,Armstrong,2,0,False,False,2025-09-08
beagle,FLEECE,Armstrong,2,0,False,False,2025-09-08
beak,FLEECE,Armstrong,2,0,False,False,2025-09-08
beaker,FLEECE LETTER,Armstrong,2,0,False,False,2025-09-08
beam,FLEECE,Armstrong,2,0,False,False,2025-09-08
bean,FLEECE,Armstrong,2,0,False,False,2025-09-08
bean-bag,TRAP FLEECE,Armstrong,2,0,False,False,2025-09-08
beanie,HAPPY FLEECE,Armstrong,2,0,False,False,2025-09-08
beanstalk,THOUGHT FLEECE,Armstrong,2,0,False,False,2025-09-08
bear,SQUARE,Armstrong,2,0,False,False,2025-09-08
bearable,SQUARE STRUT,Armstrong,2,0,False,False,2025-09-08
beard,NEAR,Armstrong,2,0,False,False,2025-09-08
bearer,SQUARE LETTER,Armstrong,2,0,False,False,2025-09-08
bearing,SQUARE KIT,Armstrong,2,0,False,False,2025-09-08
bears,SQUARE,Armstrong,2,0,False,False,2025-09-08
bearskin,SQUARE KIT,Armstrong,2,0,False,False,2025-09-08
bearsted,SQUARE DRESS,Armstrong,2,0,False,False,2025-09-08
beat,FLEECE,Armstrong,2,0,False,False,2025-09-08
beatles,FLEECE,Armstrong,2,0,False,False,2025-09-08
beau,GOAT,Armstrong,2,0,False,False,2025-09-08
beaufort,GOAT NORTH,Armstrong,2,0,False,False,2025-09-08
beaujolais,GOAT FACE,Armstrong,2,0,False,False,2025-09-08
beaumont,GOAT LOT,Armstrong,2,0,False,False,2025-09-08
beauregard,GOAT START,Armstrong,2,0,False,False,2025-09-08
beautiful,KIT GOOSE FOOT,Armstrong,2,0,False,False,2025-09-08
beauty,GOOSE HAPPY,Armstrong,2,0,False,False,2025-09-08
beauty-parlour,START GOOSE HAPPY LETTER,Armstrong,2,0,False,False,2025-09-08
bebo,FLEECE GOAT,Armstrong,2,0,False,False,2025-09-08
became,FACE COMMA,Armstrong,2,0,False,False,2025-09-08
because,KIT (COMMA) (STRUT),Armstrong,2,0,False,False,2025-09-08
become,STRUT COMMA,Armstrong,2,0,False,False,2025-09-08
bed,DRESS,Armstrong,2,0,False,False,2025-09-08
bed-bug,STRUT DRESS,Armstrong,2,0,False,False,2025-09-08
bedroom,GOOSE DRESS,Armstrong,2,0,False,False,2025-09-08
bedspread,DRESS,Armstrong,2,0,False,False,2025-09-08
bedwarmer,NORTH DRESS LETTER,Armstrong,2,0,False,False,2025-09-08
bee,FLEECE,Armstrong,2,0,False,False,2025-09-08
beech,FLEECE,Armstrong,2,0,False,False,2025-09-08
beecher,FLEECE,Armstrong,2,0,False,False,2025-09-08
beefeater,FLEECE LETTER,Armstrong,2,0,False,False,2025-09-08
beefsteak,FACE FLEECE,Armstrong,2,0,False,False,2025-09-08
beehive,PRICE FLEECE,Armstrong,2,0,False,False,2025-09-08
been,(KIT) (FLEECE),Armstrong,2,0,False,False,2025-09-08
beer,NEAR,Armstrong,2,0,False,False,2025-09-08
beersheba,NEAR FLEECE,Armstrong,2,0,False,False,2025-09-08
beery,NEAR HAPPY,Armstrong,2,0,False,False,2025-09-08
beetle,FLEECE,Armstrong,2,0,False,False,2025-09-08
beetroot,GOOSE FLEECE,Armstrong,2,0,False,False,2025-09-08
befits,KIT COMMA,Armstrong,2,0,False,False,2025-09-08
before,(KIT) FORCE COMMA,Armstrong,2,0,False,False,2025-09-08
beforehand,FORCE TRAP,Armstrong,2,0,False,False,2025-09-08
beginning,COMMA KIT,Armstrong,2,0,False,False,2025-09-08
begrudge,STRUT,Armstrong,2,0,False,False,2025-09-08
begrudgingly,STRUT KIT HAPPY,Armstrong,2,0,False,False,2025-09-08
behalf,BATH,Armstrong,2,0,False,False,2025-09-08
behave,FACE,Armstrong,2,0,False,False,2025-09-08
behaviour,FACE LETTER,Armstrong,2,0,False,False,2025-09-08
behind,PRICE KIT/FLEECE,Armstrong,2,0,False,False,2025-09-08
beige,FACE,Armstrong,2,0,False,False,2025-09-08
beijing,FACE KIT,Armstrong,2,0,False,False,2025-09-08
being,FLEECE KIT,Armstrong,2,0,False,False,2025-09-08
beirut,FACE GOOSE,Armstrong,2,0,False,False,2025-09-08
beleaguered,FLEECE LETTER,Armstrong,2,0,False,False,2025-09-08
belfast,BATH DRESS,Armstrong,2,0,False,False,2025-09-08
belgrave,FACE DRESS,Armstrong,2,0,False,False,2025-09-08
believe,(COMMA) FLEECE,Armstrong,2,0,False,False,2025-09-08
belike,PRICE COMMA,Armstrong,2,0,False,False,2025-09-08
bella,COMMA DRESS,Armstrong,2,0,False,False,2025-09-08
bellflower,MOUTH L DRESS LETTER,Armstrong,2,0,False,False,2025-09-08
bellows,GOAT DRESS,Armstrong,2,0,False,False,2025-09-08
bellwether,DRESS LETTER,Armstrong,2,0,False,False,2025-09-08
belong,CLOTH,Armstrong,2,0,False,False,2025-09-08
beloved,STRUT COMMA/FLEECE,Armstrong,2,0,False,False,2025-09-08
below,GOAT COMMA,Armstrong,2,0,False,False,2025-09-08
beluga,GOOSE COMMA,Armstrong,2,0,False,False,2025-09-08
belushi,HAPPY GOOSE,Armstrong,2,0,False,False,2025-09-08
belvedere,NEAR DRESS,Armstrong,2,0,False,False,2025-09-08
bemba,COMMA DRESS,Armstrong,2,0,False,False,2025-09-08
benares,START DRESS,Armstrong,2,0,False,False,2025-09-08
benchmark,START DRESS,Armstrong,2,0,False,False,2025-09-08
benedictine,FLEECE DRESS KIT,Armstrong,2,0,False,False,2025-09-08
benefits,KIT DRESS,Armstrong,2,0,False,False,2025-09-08
benelux,STRUT DRESS,Armstrong,2,0,False,False,2025-09-08
bengali,DRESS PALM HAPPY,Armstrong,2,0,False,False,2025-09-08
benghazi,PALM DRESS HAPPY,Armstrong,2,0,False,False,2025-09-08
benidorm,NORTH DRESS KIT,Armstrong,2,0,False,False,2025-09-08
benign,PRICE,Armstrong,2,0,False,False,2025-09-08
benignly,PRICE HAPPY,Armstrong,2,0,False,False,2025-09-08
beograd,GOAT DRESS TRAP,Armstrong,2,0,False,False,2025-09-08
bere,NEAR,Armstrong,2,0,False,False,2025-09-08
bergamot,NURSE GOAT LOT,Armstrong,2,0,False,False,2025-09-08
bergen,NURSE,Armstrong,2,0,False,False,2025-09-08
bergerac,NURSE TRAP,Armstrong,2,0,False,False,2025-09-08
bering,SQUARE KIT,Armstrong,2,0,False,False,2025-09-08
berkeley,NURSE HAPPY,Armstrong,2,0,False,False,2025-09-08
berlioz,SQUARE HAPPY GOAT,Armstrong,2,0,False,False,2025-09-08
bermuda,LETTER GOOSE,Armstrong,2,0,False,False,2025-09-08
bernard,LETTER NURSE/START,Armstrong,2,0,False,False,2025-09-08
berry,DRESS HAPPY,Armstrong,2,0,False,False,2025-09-08
berth,NURSE,Armstrong,2,0,False,False,2025-09-08
bertha,COMMA NURSE,Armstrong,2,0,False,False,2025-09-08
beseech,FLEECE,Armstrong,2,0,False,False,2025-09-08
best,DRESS,Armstrong,2,0,False,False,2025-09-08
best-selling,DRESS KIT,Armstrong,2,0,False,False,2025-09-08
beta,COMMA FACE,Armstrong,2,0,False,False,2025-09-08
betcha,COMMA DRESS,Armstrong,2,0,False,False,2025-09-08
beth,DRESS,Armstrong,2,0,False,False,2025-09-08
bethesda,DRESS,Armstrong,2,0,False,False,2025-09-08
bethlehem,DRESS,Armstrong,2,0,False,False,2025-09-08
bethnal,DRESS,Armstrong,2,0,False,False,2025-09-08
beto,DRESS GOAT,Armstrong,2,0,False,False,2025-09-08
betroth,GOAT,Armstrong,2,0,False,False,2025-09-08
better,DRESS LETTER,Armstrong,2,0,False,False,2025-09-08
between,FLEECE COMMA,Armstrong,2,0,False,False,2025-09-08
beulah,GOOSE,Armstrong,2,0,False,False,2025-09-08
beware,SQUARE (COMMA),Armstrong,2,0,False,False,2025-09-08
beyfus,FACE,Armstrong,2,0,False,False,2025-09-08
beyond,LOT CLOTH,Armstrong,2,0,False,False,2025-09-08
bezel,DRESS,Armstrong,2,0,False,False,2025-09-08
bhaji,PALM HAPPY,Armstrong,2,0,False,False,2025-09-08
bhutan,GOOSE PALM,Armstrong,2,0,False,False,2025-09-08
bianca,COMMA FLEECE BATH,Armstrong,2,0,False,False,2025-09-08
bible,PRICE,Armstrong,2,0,False,False,2025-09-08
biceps,DRESS PRICE,Armstrong,2,0,False,False,2025-09-08
bickersteth,DRESS KIT LETTER,Armstrong,2,0,False,False,2025-09-08
bicycle,PRICE KIT,Armstrong,2,0,False,False,2025-09-08
bid,KIT,Armstrong,2,0,False,False,2025-09-08
bidet,FACE,Armstrong,2,0,False,False,2025-09-08
bieber,LETTER FLEECE,Armstrong,2,0,False,False,2025-09-08
bier,NEAR,Armstrong,2,0,False,False,2025-09-08
big,KIT,Armstrong,2,0,False,False,2025-09-08
bigger,LETTER KIT,Armstrong,2,0,False,False,2025-09-08
biggest,COMMA KIT,Armstrong,2,0,False,False,2025-09-08
biggie,HAPPY KIT,Armstrong,2,0,False,False,2025-09-08
bigmouth,MOUTH KIT,Armstrong,2,0,False,False,2025-09-08
bike,PRICE,Armstrong,2,0,False,False,2025-09-08
biker,PRICE LETTER,Armstrong,2,0,False,False,2025-09-08
bikini,FLEECE HAPPY,Armstrong,2,0,False,False,2025-09-08
bilharzia,START HAPPY KIT,Armstrong,2,0,False,False,2025-09-08
billboard,FORCE KIT,Armstrong,2,0,False,False,2025-09-08
billionaire,SQUARE KIT,Armstrong,2,0,False,False,2025-09-08
binaural,NORTH PRICE,Armstrong,2,0,False,False,2025-09-08
biodiversity,GOAT (PRICE) NURSE KIT HAPPY,Armstrong,2,0,False,False,2025-09-08
biofuels,GOAT PRICE GOOSE,Armstrong,2,0,False,False,2025-09-08
biography,HAPPY COMMA PRICE LOT TRAP,Armstrong,2,0,False,False,2025-09-08
biology,HAPPY COMMA LOT,Armstrong,2,0,False,False,2025-09-08
biomass,TRAP GOAT PRICE,Armstrong,2,0,False,False,2025-09-08
biophysics,GOAT PRICE KIT,Armstrong,2,0,False,False,2025-09-08
biopic,GOAT PRICE KIT,Armstrong,2,0,False,False,2025-09-08
biorhythm,KIT GOAT PRICE,Armstrong,2,0,False,False,2025-09-08
biosphere,NEAR PRICE GOAT,Armstrong,2,0,False,False,2025-09-08
biotechnology,GOAT PRICE DRESS LOT,Armstrong,2,0,False,False,2025-09-08
biowaste,GOAT PRICE FACE,Armstrong,2,0,False,False,2025-09-08
bipolar,PRICE GOAT LETTER,Armstrong,2,0,False,False,2025-09-08
birch,NURSE,Armstrong,2,0,False,False,2025-09-08
bird,NURSE,Armstrong,2,0,False,False,2025-09-08
birdbath,BATH NURSE,Armstrong,2,0,False,False,2025-09-08
birdie,HAPPY NURSE,Armstrong,2,0,False,False,2025-09-08
birdwatcher,LOT NURSE,Armstrong,2,0,False,False,2025-09-08
birmingham,LETTER COMMA NURSE (TRAP) KIT,Armstrong,2,0,False,False,2025-09-08
birth,NURSE,Armstrong,2,0,False,False,2025-09-08
birthday,NURSE FACE,Armstrong,2,0,False,False,2025-09-08
birther,LETTER NURSE,Armstrong,2,0,False,False,2025-09-08
birthmark,NURSE START,Armstrong,2,0,False,False,2025-09-08
birthrate,NURSE FACE,Armstrong,2,0,False,False,2025-09-08
birthright,NURSE PRICE,Armstrong,2,0,False,False,2025-09-08
birthstone,NURSE GOAT,Armstrong,2,0,False,False,2025-09-08
bissau,MOUTH,Armstrong,2,0,False,False,2025-09-08
bit,KIT,Armstrong,2,0,False,False,2025-09-08
bitch,KIT,Armstrong,2,0,False,False,2025-09-08
bites,PRICE,Armstrong,2,0,False,False,2025-09-08
bithynia,PRICE FLEECE,Armstrong,2,0,False,False,2025-09-08
bittersweet,FLEECE LETTER KIT,Armstrong,2,0,False,False,2025-09-08
biunique,PRICE GOOSE FLEECE,Armstrong,2,0,False,False,2025-09-08
biuniqueness,PRICE GOOSE FLEECE,Armstrong,2,0,False,False,2025-09-08
biweekly,PRICE FLEECE HAPPY,Armstrong,2,0,False,False,2025-09-08
biz,KIT,Armstrong,2,0,False,False,2025-09-08
bizarre,KIT START,Armstrong,2,0,False,False,2025-09-08
blabbermouth,MOUTH TRAP LETTER,Armstrong,2,0,False,False,2025-09-08
black,TRAP,Armstrong,2,0,False,False,2025-09-08
blackadder,TRAP LETTER,Armstrong,2,0,False,False,2025-09-08
blades,FACE,Armstrong,2,0,False,False,2025-09-08
blah,PALM,Armstrong,2,0,False,False,2025-09-08
blair,SQUARE,Armstrong,2,0,False,False,2025-09-08
blaire,SQUARE,Armstrong,2,0,False,False,2025-09-08
blairgowrie,MOUTH SQUARE HAPPY,Armstrong,2,0,False,False,2025-09-08
blake,FACE,Armstrong,2,0,False,False,2025-09-08
blame,FACE,Armstrong,2,0,False,False,2025-09-08
blamed,FACE,Armstrong,2,0,False,False,2025-09-08
blast,BATH,Armstrong,2,0,False,False,2025-09-08
blather,TRAP LETTER,Armstrong,2,0,False,False,2025-09-08
blawith,FACE,Armstrong,2,0,False,False,2025-09-08
blaydon,FACE,Armstrong,2,0,False,False,2025-09-08
blazer,FACE LETTER,Armstrong,2,0,False,False,2025-09-08
bleach,FLEECE,Armstrong,2,0,False,False,2025-09-08
bleak,FLEECE,Armstrong,2,0,False,False,2025-09-08
bleary,NEAR HAPPY,Armstrong,2,0,False,False,2025-09-08
blimey,HAPPY PRICE,Armstrong,2,0,False,False,2025-09-08
blithely,PRICE HAPPY,Armstrong,2,0,False,False,2025-09-08
blithering,KIT LETTER KIT,Armstrong,2,0,False,False,2025-09-08
blithesome,PRICE STRUT,Armstrong,2,0,False,False,2025-09-08
blitzkrieg,FLEECE KIT,Armstrong,2,0,False,False,2025-09-08
blockbuster,STRUT LOT LETTER,Armstrong,2,0,False,False,2025-09-08
blocking,LOT KIT,Armstrong,2,0,False,False,2025-09-08
bloemfontein,FACE GOOSE LOT,Armstrong,2,0,False,False,2025-09-08
blog,LOT CLOTH,Armstrong,2,0,False,False,2025-09-08
blogger,LETTER LOT/CLOTH,Armstrong,2,0,False,False,2025-09-08
blogosphere,LOT NEAR,Armstrong,2,0,False,False,2025-09-08
blood,STRUT,Armstrong,2,0,False,False,2025-09-08
blood-bath,BATH STRUT,Armstrong,2,0,False,False,2025-09-08
blood-poisoning,CHOICE STRUT KIT,Armstrong,2,0,False,False,2025-09-08
blood-pressure,DRESS LETTER STRUT,Armstrong,2,0,False,False,2025-09-08
blood-transfusion,GOOSE STRUT TRAP,Armstrong,2,0,False,False,2025-09-08
blood-type,PRICE STRUT,Armstrong,2,0,False,False,2025-09-08
bloodbaths,BATH STRUT,Armstrong,2,0,False,False,2025-09-08
bloodhound,STRUT MOUTH,Armstrong,2,0,False,False,2025-09-08
bloom,GOOSE,Armstrong,2,0,False,False,2025-09-08
bloor,CURE,Armstrong,2,0,False,False,2025-09-08
blotchy,LOT HAPPY,Armstrong,2,0,False,False,2025-09-08
blouse,MOUTH,Armstrong,2,0,False,False,2025-09-08
blow,GOAT,Armstrong,2,0,False,False,2025-09-08
blowfish,GOAT KIT,Armstrong,2,0,False,False,2025-09-08
blowfly,GOAT PRICE,Armstrong,2,0,False,False,2025-09-08
blown,GOAT,Armstrong,2,0,False,False,2025-09-08
blows,GOAT,Armstrong,2,0,False,False,2025-09-08
blowtorch,FORCE GOAT,Armstrong,2,0,False,False,2025-09-08
bludgeoned,STRUT,Armstrong,2,0,False,False,2025-09-08
blue,GOOSE,Armstrong,2,0,False,False,2025-09-08
bluebeard,NEAR GOOSE,Armstrong,2,0,False,False,2025-09-08
bluebells,GOOSE DRESS,Armstrong,2,0,False,False,2025-09-08
blueberry,GOOSE DRESS HAPPY,Armstrong,2,0,False,False,2025-09-08
blues,GOOSE,Armstrong,2,0,False,False,2025-09-08
bluetooth,GOOSE,Armstrong,2,0,False,False,2025-09-08
blumenthal,PALM GOOSE DRESS,Armstrong,2,0,False,False,2025-09-08
blur,NURSE,Armstrong,2,0,False,False,2025-09-08
blurred,NURSE,Armstrong,2,0,False,False,2025-09-08
blurring,NURSE KIT,Armstrong,2,0,False,False,2025-09-08
blurry,NURSE HAPPY,Armstrong,2,0,False,False,2025-09-08
blush,STRUT,Armstrong,2,0,False,False,2025-09-08
blusher,STRUT LETTER,Armstrong,2,0,False,False,2025-09-08
blythe,PRICE,Armstrong,2,0,False,False,2025-09-08
bmw,DRESS FLEECE STRUT GOOSE,Armstrong,2,0,False,False,2025-09-08
boa,PALM GOAT,Armstrong,2,0,False,False,2025-09-08
boar,FORCE,Armstrong,2,0,False,False,2025-09-08
board,FORCE,Armstrong,2,0,False,False,2025-09-08
boarder,FORCE LETTER,Armstrong,2,0,False,False,2025-09-08
boarding,FORCE KIT,Armstrong,2,0,False,False,2025-09-08
boardwalk,THOUGHT FORCE,Armstrong,2,0,False,False,2025-09-08
boas,TRAP COMMA,Armstrong,2,0,False,False,2025-09-08
boat,GOAT,Armstrong,2,0,False,False,2025-09-08
boateng,DRESS GOAT,Armstrong,2,0,False,False,2025-09-08
boaz,TRAP GOAT,Armstrong,2,0,False,False,2025-09-08
bob,LOT,Armstrong,2,0,False,False,2025-09-08
bobby,HAPPY LOT,Armstrong,2,0,False,False,2025-09-08
boccaccio,PALM HAPPY GOAT,Armstrong,2,0,False,False,2025-09-08
bodega,GOAT COMMA FACE,Armstrong,2,0,False,False,2025-09-08
bodge,LOT,Armstrong,2,0,False,False,2025-09-08
bodhran,PALM LOT,Armstrong,2,0,False,False,2025-09-08
bodied,LOT FLEECE,Armstrong,2,0,False,False,2025-09-08
body,HAPPY LOT,Armstrong,2,0,False,False,2025-09-08
body-builder,LOT HAPPY KIT LETTER,Armstrong,2,0,False,False,2025-09-08
body-snatchers,TRAP LOT HAPPY LETTER,Armstrong,2,0,False,False,2025-09-08
bodywork,HAPPY LOT NURSE,Armstrong,2,0,False,False,2025-09-08
bog,CLOTH,Armstrong,2,0,False,False,2025-09-08
bogey,HAPPY GOAT,Armstrong,2,0,False,False,2025-09-08
boil,CHOICE,Armstrong,2,0,False,False,2025-09-08
boiler,CHOICE LETTER,Armstrong,2,0,False,False,2025-09-08
boing,CHOICE,Armstrong,2,0,False,False,2025-09-08
boink,CHOICE,Armstrong,2,0,False,False,2025-09-08
boise,CHOICE,Armstrong,2,0,False,False,2025-09-08
bolitho,PRICE GOAT,Armstrong,2,0,False,False,2025-09-08
bollywood,FOOT HAPPY LOT,Armstrong,2,0,False,False,2025-09-08
bolshie,HAPPY GOAT,Armstrong,2,0,False,False,2025-09-08
bolt,GOAT,Armstrong,2,0,False,False,2025-09-08
bolton,GOAT,Armstrong,2,0,False,False,2025-09-08
bombardier,NEAR START,Armstrong,2,0,False,False,2025-09-08
bombing,LOT KIT,Armstrong,2,0,False,False,2025-09-08
bombshell,DRESS LOT,Armstrong,2,0,False,False,2025-09-08
bonanza,COMMA TRAP,Armstrong,2,0,False,False,2025-09-08
bonding,LOT KIT,Armstrong,2,0,False,False,2025-09-08
bonfire,PRICE LOT,Armstrong,2,0,False,False,2025-09-08
bonnie,LOT HAPPY,Armstrong,2,0,False,False,2025-09-08
boo,GOOSE,Armstrong,2,0,False,False,2025-09-08
boo-boo,GOOSE,Armstrong,2,0,False,False,2025-09-08
boogie,GOOSE HAPPY,Armstrong,2,0,False,False,2025-09-08
boojum,GOOSE,Armstrong,2,0,False,False,2025-09-08
book,FOOT,Armstrong,2,0,False,False,2025-09-08
book-club,STRUT FOOT,Armstrong,2,0,False,False,2025-09-08
booker,LETTER FOOT,Armstrong,2,0,False,False,2025-09-08
bookkeeping,FLEECE FOOT KIT,Armstrong,2,0,False,False,2025-09-08
bookmark,FOOT START,Armstrong,2,0,False,False,2025-09-08
bookshop,LOT FOOT,Armstrong,2,0,False,False,2025-09-08
bookstore,FORCE FOOT,Armstrong,2,0,False,False,2025-09-08
boom,GOOSE,Armstrong,2,0,False,False,2025-09-08
boong,FOOT,Armstrong,2,0,False,False,2025-09-08
boor,FORCE CURE,Armstrong,2,0,False,False,2025-09-08
boorish,FORCE CURE KIT,Armstrong,2,0,False,False,2025-09-08
boorishly,FORCE CURE KIT HAPPY,Armstrong,2,0,False,False,2025-09-08
boorishness,FORCE CURE KIT,Armstrong,2,0,False,False,2025-09-08
boors,CURE,Armstrong,2,0,False,False,2025-09-08
boost,GOOSE,Armstrong,2,0,False,False,2025-09-08
boot-camp,TRAP GOOSE,Armstrong,2,0,False,False,2025-09-08
booths,GOOSE,Armstrong,2,0,False,False,2025-09-08
bootleg,DRESS GOOSE,Armstrong,2,0,False,False,2025-09-08
boots,GOOSE,Armstrong,2,0,False,False,2025-09-08
booty,GOOSE HAPPY,Armstrong,2,0,False,False,2025-09-08
booze,GOOSE,Armstrong,2,0,False,False,2025-09-08
borax,FORCE TRAP,Armstrong,2,0,False,False,2025-09-08
bordeaux,GOAT NORTH,Armstrong,2,0,False,False,2025-09-08
bore,FORCE,Armstrong,2,0,False,False,2025-09-08
bored,FORCE,Armstrong,2,0,False,False,2025-09-08
bork,NORTH,Armstrong,2,0,False,False,2025-09-08
born,NORTH,Armstrong,2,0,False,False,2025-09-08
borne,FORCE,Armstrong,2,0,False,False,2025-09-08
borneo,FORCE FLEECE GOAT,Armstrong,2,0,False,False,2025-09-08
boron,FORCE,Armstrong,2,0,False,False,2025-09-08
borough,STRUT (COMMA) GOAT,Armstrong,2,0,False,False,2025-09-08
borrow,(CLOTH) GOAT,Armstrong,2,0,False,False,2025-09-08
borrowed,GOAT CLOTH,Armstrong,2,0,False,False,2025-09-08
borzois,CHOICE CURE,Armstrong,2,0,False,False,2025-09-08
bosch,LOT,Armstrong,2,0,False,False,2025-09-08
bosom,FOOT,Armstrong,2,0,False,False,2025-09-08
boston,CLOTH,Armstrong,2,0,False,False,2025-09-08
bosworth,LOT LETTER,Armstrong,2,0,False,False,2025-09-08
botch,LOT,Armstrong,2,0,False,False,2025-09-08
both,GOAT,Armstrong,2,0,False,False,2025-09-08
botham,GOAT,Armstrong,2,0,False,False,2025-09-08
bother,LOT LETTER,Armstrong,2,0,False,False,2025-09-08
botheration,LOT LETTER FACE,Armstrong,2,0,False,False,2025-09-08
bothering,LOT LETTER KIT,Armstrong,2,0,False,False,2025-09-08
bothers,LOT LETTER,Armstrong,2,0,False,False,2025-09-08
botswana,LOT PALM,Armstrong,2,0,False,False,2025-09-08
botulism,LOT GOOSE KIT,Armstrong,2,0,False,False,2025-09-08
bouffant,GOOSE LOT,Armstrong,2,0,False,False,2025-09-08
bougainvillea,GOOSE KIT HAPPY,Armstrong,2,0,False,False,2025-09-08
bougie,GOOSE HAPPY,Armstrong,2,0,False,False,2025-09-08
boulogne,CHOICE (GOOSE) (FOOT),Armstrong,2,0,False,False,2025-09-08
bouquet,GOOSE FACE,Armstrong,2,0,False,False,2025-09-08
bourbon,CURE,Armstrong,2,0,False,False,2025-09-08
bourdain,FACE FORCE CURE,Armstrong,2,0,False,False,2025-09-08
bourdon,CURE,Armstrong,2,0,False,False,2025-09-08
bourgeois,CURE TRAP,Armstrong,2,0,False,False,2025-09-08
bourgeoisie,CURE TRAP HAPPY,Armstrong,2,0,False,False,2025-09-08
bourgeouisie,PALM NORTH HAPPY,Armstrong,2,0,False,False,2025-09-08
bourn,CURE,Armstrong,2,0,False,False,2025-09-08
bourne,CURE,Armstrong,2,0,False,False,2025-09-08
bournemouth,FORCE MOUTH/COMMA,Armstrong,2,0,False,False,2025-09-08
bourse,CURE,Armstrong,2,0,False,False,2025-09-08
boursin,CURE KIT,Armstrong,2,0,False,False,2025-09-08
bout,MOUTH,Armstrong,2,0,False,False,2025-09-08
boutique,FLEECE GOOSE,Armstrong,2,0,False,False,2025-09-08
bouzouki,GOOSE HAPPY,Armstrong,2,0,False,False,2025-09-08
bow,MOUTH/GOAT,Armstrong,2,0,False,False,2025-09-08
bow-wow,MOUTH (GOAT),Armstrong,2,0,False,False,2025-09-08
bowater,GOAT/MOUTH THOUGHT LETTER,Armstrong,2,0,False,False,2025-09-08
bowden,GOAT,Armstrong,2,0,False,False,2025-09-08
bowel,MOUTH,Armstrong,2,0,False,False,2025-09-08
bower,MOUTH LETTER,Armstrong,2,0,False,False,2025-09-08
bowery,MOUTH LETTER HAPPY,Armstrong,2,0,False,False,2025-09-08
bowes,GOAT,Armstrong,2,0,False,False,2025-09-08
bowker,MOUTH LETTER,Armstrong,2,0,False,False,2025-09-08
bowman,GOAT,Armstrong,2,0,False,False,2025-09-08
bowra,MOUTH,Armstrong,2,0,False,False,2025-09-08
bows,GOAT MOUTH,Armstrong,2,0,False,False,2025-09-08
bowsaw,GOAT THOUGHT,Armstrong,2,0,False,False,2025-09-08
bowser,MOUTH LETTER,Armstrong,2,0,False,False,2025-09-08
bowshot,GOAT LOT,Armstrong,2,0,False,False,2025-09-08
bowstring,GOAT KIT,Armstrong,2,0,False,False,2025-09-08
bowyer,LETTER GOAT,Armstrong,2,0,False,False,2025-09-08
boxing-gloves,STRUT LOT KIT,Armstrong,2,0,False,False,2025-09-08
boxing-match,TRAP LOT KIT,Armstrong,2,0,False,False,2025-09-08
boy,CHOICE,Armstrong,2,0,False,False,2025-09-08
boyce,CHOICE,Armstrong,2,0,False,False,2025-09-08
boycott,LOT CHOICE,Armstrong,2,0,False,False,2025-09-08
boyd,CHOICE,Armstrong,2,0,False,False,2025-09-08
boyega,COMMA CHOICE FACE,Armstrong,2,0,False,False,2025-09-08
boyfriend,DRESS CHOICE,Armstrong,2,0,False,False,2025-09-08
boyle,CHOICE,Armstrong,2,0,False,False,2025-09-08
bra,PALM,Armstrong,2,0,False,False,2025-09-08
brad,TRAP,Armstrong,2,0,False,False,2025-09-08
bradley,TRAP HAPPY,Armstrong,2,0,False,False,2025-09-08
brady,FACE HAPPY,Armstrong,2,0,False,False,2025-09-08
braemar,FACE ‘ LETTER,Armstrong,2,0,False,False,2025-09-08
braggadocio,GOAT TRAP FLEECE,Armstrong,2,0,False,False,2025-09-08
brahmanic,PALM TRAP KIT,Armstrong,2,0,False,False,2025-09-08
brahmin,PALM KIT,Armstrong,2,0,False,False,2025-09-08
braille,FACE,Armstrong,2,0,False,False,2025-09-08
brain,FACE,Armstrong,2,0,False,False,2025-09-08
braintree,HAPPY FACE,Armstrong,2,0,False,False,2025-09-08
brake,FACE,Armstrong,2,0,False,False,2025-09-08
brass,BATH,Armstrong,2,0,False,False,2025-09-08
brasserie,BATH NEAR HAPPY,Armstrong,2,0,False,False,2025-09-08
bravado,PALM GOAT,Armstrong,2,0,False,False,2025-09-08
brave,FACE,Armstrong,2,0,False,False,2025-09-08
bravo,PALM GOAT,Armstrong,2,0,False,False,2025-09-08
brawny,THOUGHT HAPPY,Armstrong,2,0,False,False,2025-09-08
brazen,FACE,Armstrong,2,0,False,False,2025-09-08
brazil,COMMA KIT,Armstrong,2,0,False,False,2025-09-08
breach,FLEECE,Armstrong,2,0,False,False,2025-09-08
breadbasket,DRESS BATH,Armstrong,2,0,False,False,2025-09-08
breadcrumbs,DRESS STRUT,Armstrong,2,0,False,False,2025-09-08
breadstuffs,DRESS STRUT,Armstrong,2,0,False,False,2025-09-08
break,FACE,Armstrong,2,0,False,False,2025-09-08
break-in,FACE KIT,Armstrong,2,0,False,False,2025-09-08
break-up,STRUT FACE,Armstrong,2,0,False,False,2025-09-08
breakdown,FACE MOUTH,Armstrong,2,0,False,False,2025-09-08
breakers,FACE LETTER,Armstrong,2,0,False,False,2025-09-08
breakthrough,FACE GOOSE,Armstrong,2,0,False,False,2025-09-08
breakwater,FACE THOUGHT LETTER,Armstrong,2,0,False,False,2025-09-08
bream,FLEECE,Armstrong,2,0,False,False,2025-09-08
brearley,NEAR HAPPY,Armstrong,2,0,False,False,2025-09-08
breastfeeding,DRESS FLEECE,Armstrong,2,0,False,False,2025-09-08
breath,DRESS,Armstrong,2,0,False,False,2025-09-08
breathtaking,DRESS FACE,Armstrong,2,0,False,False,2025-09-08
breech,FLEECE,Armstrong,2,0,False,False,2025-09-08
brereton,SQUARE,Armstrong,2,0,False,False,2025-09-08
brett,DRESS,Armstrong,2,0,False,False,2025-09-08
breughel,CHOICE,Armstrong,2,0,False,False,2025-09-08
brewer,GOOSE LETTER,Armstrong,2,0,False,False,2025-09-08
brewery,GOOSE NURSE HAPPY,Armstrong,2,0,False,False,2025-09-08
brezhnev,DRESS,Armstrong,2,0,False,False,2025-09-08
brian,PRICE,Armstrong,2,0,False,False,2025-09-08
bride,PRICE,Armstrong,2,0,False,False,2025-09-08
bridegroom,PRICE GOOSE,Armstrong,2,0,False,False,2025-09-08
bridesmaids,PRICE FACE,Armstrong,2,0,False,False,2025-09-08
bridge,KIT,Armstrong,2,0,False,False,2025-09-08
bridgwater,KIT THOUGHT LETTER,Armstrong,2,0,False,False,2025-09-08
bridle-path,PRICE BATH,Armstrong,2,0,False,False,2025-09-08
bridle-paths,PRICE BATH,Armstrong,2,0,False,False,2025-09-08
brie,FLEECE,Armstrong,2,0,False,False,2025-09-08
brierley,NEAR HAPPY,Armstrong,2,0,False,False,2025-09-08
brigadier,NEAR LETTER,Armstrong,2,0,False,False,2025-09-08
bright,PRICE,Armstrong,2,0,False,False,2025-09-08
brigitte,KIT,Armstrong,2,0,False,False,2025-09-08
britney,KIT HAPPY,Armstrong,2,0,False,False,2025-09-08
broach,GOAT,Armstrong,2,0,False,False,2025-09-08
broad,THOUGHT,Armstrong,2,0,False,False,2025-09-08
broadband,THOUGHT,Armstrong,2,0,False,False,2025-09-08
broadcast,THOUGHT BATH,Armstrong,2,0,False,False,2025-09-08
broadminded,THOUGHT PRICE,Armstrong,2,0,False,False,2025-09-08
broadmoor,THOUGHT FORCE/CURE,Armstrong,2,0,False,False,2025-09-08
broadsheet,THOUGHT FLEECE,Armstrong,2,0,False,False,2025-09-08
broadsword,THOUGHT NURSE,Armstrong,2,0,False,False,2025-09-08
brogues,GOAT,Armstrong,2,0,False,False,2025-09-08
broke,GOAT,Armstrong,2,0,False,False,2025-09-08
broken,GOAT,Armstrong,2,0,False,False,2025-09-08
bromsgrove,GOAT,Armstrong,2,0,False,False,2025-09-08
brontosaurus,LOT NORTH,Armstrong,2,0,False,False,2025-09-08
brooch,GOAT,Armstrong,2,0,False,False,2025-09-08
brood-mares,GOOSE SQUARE,Armstrong,2,0,False,False,2025-09-08
brook,FOOT,Armstrong,2,0,False,False,2025-09-08
brooklyn,FOOT,Armstrong,2,0,False,False,2025-09-08
brophy,GOAT HAPPY,Armstrong,2,0,False,False,2025-09-08
broth,CLOTH,Armstrong,2,0,False,False,2025-09-08
brother,STRUT LETTER,Armstrong,2,0,False,False,2025-09-08
brother-in-law,STRUT LETTER THOUGHT,Armstrong,2,0,False,False,2025-09-08
brotherhood,STRUT LETTER FOOT,Armstrong,2,0,False,False,2025-09-08
brought,THOUGHT,Armstrong,2,0,False,False,2025-09-08
brow,MOUTH,Armstrong,2,0,False,False,2025-09-08
browbeaten,MOUTH FLEECE,Armstrong,2,0,False,False,2025-09-08
brown,MOUTH,Armstrong,2,0,False,False,2025-09-08
brownie,MOUTH HAPPY,Armstrong,2,0,False,False,2025-09-08
browse,MOUTH,Armstrong,2,0,False,False,2025-09-08
browser,MOUTH LETTER,Armstrong,2,0,False,False,2025-09-08
broxbourne,LOT / FORCE,Armstrong,2,0,False,False,2025-09-08
bruges,GOOSE,Armstrong,2,0,False,False,2025-09-08
bruise,GOOSE,Armstrong,2,0,False,False,2025-09-08
brummie,STRUT HAPPY,Armstrong,2,0,False,False,2025-09-08
brunette,GOOSE DRESS,Armstrong,2,0,False,False,2025-09-08
bruno,GOOSE GOAT,Armstrong,2,0,False,False,2025-09-08
brush,STRUT,Armstrong,2,0,False,False,2025-09-08
brush-up,STRUT,Armstrong,2,0,False,False,2025-09-08
brussels,STRUT,Armstrong,2,0,False,False,2025-09-08
brutal,GOOSE,Armstrong,2,0,False,False,2025-09-08
bubblegum,STRUT,Armstrong,2,0,False,False,2025-09-08
buchanan,GOOSE TRAP,Armstrong,2,0,False,False,2025-09-08
buckingham,STRUT,Armstrong,2,0,False,False,2025-09-08
buckwheat,STRUT FLEECE,Armstrong,2,0,False,False,2025-09-08
bucolic,GOOSE LOT,Armstrong,2,0,False,False,2025-09-08
bud,STRUT,Armstrong,2,0,False,False,2025-09-08
buddha,FOOT,Armstrong,2,0,False,False,2025-09-08
buddy,STRUT HAPPY,Armstrong,2,0,False,False,2025-09-08
budget,STRUT,Armstrong,2,0,False,False,2025-09-08
budgetary,STRUT HAPPY,Armstrong,2,0,False,False,2025-09-08
budgie,HAPPY,Armstrong,2,0,False,False,2025-09-08
budgies,STRUT HAPPY,Armstrong,2,0,False,False,2025-09-08
budweiser,STRUT PRICE LETTER,Armstrong,2,0,False,False,2025-09-08
buff,STRUT,Armstrong,2,0,False,False,2025-09-08
buffalo,STRUT GOAT,Armstrong,2,0,False,False,2025-09-08
buffer,STRUT LETTER,Armstrong,2,0,False,False,2025-09-08
buffet,STRUT FACE,Armstrong,2,0,False,False,2025-09-08
bug,STRUT,Armstrong,2,0,False,False,2025-09-08
buganda,GOOSE,Armstrong,2,0,False,False,2025-09-08
bugatti,GOOSE TRAP HAPPY,Armstrong,2,0,False,False,2025-09-08
buggy,STRUT HAPPY,Armstrong,2,0,False,False,2025-09-08
bugle,GOOSE,Armstrong,2,0,False,False,2025-09-08
bugler,GOOSE LETTER,Armstrong,2,0,False,False,2025-09-08
build-up,KIT STRUT,Armstrong,2,0,False,False,2025-09-08
building,KIT,Armstrong,2,0,False,False,2025-09-08
built-up,KIT STRUT,Armstrong,2,0,False,False,2025-09-08
bukowski,MOUTH HAPPY,Armstrong,2,0,False,False,2025-09-08
bulgarian,SQUARE FLEECE,Armstrong,2,0,False,False,2025-09-08
bulk,STRUT,Armstrong,2,0,False,False,2025-09-08
bull,FOOT,Armstrong,2,0,False,False,2025-09-08
bulldog,FOOT CLOTH,Armstrong,2,0,False,False,2025-09-08
bulletin,KIT STRUT/FOOT,Armstrong,2,0,False,False,2025-09-08
bullets,FOOT,Armstrong,2,0,False,False,2025-09-08
bulrush,FOOT STRUT,Armstrong,2,0,False,False,2025-09-08
bulwer,FOOT LETTER,Armstrong,2,0,False,False,2025-09-08
bumblebee,STRUT HAPPY,Armstrong,2,0,False,False,2025-09-08
bump,STRUT,Armstrong,2,0,False,False,2025-09-08
bundist,FOOT KIT,Armstrong,2,0,False,False,2025-09-08
bungalow,STRUT GOAT,Armstrong,2,0,False,False,2025-09-08
bungalows,STRUT GOAT,Armstrong,2,0,False,False,2025-09-08
bungee,STRUT HAPPY,Armstrong,2,0,False,False,2025-09-08
bunk,STRUT,Armstrong,2,0,False,False,2025-09-08
burbank,NURSE TRAP,Armstrong,2,0,False,False,2025-09-08
burberry,NURSE HAPPY,Armstrong,2,0,False,False,2025-09-08
burch,NURSE,Armstrong,2,0,False,False,2025-09-08
burden,NURSE,Armstrong,2,0,False,False,2025-09-08
bureau,CURE GOAT,Armstrong,2,0,False,False,2025-09-08
burette,CURE DRESS,Armstrong,2,0,False,False,2025-09-08
burford,NURSE LETTER,Armstrong,2,0,False,False,2025-09-08
burger,LETTER NURSE,Armstrong,2,0,False,False,2025-09-08
burgess,NURSE DRESS,Armstrong,2,0,False,False,2025-09-08
burgh,NURSE,Armstrong,2,0,False,False,2025-09-08
burglar,NURSE LETTER,Armstrong,2,0,False,False,2025-09-08
burglary,NURSE LETTER HAPPY,Armstrong,2,0,False,False,2025-09-08
burgoyne,NURSE CHOICE,Armstrong,2,0,False,False,2025-09-08
burgundy,NURSE HAPPY,Armstrong,2,0,False,False,2025-09-08
burke,NURSE,Armstrong,2,0,False,False,2025-09-08
burley,NURSE HAPPY,Armstrong,2,0,False,False,2025-09-08
burlington,NURSE KIT,Armstrong,2,0,False,False,2025-09-08
burma,COMMA NURSE,Armstrong,2,0,False,False,2025-09-08
burning,NURSE,Armstrong,2,0,False,False,2025-09-08
burns,NURSE,Armstrong,2,0,False,False,2025-09-08
burpee,NURSE HAPPY,Armstrong,2,0,False,False,2025-09-08
burro,FOOT GOAT,Armstrong,2,0,False,False,2025-09-08
burrows,STRUT GOAT,Armstrong,2,0,False,False,2025-09-08
burry,NURSE HAPPY,Armstrong,2,0,False,False,2025-09-08
burton,NURSE,Armstrong,2,0,False,False,2025-09-08
burundi,NURSE FOOT HAPPY,Armstrong,2,0,False,False,2025-09-08
burwell,NURSE,Armstrong,2,0,False,False,2025-09-08
bus,STRUT,Armstrong,2,0,False,False,2025-09-08
busby,STRUT HAPPY,Armstrong,2,0,False,False,2025-09-08
buscemi,GOOSE HAPPY,Armstrong,2,0,False,False,2025-09-08
bused,STRUT,Armstrong,2,0,False,False,2025-09-08
bush,FOOT,Armstrong,2,0,False,False,2025-09-08
bushcraft,FOOT BATH,Armstrong,2,0,False,False,2025-09-08
bushey,FOOT HAPPY,Armstrong,2,0,False,False,2025-09-08
bushido,FOOT FLEECE GOAT,Armstrong,2,0,False,False,2025-09-08
bushnell,FOOT,Armstrong,2,0,False,False,2025-09-08
bushy,FOOT HAPPY,Armstrong,2,0,False,False,2025-09-08
business,KIT COMMA,Armstrong,2,0,False,False,2025-09-08
bust,STRUT,Armstrong,2,0,False,False,2025-09-08
busy,KIT HAPPY,Armstrong,2,0,False,False,2025-09-08
but,STRUT COMMA,Armstrong,2,0,False,False,2025-09-08
butch,FOOT,Armstrong,2,0,False,False,2025-09-08
butcher,FOOT LETTER,Armstrong,2,0,False,False,2025-09-08
butchery,FOOT LETTER HAPPY,Armstrong,2,0,False,False,2025-09-08
butler,STRUT LETTER,Armstrong,2,0,False,False,2025-09-08
butt,STRUT,Armstrong,2,0,False,False,2025-09-08
butter,STRUT LETTER,Armstrong,2,0,False,False,2025-09-08
buttercup,STRUT LETTER STRUT,Armstrong,2,0,False,False,2025-09-08
butterfly,STRUT PRICE LETTER,Armstrong,2,0,False,False,2025-09-08
butterscotch,STRUT LETTER LOT,Armstrong,2,0,False,False,2025-09-08
butterworth,STRUT LETTER NURSE,Armstrong,2,0,False,False,2025-09-08
button,STRUT,Armstrong,2,0,False,False,2025-09-08
buy,PRICE,Armstrong,2,0,False,False,2025-09-08
buyer,PRICE LETTER,Armstrong,2,0,False,False,2025-09-08
buzz,STRUT,Armstrong,2,0,False,False,2025-09-08
buzzard,STRUT LETTER,Armstrong,2,0,False,False,2025-09-08
buzzer,STRUT LETTER,Armstrong,2,0,False,False,2025-09-08
buzzing,STRUT,Armstrong,2,0,False,False,2025-09-08
by,PRICE,Armstrong,2,0,False,False,2025-09-08
by-paths,PRICE BATH,Armstrong,2,0,False,False,2025-09-08
by-product,LOT PRICE,Armstrong,2,0,False,False,2025-09-08
by-your-leave,PRICE FORCE FLEECE,Armstrong,2,0,False,False,2025-09-08
byfleet,FLEECE PRICE,Armstrong,2,0,False,False,2025-09-08
bygone,PRICE CLOTH,Armstrong,2,0,False,False,2025-09-08
bylaws,PRICE THOUGHT,Armstrong,2,0,False,False,2025-09-08
bypass,PRICE BATH,Armstrong,2,0,False,False,2025-09-08
byroad,PRICE GOAT,Armstrong,2,0,False,False,2025-09-08
byron,PRICE,Armstrong,2,0,False,False,2025-09-08
byway,PRICE FACE,Armstrong,2,0,False,False,2025-09-08
byword,PRICE NURSE,Armstrong,2,0,False,False,2025-09-08
cab,TRAP,Armstrong,2,0,False,False,2025-09-08
cabdriver,TRAP PRICE LETTER,Armstrong,2,0,False,False,2025-09-08
cabinet,TRAP DRESS,Armstrong,2,0,False,False,2025-09-08
cable,FACE,Armstrong,2,0,False,False,2025-09-08
cache,TRAP,Armstrong,2,0,False,False,2025-09-08
cadaver,BATH LETTER,Armstrong,2,0,False,False,2025-09-08
cadillac,TRAP KIT,Armstrong,2,0,False,False,2025-09-08
caesura,FACE CURE,Armstrong,2,0,False,False,2025-09-08
caffeine,TRAP FLEECE,Armstrong,2,0,False,False,2025-09-08
cage,FACE,Armstrong,2,0,False,False,2025-09-08
cagey,FACE HAPPY,Armstrong,2,0,False,False,2025-09-08
caiman,FACE,Armstrong,2,0,False,False,2025-09-08
caird,SQUARE,Armstrong,2,0,False,False,2025-09-08
cairn,SQUARE,Armstrong,2,0,False,False,2025-09-08
cairngorm,SQUARE NORTH,Armstrong,2,0,False,False,2025-09-08
cairns,SQUARE,Armstrong,2,0,False,False,2025-09-08
cairo,PRICE GOAT,Armstrong,2,0,False,False,2025-09-08
caister,FACE LETTER,Armstrong,2,0,False,False,2025-09-08
caithness,FACE KIT,Armstrong,2,0,False,False,2025-09-08
cake,FACE,Armstrong,2,0,False,False,2025-09-08
cakewalk,FACE THOUGHT,Armstrong,2,0,False,False,2025-09-08
calculate,TRAP FOOT FACE,Armstrong,2,0,False,False,2025-09-08
calder,LETTER,Armstrong,2,0,False,False,2025-09-08
caleb,FACE DRESS,Armstrong,2,0,False,False,2025-09-08
calendar,TRAP LETTER,Armstrong,2,0,False,False,2025-09-08
calf,BATH,Armstrong,2,0,False,False,2025-09-08
calf-love,BATH STRUT,Armstrong,2,0,False,False,2025-09-08
california,TRAP NORTH,Armstrong,2,0,False,False,2025-09-08
call,THOUGHT,Armstrong,2,0,False,False,2025-09-08
caltrop,BATH LOT,Armstrong,2,0,False,False,2025-09-08
calve,BATH,Armstrong,2,0,False,False,2025-09-08
calves,BATH,Armstrong,2,0,False,False,2025-09-08
camberwell,TRAP LETTER DRESS,Armstrong,2,0,False,False,2025-09-08
cambodia,TRAP GOAT HAPPY,Armstrong,2,0,False,False,2025-09-08
camborne,TRAP FORCE,Armstrong,2,0,False,False,2025-09-08
cambourne,TRAP FORCE,Armstrong,2,0,False,False,2025-09-08
cambridge,FACE KIT,Armstrong,2,0,False,False,2025-09-08
camcorder,TRAP NORTH LETTER,Armstrong,2,0,False,False,2025-09-08
came,FACE,Armstrong,2,0,False,False,2025-09-08
camera,TRAP COMMA,Armstrong,2,0,False,False,2025-09-08
cameron,TRAP COMMA (LETTER),Armstrong,2,0,False,False,2025-09-08
cameroon,TRAP LETTER GOOSE,Armstrong,2,0,False,False,2025-09-08
camouflage,TRAP PALM COMMA,Armstrong,2,0,False,False,2025-09-08
campaign,TRAP FACE,Armstrong,2,0,False,False,2025-09-08
campbell,TRAP,Armstrong,2,0,False,False,2025-09-08
campfire,TRAP PRICE,Armstrong,2,0,False,False,2025-09-08
camping,TRAP,Armstrong,2,0,False,False,2025-09-08
campsite,TRAP PRICE,Armstrong,2,0,False,False,2025-09-08
can,TRAP COMMA,Armstrong,2,0,False,False,2025-09-08
canada,TRAP COMMA,Armstrong,2,0,False,False,2025-09-08
canary,SQUARE HAPPY,Armstrong,2,0,False,False,2025-09-08
cancer,TRAP LETTER,Armstrong,2,0,False,False,2025-09-08
cannot,(TRAP) LOT,Armstrong,2,0,False,False,2025-09-08
canoeing,GOOSE,Armstrong,2,0,False,False,2025-09-08
cantata,PALM,Armstrong,2,0,False,False,2025-09-08
canterbury,BATH LETTER HAPPY,Armstrong,2,0,False,False,2025-09-08
cantors,BATH NORTH,Armstrong,2,0,False,False,2025-09-08
cap,TRAP,Armstrong,2,0,False,False,2025-09-08
capable,FACE,Armstrong,2,0,False,False,2025-09-08
capacity,TRAP KIT,Armstrong,2,0,False,False,2025-09-08
cape,FACE,Armstrong,2,0,False,False,2025-09-08
capital,KIT TRAP,Armstrong,2,0,False,False,2025-09-08
capitol,TRAP,Armstrong,2,0,False,False,2025-09-08
capped,TRAP,Armstrong,2,0,False,False,2025-09-08
cappuccino,COMMA FLEECE GOAT,Armstrong,2,0,False,False,2025-09-08
captain,TRAP,Armstrong,2,0,False,False,2025-09-08
captcha,TRAP COMMA,Armstrong,2,0,False,False,2025-09-08
capture,TRAP LETTER,Armstrong,2,0,False,False,2025-09-08
capuche,GOOSE,Armstrong,2,0,False,False,2025-09-08
capuchin,GOOSE,Armstrong,2,0,False,False,2025-09-08
car,START,Armstrong,2,0,False,False,2025-09-08
car-ferry,DRESS START HAPPY,Armstrong,2,0,False,False,2025-09-08
carbon,START,Armstrong,2,0,False,False,2025-09-08
carbonic,START LOT,Armstrong,2,0,False,False,2025-09-08
carboxyl,START LOT,Armstrong,2,0,False,False,2025-09-08
carbuncle,START STRUT,Armstrong,2,0,False,False,2025-09-08
carburetor,START LETTER (FACE),Armstrong,2,0,False,False,2025-09-08
carcinogen,START KIT,Armstrong,2,0,False,False,2025-09-08
card,START,Armstrong,2,0,False,False,2025-09-08
card-carrying,START TRAP HAPPY,Armstrong,2,0,False,False,2025-09-08
cardboard,START FORCE,Armstrong,2,0,False,False,2025-09-08
cardiff,START KIT,Armstrong,2,0,False,False,2025-09-08
cardigan,START KIT,Armstrong,2,0,False,False,2025-09-08
cardiovascular,GOAT START BATH,Armstrong,2,0,False,False,2025-09-08
cardsharper,START LETTER,Armstrong,2,0,False,False,2025-09-08
care,SQUARE,Armstrong,2,0,False,False,2025-09-08
cared,SQUARE,Armstrong,2,0,False,False,2025-09-08
career,NEAR LETTER COMMA,Armstrong,2,0,False,False,2025-09-08
careers,NEAR LETTER,Armstrong,2,0,False,False,2025-09-08
carefree,SQUARE FLEECE,Armstrong,2,0,False,False,2025-09-08
careful,SQUARE STRUT,Armstrong,2,0,False,False,2025-09-08
carefulness,SQUARE STRUT,Armstrong,2,0,False,False,2025-09-08
careladen,SQUARE FACE,Armstrong,2,0,False,False,2025-09-08
careless,SQUARE,Armstrong,2,0,False,False,2025-09-08
carelessly,SQUARE HAPPY,Armstrong,2,0,False,False,2025-09-08
caremark,SQUARE START,Armstrong,2,0,False,False,2025-09-08
carer,SQUARE LETTER,Armstrong,2,0,False,False,2025-09-08
caretaker,FACE SQUARE LETTER,Armstrong,2,0,False,False,2025-09-08
careworn,SQUARE FORCE,Armstrong,2,0,False,False,2025-09-08
carey,SQUARE HAPPY,Armstrong,2,0,False,False,2025-09-08
carfare,START SQUARE,Armstrong,2,0,False,False,2025-09-08
carfax,START,Armstrong,2,0,False,False,2025-09-08
cargo,START GOAT,Armstrong,2,0,False,False,2025-09-08
caribbean,FLEECE NEAR (TRAP),Armstrong,2,0,False,False,2025-09-08
caricature,(CURE) COMMA TRAP,Armstrong,2,0,False,False,2025-09-08
caricatured,CURE,Armstrong,2,0,False,False,2025-09-08
caring,SQUARE,Armstrong,2,0,False,False,2025-09-08
carla,START,Armstrong,2,0,False,False,2025-09-08
carleen,START FLEECE,Armstrong,2,0,False,False,2025-09-08
carlos,LOT START,Armstrong,2,0,False,False,2025-09-08
carlton,START,Armstrong,2,0,False,False,2025-09-08
carmaker,START FACE,Armstrong,2,0,False,False,2025-09-08
carmen,START,Armstrong,2,0,False,False,2025-09-08
carmichael,START PRICE,Armstrong,2,0,False,False,2025-09-08
carnaby,START HAPPY,Armstrong,2,0,False,False,2025-09-08
carnation,START FACE,Armstrong,2,0,False,False,2025-09-08
carnegie,(DRESS) START (FACE) HAPPY,Armstrong,2,0,False,False,2025-09-08
carney,START,Armstrong,2,0,False,False,2025-09-08
carnival,START,Armstrong,2,0,False,False,2025-09-08
carnivorous,START KIT,Armstrong,2,0,False,False,2025-09-08
carol,TRAP,Armstrong,2,0,False,False,2025-09-08
caroline,TRAP PRICE,Armstrong,2,0,False,False,2025-09-08
carp,START,Armstrong,2,0,False,False,2025-09-08
carpathian,FACE START,Armstrong,2,0,False,False,2025-09-08
carpenter,START LETTER,Armstrong,2,0,False,False,2025-09-08
carpet,START,Armstrong,2,0,False,False,2025-09-08
carpology,START LOT HAPPY,Armstrong,2,0,False,False,2025-09-08
carr,START,Armstrong,2,0,False,False,2025-09-08
carriage,TRAP,Armstrong,2,0,False,False,2025-09-08
carrie,TRAP HAPPY,Armstrong,2,0,False,False,2025-09-08
carrier-bag,TRAP LETTER,Armstrong,2,0,False,False,2025-09-08
carrier-bags,LETTER TRAP,Armstrong,2,0,False,False,2025-09-08
carruthers,TRAP STRUT LETTERS,Armstrong,2,0,False,False,2025-09-08
carry,TRAP HAPPY,Armstrong,2,0,False,False,2025-09-08
carry-on,TRAP HAPPY LOT,Armstrong,2,0,False,False,2025-09-08
carson,START,Armstrong,2,0,False,False,2025-09-08
carstairs,SQUARE,Armstrong,2,0,False,False,2025-09-08
cart,START,Armstrong,2,0,False,False,2025-09-08
carthage,START,Armstrong,2,0,False,False,2025-09-08
carthew,START GOOSE,Armstrong,2,0,False,False,2025-09-08
carthusian,START GOOSE,Armstrong,2,0,False,False,2025-09-08
cartoon,GOOSE START,Armstrong,2,0,False,False,2025-09-08
cartouche,START GOOSE,Armstrong,2,0,False,False,2025-09-08
carvery,START LETTER HAPPY,Armstrong,2,0,False,False,2025-09-08
carving,START,Armstrong,2,0,False,False,2025-09-08
carving-fork,START NORTH,Armstrong,2,0,False,False,2025-09-08
carving-knife,START PRICE,Armstrong,2,0,False,False,2025-09-08
cary,SQUARE HAPPY,Armstrong,2,0,False,False,2025-09-08
carzey,START HAPPY,Armstrong,2,0,False,False,2025-09-08
casa,PALM,Armstrong,2,0,False,False,2025-09-08
cascade,TRAP,Armstrong,2,0,False,False,2025-09-08
case,FACE,Armstrong,2,0,False,False,2025-09-08
cash,TRAP,Armstrong,2,0,False,False,2025-09-08
cashier,TRAP NEAR,Armstrong,2,0,False,False,2025-09-08
cashmere,TRAP NEAR,Armstrong,2,0,False,False,2025-09-08
casino,FLEECE GOAT,Armstrong,2,0,False,False,2025-09-08
cask,BATH,Armstrong,2,0,False,False,2025-09-08
casket,BATH,Armstrong,2,0,False,False,2025-09-08
cassava,PALM,Armstrong,2,0,False,False,2025-09-08
cassie,TRAP HAPPY,Armstrong,2,0,False,False,2025-09-08
cassis,TRAP,Armstrong,2,0,False,False,2025-09-08
cast,BATH,Armstrong,2,0,False,False,2025-09-08
cast-iron,BATH PRICE,Armstrong,2,0,False,False,2025-09-08
castile,TRAP FLEECE,Armstrong,2,0,False,False,2025-09-08
casting,BATH,Armstrong,2,0,False,False,2025-09-08
castle,BATH,Armstrong,2,0,False,False,2025-09-08
castleford,BATH LETTER,Armstrong,2,0,False,False,2025-09-08
casual,TRAP GOOSE,Armstrong,2,0,False,False,2025-09-08
casually,TRAP GOOSE HAPPY,Armstrong,2,0,False,False,2025-09-08
casualty,TRAP GOOSE HAPPY,Armstrong,2,0,False,False,2025-09-08
cat,TRAP,Armstrong,2,0,False,False,2025-09-08
catacomb,TRAP GOOSE,Armstrong,2,0,False,False,2025-09-08
catalogue,TRAP LOT,Armstrong,2,0,False,False,2025-09-08
catalpa,TRAP COMMA,Armstrong,2,0,False,False,2025-09-08
catapult,TRAP STRUT,Armstrong,2,0,False,False,2025-09-08
catastrophe,TRAP HAPPY,Armstrong,2,0,False,False,2025-09-08
catch,TRAP,Armstrong,2,0,False,False,2025-09-08
catch-as-catch-can,TRAP,Armstrong,2,0,False,False,2025-09-08
catch-up,TRAP STRUP,Armstrong,2,0,False,False,2025-09-08
cate,FACE,Armstrong,2,0,False,False,2025-09-08
categorically,CLOTH/FORCE TRAP HAPPY,Armstrong,2,0,False,False,2025-09-08
category,TRAP LETTER COMMA,Armstrong,2,0,False,False,2025-09-08
caterham,FACE LETTER,Armstrong,2,0,False,False,2025-09-08
caterpillar,TRAP LETTER KIT,Armstrong,2,0,False,False,2025-09-08
catfood,TRAP GOOSE,Armstrong,2,0,False,False,2025-09-08
cathay,TRAP FACE,Armstrong,2,0,False,False,2025-09-08
cathcart,TRAP START,Armstrong,2,0,False,False,2025-09-08
cathedral,COMMA FLEECE,Armstrong,2,0,False,False,2025-09-08
catherine,TRAP KIT,Armstrong,2,0,False,False,2025-09-08
catheter,TRAP LETTER,Armstrong,2,0,False,False,2025-09-08
catholic,TRAP KIT,Armstrong,2,0,False,False,2025-09-08
cathy,TRAP HAPPY,Armstrong,2,0,False,False,2025-09-08
catwalk,TRAP THOUGHT,Armstrong,2,0,False,False,2025-09-08
caucasian,FACE THOUGHT,Armstrong,2,0,False,False,2025-09-08
caucasus,THOUGHT,Armstrong,2,0,False,False,2025-09-08
caught,THOUGHT,Armstrong,2,0,False,False,2025-09-08
cauliflower,THOUGHT MOUTH,Armstrong,2,0,False,False,2025-09-08
causal,THOUGHT,Armstrong,2,0,False,False,2025-09-08
causality,THOUGHT HAPPY,Armstrong,2,0,False,False,2025-09-08
causation,THOUGHT FACE,Armstrong,2,0,False,False,2025-09-08
cause,THOUGHT,Armstrong,2,0,False,False,2025-09-08
caustic,THOUGHT KIT,Armstrong,2,0,False,False,2025-09-08
causticity,THOUGHT KIT HAPPY,Armstrong,2,0,False,False,2025-09-08
caution,THOUGHT,Armstrong,2,0,False,False,2025-09-08
cautioned,THOUGHT,Armstrong,2,0,False,False,2025-09-08
cavalier,TRAP NEAR,Armstrong,2,0,False,False,2025-09-08
cave,FACE,Armstrong,2,0,False,False,2025-09-08
cavendish,TRAP KIT,Armstrong,2,0,False,False,2025-09-08
cavill,TRAP,Armstrong,2,0,False,False,2025-09-08
cavity,TRAP HAPPY,Armstrong,2,0,False,False,2025-09-08
cawdor,THOUGHT NORTH,Armstrong,2,0,False,False,2025-09-08
cawood,FACE FOOT,Armstrong,2,0,False,False,2025-09-08
cayman,FACE,Armstrong,2,0,False,False,2025-09-08
celeb,COMMA DRESS,Armstrong,2,0,False,False,2025-09-08
celebrate,DRESS FACE,Armstrong,2,0,False,False,2025-09-08
celebrity,KIT DRESS,Armstrong,2,0,False,False,2025-09-08
celina,COMMA FLEECE,Armstrong,2,0,False,False,2025-09-08
cellophane,FACE DRESS (GOAT),Armstrong,2,0,False,False,2025-09-08
censorious,FORCE FLEECE STRUT,Armstrong,2,0,False,False,2025-09-08
censure,LETTER,Armstrong,2,0,False,False,2025-09-08
centaurus,NORTH,Armstrong,2,0,False,False,2025-09-08
centaury,NORTH HAPPY,Armstrong,2,0,False,False,2025-09-08
center,DRESS LETTER,Armstrong,2,0,False,False,2025-09-08
centilitre,DRESS FLEECE,Armstrong,2,0,False,False,2025-09-08
centime,DRESS FLEECE,Armstrong,2,0,False,False,2025-09-08
centimetre,DRESS FLEECE,Armstrong,2,0,False,False,2025-09-08
centre,DRESS,Armstrong,2,0,False,False,2025-09-08
centrifugal,DRESS GOOSE,Armstrong,2,0,False,False,2025-09-08
centrifugation,DRESS FOOT FACE,Armstrong,2,0,False,False,2025-09-08
centrifuge,DRESS GOOSE,Armstrong,2,0,False,False,2025-09-08
century,DRESS LETTER COMMA,Armstrong,2,0,False,False,2025-09-08
cephalothorax,GOAT,Armstrong,2,0,False,False,2025-09-08
ceremony,DRESS HAPPY,Armstrong,2,0,False,False,2025-09-08
certain,NURSE,Armstrong,2,0,False,False,2025-09-08
certainly,NURSE HAPPY,Armstrong,2,0,False,False,2025-09-08
certificate,KIT NURSE,Armstrong,2,0,False,False,2025-09-08
cha-cha,PALM,Armstrong,2,0,False,False,2025-09-08
chaff,BATH,Armstrong,2,0,False,False,2025-09-08
chafing,FACE,Armstrong,2,0,False,False,2025-09-08
chain,FACE,Armstrong,2,0,False,False,2025-09-08
chainsaws,FACE THOUGHT,Armstrong,2,0,False,False,2025-09-08
chair,SQUARE,Armstrong,2,0,False,False,2025-09-08
chair-lift,SQUARE KIT,Armstrong,2,0,False,False,2025-09-08
chairman,SQUARE,Armstrong,2,0,False,False,2025-09-08
chairmen,SQUARE,Armstrong,2,0,False,False,2025-09-08
chairs,SQUARE,Armstrong,2,0,False,False,2025-09-08
chairwoman,SQUARE FOOT,Armstrong,2,0,False,False,2025-09-08
chalets,FACE,Armstrong,2,0,False,False,2025-09-08
chalk,THOUGHT,Armstrong,2,0,False,False,2025-09-08
challenge,TRAP,Armstrong,2,0,False,False,2025-09-08
chambers,FACE LETTER,Armstrong,2,0,False,False,2025-09-08
champagne,TRAP FACE,Armstrong,2,0,False,False,2025-09-08
champion,TRAP,Armstrong,2,0,False,False,2025-09-08
championship,TRAP KIT,Armstrong,2,0,False,False,2025-09-08
chandelier,TRAP NEAR,Armstrong,2,0,False,False,2025-09-08
change,FACE,Armstrong,2,0,False,False,2025-09-08
character,TRAP COMMA LETTER,Armstrong,2,0,False,False,2025-09-08
charcoal,START GOAT,Armstrong,2,0,False,False,2025-09-08
charge,START,Armstrong,2,0,False,False,2025-09-08
charger,START LETTER,Armstrong,2,0,False,False,2025-09-08
charity,TRAP HAPPY,Armstrong,2,0,False,False,2025-09-08
charles,START,Armstrong,2,0,False,False,2025-09-08
charlie,START HAPPY,Armstrong,2,0,False,False,2025-09-08
charlotte,START COMMA,Armstrong,2,0,False,False,2025-09-08
charm,START,Armstrong,2,0,False,False,2025-09-08
charmaine,START FACE,Armstrong,2,0,False,False,2025-09-08
charming,START,Armstrong,2,0,False,False,2025-09-08
chart,START,Armstrong,2,0,False,False,2025-09-08
charwoman,START FOOT,Armstrong,2,0,False,False,2025-09-08
chas,TRAP,Armstrong,2,0,False,False,2025-09-08
chase,FACE,Armstrong,2,0,False,False,2025-09-08
chassis,HAPPY,Armstrong,2,0,False,False,2025-09-08
chauffeur,GOAT NURSE,Armstrong,2,0,False,False,2025-09-08
cheadle,FLEECE,Armstrong,2,0,False,False,2025-09-08
cheap,FLEECE,Armstrong,2,0,False,False,2025-09-08
cheapside,FLEECE PRICE,Armstrong,2,0,False,False,2025-09-08
cheat,FLEECE,Armstrong,2,0,False,False,2025-09-08
check,DRESS,Armstrong,2,0,False,False,2025-09-08
checkout,DRESS MOUTH,Armstrong,2,0,False,False,2025-09-08
checkpoint,DRESS CHOICE,Armstrong,2,0,False,False,2025-09-08
cheeky,FLEECE HAPPY,Armstrong,2,0,False,False,2025-09-08
cheer,NEAR,Armstrong,2,0,False,False,2025-09-08
cheerful,NEAR,Armstrong,2,0,False,False,2025-09-08
cheering,NEAR,Armstrong,2,0,False,False,2025-09-08
cheerleader,NEAR LETTER,Armstrong,2,0,False,False,2025-09-08
cheers,NEAR,Armstrong,2,0,False,False,2025-09-08
cheery,NEAR HAPPY,Armstrong,2,0,False,False,2025-09-08
chef,DRESS,Armstrong,2,0,False,False,2025-09-08
chekhov,DRESS LOT,Armstrong,2,0,False,False,2025-09-08
chelsea,DRESS HAPPY,Armstrong,2,0,False,False,2025-09-08
chemolysis,FLEECE GOAT PRICE,Armstrong,2,0,False,False,2025-09-08
cherwell,START,Armstrong,2,0,False,False,2025-09-08
cheshire,DRESS LETTER,Armstrong,2,0,False,False,2025-09-08
chesterfield,DRESS LETTER FLEECE,Armstrong,2,0,False,False,2025-09-08
chestnut,DRESS STRUT,Armstrong,2,0,False,False,2025-09-08
chewing-gum,GOOSE STRUT,Armstrong,2,0,False,False,2025-09-08
chewy,GOOSE HAPPY,Armstrong,2,0,False,False,2025-09-08
chi,FLEECE,Armstrong,2,0,False,False,2025-09-08
chi-chi,FLEECE HAPPY,Armstrong,2,0,False,False,2025-09-08
chia,NEAR,Armstrong,2,0,False,False,2025-09-08
chic,FLEECE,Armstrong,2,0,False,False,2025-09-08
chicago,PALM GOAT,Armstrong,2,0,False,False,2025-09-08
chickadee,KIT HAPPY,Armstrong,2,0,False,False,2025-09-08
chickpea,KIT HAPPY,Armstrong,2,0,False,False,2025-09-08
chiffchaff,KIT TRAP,Armstrong,2,0,False,False,2025-09-08
child,PRICE,Armstrong,2,0,False,False,2025-09-08
child-bearing,PRICE SQUARE,Armstrong,2,0,False,False,2025-09-08
children,KIT (COMMA),Armstrong,2,0,False,False,2025-09-08
chili,KIT HAPPY,Armstrong,2,0,False,False,2025-09-08
china,PRICE COMMA,Armstrong,2,0,False,False,2025-09-08
chinese,PRICE FLEECE,Armstrong,2,0,False,False,2025-09-08
chipmunk,KIT STRUT,Armstrong,2,0,False,False,2025-09-08
chippewa,KIT PALM,Armstrong,2,0,False,False,2025-09-08
chiropractic,PRICE GOAT TRAP,Armstrong,2,0,False,False,2025-09-08
chit-chat,KIT TRAP,Armstrong,2,0,False,False,2025-09-08
chocho,GOAT,Armstrong,2,0,False,False,2025-09-08
chocolate,CLOTH,Armstrong,2,0,False,False,2025-09-08
chocolatey,CLOTH HAPPY,Armstrong,2,0,False,False,2025-09-08
choice,CHOICE,Armstrong,2,0,False,False,2025-09-08
cholesterol,LOT DRESS,Armstrong,2,0,False,False,2025-09-08
choose,GOOSE,Armstrong,2,0,False,False,2025-09-08
choral,FORCE,Armstrong,2,0,False,False,2025-09-08
chorale,PALM,Armstrong,2,0,False,False,2025-09-08
chord,NORTH,Armstrong,2,0,False,False,2025-09-08
chose,GOAT,Armstrong,2,0,False,False,2025-09-08
chosen,GOAT,Armstrong,2,0,False,False,2025-09-08
chow-chow,MOUTH,Armstrong,2,0,False,False,2025-09-08
christmas,COMMA KIT,Armstrong,2,0,False,False,2025-09-08
christopher,LETTER COMMA KIT,Armstrong,2,0,False,False,2025-09-08
chrome,GOAT,Armstrong,2,0,False,False,2025-09-08
chronograph,BATH GOAT,Armstrong,2,0,False,False,2025-09-08
chronological,LOT KIT,Armstrong,2,0,False,False,2025-09-08
chugalug,STRUT,Armstrong,2,0,False,False,2025-09-08
chukchee,HAPPY STRUT,Armstrong,2,0,False,False,2025-09-08
chunky,STRUT HAPPY,Armstrong,2,0,False,False,2025-09-08
church,NURSE,Armstrong,2,0,False,False,2025-09-08
churchill,NURSE KIT,Armstrong,2,0,False,False,2025-09-08
churro,GOOSE GOAT,Armstrong,2,0,False,False,2025-09-08
chutzpa,FOOT COMMA,Armstrong,2,0,False,False,2025-09-08
chuvash,TRAP GOOSE,Armstrong,2,0,False,False,2025-09-08
chuzzlewit,STRUT KIT,Armstrong,2,0,False,False,2025-09-08
ciao,MOUTH,Armstrong,2,0,False,False,2025-09-08
ciba,COMMA FLEECE,Armstrong,2,0,False,False,2025-09-08
cigarette,KIT DRESS,Armstrong,2,0,False,False,2025-09-08
ciggie,HAPPY KIT,Armstrong,2,0,False,False,2025-09-08
cimetidine,PRICE DRESS KIT,Armstrong,2,0,False,False,2025-09-08
cinema,PALM KIT,Armstrong,2,0,False,False,2025-09-08
cinquefoils,CHOICE KIT,Armstrong,2,0,False,False,2025-09-08
circa,COMMA NURSE,Armstrong,2,0,False,False,2025-09-08
circle,NURSE,Armstrong,2,0,False,False,2025-09-08
circuit,NURSE KIT,Armstrong,2,0,False,False,2025-09-08
circumcision,KIT STRUT NURSE,Armstrong,2,0,False,False,2025-09-08
circumstances,NURSE STRUT BATH,Armstrong,2,0,False,False,2025-09-08
circumstantial,BATH NURSE STRUT,Armstrong,2,0,False,False,2025-09-08
circumstantiate,BATH NURSE STRUT TRAP HAPPY FACE,Armstrong,2,0,False,False,2025-09-08
circus,NURSE,Armstrong,2,0,False,False,2025-09-08
cither,LETTER KIT,Armstrong,2,0,False,False,2025-09-08
citizen,KIT,Armstrong,2,0,False,False,2025-09-08
city,KIT HAPPY,Armstrong,2,0,False,False,2025-09-08
ciudad,FLEECE GOOSE PALM/TRAP,Armstrong,2,0,False,False,2025-09-08
civil,KIT,Armstrong,2,0,False,False,2025-09-08
clad,TRAP,Armstrong,2,0,False,False,2025-09-08
claims,FACE,Armstrong,2,0,False,False,2025-09-08
clair,SQUARE,Armstrong,2,0,False,False,2025-09-08
claire,SQUARE,Armstrong,2,0,False,False,2025-09-08
clairvoyant,SQUARE CHOICE,Armstrong,2,0,False,False,2025-09-08
clara,SQUARE COMMA START,Armstrong,2,0,False,False,2025-09-08
clare,SQUARE,Armstrong,2,0,False,False,2025-09-08
claremont,SQUARE LOT,Armstrong,2,0,False,False,2025-09-08
clark,START,Armstrong,2,0,False,False,2025-09-08
clarkson,START,Armstrong,2,0,False,False,2025-09-08
clash,TRAP,Armstrong,2,0,False,False,2025-09-08
class,BATH,Armstrong,2,0,False,False,2025-09-08
classic,TRAP KIT,Armstrong,2,0,False,False,2025-09-08
classical,TRAP KIT,Armstrong,2,0,False,False,2025-09-08
classified,TRAP PRICE KIT,Armstrong,2,0,False,False,2025-09-08
clause,THOUGHT,Armstrong,2,0,False,False,2025-09-08
clavier,NEAR,Armstrong,2,0,False,False,2025-09-08
clawback,THOUGHT TRAP,Armstrong,2,0,False,False,2025-09-08
claws,THOUGHT,Armstrong,2,0,False,False,2025-09-08
claydon,FACE,Armstrong,2,0,False,False,2025-09-08
claypan,FACE TRAP,Armstrong,2,0,False,False,2025-09-08
clean,FLEECE,Armstrong,2,0,False,False,2025-09-08
cleancut,FLEECE STRUT,Armstrong,2,0,False,False,2025-09-08
clear,NEAR,Armstrong,2,0,False,False,2025-09-08
clear-cut,NEAR STRUT,Armstrong,2,0,False,False,2025-09-08
clear-sighted,NEAR PRICE,Armstrong,2,0,False,False,2025-09-08
clearcole,NEAR GOAT,Armstrong,2,0,False,False,2025-09-08
cleared,NEAR,Armstrong,2,0,False,False,2025-09-08
clearer,NEAR LETTER,Armstrong,2,0,False,False,2025-09-08
clearest,NEAR,Armstrong,2,0,False,False,2025-09-08
clearly,NEAR HAPPY,Armstrong,2,0,False,False,2025-09-08
clearness,NEAR,Armstrong,2,0,False,False,2025-09-08
clearwater,NEAR THOUGHT LETTER,Armstrong,2,0,False,False,2025-09-08
clearway,NEAR FACE,Armstrong,2,0,False,False,2025-09-08
cleethorpe,NORTH FLEECE,Armstrong,2,0,False,False,2025-09-08
clegg,DRESS,Armstrong,2,0,False,False,2025-09-08
clerestories,NEAR FORCE HAPPY,Armstrong,2,0,False,False,2025-09-08
click,KIT,Armstrong,2,0,False,False,2025-09-08
climate,PRICE,Armstrong,2,0,False,False,2025-09-08
climbing,PRICE KIT,Armstrong,2,0,False,False,2025-09-08
clingy,HAPPY KIT,Armstrong,2,0,False,False,2025-09-08
clip,KIT,Armstrong,2,0,False,False,2025-09-08
clip-joint,CHOICE KIT,Armstrong,2,0,False,False,2025-09-08
clique,FLEECE,Armstrong,2,0,False,False,2025-09-08
clive,PRICE,Armstrong,2,0,False,False,2025-09-08
clock-tower,MOUTH LOT LETTER,Armstrong,2,0,False,False,2025-09-08
clock-watching,LOT KIT,Armstrong,2,0,False,False,2025-09-08
clogs,CLOTH,Armstrong,2,0,False,False,2025-09-08
clooney,GOOSE HAPPY,Armstrong,2,0,False,False,2025-09-08
close-up,STRUT GOAT,Armstrong,2,0,False,False,2025-09-08
closed-door,FORCE GOAT,Armstrong,2,0,False,False,2025-09-08
closer,LETTER GOAT,Armstrong,2,0,False,False,2025-09-08
closing,GOAT KIT,Armstrong,2,0,False,False,2025-09-08
closure,LETTER GOAT,Armstrong,2,0,False,False,2025-09-08
closures,GOAT LETTER,Armstrong,2,0,False,False,2025-09-08
clothe,GOAT,Armstrong,2,0,False,False,2025-09-08
clothes,GOAT,Armstrong,2,0,False,False,2025-09-08
clothes-hangers,GOAT TRAP LETTER,Armstrong,2,0,False,False,2025-09-08
clothing,GOAT KIT,Armstrong,2,0,False,False,2025-09-08
cloture,GOAT LETTER,Armstrong,2,0,False,False,2025-09-08
cloud,MOUTH,Armstrong,2,0,False,False,2025-09-08
clough,STRUT,Armstrong,2,0,False,False,2025-09-08
cloys,CHOICE,Armstrong,2,0,False,False,2025-09-08
club,STRUT,Armstrong,2,0,False,False,2025-09-08
clung,STRUT,Armstrong,2,0,False,False,2025-09-08
clutch,STRUT,Armstrong,2,0,False,False,2025-09-08
co-op,LOT,Armstrong,2,0,False,False,2025-09-08
co-respondent,GOAT LOT,Armstrong,2,0,False,False,2025-09-08
co-star,START GOAT,Armstrong,2,0,False,False,2025-09-08
co-starring,GOAT START KIT,Armstrong,2,0,False,False,2025-09-08
co-worker,GOAT LETTER NURSE,Armstrong,2,0,False,False,2025-09-08
coach,GOAT,Armstrong,2,0,False,False,2025-09-08
coachella,GOAT DRESS,Armstrong,2,0,False,False,2025-09-08
coalbunker,STRUT GOAT LETTER,Armstrong,2,0,False,False,2025-09-08
coalseam,FLEECE GOAT,Armstrong,2,0,False,False,2025-09-08
coarse-grained,FORCE FACE,Armstrong,2,0,False,False,2025-09-08
coarsely,FORCE HAPPY,Armstrong,2,0,False,False,2025-09-08
coarsen,FORCE,Armstrong,2,0,False,False,2025-09-08
coarseness,FORCE,Armstrong,2,0,False,False,2025-09-08
coarser,FORCE LETTER,Armstrong,2,0,False,False,2025-09-08
coast,GOAT,Armstrong,2,0,False,False,2025-09-08
coat-hanger,TRAP LETTER GOAT,Armstrong,2,0,False,False,2025-09-08
coauthor,LETTER GOAT THOUGHT,Armstrong,2,0,False,False,2025-09-08
cobalt,LOT GOAT,Armstrong,2,0,False,False,2025-09-08
cobweb,DRESS LOT,Armstrong,2,0,False,False,2025-09-08
coca-cola,GOAT COMMA,Armstrong,2,0,False,False,2025-09-08
cocaine,FACE GOAT,Armstrong,2,0,False,False,2025-09-08
cochin,GOAT HAPPY,Armstrong,2,0,False,False,2025-09-08
cockroach,GOAT LOT,Armstrong,2,0,False,False,2025-09-08
coco,GOAT,Armstrong,2,0,False,False,2025-09-08
cocoa,GOAT,Armstrong,2,0,False,False,2025-09-08
coconut,STRUT GOAT,Armstrong,2,0,False,False,2025-09-08
code,GOAT,Armstrong,2,0,False,False,2025-09-08
coffee,CLOTH HAPPY,Armstrong,2,0,False,False,2025-09-08
coffee-house,MOUTH GOAT HAPPY,Armstrong,2,0,False,False,2025-09-08
coffer,CLOTH LETTER,Armstrong,2,0,False,False,2025-09-08
coffey,HAPPY CLOTH,Armstrong,2,0,False,False,2025-09-08
coffin,CLOTH KIT,Armstrong,2,0,False,False,2025-09-08
cogency,GOAT happy,Armstrong,2,0,False,False,2025-09-08
cogent,GOAT,Armstrong,2,0,False,False,2025-09-08
cognitive,LOT KIT,Armstrong,2,0,False,False,2025-09-08
cohabitation,TRAP GOAT KIT FACE,Armstrong,2,0,False,False,2025-09-08
cohere,NEAR GOAT,Armstrong,2,0,False,False,2025-09-08
cohosh,LOT GOAT,Armstrong,2,0,False,False,2025-09-08
coiffure,PALM CURE,Armstrong,2,0,False,False,2025-09-08
coil,CHOICE,Armstrong,2,0,False,False,2025-09-08
coin,CHOICE,Armstrong,2,0,False,False,2025-09-08
coir,CHOICE,Armstrong,2,0,False,False,2025-09-08
cold,GOAT,Armstrong,2,0,False,False,2025-09-08
coldstream,FLEECE GOAT,Armstrong,2,0,False,False,2025-09-08
coleraine,FACE GOAT,Armstrong,2,0,False,False,2025-09-08
coliseum,NEAR KIT,Armstrong,2,0,False,False,2025-09-08
collaborative,TRAP KIT,Armstrong,2,0,False,False,2025-09-08
colleague,FLEECE LOT,Armstrong,2,0,False,False,2025-09-08
collection,COMMA DRESS,Armstrong,2,0,False,False,2025-09-08
college,KIT LOT,Armstrong,2,0,False,False,2025-09-08
collegiate,FLEECE,Armstrong,2,0,False,False,2025-09-08
collision,KIT,Armstrong,2,0,False,False,2025-09-08
collywobbles,LOT HAPPY,Armstrong,2,0,False,False,2025-09-08
colne,GOAT,Armstrong,2,0,False,False,2025-09-08
colney,GOAT HAPPY,Armstrong,2,0,False,False,2025-09-08
colon,GOAT,Armstrong,2,0,False,False,2025-09-08
color,LETTER,Armstrong,2,0,False,False,2025-09-08
colorado,PALM LOT GOAT,Armstrong,2,0,False,False,2025-09-08
colorful,LETTER FOOT STRUT,Armstrong,2,0,False,False,2025-09-08
colour,STRUT LETTER,Armstrong,2,0,False,False,2025-09-08
coloured,STRUT LETTER,Armstrong,2,0,False,False,2025-09-08
colourful,LETTER STRUT FOOT,Armstrong,2,0,False,False,2025-09-08
columba,COMMA STRUT,Armstrong,2,0,False,False,2025-09-08
colyer,LETTER LOT,Armstrong,2,0,False,False,2025-09-08
combat,TRAP LOT,Armstrong,2,0,False,False,2025-09-08
combinatorial,FORCE LOT HAPPY KIT,Armstrong,2,0,False,False,2025-09-08
combine,PRICE,Armstrong,2,0,False,False,2025-09-08
combos,GOAT LOT,Armstrong,2,0,False,False,2025-09-08
come,STRUT,Armstrong,2,0,False,False,2025-09-08
come-hither,KIT STRUT LETTER,Armstrong,2,0,False,False,2025-09-08
comedy,HAPPY COMMA LOT,Armstrong,2,0,False,False,2025-09-08
comey,HAPPY LOT,Armstrong,2,0,False,False,2025-09-08
comfort,STRUT LETTER,Armstrong,2,0,False,False,2025-09-08
comfortable,STRUT LOT KIT,Armstrong,2,0,False,False,2025-09-08
coming-out,MOUTH,Armstrong,2,0,False,False,2025-09-08
comment,DRESS LOT,Armstrong,2,0,False,False,2025-09-08
commenting,LOT DRESS KIT,Armstrong,2,0,False,False,2025-09-08
commercial,NURSE,Armstrong,2,0,False,False,2025-09-08
commie,HAPPY LOT,Armstrong,2,0,False,False,2025-09-08
commission,KIT,Armstrong,2,0,False,False,2025-09-08
commissioner,LETTER KIT,Armstrong,2,0,False,False,2025-09-08
committee,HAPPY KIT,Armstrong,2,0,False,False,2025-09-08
commonly,LOT HAPPY,Armstrong,2,0,False,False,2025-09-08
commonwealth,DRESS LOT,Armstrong,2,0,False,False,2025-09-08
commune,GOOSE LOT,Armstrong,2,0,False,False,2025-09-08
communication,GOOSE KIT FACE,Armstrong,2,0,False,False,2025-09-08
communist,FOOT LOT KIT,Armstrong,2,0,False,False,2025-09-08
community,COMMA GOOSE KIT HAPPY,Armstrong,2,0,False,False,2025-09-08
commuter,GOOSE LETTER,Armstrong,2,0,False,False,2025-09-08
comorbid,NORTH GOAT KIT,Armstrong,2,0,False,False,2025-09-08
companies,COMMA STRUT HAPPY,Armstrong,2,0,False,False,2025-09-08
company,STRUT HAPPY,Armstrong,2,0,False,False,2025-09-08
compaq,LOT TRAP,Armstrong,2,0,False,False,2025-09-08
compare,SQUARE,Armstrong,2,0,False,False,2025-09-08
compared,SQUARE,Armstrong,2,0,False,False,2025-09-08
compares,SQUARE,Armstrong,2,0,False,False,2025-09-08
comparing,SQUARE KIT,Armstrong,2,0,False,False,2025-09-08
compeer,NEAR LOT,Armstrong,2,0,False,False,2025-09-08
compensation,DRESS LOT FACE,Armstrong,2,0,False,False,2025-09-08
compere,SQUARE LOT,Armstrong,2,0,False,False,2025-09-08
competition,KIT COMMA LOT,Armstrong,2,0,False,False,2025-09-08
complaints,FACE,Armstrong,2,0,False,False,2025-09-08
complete,COMMA FLEECE,Armstrong,2,0,False,False,2025-09-08
complex,DRESS LOT,Armstrong,2,0,False,False,2025-09-08
compliments,LOT KIT,Armstrong,2,0,False,False,2025-09-08
components,GOAT,Armstrong,2,0,False,False,2025-09-08
composer,LETTER GOAT,Armstrong,2,0,False,False,2025-09-08
composure,GOAT LETTER,Armstrong,2,0,False,False,2025-09-08
computer,GOOSE COMMA LETTER,Armstrong,2,0,False,False,2025-09-08
concave,FACE LOT,Armstrong,2,0,False,False,2025-09-08
concept,DRESS LOT,Armstrong,2,0,False,False,2025-09-08
concern,NURSE,Armstrong,2,0,False,False,2025-09-08
concert,LETTER LOT,Armstrong,2,0,False,False,2025-09-08
concerted,NURSE,Armstrong,2,0,False,False,2025-09-08
concertgebouw,MOUTH NURSE LOT,Armstrong,2,0,False,False,2025-09-08
concerto,SQUARE GOAT,Armstrong,2,0,False,False,2025-09-08
conchie,HAPPY LOT,Armstrong,2,0,False,False,2025-09-08
concierge,SQUARE LOT HAPPY,Armstrong,2,0,False,False,2025-09-08
conclude,GOOSE,Armstrong,2,0,False,False,2025-09-08
conclusion,GOOSE,Armstrong,2,0,False,False,2025-09-08
concord,NORTH LOT,Armstrong,2,0,False,False,2025-09-08
concorde,NORTH FORCE LOT,Armstrong,2,0,False,False,2025-09-08
concrete,FLEECE LOT,Armstrong,2,0,False,False,2025-09-08
concubine,FOOT LOT PRICE,Armstrong,2,0,False,False,2025-09-08
concupsicent,GOOSE KIT,Armstrong,2,0,False,False,2025-09-08
condemnation,DRESS LOT FACE,Armstrong,2,0,False,False,2025-09-08
condition,KIT,Armstrong,2,0,False,False,2025-09-08
conditions,KIT,Armstrong,2,0,False,False,2025-09-08
condors,NORTH LOT,Armstrong,2,0,False,False,2025-09-08
condos,GOAT LOT,Armstrong,2,0,False,False,2025-09-08
conference,LETTER COMMA LOT,Armstrong,2,0,False,False,2025-09-08
confession,DRESS,Armstrong,2,0,False,False,2025-09-08
confetti,HAPPY DRESS,Armstrong,2,0,False,False,2025-09-08
confirm,NURSE,Armstrong,2,0,False,False,2025-09-08
confirmation,LETTER LOT FACE,Armstrong,2,0,False,False,2025-09-08
confrere,SQUARE,Armstrong,2,0,False,False,2025-09-08
confuse,GOOSE,Armstrong,2,0,False,False,2025-09-08
confusion,GOOSE,Armstrong,2,0,False,False,2025-09-08
conga,COMMA LOT,Armstrong,2,0,False,False,2025-09-08
congee,HAPPY LOT,Armstrong,2,0,False,False,2025-09-08
congrats,COMMA TRAP,Armstrong,2,0,False,False,2025-09-08
congratulations,TRAP GOOSE FACE,Armstrong,2,0,False,False,2025-09-08
conjunctiva,STRUT LOT PRICE,Armstrong,2,0,False,False,2025-09-08
connect,DRESS,Armstrong,2,0,False,False,2025-09-08
connectivity,KIT (LOT) DRESS HAPPY,Armstrong,2,0,False,False,2025-09-08
connelly,COMMA HAPPY,Armstrong,2,0,False,False,2025-09-08
connemara,START LOT,Armstrong,2,0,False,False,2025-09-08
conquistadors,NORTH LOT FLEECE,Armstrong,2,0,False,False,2025-09-08
conrad,TRAP LOT,Armstrong,2,0,False,False,2025-09-08
conroy,CHOICE LOT,Armstrong,2,0,False,False,2025-09-08
consecutive,FOOT DRESS KIT,Armstrong,2,0,False,False,2025-09-08
conservation,LETTER LOT FACE,Armstrong,2,0,False,False,2025-09-08
conservative,NURSE KIT,Armstrong,2,0,False,False,2025-09-08
conservatory,NURSE NORTH HAPPY,Armstrong,2,0,False,False,2025-09-08
consider,KIT LETTER,Armstrong,2,0,False,False,2025-09-08
consignment,PRICE,Armstrong,2,0,False,False,2025-09-08
console,GOAT LOT,Armstrong,2,0,False,False,2025-09-08
consort,NORTH FORCE LOT,Armstrong,2,0,False,False,2025-09-08
consortium,NORTH HAPPY,Armstrong,2,0,False,False,2025-09-08
conspiracy,KIT HAPPY,Armstrong,2,0,False,False,2025-09-08
constant,LOT,Armstrong,2,0,False,False,2025-09-08
constituency,KIT GOOSE HAPPY,Armstrong,2,0,False,False,2025-09-08
constitute,GOOSE LOT KIT,Armstrong,2,0,False,False,2025-09-08
constitutionality,GOOSE LOT KIT HAPPY,Armstrong,2,0,False,False,2025-09-08
construct,STRUT LOT,Armstrong,2,0,False,False,2025-09-08
construction,STRUT,Armstrong,2,0,False,False,2025-09-08
consubstantial,BATH STRUT TRAP LOT,Armstrong,2,0,False,False,2025-09-08
consubstantiality,BATH STRUT HAPPY TRAP KIT,Armstrong,2,0,False,False,2025-09-08
consultancy,STRUT HAPPY,Armstrong,2,0,False,False,2025-09-08
consultant,STRUT LOT,Armstrong,2,0,False,False,2025-09-08
consumer,GOOSE LETTER,Armstrong,2,0,False,False,2025-09-08
contact,TRAP LOT,Armstrong,2,0,False,False,2025-09-08
contain,FACE,Armstrong,2,0,False,False,2025-09-08
continual,GOOSE KIT,Armstrong,2,0,False,False,2025-09-08
continue,GOOSE COMMA KIT,Armstrong,2,0,False,False,2025-09-08
continued,GOOSE KIT,Armstrong,2,0,False,False,2025-09-08
continues,GOOSE KIT,Armstrong,2,0,False,False,2025-09-08
continuing,GOOSE KIT,Armstrong,2,0,False,False,2025-09-08
contort,NORTH LOT,Armstrong,2,0,False,False,2025-09-08
contortion,NORTH,Armstrong,2,0,False,False,2025-09-08
contour,CURE (FORCE),Armstrong,2,0,False,False,2025-09-08
contoured,CURE LOT,Armstrong,2,0,False,False,2025-09-08
contouring,CURE LOT KIT,Armstrong,2,0,False,False,2025-09-08
contours,CURE LOT,Armstrong,2,0,False,False,2025-09-08
contract,TRAP LOT,Armstrong,2,0,False,False,2025-09-08
contralto,BATH LOT GOAT,Armstrong,2,0,False,False,2025-09-08
contrary,SQUARE HAPPY,Armstrong,2,0,False,False,2025-09-08
contrast,BATH LOT,Armstrong,2,0,False,False,2025-09-08
contribution,GOOSE LOT KIT,Armstrong,2,0,False,False,2025-09-08
contributor,KIT FOOT LETTER,Armstrong,2,0,False,False,2025-09-08
control,GOAT,Armstrong,2,0,False,False,2025-09-08
controversial,COMMA NURSE,Armstrong,2,0,False,False,2025-09-08
controversially,NURSE HAPPY,Armstrong,2,0,False,False,2025-09-08
controversy,LETTER HAPPY,Armstrong,2,0,False,False,2025-09-08
contusion,GOOSE,Armstrong,2,0,False,False,2025-09-08
convenient,FLEECE,Armstrong,2,0,False,False,2025-09-08
conversation,LETTER FACE,Armstrong,2,0,False,False,2025-09-08
conversion,NURSE,Armstrong,2,0,False,False,2025-09-08
convertible,NURSE KIT,Armstrong,2,0,False,False,2025-09-08
convolution,GOOSE LOT,Armstrong,2,0,False,False,2025-09-08
cooch,GOOSE,Armstrong,2,0,False,False,2025-09-08
cook,FOOT,Armstrong,2,0,False,False,2025-09-08
cookbook,FOOT,Armstrong,2,0,False,False,2025-09-08
cooke,FOOT,Armstrong,2,0,False,False,2025-09-08
cookie,HAPPY FOOT,Armstrong,2,0,False,False,2025-09-08
cookies,FOOT HAPPY,Armstrong,2,0,False,False,2025-09-08
cool,GOOSE,Armstrong,2,0,False,False,2025-09-08
coolabah,PALM GOOSE,Armstrong,2,0,False,False,2025-09-08
cooling-tower,MOUTH GOOSE KIT LETTER,Armstrong,2,0,False,False,2025-09-08
cooper,GOOSE LETTER,Armstrong,2,0,False,False,2025-09-08
cope,GOAT,Armstrong,2,0,False,False,2025-09-08
copenhagen,FACE GOAT,Armstrong,2,0,False,False,2025-09-08
copy,HAPPY LOT,Armstrong,2,0,False,False,2025-09-08
copyright,LOT PRICE HAPPY,Armstrong,2,0,False,False,2025-09-08
coral,(CLOTH),Armstrong,2,0,False,False,2025-09-08
corby,NORTH HAPPY,Armstrong,2,0,False,False,2025-09-08
cord,NORTH,Armstrong,2,0,False,False,2025-09-08
corda,COMMA NORTH,Armstrong,2,0,False,False,2025-09-08
cordelia,NORTH FLEECE HAPPY,Armstrong,2,0,False,False,2025-09-08
cordoba,COMMA NORTH GOAT,Armstrong,2,0,False,False,2025-09-08
core,FORCE,Armstrong,2,0,False,False,2025-09-08
coreferential,DRESS GOAT,Armstrong,2,0,False,False,2025-09-08
coreligionist,GOAT KIT,Armstrong,2,0,False,False,2025-09-08
corfu,NORTH,Armstrong,2,0,False,False,2025-09-08
corgi,NORTH HAPPY,Armstrong,2,0,False,False,2025-09-08
cork,NORTH,Armstrong,2,0,False,False,2025-09-08
corkscrews,GOOSE NORTH,Armstrong,2,0,False,False,2025-09-08
corn,NORTH,Armstrong,2,0,False,False,2025-09-08
corncob,LOT NORTH,Armstrong,2,0,False,False,2025-09-08
corner,NORTH LETTER,Armstrong,2,0,False,False,2025-09-08
cornflower,MOUTH NORTH LETTER,Armstrong,2,0,False,False,2025-09-08
cornish,NORTH KIT,Armstrong,2,0,False,False,2025-09-08
cornstarch,START NORTH,Armstrong,2,0,False,False,2025-09-08
cornucopia,FOOT NORTH GOAT HAPPY,Armstrong,2,0,False,False,2025-09-08
cornus,NORTH,Armstrong,2,0,False,False,2025-09-08
cornwall,THOUGHT NORTH,Armstrong,2,0,False,False,2025-09-08
coronary,(CLOTH) SQUARE HAPPY,Armstrong,2,0,False,False,2025-09-08
coronavirus,GOAT LETTER COMMA PRICE,Armstrong,2,0,False,False,2025-09-08
coroner,(CLOTH) LETTER,Armstrong,2,0,False,False,2025-09-08
corporal,NORTH,Armstrong,2,0,False,False,2025-09-08
corporate,LETTER NORTH,Armstrong,2,0,False,False,2025-09-08
corporeal,NORTH HAPPY,Armstrong,2,0,False,False,2025-09-08
corpse,NORTH,Armstrong,2,0,False,False,2025-09-08
correlate,(CLOTH) FACE,Armstrong,2,0,False,False,2025-09-08
correspond,(CLOTH) NORTH,Armstrong,2,0,False,False,2025-09-08
corridors,NORTH KIT,Armstrong,2,0,False,False,2025-09-08
corrosion,GOAT,Armstrong,2,0,False,False,2025-09-08
corruption,STRUT,Armstrong,2,0,False,False,2025-09-08
corsage,PALM NORTH,Armstrong,2,0,False,False,2025-09-08
corsair,SQUARE NORTH,Armstrong,2,0,False,False,2025-09-08
corse,NORTH,Armstrong,2,0,False,False,2025-09-08
corset,NORTH,Armstrong,2,0,False,False,2025-09-08
corsica,COMMA NORTH KIT,Armstrong,2,0,False,False,2025-09-08
cortado,PALM NORTH GOAT,Armstrong,2,0,False,False,2025-09-08
cortez,DRESS NORTH,Armstrong,2,0,False,False,2025-09-08
corvette,NORTH DRESS,Armstrong,2,0,False,False,2025-09-08
corvina,NORTH FLEECE,Armstrong,2,0,False,False,2025-09-08
corvine,NORTH PRICE,Armstrong,2,0,False,False,2025-09-08
corwen,NORTH,Armstrong,2,0,False,False,2025-09-08
cosmetic,LOT DRESS KIT,Armstrong,2,0,False,False,2025-09-08
cosmetologist,LOT DRESS KIT,Armstrong,2,0,False,False,2025-09-08
cosmo,LOT GOAT,Armstrong,2,0,False,False,2025-09-08
cosmogeny,LOT DRESS HAPPY,Armstrong,2,0,False,False,2025-09-08
cosmographer,LOT BATH LETTER,Armstrong,2,0,False,False,2025-09-08
cosmology,LOT HAPPY,Armstrong,2,0,False,False,2025-09-08
cosmos,(LOT) (GOAT),Armstrong,2,0,False,False,2025-09-08
cost,CLOTH,Armstrong,2,0,False,False,2025-09-08
costarring,START GOAT KIT,Armstrong,2,0,False,False,2025-09-08
costume,GOOSE LOT,Armstrong,2,0,False,False,2025-09-08
cothi,HAPPY,Armstrong,2,0,False,False,2025-09-08
cotswold,GOAT LOT,Armstrong,2,0,False,False,2025-09-08
couch,MOUTH,Armstrong,2,0,False,False,2025-09-08
couchette,GOOSE DRESS,Armstrong,2,0,False,False,2025-09-08
cougar,GOOSE LETTER,Armstrong,2,0,False,False,2025-09-08
cough,CLOTH,Armstrong,2,0,False,False,2025-09-08
could,FOOT COMMA,Armstrong,2,0,False,False,2025-09-08
council,MOUTH,Armstrong,2,0,False,False,2025-09-08
council-chamber,FACE LETTER MOUTH,Armstrong,2,0,False,False,2025-09-08
countermeasure,DRESS MOUTH LETTER,Armstrong,2,0,False,False,2025-09-08
countermove,GOOSE MOUTH LETTER,Armstrong,2,0,False,False,2025-09-08
counterpart,LETTER MOUTH START,Armstrong,2,0,False,False,2025-09-08
counterpoint,CHOICE MOUTH LETTER,Armstrong,2,0,False,False,2025-09-08
counterpoise,CHOICE MOUTH LETTER,Armstrong,2,0,False,False,2025-09-08
counterrevolutionary,DRESS MOUTH LETTER GOOSE SQUARE HAPPY,Armstrong,2,0,False,False,2025-09-08
countersign,PRICE MOUTH LETTER,Armstrong,2,0,False,False,2025-09-08
countersunk,STRUT MOUTH LETTER,Armstrong,2,0,False,False,2025-09-08
country,STRUT HAPPY,Armstrong,2,0,False,False,2025-09-08
country-house,MOUTH STRUT HAPPY,Armstrong,2,0,False,False,2025-09-08
countryside,PRICE STRUT HAPPY,Armstrong,2,0,False,False,2025-09-08
countrywide,HAPPY STRUT PRICE,Armstrong,2,0,False,False,2025-09-08
county,MOUTH HAPPY,Armstrong,2,0,False,False,2025-09-08
couple,STRUT,Armstrong,2,0,False,False,2025-09-08
courage,STRUT KIT,Armstrong,2,0,False,False,2025-09-08
courageous,FACE STRUT,Armstrong,2,0,False,False,2025-09-08
courbet,CURE KIT,Armstrong,2,0,False,False,2025-09-08
courgette,FORCE DRESS,Armstrong,2,0,False,False,2025-09-08
courier,FOOT CURE,Armstrong,2,0,False,False,2025-09-08
courland,CURE,Armstrong,2,0,False,False,2025-09-08
course,FORCE,Armstrong,2,0,False,False,2025-09-08
court,FORCE,Armstrong,2,0,False,False,2025-09-08
courtelle,FORCE DRESS,Armstrong,2,0,False,False,2025-09-08
courtier,FORCE HAPPY LETTER,Armstrong,2,0,False,False,2025-09-08
courtyard,START FORCE,Armstrong,2,0,False,False,2025-09-08
courvoisier,CURE PALM HAPPY,Armstrong,2,0,False,False,2025-09-08
cousin,STRUT KIT,Armstrong,2,0,False,False,2025-09-08
cousins,STRUT KIT,Armstrong,2,0,False,False,2025-09-08
couture,GOOSE CURE,Armstrong,2,0,False,False,2025-09-08
couturier,GOOSE CURE HAPPY,Armstrong,2,0,False,False,2025-09-08
couvade,PALM GOOSE,Armstrong,2,0,False,False,2025-09-08
cover,STRUT LETTER,Armstrong,2,0,False,False,2025-09-08
cover-charge,STRUT LETTER START,Armstrong,2,0,False,False,2025-09-08
cover-up,STRUT LETTER,Armstrong,2,0,False,False,2025-09-08
coverage,STRUT LETTER,Armstrong,2,0,False,False,2025-09-08
coverall,STRUT LETTER,Armstrong,2,0,False,False,2025-09-08
covet,STRUT KIT,Armstrong,2,0,False,False,2025-09-08
covey,HAPPY STRUT,Armstrong,2,0,False,False,2025-09-08
covid-19,KIT GOAT PRICE FLEECE,Armstrong,2,0,False,False,2025-09-08
cow,MOUTH,Armstrong,2,0,False,False,2025-09-08
cowan,MOUTH,Armstrong,2,0,False,False,2025-09-08
cowbell,MOUTH DRESS,Armstrong,2,0,False,False,2025-09-08
cowberry,MOUTH DRESS HAPPY,Armstrong,2,0,False,False,2025-09-08
cowbind,MOUTH PRICE,Armstrong,2,0,False,False,2025-09-08
cowbird,MOUTH NURSE,Armstrong,2,0,False,False,2025-09-08
cowboy,CHOICE MOUTH,Armstrong,2,0,False,False,2025-09-08
cowboys,CHOICE MOUTH,Armstrong,2,0,False,False,2025-09-08
cowcatcher,MOUTH TRAP LETTER,Armstrong,2,0,False,False,2025-09-08
cowell,MOUTH,Armstrong,2,0,False,False,2025-09-08
cowgill,MOUTH KIT,Armstrong,2,0,False,False,2025-09-08
cowgirl,MOUTH NURSE,Armstrong,2,0,False,False,2025-09-08
cowl,MOUTH,Armstrong,2,0,False,False,2025-09-08
cowley,MOUTH HAPPY,Armstrong,2,0,False,False,2025-09-08
cowling,MOUTH KIT,Armstrong,2,0,False,False,2025-09-08
cowman,MOUTH,Armstrong,2,0,False,False,2025-09-08
cowpat,MOUTH TRAP,Armstrong,2,0,False,False,2025-09-08
cowpoke,MOUTH GOAT,Armstrong,2,0,False,False,2025-09-08
cowpox,MOUTH LOT,Armstrong,2,0,False,False,2025-09-08
cowrie,MOUTH HAPPY,Armstrong,2,0,False,False,2025-09-08
cows,MOUTH,Armstrong,2,0,False,False,2025-09-08
cowsheds,MOUTH DRESS,Armstrong,2,0,False,False,2025-09-08
coy,CHOICE,Armstrong,2,0,False,False,2025-09-08
coyer,CHOICE LETTER,Armstrong,2,0,False,False,2025-09-08
coypu,CHOICE GOOSE,Armstrong,2,0,False,False,2025-09-08
cozens,STRUT,Armstrong,2,0,False,False,2025-09-08
crackdown,MOUTH TRAP,Armstrong,2,0,False,False,2025-09-08
cracker-barrel,TRAP LETTER,Armstrong,2,0,False,False,2025-09-08
cradle,FACE,Armstrong,2,0,False,False,2025-09-08
craft,BATH,Armstrong,2,0,False,False,2025-09-08
craignure,FACE CURE,Armstrong,2,0,False,False,2025-09-08
craquelure,CURE TRAP,Armstrong,2,0,False,False,2025-09-08
crash,TRAP,Armstrong,2,0,False,False,2025-09-08
crashes,TRAP,Armstrong,2,0,False,False,2025-09-08
crathorn,FACE NORTH,Armstrong,2,0,False,False,2025-09-08
crawfish,THOUGHT KIT,Armstrong,2,0,False,False,2025-09-08
crawford,THOUGHT,Armstrong,2,0,False,False,2025-09-08
crayfish,FACE KIT,Armstrong,2,0,False,False,2025-09-08
crayford,FACE,Armstrong,2,0,False,False,2025-09-08
craze,FACE,Armstrong,2,0,False,False,2025-09-08
crazy,FACE HAPPY,Armstrong,2,0,False,False,2025-09-08
creak,FLEECE,Armstrong,2,0,False,False,2025-09-08
cream,FLEECE,Armstrong,2,0,False,False,2025-09-08
create,FACE FLEECE,Armstrong,2,0,False,False,2025-09-08
creative,KIT FLEECE FACE,Armstrong,2,0,False,False,2025-09-08
creativity,FACE FLEECE KIT HAPPY,Armstrong,2,0,False,False,2025-09-08
creature,FLEECE LETTER,Armstrong,2,0,False,False,2025-09-08
credit,DRESS KIT,Armstrong,2,0,False,False,2025-09-08
creek,FLEECE,Armstrong,2,0,False,False,2025-09-08
creep,FLEECE,Armstrong,2,0,False,False,2025-09-08
crematorium,FORCE HAPPY,Armstrong,2,0,False,False,2025-09-08
creolization,NEAR PRICE FACE,Armstrong,2,0,False,False,2025-09-08
crepe-paper,FACE LETTER,Armstrong,2,0,False,False,2025-09-08
cressida,COMMA DRESS KIT,Armstrong,2,0,False,False,2025-09-08
creutzfeldt-jakob,CHOICE DRESS TRAP,Armstrong,2,0,False,False,2025-09-08
crew,GOOSE,Armstrong,2,0,False,False,2025-09-08
crewcut,STRUT GOOSE,Armstrong,2,0,False,False,2025-09-08
crib,KIT,Armstrong,2,0,False,False,2025-09-08
cricket,KIT,Armstrong,2,0,False,False,2025-09-08
crime,PRICE,Armstrong,2,0,False,False,2025-09-08
crisis,KIT PRICE,Armstrong,2,0,False,False,2025-09-08
criteria,PRICE NEAR HAPPY,Armstrong,2,0,False,False,2025-09-08
critic,KIT,Armstrong,2,0,False,False,2025-09-08
critique,FLEECE KIT,Armstrong,2,0,False,False,2025-09-08
croatia,FACE COMMA GOAT,Armstrong,2,0,False,False,2025-09-08
crochet,GOAT FACE,Armstrong,2,0,False,False,2025-09-08
crocodile,PRICE LOT,Armstrong,2,0,False,False,2025-09-08
croft,STRUT CLOTH,Armstrong,2,0,False,False,2025-09-08
crook,FOOT,Armstrong,2,0,False,False,2025-09-08
crop,LOT,Armstrong,2,0,False,False,2025-09-08
cross,CLOTH,Armstrong,2,0,False,False,2025-09-08
cross-check,DRESS CLOTH,Armstrong,2,0,False,False,2025-09-08
crossbeam,FLEECE CLOTH,Armstrong,2,0,False,False,2025-09-08
crosstalk,THOUGHT CLOTH,Armstrong,2,0,False,False,2025-09-08
crouch,MOUTH,Armstrong,2,0,False,False,2025-09-08
crow,GOAT,Armstrong,2,0,False,False,2025-09-08
crowd,MOUTH,Armstrong,2,0,False,False,2025-09-08
crowed,GOAT,Armstrong,2,0,False,False,2025-09-08
crowfoot,GOAT FOOT,Armstrong,2,0,False,False,2025-09-08
crown,MOUTH,Armstrong,2,0,False,False,2025-09-08
crowther,MOUTH LETTER,Armstrong,2,0,False,False,2025-09-08
croydon,CHOICE,Armstrong,2,0,False,False,2025-09-08
crucial,GOOSE,Armstrong,2,0,False,False,2025-09-08
cruciferous,GOOSE KIT LETTER,Armstrong,2,0,False,False,2025-09-08
crude,GOOSE,Armstrong,2,0,False,False,2025-09-08
cruel,GOOSE,Armstrong,2,0,False,False,2025-09-08
cruise,GOOSE,Armstrong,2,0,False,False,2025-09-08
crunchie,HAPPY STRUT,Armstrong,2,0,False,False,2025-09-08
crusader,GOOSE FACE LETTER,Armstrong,2,0,False,False,2025-09-08
crush,STRUT,Armstrong,2,0,False,False,2025-09-08
crustacean,STRUT FACE,Armstrong,2,0,False,False,2025-09-08
crutches,STRUT,Armstrong,2,0,False,False,2025-09-08
crybaby,FACE PRICE HAPPY,Armstrong,2,0,False,False,2025-09-08
cryptocurrency,STRUT KIT GOAT HAPPY,Armstrong,2,0,False,False,2025-09-08
cuba,GOOSE COMMA,Armstrong,2,0,False,False,2025-09-08
cube,GOOSE,Armstrong,2,0,False,False,2025-09-08
cubeb,DRESS GOOSE,Armstrong,2,0,False,False,2025-09-08
cubic,GOOSE KIT,Armstrong,2,0,False,False,2025-09-08
cubicle,GOOSE KIT,Armstrong,2,0,False,False,2025-09-08
cubisitic,GOOSE KIT,Armstrong,2,0,False,False,2025-09-08
cuckoos,GOOSE,Armstrong,2,0,False,False,2025-09-08
cucumber,STRUT GOOSE LETTER,Armstrong,2,0,False,False,2025-09-08
cudbear,SQUARE STRUT,Armstrong,2,0,False,False,2025-09-08
cuddle,STRUT,Armstrong,2,0,False,False,2025-09-08
cudgel,STRUT,Armstrong,2,0,False,False,2025-09-08
cue,GOOSE,Armstrong,2,0,False,False,2025-09-08
cuff,STRUT,Armstrong,2,0,False,False,2025-09-08
cuff-links,STRUT KIT,Armstrong,2,0,False,False,2025-09-08
cufic,GOOSE KIT,Armstrong,2,0,False,False,2025-09-08
cul-de-sac,TRAP STRUT,Armstrong,2,0,False,False,2025-09-08
cult,STRUT,Armstrong,2,0,False,False,2025-09-08
cultural,STRUT LETTER,Armstrong,2,0,False,False,2025-09-08
culture,STRUT LETTER,Armstrong,2,0,False,False,2025-09-08
cumberbatch,TRAP LETTER STRUT,Armstrong,2,0,False,False,2025-09-08
cumbernauld,THOUGHT STRUT LETTER,Armstrong,2,0,False,False,2025-09-08
cumbria,STRUT HAPPY,Armstrong,2,0,False,False,2025-09-08
cumulative,GOOSE KIT,Armstrong,2,0,False,False,2025-09-08
cup,STRUT,Armstrong,2,0,False,False,2025-09-08
cupboard,STRUT FORCE,Armstrong,2,0,False,False,2025-09-08
cupid,GOOSE KIT,Armstrong,2,0,False,False,2025-09-08
cupidity,GOOSE KIT HAPPY,Armstrong,2,0,False,False,2025-09-08
cuppa,COMMA STRUT,Armstrong,2,0,False,False,2025-09-08
cupric,GOOSE KIT,Armstrong,2,0,False,False,2025-09-08
curate,FACE CURE,Armstrong,2,0,False,False,2025-09-08
curated,CURE FACE,Armstrong,2,0,False,False,2025-09-08
curatorial,FORCE CURE HAPPY,Armstrong,2,0,False,False,2025-09-08
curb,NURSE,Armstrong,2,0,False,False,2025-09-08
cure,CURE,Armstrong,2,0,False,False,2025-09-08
cured,CURE,Armstrong,2,0,False,False,2025-09-08
curfew,GOOSE NURSE,Armstrong,2,0,False,False,2025-09-08
curiosity,CURE HAPPY CLOTH KIT,Armstrong,2,0,False,False,2025-09-08
curly,NURSE HAPPY,Armstrong,2,0,False,False,2025-09-08
curmudgeon,STRUT NURSE,Armstrong,2,0,False,False,2025-09-08
currency,STRUT HAPPY,Armstrong,2,0,False,False,2025-09-08
current,STRUT COMMA,Armstrong,2,0,False,False,2025-09-08
currently,STRUT HAPPY,Armstrong,2,0,False,False,2025-09-08
curry,STRUT HAPPY,Armstrong,2,0,False,False,2025-09-08
curry-powder,MOUTH STRUT HAPPY LETTER,Armstrong,2,0,False,False,2025-09-08
curve,NURSE,Armstrong,2,0,False,False,2025-09-08
curwen,NURSE,Armstrong,2,0,False,False,2025-09-08
curzon,NURSE,Armstrong,2,0,False,False,2025-09-08
cushing,FOOT KIT,Armstrong,2,0,False,False,2025-09-08
cushion,FOOT,Armstrong,2,0,False,False,2025-09-08
custodial,STRUT GOAT HAPPY,Armstrong,2,0,False,False,2025-09-08
custodian,STRUT GOAT HAPPY,Armstrong,2,0,False,False,2025-09-08
custody,STRUT HAPPY,Armstrong,2,0,False,False,2025-09-08
customer,STRUT LETTER,Armstrong,2,0,False,False,2025-09-08
customization,STRUT PRICE FACE,Armstrong,2,0,False,False,2025-09-08
customized,STRUT PRICE,Armstrong,2,0,False,False,2025-09-08
customs,STRUT,Armstrong,2,0,False,False,2025-09-08
cut,STRUT,Armstrong,2,0,False,False,2025-09-08
cut-and-cover,STRUT LETTER,Armstrong,2,0,False,False,2025-09-08
cut-out,MOUTH STRUT,Armstrong,2,0,False,False,2025-09-08
cute,GOOSE,Armstrong,2,0,False,False,2025-09-08
cuthbert,STRUT NURSE,Armstrong,2,0,False,False,2025-09-08
cutie,HAPPY GOOSE,Armstrong,2,0,False,False,2025-09-08
cutlery,STRUT LETTER HAPPY,Armstrong,2,0,False,False,2025-09-08
cwm,FOOT,Armstrong,2,0,False,False,2025-09-08
cyber,LETTER PRICE,Armstrong,2,0,False,False,2025-09-08
cyborg,PRICE NORTH,Armstrong,2,0,False,False,2025-09-08
cycle,PRICE,Armstrong,2,0,False,False,2025-09-08
cycling,PRICE KIT,Armstrong,2,0,False,False,2025-09-08
cyclorama,GOAT PRICE PALM,Armstrong,2,0,False,False,2025-09-08
cynosure,CURE KIT,Armstrong,2,0,False,False,2025-09-08
cyprus,PRICE,Armstrong,2,0,False,False,2025-09-08
cyrus,PRICE,Armstrong,2,0,False,False,2025-09-08
czarina,START FLEECE,Armstrong,2,0,False,False,2025-09-08
dacha,COMMA TRAP,Armstrong,2,0,False,False,2025-09-08
dachau,MOUTH TRAP,Armstrong,2,0,False,False,2025-09-08
dachshund,FOOT TRAP,Armstrong,2,0,False,False,2025-09-08
dad,TRAP,Armstrong,2,0,False,False,2025-09-08
dada,PALM TRAP,Armstrong,2,0,False,False,2025-09-08
daesh,DRESS,Armstrong,2,0,False,False,2025-09-08
daft,BATH,Armstrong,2,0,False,False,2025-09-08
dahrendorf,NORTH TRAP,Armstrong,2,0,False,False,2025-09-08
daily,FACE HAPPY,Armstrong,2,0,False,False,2025-09-08
daimler,FACE LETTER,Armstrong,2,0,False,False,2025-09-08
dairy,SQUARE HAPPY,Armstrong,2,0,False,False,2025-09-08
dairy-farm,START SQUARE HAPPY,Armstrong,2,0,False,False,2025-09-08
daisy,FACE HAPPY,Armstrong,2,0,False,False,2025-09-08
daith,FACE,Armstrong,2,0,False,False,2025-09-08
dakota,COMMA GOAT,Armstrong,2,0,False,False,2025-09-08
dal,PALM,Armstrong,2,0,False,False,2025-09-08
dale,FACE,Armstrong,2,0,False,False,2025-09-08
dali,PALM HAPPY,Armstrong,2,0,False,False,2025-09-08
dalmatian,FACE,Armstrong,2,0,False,False,2025-09-08
daly,FACE,Armstrong,2,0,False,False,2025-09-08
dame,FACE,Armstrong,2,0,False,False,2025-09-08
damian,FACE HAPPY,Armstrong,2,0,False,False,2025-09-08
damon,FACE,Armstrong,2,0,False,False,2025-09-08
dancer,BATH LETTER,Armstrong,2,0,False,False,2025-09-08
dandelion,PRICE TRAP,Armstrong,2,0,False,False,2025-09-08
dandruff,STRUT TRAP,Armstrong,2,0,False,False,2025-09-08
danger,FACE LETTER,Armstrong,2,0,False,False,2025-09-08
dangerous,FACE LETTER,Armstrong,2,0,False,False,2025-09-08
darcy,START HAPPY,Armstrong,2,0,False,False,2025-09-08
dare,SQUARE,Armstrong,2,0,False,False,2025-09-08
daredevil,DRESS SQUARE,Armstrong,2,0,False,False,2025-09-08
daresay,SQUARE FACE,Armstrong,2,0,False,False,2025-09-08
darfield,START FLEECE,Armstrong,2,0,False,False,2025-09-08
daring,SQUARE KIT,Armstrong,2,0,False,False,2025-09-08
darjeeling,START FLEECE KIT,Armstrong,2,0,False,False,2025-09-08
dark,START,Armstrong,2,0,False,False,2025-09-08
darling,START KIT,Armstrong,2,0,False,False,2025-09-08
dartmoor,FORCE CURE,Armstrong,2,0,False,False,2025-09-08
darts,START,Armstrong,2,0,False,False,2025-09-08
darwen,START,Armstrong,2,0,False,False,2025-09-08
darwin,START KIT,Armstrong,2,0,False,False,2025-09-08
darwinian,START KIT,Armstrong,2,0,False,False,2025-09-08
darwinism,START KIT,Armstrong,2,0,False,False,2025-09-08
dashboard,FORCE TRAP,Armstrong,2,0,False,False,2025-09-08
dasyure,CURE TRAP,Armstrong,2,0,False,False,2025-09-08
data,(BATH) COMMA (FACE),Armstrong,2,0,False,False,2025-09-08
database,FACE BATH,Armstrong,2,0,False,False,2025-09-08
date,FACE PALM,Armstrong,2,0,False,False,2025-09-08
daub,THOUGHT,Armstrong,2,0,False,False,2025-09-08
daughter,THOUGHT LETTER,Armstrong,2,0,False,False,2025-09-08
daunting,THOUGHT KIT,Armstrong,2,0,False,False,2025-09-08
dauphin,THOUGHT KIT,Armstrong,2,0,False,False,2025-09-08
dauphine,THOUGHT FLEECE,Armstrong,2,0,False,False,2025-09-08
dave,FACE,Armstrong,2,0,False,False,2025-09-08
davey,HAPPY FACE,Armstrong,2,0,False,False,2025-09-08
david,FACE KIT,Armstrong,2,0,False,False,2025-09-08
davie,HAPPY FACE,Armstrong,2,0,False,False,2025-09-08
davies,FACE HAPPY,Armstrong,2,0,False,False,2025-09-08
davis,FACE KIT,Armstrong,2,0,False,False,2025-09-08
dawn,THOUGHT,Armstrong,2,0,False,False,2025-09-08
dawson,THOUGHT,Armstrong,2,0,False,False,2025-09-08
day-care,SQUARE FACE,Armstrong,2,0,False,False,2025-09-08
day-return,FACE NURSE,Armstrong,2,0,False,False,2025-09-08
daybed,FACE DRESS,Armstrong,2,0,False,False,2025-09-08
daybreak,FACE,Armstrong,2,0,False,False,2025-09-08
daycare,FACE SQUARE,Armstrong,2,0,False,False,2025-09-08
daydream,FLEECE FACE,Armstrong,2,0,False,False,2025-09-08
daylight,PRICE FACE,Armstrong,2,0,False,False,2025-09-08
dayroom,FACE GOOSE,Armstrong,2,0,False,False,2025-09-08
days,FACE,Armstrong,2,0,False,False,2025-09-08
daytime,FACE PRICE,Armstrong,2,0,False,False,2025-09-08
daytona,FACE GOAT,Armstrong,2,0,False,False,2025-09-08
dazzle,TRAP,Armstrong,2,0,False,False,2025-09-08
de-stalinization,PALM FLEECE KIT PRICE FACE,Armstrong,2,0,False,False,2025-09-08
dead,DRESS,Armstrong,2,0,False,False,2025-09-08
dealership,LETTER FLEECE KIT,Armstrong,2,0,False,False,2025-09-08
dean,FLEECE,Armstrong,2,0,False,False,2025-09-08
deanna,COMMA FLEECE TRAP,Armstrong,2,0,False,False,2025-09-08
dear,NEAR,Armstrong,2,0,False,False,2025-09-08
dearer,NEAR LETTER,Armstrong,2,0,False,False,2025-09-08
dearie,NEAR HAPPY,Armstrong,2,0,False,False,2025-09-08
dearly,NEAR HAPPY,Armstrong,2,0,False,False,2025-09-08
dearness,NEAR,Armstrong,2,0,False,False,2025-09-08
dearth,NURSE,Armstrong,2,0,False,False,2025-09-08
deary,NEAR HAPPY,Armstrong,2,0,False,False,2025-09-08
death,DRESS,Armstrong,2,0,False,False,2025-09-08
deathwatch,LOT DRESS,Armstrong,2,0,False,False,2025-09-08
debate,FACE COMMA,Armstrong,2,0,False,False,2025-09-08
debauch,THOUGHT,Armstrong,2,0,False,False,2025-09-08
debauchee,HAPPY THOUGHT,Armstrong,2,0,False,False,2025-09-08
debbie,DRESS HAPPY,Armstrong,2,0,False,False,2025-09-08
debit,DRESS KIT,Armstrong,2,0,False,False,2025-09-08
deborah,DRESS COMMA,Armstrong,2,0,False,False,2025-09-08
debued,GOOSE FACE,Armstrong,2,0,False,False,2025-09-08
debut,FACE GOOSE,Armstrong,2,0,False,False,2025-09-08
debutante,PALM GOOSE,Armstrong,2,0,False,False,2025-09-08
debutz,GOOSE FACE,Armstrong,2,0,False,False,2025-09-08
decade,FACE DRESS,Armstrong,2,0,False,False,2025-09-08
decaf,TRAP FLEECE,Armstrong,2,0,False,False,2025-09-08
december,DRESS LETTER,Armstrong,2,0,False,False,2025-09-08
decision,KIT,Armstrong,2,0,False,False,2025-09-08
declare,SQUARE,Armstrong,2,0,False,False,2025-09-08
declared,SQUARE,Armstrong,2,0,False,False,2025-09-08
declares,SQUARE,Armstrong,2,0,False,False,2025-09-08
decors,NORTH,Armstrong,2,0,False,False,2025-09-08
decoys,CHOICE FLEECE,Armstrong,2,0,False,False,2025-09-08
decreolize,NEAR FLEECE PRICE FACE,Armstrong,2,0,False,False,2025-09-08
deemed,FLEECE,Armstrong,2,0,False,False,2025-09-08
deep,FLEECE,Armstrong,2,0,False,False,2025-09-08
deer,NEAR,Armstrong,2,0,False,False,2025-09-08
deerskin,NEAR KIT,Armstrong,2,0,False,False,2025-09-08
deerstalker,THOUGHT NEAR LETTER,Armstrong,2,0,False,False,2025-09-08
default,COMMA FLEECE,Armstrong,2,0,False,False,2025-09-08
defeat,FLEECE COMMA,Armstrong,2,0,False,False,2025-09-08
defence,COMMA DRESS,Armstrong,2,0,False,False,2025-09-08
defend,COMMA DRESS,Armstrong,2,0,False,False,2025-09-08
definitely,DRESS KIT HAPPY,Armstrong,2,0,False,False,2025-09-08
definition,DRESS KIT,Armstrong,2,0,False,False,2025-09-08
defloration,FORCE FLEECE FACE,Armstrong,2,0,False,False,2025-09-08
defraudation,THOUGHT FLEECE FACE,Armstrong,2,0,False,False,2025-09-08
degrade,KIT FACE,Armstrong,2,0,False,False,2025-09-08
degree,FLEECE COMMA,Armstrong,2,0,False,False,2025-09-08
deimos,FACE CLOTH,Armstrong,2,0,False,False,2025-09-08
delayed,FACE,Armstrong,2,0,False,False,2025-09-08
delays,FACE,Armstrong,2,0,False,False,2025-09-08
deli,HAPPY DRESS,Armstrong,2,0,False,False,2025-09-08
deliberate,KIT,Armstrong,2,0,False,False,2025-09-08
delicious,KIT (COMMA),Armstrong,2,0,False,False,2025-09-08
delighted,PRICE KIT,Armstrong,2,0,False,False,2025-09-08
deliver,KIT LETTER,Armstrong,2,0,False,False,2025-09-08
delivery,LETTER COMMA KIT HAPPY,Armstrong,2,0,False,False,2025-09-08
deloitte,CHOICE,Armstrong,2,0,False,False,2025-09-08
delta,COMMA DRESS,Armstrong,2,0,False,False,2025-09-08
deluge,GOOSE DRESS,Armstrong,2,0,False,False,2025-09-08
delusion,GOOSE,Armstrong,2,0,False,False,2025-09-08
deluxe,STRUT,Armstrong,2,0,False,False,2025-09-08
dematerialization,NEAR FLEECE HAPPY PRICE FACE,Armstrong,2,0,False,False,2025-09-08
dementia,COMMA DRESS,Armstrong,2,0,False,False,2025-09-08
demigod,LOT DRESS KIT,Armstrong,2,0,False,False,2025-09-08
demimondaine,THOUGHT DRESS LOT FACE,Armstrong,2,0,False,False,2025-09-08
democrat,TRAP DRESS,Armstrong,2,0,False,False,2025-09-08
democratic,COMMA DRESS TRAP KIT,Armstrong,2,0,False,False,2025-09-08
demodulation,LOT FLEECE FACE,Armstrong,2,0,False,False,2025-09-08
demure,CURE,Armstrong,2,0,False,False,2025-09-08
den,DRESS,Armstrong,2,0,False,False,2025-09-08
denaturize,FACE FLEECE CURE PRICE,Armstrong,2,0,False,False,2025-09-08
deneb,DRESS,Armstrong,2,0,False,False,2025-09-08
denies,PRICE,Armstrong,2,0,False,False,2025-09-08
denmark,START DRESS,Armstrong,2,0,False,False,2025-09-08
deoribonucleic,GOOSE FLEECE LOT FACE KIT,Armstrong,2,0,False,False,2025-09-08
department,START COMMA,Armstrong,2,0,False,False,2025-09-08
departure,START LETTER,Armstrong,2,0,False,False,2025-09-08
depend,COMMA DRESS,Armstrong,2,0,False,False,2025-09-08
deploy,CHOICE,Armstrong,2,0,False,False,2025-09-08
deployed,CHOICE,Armstrong,2,0,False,False,2025-09-08
deployment,CHOICE,Armstrong,2,0,False,False,2025-09-08
deport,FORCE,Armstrong,2,0,False,False,2025-09-08
depositing,LOT KIT,Armstrong,2,0,False,False,2025-09-08
depressurization,DRESS FLEECE LETTER PRICE FACE,Armstrong,2,0,False,False,2025-09-08
depth-charge,START DRESS,Armstrong,2,0,False,False,2025-09-08
deputy,DRESS FOOT HAPPY,Armstrong,2,0,False,False,2025-09-08
derailed,FACE FLEECE,Armstrong,2,0,False,False,2025-09-08
derby,HAPPY NURSE,Armstrong,2,0,False,False,2025-09-08
derision,KIT,Armstrong,2,0,False,False,2025-09-08
derive,PRICE,Armstrong,2,0,False,False,2025-09-08
dermabrasion,FACE NURSE,Armstrong,2,0,False,False,2025-09-08
derriere,SQUARE DRESS,Armstrong,2,0,False,False,2025-09-08
derwent,START DRESS,Armstrong,2,0,False,False,2025-09-08
describe,PRICE,Armstrong,2,0,False,False,2025-09-08
deserve,NURSE,Armstrong,2,0,False,False,2025-09-08
design,PRICE COMMA,Armstrong,2,0,False,False,2025-09-08
designer,PRICE LETTER,Armstrong,2,0,False,False,2025-09-08
desirable,COMMA PRICE,Armstrong,2,0,False,False,2025-09-08
desire,PRICE COMMA,Armstrong,2,0,False,False,2025-09-08
desktop,LOT DRESS,Armstrong,2,0,False,False,2025-09-08
desmond,DRESS,Armstrong,2,0,False,False,2025-09-08
despite,PRICE COMMA,Armstrong,2,0,False,False,2025-09-08
destabilization,FACE FLEECE PRICE,Armstrong,2,0,False,False,2025-09-08
destroy,CHOICE,Armstrong,2,0,False,False,2025-09-08
destroyed,CHOICE,Armstrong,2,0,False,False,2025-09-08
destroyer,CHOICE LETTER,Armstrong,2,0,False,False,2025-09-08
destroys,CHOICE,Armstrong,2,0,False,False,2025-09-08
detail,FACE FLEECE,Armstrong,2,0,False,False,2025-09-08
deter,NURSE,Armstrong,2,0,False,False,2025-09-08
determined,NURSE,Armstrong,2,0,False,False,2025-09-08
detour,CURE FLEECE,Armstrong,2,0,False,False,2025-09-08
detoured,CURE FLEECE,Armstrong,2,0,False,False,2025-09-08
detouring,CURE FLEECE KIT,Armstrong,2,0,False,False,2025-09-08
detours,CURE FLEECE,Armstrong,2,0,False,False,2025-09-08
detroit,CHOICE,Armstrong,2,0,False,False,2025-09-08
deutschmark,CHOICE START,Armstrong,2,0,False,False,2025-09-08
develop,COMMA DRESS,Armstrong,2,0,False,False,2025-09-08
developer,LETTER DRESS,Armstrong,2,0,False,False,2025-09-08
development,DRESS COMMA,Armstrong,2,0,False,False,2025-09-08
device,COMMA PRICE,Armstrong,2,0,False,False,2025-09-08
devon,DRESS,Armstrong,2,0,False,False,2025-09-08
devotion,GOAT KIT,Armstrong,2,0,False,False,2025-09-08
devourer,MOUTH KIT LETTER,Armstrong,2,0,False,False,2025-09-08
dew-worm,GOOSE NURSE,Armstrong,2,0,False,False,2025-09-08
dhal,PALM,Armstrong,2,0,False,False,2025-09-08
di,PRICE,Armstrong,2,0,False,False,2025-09-08
diablo,TRAP HAPPY GOAT,Armstrong,2,0,False,False,2025-09-08
diadem,DRESS PRICE,Armstrong,2,0,False,False,2025-09-08
diaghilev,DRESS HAPPY TRAP,Armstrong,2,0,False,False,2025-09-08
diagnosis,GOAT PRICE KIT,Armstrong,2,0,False,False,2025-09-08
dialogue,LOT PRICE,Armstrong,2,0,False,False,2025-09-08
diamante,NEAR FACE,Armstrong,2,0,False,False,2025-09-08
diana,COMMA PRICE TRAP,Armstrong,2,0,False,False,2025-09-08
diarist,COMMA PRICE KIT,Armstrong,2,0,False,False,2025-09-08
diary,PRICE LETTER COMMA HAPPY,Armstrong,2,0,False,False,2025-09-08
diatribe,PRICE,Armstrong,2,0,False,False,2025-09-08
diaz,TRAP FLEECE,Armstrong,2,0,False,False,2025-09-08
dicast,TRAP PRICE,Armstrong,2,0,False,False,2025-09-08
did,KIT,Armstrong,2,0,False,False,2025-09-08
die,PRICE,Armstrong,2,0,False,False,2025-09-08
diecast,BATH PRICE,Armstrong,2,0,False,False,2025-09-08
died,PRICE,Armstrong,2,0,False,False,2025-09-08
dies,PRICE,Armstrong,2,0,False,False,2025-09-08
diet,PRICE,Armstrong,2,0,False,False,2025-09-08
differ,LETTER KIT,Armstrong,2,0,False,False,2025-09-08
different,KIT LETTER,Armstrong,2,0,False,False,2025-09-08
difficult,KIT,Armstrong,2,0,False,False,2025-09-08
diffusion,GOOSE KIT,Armstrong,2,0,False,False,2025-09-08
diffusivity,GOOSE KIT HAPPY,Armstrong,2,0,False,False,2025-09-08
dig,KIT,Armstrong,2,0,False,False,2025-09-08
digbeth,DRESS KIT,Armstrong,2,0,False,False,2025-09-08
digest,PRICE DRESS,Armstrong,2,0,False,False,2025-09-08
digested,PRICE DRESS,Armstrong,2,0,False,False,2025-09-08
digestion,PRICE DRESS,Armstrong,2,0,False,False,2025-09-08
digestive,PRICE DRESS KIT,Armstrong,2,0,False,False,2025-09-08
digital,KIT,Armstrong,2,0,False,False,2025-09-08
diglossia,PRICE CLOTH HAPPY,Armstrong,2,0,False,False,2025-09-08
dignity,KIT HAPPY,Armstrong,2,0,False,False,2025-09-08
digressed,PRICE DRESS,Armstrong,2,0,False,False,2025-09-08
digression,PRICE DRESS,Armstrong,2,0,False,False,2025-09-08
dilemma,COMMA PRICE DRESS,Armstrong,2,0,False,False,2025-09-08
dilithium,KIT HAPPY,Armstrong,2,0,False,False,2025-09-08
diminution,GOOSE KIT,Armstrong,2,0,False,False,2025-09-08
dimitri,FLEECE HAPPY KIT,Armstrong,2,0,False,False,2025-09-08
dina,COMMA PRICE,Armstrong,2,0,False,False,2025-09-08
dingaan,PALM KIT,Armstrong,2,0,False,False,2025-09-08
dining-room,GOOSE PRICE KIT,Armstrong,2,0,False,False,2025-09-08
dinner,LETTER KIT,Armstrong,2,0,False,False,2025-09-08
dinosaur,PRICE NORTH,Armstrong,2,0,False,False,2025-09-08
dinothere,NEAR PRICE,Armstrong,2,0,False,False,2025-09-08
diploma,GOAT COMMA KIT,Armstrong,2,0,False,False,2025-09-08
director,DRESS LETTER (PRICE),Armstrong,2,0,False,False,2025-09-08
directorial,FORCE PRICE DRESS HAPPY,Armstrong,2,0,False,False,2025-09-08
direst,PRICE COMMA,Armstrong,2,0,False,False,2025-09-08
dirty,NURSE HAPPY,Armstrong,2,0,False,False,2025-09-08
disable,FACE KIT,Armstrong,2,0,False,False,2025-09-08
disagreement,FLEECE KIT,Armstrong,2,0,False,False,2025-09-08
disallow,KIT MOUTH,Armstrong,2,0,False,False,2025-09-08
disappear,NEAR KIT,Armstrong,2,0,False,False,2025-09-08
disappeared,NEAR KIT,Armstrong,2,0,False,False,2025-09-08
disappointed,CHOICE KIT,Armstrong,2,0,False,False,2025-09-08
disaster,KIT BATH LETTER,Armstrong,2,0,False,False,2025-09-08
disclaimer,FACE LETTER KIT,Armstrong,2,0,False,False,2025-09-08
disclosure,GOAT LETTER KIT,Armstrong,2,0,False,False,2025-09-08
discourse,FORCE KIT,Armstrong,2,0,False,False,2025-09-08
discover,STRUT LETTER KIT,Armstrong,2,0,False,False,2025-09-08
discreet,FLEECE KIT,Armstrong,2,0,False,False,2025-09-08
discuss,STRUT KIT,Armstrong,2,0,False,False,2025-09-08
discussion,STRUT KIT,Armstrong,2,0,False,False,2025-09-08
disgorge,NORTH KIT,Armstrong,2,0,False,False,2025-09-08
disguise,PRICE KIT,Armstrong,2,0,False,False,2025-09-08
dishforth,FORCE KIT,Armstrong,2,0,False,False,2025-09-08
dishtowel,MOUTH KIT,Armstrong,2,0,False,False,2025-09-08
disk-drive,PRICE KIT,Armstrong,2,0,False,False,2025-09-08
disobliges,PRICE KIT,Armstrong,2,0,False,False,2025-09-08
disobligingly,PRICE KIT HAPPY,Armstrong,2,0,False,False,2025-09-08
dispatch,TRAP KIT,Armstrong,2,0,False,False,2025-09-08
displays,FACE KIT,Armstrong,2,0,False,False,2025-09-08
displeasure,LETTER KIT DRESS,Armstrong,2,0,False,False,2025-09-08
dispute,GOOSE KIT,Armstrong,2,0,False,False,2025-09-08
disruption,STRUT KIT,Armstrong,2,0,False,False,2025-09-08
dissuasion,FACE KIT,Armstrong,2,0,False,False,2025-09-08
distance,KIT,Armstrong,2,0,False,False,2025-09-08
distort,NORTH KIT,Armstrong,2,0,False,False,2025-09-08
distortion,NORTH KIT,Armstrong,2,0,False,False,2025-09-08
distribute,GOOSE KIT,Armstrong,2,0,False,False,2025-09-08
distributed,FOOT KIT,Armstrong,2,0,False,False,2025-09-08
distribution,KIT GOOSE,Armstrong,2,0,False,False,2025-09-08
distributor,KIT FOOT LETTER,Armstrong,2,0,False,False,2025-09-08
disturbing,NURSE KIT,Armstrong,2,0,False,False,2025-09-08
ditch,KIT,Armstrong,2,0,False,False,2025-09-08
dithering,KIT LETTER,Armstrong,2,0,False,False,2025-09-08
diva,COMMA FLEECE,Armstrong,2,0,False,False,2025-09-08
dive,PRICE,Armstrong,2,0,False,False,2025-09-08
diversion,NURSE (PRICE) LETTER,Armstrong,2,0,False,False,2025-09-08
diversity,NURSE (PRICE) LETTER,Armstrong,2,0,False,False,2025-09-08
diving,PRICE KIT,Armstrong,2,0,False,False,2025-09-08
division,KIT,Armstrong,2,0,False,False,2025-09-08
divorce,FORCE (COMMA) KIT,Armstrong,2,0,False,False,2025-09-08
diy,PRICE,Armstrong,2,0,False,False,2025-09-08
djs,FACE FLEECE,Armstrong,2,0,False,False,2025-09-08
do,GOAT GOOSE COMMA,Armstrong,2,0,False,False,2025-09-08
do-or-die,PRICE GOOSE NORTH,Armstrong,2,0,False,False,2025-09-08
do-si-do,GOAT HAPPY,Armstrong,2,0,False,False,2025-09-08
document,LOT FOOT DRESS,Armstrong,2,0,False,False,2025-09-08
documentary,FOOT LOT DRESS HAPPY,Armstrong,2,0,False,False,2025-09-08
documents,DRESS LOT FOOT,Armstrong,2,0,False,False,2025-09-08
docuseries,NEAR LOT GOOSE HAPPY,Armstrong,2,0,False,False,2025-09-08
dodge,LOT,Armstrong,2,0,False,False,2025-09-08
does,COMMA GOAT,Armstrong,2,0,False,False,2025-09-08
dog,LOT CLOTH,Armstrong,2,0,False,False,2025-09-08
dog-eared,NEAR LOT CLOTH,Armstrong,2,0,False,False,2025-09-08
dog-end,DRESS LOT CLOTH,Armstrong,2,0,False,False,2025-09-08
doge,GOAT,Armstrong,2,0,False,False,2025-09-08
dogfood,LOT GOOSE,Armstrong,2,0,False,False,2025-09-08
doggie,HAPPY LOT CLOTH,Armstrong,2,0,False,False,2025-09-08
dogleg,LOT DRESS,Armstrong,2,0,False,False,2025-09-08
dogwatch,LOT,Armstrong,2,0,False,False,2025-09-08
doha,PALM GOAT,Armstrong,2,0,False,False,2025-09-08
doig,CHOICE,Armstrong,2,0,False,False,2025-09-08
doing,GOOSE KIT,Armstrong,2,0,False,False,2025-09-08
doit,CHOICE,Armstrong,2,0,False,False,2025-09-08
dolby,HAPPY GOAT,Armstrong,2,0,False,False,2025-09-08
doll,LOT,Armstrong,2,0,False,False,2025-09-08
dollar,LOT LETTER,Armstrong,2,0,False,False,2025-09-08
domain,GOAT FACE,Armstrong,2,0,False,False,2025-09-08
dombey,HAPPY LOT,Armstrong,2,0,False,False,2025-09-08
dominica,FLEECE COMMA KIT,Armstrong,2,0,False,False,2025-09-08
donate,GOAT FACE,Armstrong,2,0,False,False,2025-09-08
doncaster,TRAP LOT LETTER,Armstrong,2,0,False,False,2025-09-08
done,STRUT,Armstrong,2,0,False,False,2025-09-08
donegal,THOUGHT LOT,Armstrong,2,0,False,False,2025-09-08
donna,COMMA LOT,Armstrong,2,0,False,False,2025-09-08
donut,STRUT GOAT,Armstrong,2,0,False,False,2025-09-08
doo-wop,GOOSE LOT,Armstrong,2,0,False,False,2025-09-08
doodlebug,STRUT GOOSE,Armstrong,2,0,False,False,2025-09-08
doom,GOOSE,Armstrong,2,0,False,False,2025-09-08
door,FORCE,Armstrong,2,0,False,False,2025-09-08
doorhandle,FORCE TRAP,Armstrong,2,0,False,False,2025-09-08
doorjamp,FORCE TRAP,Armstrong,2,0,False,False,2025-09-08
doorknob,LOT FORCE,Armstrong,2,0,False,False,2025-09-08
doorplate,FACE FORCE,Armstrong,2,0,False,False,2025-09-08
doorway,NORTH FORCE FACE,Armstrong,2,0,False,False,2025-09-08
dopey,HAPPY GOAT,Armstrong,2,0,False,False,2025-09-08
dora,FORCE,Armstrong,2,0,False,False,2025-09-08
dordogne,CHOICE NORTH,Armstrong,2,0,False,False,2025-09-08
dorothy,COMMA NORTH HAPPY,Armstrong,2,0,False,False,2025-09-08
dorset,NORTH KIT,Armstrong,2,0,False,False,2025-09-08
dosh,LOT,Armstrong,2,0,False,False,2025-09-08
doss,CLOTH,Armstrong,2,0,False,False,2025-09-08
dot,LOT,Armstrong,2,0,False,False,2025-09-08
doth,STRUT,Armstrong,2,0,False,False,2025-09-08
doting,GOAT KIT,Armstrong,2,0,False,False,2025-09-08
double,STRUT,Armstrong,2,0,False,False,2025-09-08
double-clutch,STRUT,Armstrong,2,0,False,False,2025-09-08
double-time,STRUT PRICE,Armstrong,2,0,False,False,2025-09-08
doubt,MOUTH,Armstrong,2,0,False,False,2025-09-08
douchebag,GOOSE TRAP,Armstrong,2,0,False,False,2025-09-08
doug,STRUT,Armstrong,2,0,False,False,2025-09-08
dough,GOAT,Armstrong,2,0,False,False,2025-09-08
doughnut,STRUT GOAT,Armstrong,2,0,False,False,2025-09-08
douglas,STRUT,Armstrong,2,0,False,False,2025-09-08
dourine,CURE FLEECE,Armstrong,2,0,False,False,2025-09-08
douro,CURE GOAT,Armstrong,2,0,False,False,2025-09-08
dovercourt,FORCE GOAT LETTER,Armstrong,2,0,False,False,2025-09-08
dow-jones,MOUTH GOAT,Armstrong,2,0,False,False,2025-09-08
dowdy,MOUTH HAPPY,Armstrong,2,0,False,False,2025-09-08
dowel,MOUTH,Armstrong,2,0,False,False,2025-09-08
down,MOUTH,Armstrong,2,0,False,False,2025-09-08
downbeat,FLEECE MOUTH,Armstrong,2,0,False,False,2025-09-08
downdraft,BATH MOUTH,Armstrong,2,0,False,False,2025-09-08
download,GOAT MOUTH,Armstrong,2,0,False,False,2025-09-08
downpour,FORCE MOUTH,Armstrong,2,0,False,False,2025-09-08
downstairs,SQUARE MOUTH,Armstrong,2,0,False,False,2025-09-08
downtown,MOUTH,Armstrong,2,0,False,False,2025-09-08
doyle,CHOICE,Armstrong,2,0,False,False,2025-09-08
dracula,FOOT TRAP,Armstrong,2,0,False,False,2025-09-08
draft,BATH,Armstrong,2,0,False,False,2025-09-08
drag,TRAP,Armstrong,2,0,False,False,2025-09-08
dragon,TRAP,Armstrong,2,0,False,False,2025-09-08
drama,PALM COMMA,Armstrong,2,0,False,False,2025-09-08
dramatic,TRAP KIT,Armstrong,2,0,False,False,2025-09-08
drapes,FACE,Armstrong,2,0,False,False,2025-09-08
drastic,BATH KIT,Armstrong,2,0,False,False,2025-09-08
drawback,THOUGHT TRAP,Armstrong,2,0,False,False,2025-09-08
drawling,THOUGHT KIT,Armstrong,2,0,False,False,2025-09-08
drawn,THOUGHT,Armstrong,2,0,False,False,2025-09-08
draws,THOUGHT,Armstrong,2,0,False,False,2025-09-08
drawstring,THOUGHT KIT,Armstrong,2,0,False,False,2025-09-08
drayton,FACE,Armstrong,2,0,False,False,2025-09-08
dreadlocks,LOT DRESS,Armstrong,2,0,False,False,2025-09-08
dream,FLEECE,Armstrong,2,0,False,False,2025-09-08
dreariest,NEAR HAPPY,Armstrong,2,0,False,False,2025-09-08
dreary,NEAR HAPPY,Armstrong,2,0,False,False,2025-09-08
dressing-gown,MOUTH DRESS KIT,Armstrong,2,0,False,False,2025-09-08
dreyfus,FACE,Armstrong,2,0,False,False,2025-09-08
drive,PRICE,Armstrong,2,0,False,False,2025-09-08
drive-in,PRICE KIT,Armstrong,2,0,False,False,2025-09-08
driven,KIT,Armstrong,2,0,False,False,2025-09-08
driver,LETTER PRICE,Armstrong,2,0,False,False,2025-09-08
droitwich,CHOICE KIT,Armstrong,2,0,False,False,2025-09-08
drop,LOT,Armstrong,2,0,False,False,2025-09-08
drove,GOAT,Armstrong,2,0,False,False,2025-09-08
drudgery,STRUT LETTER HAPPY,Armstrong,2,0,False,False,2025-09-08
drug,STRUT,Armstrong,2,0,False,False,2025-09-08
drum-major,STRUT FACE LETTER,Armstrong,2,0,False,False,2025-09-08
drunk,STRUT,Armstrong,2,0,False,False,2025-09-08
drunken,STRUT,Armstrong,2,0,False,False,2025-09-08
dry-clean,PRICE FLEECE,Armstrong,2,0,False,False,2025-09-08
dry-walling,PRICE THOUGHT,Armstrong,2,0,False,False,2025-09-08
dual,GOOSE,Armstrong,2,0,False,False,2025-09-08
dubbed,STRUT,Armstrong,2,0,False,False,2025-09-08
dubious,GOOSE HAPPY,Armstrong,2,0,False,False,2025-09-08
dublin,STRUT KIT,Armstrong,2,0,False,False,2025-09-08
dubois,GOOSE PALM,Armstrong,2,0,False,False,2025-09-08
dubonnet,GOOSE LOT FACE,Armstrong,2,0,False,False,2025-09-08
duce,GOOSE,Armstrong,2,0,False,False,2025-09-08
duchesne,GOOSE FACE,Armstrong,2,0,False,False,2025-09-08
duchess,DRESS STRUT,Armstrong,2,0,False,False,2025-09-08
duck-egg,DRESS STRUT,Armstrong,2,0,False,False,2025-09-08
duckworth,LETTER STRUT,Armstrong,2,0,False,False,2025-09-08
dude,GOOSE,Armstrong,2,0,False,False,2025-09-08
dudgeon,STRUT,Armstrong,2,0,False,False,2025-09-08
dudley,STRUT HAPPY,Armstrong,2,0,False,False,2025-09-08
due,GOOSE,Armstrong,2,0,False,False,2025-09-08
duffey,HAPPY STRUT,Armstrong,2,0,False,False,2025-09-08
duffy,STRUT HAPPY,Armstrong,2,0,False,False,2025-09-08
dug,STRUT,Armstrong,2,0,False,False,2025-09-08
dukakis,GOOSE PALM,Armstrong,2,0,False,False,2025-09-08
duke,GOOSE,Armstrong,2,0,False,False,2025-09-08
duluth,GOOSE,Armstrong,2,0,False,False,2025-09-08
dumaine,GOOSE FACE,Armstrong,2,0,False,False,2025-09-08
dumfries,STRUT PRICE,Armstrong,2,0,False,False,2025-09-08
dundee,STRUT HAPPY,Armstrong,2,0,False,False,2025-09-08
dune,GOOSE,Armstrong,2,0,False,False,2025-09-08
dunlop,LOT STRUT,Armstrong,2,0,False,False,2025-09-08
duolingo,GOAT GOOSE KIT,Armstrong,2,0,False,False,2025-09-08
duos,GOAT GOOSE,Armstrong,2,0,False,False,2025-09-08
duplex,GOOSE DRESS,Armstrong,2,0,False,False,2025-09-08
duplicitous,GOOSE KIT,Armstrong,2,0,False,False,2025-09-08
durham,STRUT,Armstrong,2,0,False,False,2025-09-08
during,CURE KIT,Armstrong,2,0,False,False,2025-09-08
dusk,STRUT,Armstrong,2,0,False,False,2025-09-08
dusseldorf,NORTH (GOOSE) (FOOT),Armstrong,2,0,False,False,2025-09-08
dust-wrapper,TRAP STRUT LETTER,Armstrong,2,0,False,False,2025-09-08
dutch,STRUT,Armstrong,2,0,False,False,2025-09-08
duterte,SQUARE GOOSE,Armstrong,2,0,False,False,2025-09-08
duthie,HAPPY GOOSE,Armstrong,2,0,False,False,2025-09-08
duthy,STRUT HAPPY,Armstrong,2,0,False,False,2025-09-08
duty,GOOSE HAPPY,Armstrong,2,0,False,False,2025-09-08
duvalier,GOOSE TRAP HAPPY,Armstrong,2,0,False,False,2025-09-08
duvets,FACE GOOSE,Armstrong,2,0,False,False,2025-09-08
dwarf,NORTH,Armstrong,2,0,False,False,2025-09-08
dwarfism,NORTH KIT,Armstrong,2,0,False,False,2025-09-08
dwarves,NORTH,Armstrong,2,0,False,False,2025-09-08
dye,PRICE,Armstrong,2,0,False,False,2025-09-08
dye-works,PRICE NURSE,Armstrong,2,0,False,False,2025-09-08
dyestuffs,STRUT PRICE,Armstrong,2,0,False,False,2025-09-08
dynamic,PRICE TRAP KIT,Armstrong,2,0,False,False,2025-09-08
e-cigarette,DRESS FLEECE KIT,Armstrong,2,0,False,False,2025-09-08
each,FLEECE,Armstrong,2,0,False,False,2025-09-08
eager,FLEECE LETTER,Armstrong,2,0,False,False,2025-09-08
eagle,FLEECE,Armstrong,2,0,False,False,2025-09-08
eaglet,FLEECE KIT,Armstrong,2,0,False,False,2025-09-08
eames,(FLEECE) (FACE),Armstrong,2,0,False,False,2025-09-08
eamon,FACE,Armstrong,2,0,False,False,2025-09-08
ear,NEAR,Armstrong,2,0,False,False,2025-09-08
earflap,NEAR TRAP,Armstrong,2,0,False,False,2025-09-08
earful,NEAR,Armstrong,2,0,False,False,2025-09-08
earl,NURSE,Armstrong,2,0,False,False,2025-09-08
earlier,NURSE HAPPY LETTER,Armstrong,2,0,False,False,2025-09-08
earliest,NURSE HAPPY,Armstrong,2,0,False,False,2025-09-08
earlobe,NEAR GOAT,Armstrong,2,0,False,False,2025-09-08
early,NURSE HAPPY,Armstrong,2,0,False,False,2025-09-08
earmuff,STRUT NEAR,Armstrong,2,0,False,False,2025-09-08
earn,NURSE,Armstrong,2,0,False,False,2025-09-08
earphones,NEAR GOAT,Armstrong,2,0,False,False,2025-09-08
earplug,STRUT NEAR,Armstrong,2,0,False,False,2025-09-08
earring,NEAR KIT,Armstrong,2,0,False,False,2025-09-08
ears,NEAR,Armstrong,2,0,False,False,2025-09-08
earshot,NEAR LOT,Armstrong,2,0,False,False,2025-09-08
earth,NURSE,Armstrong,2,0,False,False,2025-09-08
eartha,COMMA NURSE,Armstrong,2,0,False,False,2025-09-08
earthenware,NURSE SQUARE,Armstrong,2,0,False,False,2025-09-08
earthly,NURSE HAPPY,Armstrong,2,0,False,False,2025-09-08
earthquake,FACE NURSE,Armstrong,2,0,False,False,2025-09-08
earthworm,NURSE,Armstrong,2,0,False,False,2025-09-08
earwax,NEAR TRAP,Armstrong,2,0,False,False,2025-09-08
earwig,NEAR KIT,Armstrong,2,0,False,False,2025-09-08
earworm,NEAR NURSE,Armstrong,2,0,False,False,2025-09-08
east-southeast,MOUTH FLEECE,Armstrong,2,0,False,False,2025-09-08
eastbourne,FORCE CURE FLEECE,Armstrong,2,0,False,False,2025-09-08
eastcheap,FLEECE,Armstrong,2,0,False,False,2025-09-08
eastern,LETTER FLEECE,Armstrong,2,0,False,False,2025-09-08
eastwood,FOOT FLEECE,Armstrong,2,0,False,False,2025-09-08
easy,HAPPY FLEECE,Armstrong,2,0,False,False,2025-09-08
eat,FLEECE,Armstrong,2,0,False,False,2025-09-08
eating-place,FACE FLEECE KIT,Armstrong,2,0,False,False,2025-09-08
ebay,FLEECE FACE,Armstrong,2,0,False,False,2025-09-08
ebbtide,DRESS PRICE,Armstrong,2,0,False,False,2025-09-08
ebony,DRESS HAPPY,Armstrong,2,0,False,False,2025-09-08
eco-friendly,GOAT FLEECE DRESS HAPPY,Armstrong,2,0,False,False,2025-09-08
ecological,LOT FLEECE KIT,Armstrong,2,0,False,False,2025-09-08
economic,(DRESS) (FLEECE) LOT KIT,Armstrong,2,0,False,False,2025-09-08
economics,LOT (FLEECE) (DRESS) KIT,Armstrong,2,0,False,False,2025-09-08
economy,HAPPY LOT,Armstrong,2,0,False,False,2025-09-08
ecorche,NORTH FACE,Armstrong,2,0,False,False,2025-09-08
ecorse,NORTH,Armstrong,2,0,False,False,2025-09-08
ectoplasm,TRAP DRESS GOAT,Armstrong,2,0,False,False,2025-09-08
ed,DRESS,Armstrong,2,0,False,False,2025-09-08
eddie,HAPPY DRESS,Armstrong,2,0,False,False,2025-09-08
edge,DRESS,Armstrong,2,0,False,False,2025-09-08
edging-shears,NEAR DRESS KIT,Armstrong,2,0,False,False,2025-09-08
edgware,DRESS SQUARE,Armstrong,2,0,False,False,2025-09-08
edgy,HAPPY DRESS,Armstrong,2,0,False,False,2025-09-08
edible,KIT DRESS,Armstrong,2,0,False,False,2025-09-08
edinburgh,DRESS STRUT COMMA,Armstrong,2,0,False,False,2025-09-08
edition,KIT,Armstrong,2,0,False,False,2025-09-08
editor,KIT DRESS LETTER,Armstrong,2,0,False,False,2025-09-08
editorial,FORCE DRESS HAPPY,Armstrong,2,0,False,False,2025-09-08
editorialization,FORCE DRESS KIT HAPPY PRICE FACE,Armstrong,2,0,False,False,2025-09-08
editors,LETTER DRESS KIT,Armstrong,2,0,False,False,2025-09-08
education,DRESS FACE,Armstrong,2,0,False,False,2025-09-08
edward,LETTER DRESS,Armstrong,2,0,False,False,2025-09-08
eerie,NEAR HAPPY,Armstrong,2,0,False,False,2025-09-08
eeyore,FORCE FLEECE,Armstrong,2,0,False,False,2025-09-08
effendi,DRESS HAPPY,Armstrong,2,0,False,False,2025-09-08
effie,HAPPY DRESS,Armstrong,2,0,False,False,2025-09-08
effort,DRESS LETTER,Armstrong,2,0,False,False,2025-09-08
effusions,GOOSE,Armstrong,2,0,False,False,2025-09-08
egerton,DRESS LETTER,Armstrong,2,0,False,False,2025-09-08
egg,DRESS,Armstrong,2,0,False,False,2025-09-08
egocentric,FLEECE GOAT DRESS KIT,Armstrong,2,0,False,False,2025-09-08
egoism,FLEECE GOAT KIT,Armstrong,2,0,False,False,2025-09-08
egress,FLEECE DRESS,Armstrong,2,0,False,False,2025-09-08
egypt,KIT FLEECE,Armstrong,2,0,False,False,2025-09-08
eid,FLEECE,Armstrong,2,0,False,False,2025-09-08
eight,FACE,Armstrong,2,0,False,False,2025-09-08
eighteen,FACE FLEECE,Armstrong,2,0,False,False,2025-09-08
eighth,FACE,Armstrong,2,0,False,False,2025-09-08
eileen,(FLEECE) PRICE,Armstrong,2,0,False,False,2025-09-08
eirsat-1,SQUARE TRAP STRUT,Armstrong,2,0,False,False,2025-09-08
eisenhower,MOUTH PRICE LETTER,Armstrong,2,0,False,False,2025-09-08
either,LETTER (FLEECE) (PRICE),Armstrong,2,0,False,False,2025-09-08
elastic,TRAP KIT,Armstrong,2,0,False,False,2025-09-08
elba,COMMA DRESS,Armstrong,2,0,False,False,2025-09-08
elbowroom,GOAT DRESS GOOSE,Armstrong,2,0,False,False,2025-09-08
elderflower,MOUTH DRESS LETTER,Armstrong,2,0,False,False,2025-09-08
elderly,LETTER DRESS HAPPY,Armstrong,2,0,False,False,2025-09-08
electrocardiogram,GOAT DRESS START HAPPY TRAP,Armstrong,2,0,False,False,2025-09-08
electrocution,GOOSE DRESS GOAT,Armstrong,2,0,False,False,2025-09-08
electrolier,NEAR DRESS GOAT,Armstrong,2,0,False,False,2025-09-08
electrolux,STRUT GOAT DRESS,Armstrong,2,0,False,False,2025-09-08
electrolytic,GOAT DRESS LOT KIT,Armstrong,2,0,False,False,2025-09-08
electronics,DRESS LOT KIT,Armstrong,2,0,False,False,2025-09-08
electroshock,GOAT DRESS LOT,Armstrong,2,0,False,False,2025-09-08
eleemosynary,DRESS (FLEECE) CLOTH LETTER HAPPY,Armstrong,2,0,False,False,2025-09-08
elena,(DRESS) (FACE) COMMA,Armstrong,2,0,False,False,2025-09-08
elijah,(PRICE),Armstrong,2,0,False,False,2025-09-08
elim,FLEECE,Armstrong,2,0,False,False,2025-09-08
elision,KIT,Armstrong,2,0,False,False,2025-09-08
elite,FLEECE,Armstrong,2,0,False,False,2025-09-08
eliza,COMMA PRICE,Armstrong,2,0,False,False,2025-09-08
elizabeth,COMMA KIT,Armstrong,2,0,False,False,2025-09-08
ellesmere,NEAR DRESS,Armstrong,2,0,False,False,2025-09-08
elocution,GOOSE DRESS,Armstrong,2,0,False,False,2025-09-08
elope,KIT GOAT,Armstrong,2,0,False,False,2025-09-08
elsa,COMMA DRESS,Armstrong,2,0,False,False,2025-09-08
elsewhere,DRESS SQUARE,Armstrong,2,0,False,False,2025-09-08
email,FLEECE FACE,Armstrong,2,0,False,False,2025-09-08
embarcadero,DRESS START SQUARE GOAT,Armstrong,2,0,False,False,2025-09-08
embodied,LOT HAPPY,Armstrong,2,0,False,False,2025-09-08
embouchure,CURE GOOSE LOT,Armstrong,2,0,False,False,2025-09-08
embrace,FACE DRESS,Armstrong,2,0,False,False,2025-09-08
embrasure,FACE,Armstrong,2,0,False,False,2025-09-08
embroidered,CHOICE DRESS LETTER,Armstrong,2,0,False,False,2025-09-08
emerge,NURSE,Armstrong,2,0,False,False,2025-09-08
emergency,NURSE HAPPY,Armstrong,2,0,False,False,2025-09-08
emma,DRESS COMMA,Armstrong,2,0,False,False,2025-09-08
emmanuel,GOOSE DRESS TRAP,Armstrong,2,0,False,False,2025-09-08
emmentaler,PALM START DRESS LETTER,Armstrong,2,0,False,False,2025-09-08
emoji,GOAT HAPPY,Armstrong,2,0,False,False,2025-09-08
emotion,GOAT,Armstrong,2,0,False,False,2025-09-08
empanada,PALM DRESS,Armstrong,2,0,False,False,2025-09-08
empathy,COMMA DRESS HAPPY,Armstrong,2,0,False,False,2025-09-08
emperor,LETTER DRESS,Armstrong,2,0,False,False,2025-09-08
empire,PRICE DRESS,Armstrong,2,0,False,False,2025-09-08
employ,CHOICE DRESS,Armstrong,2,0,False,False,2025-09-08
employee,FLEECE DRESS CHOICE,Armstrong,2,0,False,False,2025-09-08
employer,CHOICE DRESS LETTER,Armstrong,2,0,False,False,2025-09-08
employment,CHOICE DRESS,Armstrong,2,0,False,False,2025-09-08
emporium,FORCE HAPPY,Armstrong,2,0,False,False,2025-09-08
enable,FACE,Armstrong,2,0,False,False,2025-09-08
enarthrosis,START GOAT KIT,Armstrong,2,0,False,False,2025-09-08
encephalitis,DRESS PRICE,Armstrong,2,0,False,False,2025-09-08
encephalomyelitis,PRICE DRESS GOAT,Armstrong,2,0,False,False,2025-09-08
enchilada,PALM DRESS KIT,Armstrong,2,0,False,False,2025-09-08
enchiladas,PALM DRESS KIT,Armstrong,2,0,False,False,2025-09-08
enclave,FACE DRESS,Armstrong,2,0,False,False,2025-09-08
enclosure,GOAT LETTER,Armstrong,2,0,False,False,2025-09-08
encore,FORCE . LOT,Armstrong,2,0,False,False,2025-09-08
encourage,STRUT / NURSE,Armstrong,2,0,False,False,2025-09-08
encouraged,(STRUT) (NURSE),Armstrong,2,0,False,False,2025-09-08
encroach,GOAT,Armstrong,2,0,False,False,2025-09-08
end,DRESS,Armstrong,2,0,False,False,2025-09-08
endgame,FACE DRESS,Armstrong,2,0,False,False,2025-09-08
endometriosis,FLEECE DRESS GOAT HAPPY KIT,Armstrong,2,0,False,False,2025-09-08
endorsement,NORTH DRESS,Armstrong,2,0,False,False,2025-09-08
endosmosis,LOT DRESS GOAT KIT,Armstrong,2,0,False,False,2025-09-08
endothermic,GOAT DRESS NURSE KIT,Armstrong,2,0,False,False,2025-09-08
endowment,MOUTH DRESS,Armstrong,2,0,False,False,2025-09-08
enduring,CURE KIT,Armstrong,2,0,False,False,2025-09-08
energise,LETTER DRESS PRICE,Armstrong,2,0,False,False,2025-09-08
energize,PRICE LETTER DRESS,Armstrong,2,0,False,False,2025-09-08
energy,HAPPY LETTER DRESS,Armstrong,2,0,False,False,2025-09-08
engage,FACE DRESS,Armstrong,2,0,False,False,2025-09-08
engagement,FACE DRESS,Armstrong,2,0,False,False,2025-09-08
engels,DRESS,Armstrong,2,0,False,False,2025-09-08
engineer,NEAR DRESS KIT,Armstrong,2,0,False,False,2025-09-08
engineering,NEAR DRESS KIT,Armstrong,2,0,False,False,2025-09-08
engineers,NEAR DRESS KIT,Armstrong,2,0,False,False,2025-09-08
england,COMMA KIT,Armstrong,2,0,False,False,2025-09-08
englewood,DRESS FOOT,Armstrong,2,0,False,False,2025-09-08
engorge,NORTH,Armstrong,2,0,False,False,2025-09-08
enjoy,CHOICE,Armstrong,2,0,False,False,2025-09-08
enjoyable,CHOICE,Armstrong,2,0,False,False,2025-09-08
enjoyed,CHOICE,Armstrong,2,0,False,False,2025-09-08
enjoyment,CHOICE,Armstrong,2,0,False,False,2025-09-08
enlarge,START,Armstrong,2,0,False,False,2025-09-08
enough,STRUT,Armstrong,2,0,False,False,2025-09-08
ensemble,LOT,Armstrong,2,0,False,False,2025-09-08
ensued,GOOSE KIT,Armstrong,2,0,False,False,2025-09-08
ensured,CURE KIT,Armstrong,2,0,False,False,2025-09-08
ent,DRESS,Armstrong,2,0,False,False,2025-09-08
enter,DRESS LETTER,Armstrong,2,0,False,False,2025-09-08
enterprise,PRICE LETTER DRESS,Armstrong,2,0,False,False,2025-09-08
entertainment,DRESS LETTER FACE,Armstrong,2,0,False,False,2025-09-08
enthusiasm,TRAP GOOSE DRESS HAPPY,Armstrong,2,0,False,False,2025-09-08
enthusiastic,DRESS GOOSE HAPPY TRAP KIT,Armstrong,2,0,False,False,2025-09-08
entire,PRICE LETTER,Armstrong,2,0,False,False,2025-09-08
entirely,PRICE LETTER HAPPY,Armstrong,2,0,False,False,2025-09-08
entitled,PRICE,Armstrong,2,0,False,False,2025-09-08
entourage,PALM LOT LETTER,Armstrong,2,0,False,False,2025-09-08
entrepreneur,CURE LOT,Armstrong,2,0,False,False,2025-09-08
entrepreneurial,CURSE DRESS HAPPY,Armstrong,2,0,False,False,2025-09-08
entrepreneurs,NURSE LOT,Armstrong,2,0,False,False,2025-09-08
envelope,GOAT (DRESS) (LOT),Armstrong,2,0,False,False,2025-09-08
environment,PRICE,Armstrong,2,0,False,False,2025-09-08
environmental,PRICE DRESS,Armstrong,2,0,False,False,2025-09-08
envoys,CHOICE (DRESS) (LOT),Armstrong,2,0,False,False,2025-09-08
envy,HAPPY DRESS,Armstrong,2,0,False,False,2025-09-08
enzyme,PRICE DRESS,Armstrong,2,0,False,False,2025-09-08
eosinophil,GOAT FLEECE KIT,Armstrong,2,0,False,False,2025-09-08
epic,DRESS KIT,Armstrong,2,0,False,False,2025-09-08
epicure,CURE DRESS KIT,Armstrong,2,0,False,False,2025-09-08
epicurus,GOOSE DRESS KIT,Armstrong,2,0,False,False,2025-09-08
epidemiology,FLEECE DRESS KIT HAPPY LOT,Armstrong,2,0,False,False,2025-09-08
epilepsy,DRESS KIT HAPPY,Armstrong,2,0,False,False,2025-09-08
episode,DRESS GOAT KIT,Armstrong,2,0,False,False,2025-09-08
epoxy,LOT HAPPY,Armstrong,2,0,False,False,2025-09-08
epsilon,DRESS,Armstrong,2,0,False,False,2025-09-08
equal,FLEECE,Armstrong,2,0,False,False,2025-09-08
equation,FACE,Armstrong,2,0,False,False,2025-09-08
equatorial,FORCE DRESS HAPPY,Armstrong,2,0,False,False,2025-09-08
era,COMMA KIT/FLEECE,Armstrong,2,0,False,False,2025-09-08
erasmus,TRAP,Armstrong,2,0,False,False,2025-09-08
erasure,FACE LETTER,Armstrong,2,0,False,False,2025-09-08
ere,SQUARE,Armstrong,2,0,False,False,2025-09-08
erfurt,SQUARE NURSE,Armstrong,2,0,False,False,2025-09-08
ergonomic,NURSE LOT KIT,Armstrong,2,0,False,False,2025-09-08
ergot,NURSE GOAT,Armstrong,2,0,False,False,2025-09-08
erie,NEAR HAPPY,Armstrong,2,0,False,False,2025-09-08
erlangen,SQUARE TRAP,Armstrong,2,0,False,False,2025-09-08
erosion,GOAT,Armstrong,2,0,False,False,2025-09-08
error,LETTER DRESS,Armstrong,2,0,False,False,2025-09-08
errors,DRESS LETTER,Armstrong,2,0,False,False,2025-09-08
erythromycin,KIT GOAT PRICE,Armstrong,2,0,False,False,2025-09-08
escape,FACE,Armstrong,2,0,False,False,2025-09-08
escort,NORTH FORCE DRESS,Armstrong,2,0,False,False,2025-09-08
esmeralda,COMMA DRESS LETTER,Armstrong,2,0,False,False,2025-09-08
especially,DRESS COMMA HAPPY,Armstrong,2,0,False,False,2025-09-08
essay,DRESS FACE,Armstrong,2,0,False,False,2025-09-08
essays,FACE DRESS,Armstrong,2,0,False,False,2025-09-08
established,TRAP KIT,Armstrong,2,0,False,False,2025-09-08
estate,FACE,Armstrong,2,0,False,False,2025-09-08
estcourt,FORCE DRESS,Armstrong,2,0,False,False,2025-09-08
esteem,FLEECE,Armstrong,2,0,False,False,2025-09-08
esterhazy,PALM DRESS LETTER HAPPY,Armstrong,2,0,False,False,2025-09-08
estonia,DRESS GOAT HAPPY,Armstrong,2,0,False,False,2025-09-08
etcetera,DRESS COMMA,Armstrong,2,0,False,False,2025-09-08
etched,DRESS,Armstrong,2,0,False,False,2025-09-08
ethanol,DRESS LOT,Armstrong,2,0,False,False,2025-09-08
ether,LETTER FLEECE,Armstrong,2,0,False,False,2025-09-08
ethical,DRESS KIT,Armstrong,2,0,False,False,2025-09-08
ethiopia,GOAT FLEECE HAPPY,Armstrong,2,0,False,False,2025-09-08
ethnic,DRESS KIT,Armstrong,2,0,False,False,2025-09-08
ethnicity,DRESS KIT HAPPY,Armstrong,2,0,False,False,2025-09-08
ethnography,DRESS LOT HAPPY,Armstrong,2,0,False,False,2025-09-08
etiquette,DRESS KIT,Armstrong,2,0,False,False,2025-09-08
etta,COMMA DRESS,Armstrong,2,0,False,False,2025-09-08
eucalyptus,GOOSE KIT,Armstrong,2,0,False,False,2025-09-08
euclidean,GOOSE KIT,Armstrong,2,0,False,False,2025-09-08
eugene,GOOSE FLEECE,Armstrong,2,0,False,False,2025-09-08
eugenics,GOOSE DRESS KIT,Armstrong,2,0,False,False,2025-09-08
eulogy,GOOSE HAPPY,Armstrong,2,0,False,False,2025-09-08
eumenides,GOOSE DRESS KIT FLEECE,Armstrong,2,0,False,False,2025-09-08
euphemia,GOOSE FLEECE HAPPY,Armstrong,2,0,False,False,2025-09-08
euphemism,GOOSE KIT,Armstrong,2,0,False,False,2025-09-08
euphoney,GOOSE HAPPY,Armstrong,2,0,False,False,2025-09-08
euphonies,GOOSE HAPPY,Armstrong,2,0,False,False,2025-09-08
euphonium,GOOSE GOAT HAPPY,Armstrong,2,0,False,False,2025-09-08
euphoria,GOOSE FORCE HAPPY,Armstrong,2,0,False,False,2025-09-08
euphrates,GOOSE FACE FLEECE,Armstrong,2,0,False,False,2025-09-08
euphues,GOOSE FLEECE,Armstrong,2,0,False,False,2025-09-08
euphuisms,GOOSE KIT,Armstrong,2,0,False,False,2025-09-08
eurasia,COMMA CURE FACE,Armstrong,2,0,False,False,2025-09-08
eurasian,FACE CURE,Armstrong,2,0,False,False,2025-09-08
euro,CURE GOAT,Armstrong,2,0,False,False,2025-09-08
eurocheque,GOAT CURE DRESS,Armstrong,2,0,False,False,2025-09-08
europa,GOAT COMMA CURE,Armstrong,2,0,False,False,2025-09-08
europe,COMMA CURE,Armstrong,2,0,False,False,2025-09-08
european,FLEECE NEAR CURE,Armstrong,2,0,False,False,2025-09-08
euros,GOAT CURE,Armstrong,2,0,False,False,2025-09-08
eurovision,KIT CURE GOAT,Armstrong,2,0,False,False,2025-09-08
eva,COMMA FACE/FLEECE,Armstrong,2,0,False,False,2025-09-08
evaluation,GOOSE TRAP FACE,Armstrong,2,0,False,False,2025-09-08
evangelion,TRAP FLEECE DRESS,Armstrong,2,0,False,False,2025-09-08
evasion,FACE,Armstrong,2,0,False,False,2025-09-08
event,DRESS,Armstrong,2,0,False,False,2025-09-08
ever,DRESS LETTER,Armstrong,2,0,False,False,2025-09-08
everchanging,LETTER DRESS FACE KIT,Armstrong,2,0,False,False,2025-09-08
everglades,FACE LETTER DRESS,Armstrong,2,0,False,False,2025-09-08
evergreen,FLEECE LETTER DRESS,Armstrong,2,0,False,False,2025-09-08
evermore,FORCE DRESS LETTER,Armstrong,2,0,False,False,2025-09-08
everton,DRESS LETTER,Armstrong,2,0,False,False,2025-09-08
every,DRESS HAPPY,Armstrong,2,0,False,False,2025-09-08
everybody,LOT DRESS HAPPY,Armstrong,2,0,False,False,2025-09-08
everyone,DRESS STRUT HAPPY,Armstrong,2,0,False,False,2025-09-08
everything,DRESS HAPPY KIT,Armstrong,2,0,False,False,2025-09-08
everywhere,SQUARE HAPPY DRESS,Armstrong,2,0,False,False,2025-09-08
evidence,DRESS KIT,Armstrong,2,0,False,False,2025-09-08
ewe,GOOSE,Armstrong,2,0,False,False,2025-09-08
exaggerated,TRAP DRESS LETTER FACE,Armstrong,2,0,False,False,2025-09-08
excellent,COMMA DRESS,Armstrong,2,0,False,False,2025-09-08
except,DRESS,Armstrong,2,0,False,False,2025-09-08
exchange,FACE DRESS,Armstrong,2,0,False,False,2025-09-08
excision,KIT DRESS,Armstrong,2,0,False,False,2025-09-08
exciting,PRICE DRESS,Armstrong,2,0,False,False,2025-09-08
exclude,GOOSE DRESS,Armstrong,2,0,False,False,2025-09-08
exclusive,GOOSE DRESS KIT,Armstrong,2,0,False,False,2025-09-08
exclusivity,GOOSE KIT HAPPY DRESS,Armstrong,2,0,False,False,2025-09-08
excursion,NURSE DRESS,Armstrong,2,0,False,False,2025-09-08
execute,GOOSE DRESS,Armstrong,2,0,False,False,2025-09-08
execution,GOOSE DRESS,Armstrong,2,0,False,False,2025-09-08
executive,FOOT DRESS KIT,Armstrong,2,0,False,False,2025-09-08
exemplar,START DRESS,Armstrong,2,0,False,False,2025-09-08
exercise,PRICE LETTER DRESS,Armstrong,2,0,False,False,2025-09-08
exhaust,THOUGHT DRESS,Armstrong,2,0,False,False,2025-09-08
exhibit,KIT DRESS,Armstrong,2,0,False,False,2025-09-08
exhibition,KIT DRESS,Armstrong,2,0,False,False,2025-09-08
exhort,NORTH DRESS,Armstrong,2,0,False,False,2025-09-08
exmoor,FORCE CURE DRESS,Armstrong,2,0,False,False,2025-09-08
exogenous,LOT DRESS,Armstrong,2,0,False,False,2025-09-08
expat,TRAP DRESS,Armstrong,2,0,False,False,2025-09-08
experience,NEAR COMMA DRESS HAPPY,Armstrong,2,0,False,False,2025-09-08
explain,FACE DRESS,Armstrong,2,0,False,False,2025-09-08
exploit,CHOICE DRESS,Armstrong,2,0,False,False,2025-09-08
exploitation,CHOICE DRESS FACE,Armstrong,2,0,False,False,2025-09-08
exploitative,CHOICE DRESS KIT,Armstrong,2,0,False,False,2025-09-08
explore,FORCE DRESS,Armstrong,2,0,False,False,2025-09-08
explorer,LETTER DRESS FORCE,Armstrong,2,0,False,False,2025-09-08
explosion,GOAT DRESS,Armstrong,2,0,False,False,2025-09-08
export,FORCE DRESS,Armstrong,2,0,False,False,2025-09-08
exposed,GOAT DRESS,Armstrong,2,0,False,False,2025-09-08
expository,LOT DRESS KIT FORCE,Armstrong,2,0,False,False,2025-09-08
exposure,GOAT LETTER DRESS,Armstrong,2,0,False,False,2025-09-08
external,NURSE DRESS,Armstrong,2,0,False,False,2025-09-08
extort,NORTH DRESS,Armstrong,2,0,False,False,2025-09-08
extortion,NORTH DRESS,Armstrong,2,0,False,False,2025-09-08
extra,COMMA DRESS,Armstrong,2,0,False,False,2025-09-08
extraterritoriality,FORCE DRESS LETTER KIT HAPPY TRAP,Armstrong,2,0,False,False,2025-09-08
extreme,FLEECE DRESS,Armstrong,2,0,False,False,2025-09-08
extrusion,GOOSE DRESS,Armstrong,2,0,False,False,2025-09-08
exudes,GOOSE DRESS,Armstrong,2,0,False,False,2025-09-08
exuviae,GOOSE DRESS FACE,Armstrong,2,0,False,False,2025-09-08
eye,PRICE,Armstrong,2,0,False,False,2025-09-08
eye-baths,BATH PRICE,Armstrong,2,0,False,False,2025-09-08
eye-catching,TRAP PRICE KIT,Armstrong,2,0,False,False,2025-09-08
eye-shadow,TRAP PRICE GOAT,Armstrong,2,0,False,False,2025-09-08
eyebath,BATH PRICE,Armstrong,2,0,False,False,2025-09-08
eyebrow,MOUTH PRICE,Armstrong,2,0,False,False,2025-09-08
eyebrows,MOUTH PRICE,Armstrong,2,0,False,False,2025-09-08
eyeglasses,PRICE BATH,Armstrong,2,0,False,False,2025-09-08
eyelashes,TRAP PRICE,Armstrong,2,0,False,False,2025-09-08
eyes,PRICE,Armstrong,2,0,False,False,2025-09-08
eyeshade,PRICE FACE,Armstrong,2,0,False,False,2025-09-08
eyeshot,PRICE LOT,Armstrong,2,0,False,False,2025-09-08
eyesight,PRICE,Armstrong,2,0,False,False,2025-09-08
eyewash,PRICE LOT,Armstrong,2,0,False,False,2025-09-08
eyewitness,PRICE KIT,Armstrong,2,0,False,False,2025-09-08
fa,PALM,Armstrong,2,0,False,False,2025-09-08
fab,TRAP,Armstrong,2,0,False,False,2025-09-08
faber,FACE LETTER,Armstrong,2,0,False,False,2025-09-08
fabulous,TRAP FOOT,Armstrong,2,0,False,False,2025-09-08
facade,PALM,Armstrong,2,0,False,False,2025-09-08
face,FACE,Armstrong,2,0,False,False,2025-09-08
face-cream,FACE FLEECE,Armstrong,2,0,False,False,2025-09-08
face-powder,FACE MOUTH,Armstrong,2,0,False,False,2025-09-08
facebook,FOOT FACE,Armstrong,2,0,False,False,2025-09-08
facial,FACE,Armstrong,2,0,False,False,2025-09-08
fact,TRAP,Armstrong,2,0,False,False,2025-09-08
factorial,TRAP FORCE HAPPY,Armstrong,2,0,False,False,2025-09-08
fail-safe,FACE,Armstrong,2,0,False,False,2025-09-08
failed,FACE,Armstrong,2,0,False,False,2025-09-08
fair,SQUARE,Armstrong,2,0,False,False,2025-09-08
fair-minded,SQUARE PRICE,Armstrong,2,0,False,False,2025-09-08
fair-weather,DRESS SQUARE LETTER,Armstrong,2,0,False,False,2025-09-08
fairbairn,SQUARE,Armstrong,2,0,False,False,2025-09-08
fairbanks,TRAP SQUARE,Armstrong,2,0,False,False,2025-09-08
fairbrother,SQUARE STRUT,Armstrong,2,0,False,False,2025-09-08
fairchild,SQUARE PRICE,Armstrong,2,0,False,False,2025-09-08
fairclough,STRUT SQUARE,Armstrong,2,0,False,False,2025-09-08
fairer,SQUARE LETTER,Armstrong,2,0,False,False,2025-09-08
fairest,SQUARE,Armstrong,2,0,False,False,2025-09-08
fairfax,SQUARE TRAP,Armstrong,2,0,False,False,2025-09-08
fairfield,SQUARE FLEECE,Armstrong,2,0,False,False,2025-09-08
fairford,SQUARE,Armstrong,2,0,False,False,2025-09-08
fairground,SQUARE MOUTH,Armstrong,2,0,False,False,2025-09-08
fairing,SQUARE,Armstrong,2,0,False,False,2025-09-08
fairlight,SQUARE PRICE,Armstrong,2,0,False,False,2025-09-08
fairly,SQUARE HAPPY,Armstrong,2,0,False,False,2025-09-08
fairman,SQUARE,Armstrong,2,0,False,False,2025-09-08
fairmont,SQUARE,Armstrong,2,0,False,False,2025-09-08
fairness,SQUARE DRESS,Armstrong,2,0,False,False,2025-09-08
fairport,SQUARE FORCE,Armstrong,2,0,False,False,2025-09-08
fairs,SQUARE,Armstrong,2,0,False,False,2025-09-08
fairway,SQUARE FACE,Armstrong,2,0,False,False,2025-09-08
fairy,SQUARE HAPPY,Armstrong,2,0,False,False,2025-09-08
fairytale,SQUARE FACE,Armstrong,2,0,False,False,2025-09-08
faith,FACE,Armstrong,2,0,False,False,2025-09-08
faithful,FACE STRUT,Armstrong,2,0,False,False,2025-09-08
faithless,FACE DRESS,Armstrong,2,0,False,False,2025-09-08
fake,FACE,Armstrong,2,0,False,False,2025-09-08
falcon,THOUGHT/TRAP,Armstrong,2,0,False,False,2025-09-08
fallow-deer,TRAP GOAT NEAR,Armstrong,2,0,False,False,2025-09-08
fallowfield,TRAP GOAT FLEECE,Armstrong,2,0,False,False,2025-09-08
falls,THOUGHT,Armstrong,2,0,False,False,2025-09-08
false,THOUGHT,Armstrong,2,0,False,False,2025-09-08
falsifiablity,PRICE KIT HAPPY,Armstrong,2,0,False,False,2025-09-08
fame,FACE,Armstrong,2,0,False,False,2025-09-08
families,TRAP,Armstrong,2,0,False,False,2025-09-08
family,TRAP HAPPY,Armstrong,2,0,False,False,2025-09-08
famous,FACE COMMA,Armstrong,2,0,False,False,2025-09-08
fantastic,TRAP KIT,Armstrong,2,0,False,False,2025-09-08
fantasy,HAPPY COMMA BATH,Armstrong,2,0,False,False,2025-09-08
far,START,Armstrong,2,0,False,False,2025-09-08
far-famed,START FACE,Armstrong,2,0,False,False,2025-09-08
far-fetched,START DRESS,Armstrong,2,0,False,False,2025-09-08
far-flung,START STRUT,Armstrong,2,0,False,False,2025-09-08
far-seeing,START ‘ FLEECE,Armstrong,2,0,False,False,2025-09-08
farage,START,Armstrong,2,0,False,False,2025-09-08
faraway,START COMMA FACE,Armstrong,2,0,False,False,2025-09-08
fare-stage,SQUARE FACE,Armstrong,2,0,False,False,2025-09-08
fares,SQUARE,Armstrong,2,0,False,False,2025-09-08
farewell,DRESS SQUARE,Armstrong,2,0,False,False,2025-09-08
farfetched,START DRESS,Armstrong,2,0,False,False,2025-09-08
faring,SQUARE,Armstrong,2,0,False,False,2025-09-08
farmer,START LETTER,Armstrong,2,0,False,False,2025-09-08
farmhouse,START MOUTH,Armstrong,2,0,False,False,2025-09-08
faro,START GOAT,Armstrong,2,0,False,False,2025-09-08
farrago,PALM GOAT,Armstrong,2,0,False,False,2025-09-08
farther,START LETTER,Armstrong,2,0,False,False,2025-09-08
farthest,START,Armstrong,2,0,False,False,2025-09-08
farthing,START,Armstrong,2,0,False,False,2025-09-08
farthingale,START,Armstrong,2,0,False,False,2025-09-08
fascia,COMMA (TRAP) (FACE),Armstrong,2,0,False,False,2025-09-08
fascistic,TRAP KIT,Armstrong,2,0,False,False,2025-09-08
fashion,TRAP,Armstrong,2,0,False,False,2025-09-08
fast,BATH,Armstrong,2,0,False,False,2025-09-08
fast-forward,BATH NORTH,Armstrong,2,0,False,False,2025-09-08
faster,BATH LETTER,Armstrong,2,0,False,False,2025-09-08
fastest,BATH,Armstrong,2,0,False,False,2025-09-08
fat,TRAP,Armstrong,2,0,False,False,2025-09-08
fate,FACE,Armstrong,2,0,False,False,2025-09-08
father,PALM START LETTER,Armstrong,2,0,False,False,2025-09-08
father-in-law,PALM THOUGHT,Armstrong,2,0,False,False,2025-09-08
fatherhood,PALM FOOT,Armstrong,2,0,False,False,2025-09-08
fathering,PALM,Armstrong,2,0,False,False,2025-09-08
fatherland,PALM,Armstrong,2,0,False,False,2025-09-08
fatherless,PALM DRESS,Armstrong,2,0,False,False,2025-09-08
fatherly,PALM HAPPY,Armstrong,2,0,False,False,2025-09-08
fathom,TRAP,Armstrong,2,0,False,False,2025-09-08
fatigue,FLEECE,Armstrong,2,0,False,False,2025-09-08
fauci,MOUTH HAPPY,Armstrong,2,0,False,False,2025-09-08
favour,FACE LETTER,Armstrong,2,0,False,False,2025-09-08
favourite,FACE,Armstrong,2,0,False,False,2025-09-08
fawcett,THOUGHT,Armstrong,2,0,False,False,2025-09-08
fawkes,THOUGHT,Armstrong,2,0,False,False,2025-09-08
fear,NEAR,Armstrong,2,0,False,False,2025-09-08
feared,NEAR,Armstrong,2,0,False,False,2025-09-08
fearful,NEAR STRUT,Armstrong,2,0,False,False,2025-09-08
fearfully,NEAR STRUT,Armstrong,2,0,False,False,2025-09-08
fearing,NEAR,Armstrong,2,0,False,False,2025-09-08
fearless,NEAR DRESS,Armstrong,2,0,False,False,2025-09-08
fears,NEAR,Armstrong,2,0,False,False,2025-09-08
fearsome,NEAR,Armstrong,2,0,False,False,2025-09-08
feat,FLEECE,Armstrong,2,0,False,False,2025-09-08
feather,DRESS LETTER,Armstrong,2,0,False,False,2025-09-08
feature,FLEECE LETTER,Armstrong,2,0,False,False,2025-09-08
february,DRESS HAPPY,Armstrong,2,0,False,False,2025-09-08
fedora,FORCE,Armstrong,2,0,False,False,2025-09-08
feeble,FLEECE,Armstrong,2,0,False,False,2025-09-08
feed,FLEECE,Armstrong,2,0,False,False,2025-09-08
feedback,FLEECE TRAP,Armstrong,2,0,False,False,2025-09-08
feet,FLEECE,Armstrong,2,0,False,False,2025-09-08
feijoa,FACE,Armstrong,2,0,False,False,2025-09-08
fellow-feeling,DRESS GOAT FLEECE,Armstrong,2,0,False,False,2025-09-08
fellows,GOAT,Armstrong,2,0,False,False,2025-09-08
fellowship,GOAT KIT,Armstrong,2,0,False,False,2025-09-08
female,FLEECE FACE,Armstrong,2,0,False,False,2025-09-08
fer-de-lance,SQUARE BATH,Armstrong,2,0,False,False,2025-09-08
ferdinand,NURSE,Armstrong,2,0,False,False,2025-09-08
fergie,NURSE HAPPY,Armstrong,2,0,False,False,2025-09-08
ferguson,NURSE,Armstrong,2,0,False,False,2025-09-08
fernando,LETTER BATH GOAT,Armstrong,2,0,False,False,2025-09-08
ferrari,START HAPPY,Armstrong,2,0,False,False,2025-09-08
ferruginous,DRESS GOOSE,Armstrong,2,0,False,False,2025-09-08
festival,DRESS KIT,Armstrong,2,0,False,False,2025-09-08
fetch,DRESS,Armstrong,2,0,False,False,2025-09-08
feud,GOOSE,Armstrong,2,0,False,False,2025-09-08
fever,FLEECE LETTER,Armstrong,2,0,False,False,2025-09-08
few,GOOSE,Armstrong,2,0,False,False,2025-09-08
fewer,GOOSE LETTER,Armstrong,2,0,False,False,2025-09-08
ffolkes,GOAT,Armstrong,2,0,False,False,2025-09-08
fiat,(TRAP) FLEECE,Armstrong,2,0,False,False,2025-09-08
fiberglass,PRICE NURSE BATH,Armstrong,2,0,False,False,2025-09-08
fibre,PRICE,Armstrong,2,0,False,False,2025-09-08
fibromyalgia,GOAT PRICE,Armstrong,2,0,False,False,2025-09-08
fibrosis,PRICE GOAT,Armstrong,2,0,False,False,2025-09-08
fierce,NEAR,Armstrong,2,0,False,False,2025-09-08
fiercely,NEAR HAPPY,Armstrong,2,0,False,False,2025-09-08
fifa,FLEECE COMMA,Armstrong,2,0,False,False,2025-09-08
fife,PRICE,Armstrong,2,0,False,False,2025-09-08
fifi,FLEECE HAPPY,Armstrong,2,0,False,False,2025-09-08
fifth,KIT,Armstrong,2,0,False,False,2025-09-08
fifty,KIT HAPPY,Armstrong,2,0,False,False,2025-09-08
fight,PRICE,Armstrong,2,0,False,False,2025-09-08
figure,KIT (LETTER),Armstrong,2,0,False,False,2025-09-08
figurine,KIT FLEECE,Armstrong,2,0,False,False,2025-09-08
figurines,KIT FLEECE,Armstrong,2,0,False,False,2025-09-08
fiji,FLEECE HAPPY,Armstrong,2,0,False,False,2025-09-08
file,PRICE,Armstrong,2,0,False,False,2025-09-08
film,KIT,Armstrong,2,0,False,False,2025-09-08
final,PRICE,Armstrong,2,0,False,False,2025-09-08
finale,PALM HAPPY,Armstrong,2,0,False,False,2025-09-08
finally,PRICE HAPPY,Armstrong,2,0,False,False,2025-09-08
finance,TRAP PRICE,Armstrong,2,0,False,False,2025-09-08
financial,PRICE TRAP,Armstrong,2,0,False,False,2025-09-08
financially,PRICE TRAP HAPPY,Armstrong,2,0,False,False,2025-09-08
find,PRICE,Armstrong,2,0,False,False,2025-09-08
fine-tooth,PRICE GOOSE,Armstrong,2,0,False,False,2025-09-08
fined,PRICE,Armstrong,2,0,False,False,2025-09-08
finger,KIT LETTER,Armstrong,2,0,False,False,2025-09-08
finish,KIT,Armstrong,2,0,False,False,2025-09-08
fiona,FLEECE GOAT COMMA,Armstrong,2,0,False,False,2025-09-08
fir,NURSE,Armstrong,2,0,False,False,2025-09-08
fire,PRICE LETTER,Armstrong,2,0,False,False,2025-09-08
fire-alarm,PRICE LETTER START,Armstrong,2,0,False,False,2025-09-08
fire-brigade,PRICE LETTER FACE,Armstrong,2,0,False,False,2025-09-08
fire-escape,PRICE LETTER FACE,Armstrong,2,0,False,False,2025-09-08
firearm,PRICE LETTER START,Armstrong,2,0,False,False,2025-09-08
fireplug,PRICE LETTER STRUT,Armstrong,2,0,False,False,2025-09-08
firepower,PRICE LETTER MOUTH,Armstrong,2,0,False,False,2025-09-08
fireproof,PRICE LETTER GOOSE,Armstrong,2,0,False,False,2025-09-08
firestorm,PRICE LETTER NORTH,Armstrong,2,0,False,False,2025-09-08
firetrap,PRICE LETTER TRAP,Armstrong,2,0,False,False,2025-09-08
firewatcher,PRICE LOT LETTER,Armstrong,2,0,False,False,2025-09-08
firm,NURSE,Armstrong,2,0,False,False,2025-09-08
firmware,NURSE SQUARE,Armstrong,2,0,False,False,2025-09-08
first,NURSE,Armstrong,2,0,False,False,2025-09-08
first-born,NURSE NORTH,Armstrong,2,0,False,False,2025-09-08
firth,NURSE,Armstrong,2,0,False,False,2025-09-08
fish,KIT,Armstrong,2,0,False,False,2025-09-08
fisherman,KIT LETTER,Armstrong,2,0,False,False,2025-09-08
fishing-rod,KIT LOT,Armstrong,2,0,False,False,2025-09-08
fishmonger,KIT STRUT,Armstrong,2,0,False,False,2025-09-08
fissure,KIT LETTER,Armstrong,2,0,False,False,2025-09-08
fisticuffs,KIT STRUT,Armstrong,2,0,False,False,2025-09-08
fitness,KIT COMMA,Armstrong,2,0,False,False,2025-09-08
five,PRICE,Armstrong,2,0,False,False,2025-09-08
five-star,PRICE START,Armstrong,2,0,False,False,2025-09-08
fjord,NORTH,Armstrong,2,0,False,False,2025-09-08
flag,TRAP,Armstrong,2,0,False,False,2025-09-08
flagstaff,TRAP BATH,Armstrong,2,0,False,False,2025-09-08
flair,SQUARE,Armstrong,2,0,False,False,2025-09-08
flamenco,DRESS GOAT,Armstrong,2,0,False,False,2025-09-08
flames,FACE,Armstrong,2,0,False,False,2025-09-08
flanagan,TRAP COMMA,Armstrong,2,0,False,False,2025-09-08
flare,SQUARE,Armstrong,2,0,False,False,2025-09-08
flare-path,SQUARE BATH,Armstrong,2,0,False,False,2025-09-08
flared,SQUARE,Armstrong,2,0,False,False,2025-09-08
flash,TRAP,Armstrong,2,0,False,False,2025-09-08
flashback,TRAP,Armstrong,2,0,False,False,2025-09-08
flashmob,TRAP LOT,Armstrong,2,0,False,False,2025-09-08
flask,BATH,Armstrong,2,0,False,False,2025-09-08
flat,TRAP,Armstrong,2,0,False,False,2025-09-08
flatshare,TRAP SQUARE,Armstrong,2,0,False,False,2025-09-08
flaunts,THOUGHT,Armstrong,2,0,False,False,2025-09-08
flawed,THOUGHT,Armstrong,2,0,False,False,2025-09-08
flaws,THOUGHT,Armstrong,2,0,False,False,2025-09-08
flea,FLEECE,Armstrong,2,0,False,False,2025-09-08
fleabag,FLEECE TRAP,Armstrong,2,0,False,False,2025-09-08
fleet,FLEECE,Armstrong,2,0,False,False,2025-09-08
fleetwood,FLEECE FOOT,Armstrong,2,0,False,False,2025-09-08
flesh-wound,DRESS GOOSE,Armstrong,2,0,False,False,2025-09-08
fletcher,DRESS LETTER,Armstrong,2,0,False,False,2025-09-08
fleur,NURSE,Armstrong,2,0,False,False,2025-09-08
flight,PRICE,Armstrong,2,0,False,False,2025-09-08
flip-flops,KIT LOT,Armstrong,2,0,False,False,2025-09-08
float,GOAT,Armstrong,2,0,False,False,2025-09-08
flood,STRUT,Armstrong,2,0,False,False,2025-09-08
flood-tide,STRUT PRICE,Armstrong,2,0,False,False,2025-09-08
floodgate,STRUT FACE,Armstrong,2,0,False,False,2025-09-08
floodlight,STRUT PRICE,Armstrong,2,0,False,False,2025-09-08
floor,FORCE,Armstrong,2,0,False,False,2025-09-08
floor-walker,FORCE THOUGHT LETTER,Armstrong,2,0,False,False,2025-09-08
floored,FORCE,Armstrong,2,0,False,False,2025-09-08
flooring,FORCE,Armstrong,2,0,False,False,2025-09-08
flora,FORCE COMMA,Armstrong,2,0,False,False,2025-09-08
floral,FORCE,Armstrong,2,0,False,False,2025-09-08
flores,DRESS,Armstrong,2,0,False,False,2025-09-08
florid,CLOTH,Armstrong,2,0,False,False,2025-09-08
florida,CLOTH,Armstrong,2,0,False,False,2025-09-08
florin,CLOTH,Armstrong,2,0,False,False,2025-09-08
florist,CLOTH,Armstrong,2,0,False,False,2025-09-08
floss,CLOTH,Armstrong,2,0,False,False,2025-09-08
flour,MOUTH LETTER,Armstrong,2,0,False,False,2025-09-08
flourish,(STRUT) (NURSE),Armstrong,2,0,False,False,2025-09-08
flow,GOAT,Armstrong,2,0,False,False,2025-09-08
flowchart,GOAT START,Armstrong,2,0,False,False,2025-09-08
flowed,GOAT,Armstrong,2,0,False,False,2025-09-08
flower,MOUTH LETTER,Armstrong,2,0,False,False,2025-09-08
flower-girl,LETTER NURSE,Armstrong,2,0,False,False,2025-09-08
flows,GOAT,Armstrong,2,0,False,False,2025-09-08
floyd,CHOICE,Armstrong,2,0,False,False,2025-09-08
fluent,GOOSE,Armstrong,2,0,False,False,2025-09-08
fluffy,STRUT HAPPY,Armstrong,2,0,False,False,2025-09-08
flugelhorn,GOOSE NORTH,Armstrong,2,0,False,False,2025-09-08
fluke,GOOSE,Armstrong,2,0,False,False,2025-09-08
flush,STRUT,Armstrong,2,0,False,False,2025-09-08
fly,PRICE,Armstrong,2,0,False,False,2025-09-08
fly-fishing,PRICE KIT,Armstrong,2,0,False,False,2025-09-08
flycatcher,PRICE TRAP LETTER,Armstrong,2,0,False,False,2025-09-08
flysheet,PRICE FLEECE,Armstrong,2,0,False,False,2025-09-08
flyweights,PRICE FACE,Armstrong,2,0,False,False,2025-09-08
flywheel,PRICE FLEECE,Armstrong,2,0,False,False,2025-09-08
focaccia,PALM,Armstrong,2,0,False,False,2025-09-08
focus,GOAT STRUT,Armstrong,2,0,False,False,2025-09-08
fog,CLOTH,Armstrong,2,0,False,False,2025-09-08
fogey,GOAT HAPPY,Armstrong,2,0,False,False,2025-09-08
foggy,LOT HAPPY,Armstrong,2,0,False,False,2025-09-08
foil,CHOICE,Armstrong,2,0,False,False,2025-09-08
folio,GOAT FLEECE,Armstrong,2,0,False,False,2025-09-08
folk,GOAT,Armstrong,2,0,False,False,2025-09-08
folkestone,GOAT,Armstrong,2,0,False,False,2025-09-08
folklore,GOAT FORCE,Armstrong,2,0,False,False,2025-09-08
folksy,GOAT HAPPY,Armstrong,2,0,False,False,2025-09-08
folktale,GOAT FACE,Armstrong,2,0,False,False,2025-09-08
follow,LOT GOAT,Armstrong,2,0,False,False,2025-09-08
follow-up,LOT GOAT STRUT,Armstrong,2,0,False,False,2025-09-08
followed,LOT GOAT,Armstrong,2,0,False,False,2025-09-08
follows,LOT GOAT,Armstrong,2,0,False,False,2025-09-08
fontaine,LOT FACE,Armstrong,2,0,False,False,2025-09-08
food,GOOSE,Armstrong,2,0,False,False,2025-09-08
foodie,GOOSE HAPPY,Armstrong,2,0,False,False,2025-09-08
foodstuffs,GOOSE STRUT,Armstrong,2,0,False,False,2025-09-08
fool,GOOSE,Armstrong,2,0,False,False,2025-09-08
foolproof,GOOSE,Armstrong,2,0,False,False,2025-09-08
foot,FOOT,Armstrong,2,0,False,False,2025-09-08
football,FOOT THOUGHT,Armstrong,2,0,False,False,2025-09-08
footballer,FOOT THOUGHT LETTER,Armstrong,2,0,False,False,2025-09-08
footbath,FOOT BATH,Armstrong,2,0,False,False,2025-09-08
footfaults,FOOT THOUGHT,Armstrong,2,0,False,False,2025-09-08
footloose,FOOT GOOSE,Armstrong,2,0,False,False,2025-09-08
footpath,FOOT BATH,Armstrong,2,0,False,False,2025-09-08
footpaths,FOOT BATH,Armstrong,2,0,False,False,2025-09-08
footprint,FOOT KIT,Armstrong,2,0,False,False,2025-09-08
footsie,FOOT HAPPY,Armstrong,2,0,False,False,2025-09-08
footstep,DRESS FOOT,Armstrong,2,0,False,False,2025-09-08
footwear,FOOT SQUARE,Armstrong,2,0,False,False,2025-09-08
for,NORTH/LETTER,Armstrong,2,0,False,False,2025-09-08
forbear,SQUARE NORTH,Armstrong,2,0,False,False,2025-09-08
forbears,NORTH SQUARE,Armstrong,2,0,False,False,2025-09-08
forbes,NORTH,Armstrong,2,0,False,False,2025-09-08
forbidden,NORTH KIT LETTER,Armstrong,2,0,False,False,2025-09-08
force,FORCE,Armstrong,2,0,False,False,2025-09-08
force-land,FORCE,Armstrong,2,0,False,False,2025-09-08
force-landed,FORCE,Armstrong,2,0,False,False,2025-09-08
force-landing,FORCE,Armstrong,2,0,False,False,2025-09-08
forceps,FORCE DRESS,Armstrong,2,0,False,False,2025-09-08
ford,FORCE,Armstrong,2,0,False,False,2025-09-08
fordyce,FORCE PRICE,Armstrong,2,0,False,False,2025-09-08
fore,FORCE,Armstrong,2,0,False,False,2025-09-08
forecast,BATH FORCE,Armstrong,2,0,False,False,2025-09-08
foreclosure,FORCE GOAT,Armstrong,2,0,False,False,2025-09-08
forecourt,FORCE,Armstrong,2,0,False,False,2025-09-08
forefathers,FORCE PALM LETTER,Armstrong,2,0,False,False,2025-09-08
forefront,STRUT FORCE,Armstrong,2,0,False,False,2025-09-08
foregather,FORCE TRAP,Armstrong,2,0,False,False,2025-09-08
forehead,FORCE DRESS,Armstrong,2,0,False,False,2025-09-08
foreman,FORCE,Armstrong,2,0,False,False,2025-09-08
foremost,GOAT FORCE,Armstrong,2,0,False,False,2025-09-08
forename,FORCE FACE,Armstrong,2,0,False,False,2025-09-08
forenoon,FORCE GOOSE,Armstrong,2,0,False,False,2025-09-08
foreplay,FORCE FACE,Armstrong,2,0,False,False,2025-09-08
foreswear,FORCE SQUARE,Armstrong,2,0,False,False,2025-09-08
forewarned,FORCE NORTH,Armstrong,2,0,False,False,2025-09-08
foreword,FORCE NURSE,Armstrong,2,0,False,False,2025-09-08
forfar,FORCE LETTER,Armstrong,2,0,False,False,2025-09-08
forfeit,NORTH KIT,Armstrong,2,0,False,False,2025-09-08
forgather,NORTH TRAP LETTER,Armstrong,2,0,False,False,2025-09-08
forgathering,NORTH TRAP LETTER,Armstrong,2,0,False,False,2025-09-08
forge,FORCE,Armstrong,2,0,False,False,2025-09-08
forget,DRESS LETTER,Armstrong,2,0,False,False,2025-09-08
forgive,LETTER KIT,Armstrong,2,0,False,False,2025-09-08
forgo,NORTH GOAT,Armstrong,2,0,False,False,2025-09-08
forgoing,NORTH GOAT,Armstrong,2,0,False,False,2025-09-08
forgotten,NORTH LOT,Armstrong,2,0,False,False,2025-09-08
fork,NORTH,Armstrong,2,0,False,False,2025-09-08
forklift,NORTH KIT,Armstrong,2,0,False,False,2025-09-08
format,TRAP NORTH,Armstrong,2,0,False,False,2025-09-08
formation,NORTH FACE,Armstrong,2,0,False,False,2025-09-08
former,NORTH LETTER,Armstrong,2,0,False,False,2025-09-08
formula,FOOT NORTH,Armstrong,2,0,False,False,2025-09-08
forswear,NORTH SQUARE,Armstrong,2,0,False,False,2025-09-08
forswore,NORTH,Armstrong,2,0,False,False,2025-09-08
fort,FORCE,Armstrong,2,0,False,False,2025-09-08
forth,FORCE,Armstrong,2,0,False,False,2025-09-08
forthwith,FORCE KIT,Armstrong,2,0,False,False,2025-09-08
fortnite,FORCE PRICE,Armstrong,2,0,False,False,2025-09-08
fortuitous,NORTH GOOSE,Armstrong,2,0,False,False,2025-09-08
fortuitously,NORTH GOOSE HAPPY,Armstrong,2,0,False,False,2025-09-08
fortunes,NORTH GOOSE,Armstrong,2,0,False,False,2025-09-08
forward,NORTH LETTER,Armstrong,2,0,False,False,2025-09-08
fosse,CLOTH HAPPY,Armstrong,2,0,False,False,2025-09-08
foster,CLOTH LETTER,Armstrong,2,0,False,False,2025-09-08
foster-brother,CLOTH STRUT LETTER,Armstrong,2,0,False,False,2025-09-08
foster-father,PALM CLOTH LETTER,Armstrong,2,0,False,False,2025-09-08
foster-mother,STRUT CLOTHER LETTER,Armstrong,2,0,False,False,2025-09-08
fothergill,LOT LETTER KIT,Armstrong,2,0,False,False,2025-09-08
fought,THOUGHT,Armstrong,2,0,False,False,2025-09-08
foul,MOUTH,Armstrong,2,0,False,False,2025-09-08
foul-mouthed,MOUTH,Armstrong,2,0,False,False,2025-09-08
foul-spoken,MOUTH GOAT,Armstrong,2,0,False,False,2025-09-08
fouling,MOUTH,Armstrong,2,0,False,False,2025-09-08
found,MOUTH,Armstrong,2,0,False,False,2025-09-08
foundation,MOUTH,Armstrong,2,0,False,False,2025-09-08
founder,MOUTH LETTER,Armstrong,2,0,False,False,2025-09-08
four,FORCE,Armstrong,2,0,False,False,2025-09-08
four-wheeler,FORCE FLEECE,Armstrong,2,0,False,False,2025-09-08
foureyes,FORCE PRICE,Armstrong,2,0,False,False,2025-09-08
fourier,FOOT FLEECE LETTER,Armstrong,2,0,False,False,2025-09-08
fourleaves,FORCE FLEECE,Armstrong,2,0,False,False,2025-09-08
fourletter,FORCE LETTER,Armstrong,2,0,False,False,2025-09-08
fourpart,FORCE START,Armstrong,2,0,False,False,2025-09-08
foursquare,FORCE SQUARE,Armstrong,2,0,False,False,2025-09-08
fourth,FORCE,Armstrong,2,0,False,False,2025-09-08
fowl,MOUTH,Armstrong,2,0,False,False,2025-09-08
foxglove,LOT STRUT,Armstrong,2,0,False,False,2025-09-08
foyle,CHOICE,Armstrong,2,0,False,False,2025-09-08
fragile,TRAP (PRICE),Armstrong,2,0,False,False,2025-09-08
fragments,TRAP,Armstrong,2,0,False,False,2025-09-08
fragrance,FACE,Armstrong,2,0,False,False,2025-09-08
frame,FACE,Armstrong,2,0,False,False,2025-09-08
framework,FACE NURSE,Armstrong,2,0,False,False,2025-09-08
francesca,BATH DRESS COMMA,Armstrong,2,0,False,False,2025-09-08
franchise,BATH PRICE,Armstrong,2,0,False,False,2025-09-08
frank,TRAP,Armstrong,2,0,False,False,2025-09-08
frankie,TRAP HAPPY,Armstrong,2,0,False,False,2025-09-08
fraser,FACE LETTER,Armstrong,2,0,False,False,2025-09-08
fraud,THOUGHT,Armstrong,2,0,False,False,2025-09-08
fraudster,THOUGHT LETTER,Armstrong,2,0,False,False,2025-09-08
fraudulence,THOUGHT,Armstrong,2,0,False,False,2025-09-08
fraudulent,THOUGHT,Armstrong,2,0,False,False,2025-09-08
frazer,FACE LETTER,Armstrong,2,0,False,False,2025-09-08
freak,FLEECE,Armstrong,2,0,False,False,2025-09-08
free,FLEECE,Armstrong,2,0,False,False,2025-09-08
freebee,FLEECE HAPPY,Armstrong,2,0,False,False,2025-09-08
freeborn,FLEECE NORTH,Armstrong,2,0,False,False,2025-09-08
freedom,FLEECE,Armstrong,2,0,False,False,2025-09-08
freehold,FLEECE GOAT,Armstrong,2,0,False,False,2025-09-08
freeman,FLEECE,Armstrong,2,0,False,False,2025-09-08
freemason,FLEECE FACE,Armstrong,2,0,False,False,2025-09-08
freestyle,FLEECE PRICE,Armstrong,2,0,False,False,2025-09-08
freezer,FLEECE LETTER,Armstrong,2,0,False,False,2025-09-08
freight,FACE,Armstrong,2,0,False,False,2025-09-08
frequent,FLEECE,Armstrong,2,0,False,False,2025-09-08
frere,SQUARE,Armstrong,2,0,False,False,2025-09-08
fresh,DRESS,Armstrong,2,0,False,False,2025-09-08
freud,CHOICE,Armstrong,2,0,False,False,2025-09-08
friday,PRICE FACE,Armstrong,2,0,False,False,2025-09-08
friedrich,FLEECE,Armstrong,2,0,False,False,2025-09-08
frisbee,KIT HAPPY,Armstrong,2,0,False,False,2025-09-08
fro,GOAT,Armstrong,2,0,False,False,2025-09-08
frog,CLOTH,Armstrong,2,0,False,False,2025-09-08
froggy,LOT HAPPY,Armstrong,2,0,False,False,2025-09-08
frogmarch,LOT START,Armstrong,2,0,False,False,2025-09-08
from,COMMA,Armstrong,2,0,False,False,2025-09-08
front,STRUT,Armstrong,2,0,False,False,2025-09-08
frontrunner,STRUT LETTER,Armstrong,2,0,False,False,2025-09-08
frost,CLOTH,Armstrong,2,0,False,False,2025-09-08
froth,CLOTH,Armstrong,2,0,False,False,2025-09-08
frozen,GOAT,Armstrong,2,0,False,False,2025-09-08
fructose,STRUT GOAT,Armstrong,2,0,False,False,2025-09-08
frugal,GOOSE,Armstrong,2,0,False,False,2025-09-08
frugality,GOOSE HAPPY,Armstrong,2,0,False,False,2025-09-08
fruit,GOOSE,Armstrong,2,0,False,False,2025-09-08
frustrate,STRUT FACE,Armstrong,2,0,False,False,2025-09-08
frustration,STRUT FACE,Armstrong,2,0,False,False,2025-09-08
fuchsia,COMMA,Armstrong,2,0,False,False,2025-09-08
fuddy-duddy,STRUT,Armstrong,2,0,False,False,2025-09-08
fudge,STRUT,Armstrong,2,0,False,False,2025-09-08
fudgesicle,STRUT KIT,Armstrong,2,0,False,False,2025-09-08
fuel,GOOSE,Armstrong,2,0,False,False,2025-09-08
fugacious,GOOSE FACE,Armstrong,2,0,False,False,2025-09-08
fugitive,GOOSE KIT,Armstrong,2,0,False,False,2025-09-08
fugue,GOOSE,Armstrong,2,0,False,False,2025-09-08
fujitsu,GOOSE KIT,Armstrong,2,0,False,False,2025-09-08
fulfilment,FOOT KIIT,Armstrong,2,0,False,False,2025-09-08
fulham,FOOT,Armstrong,2,0,False,False,2025-09-08
full,FOOT,Armstrong,2,0,False,False,2025-09-08
full-length,FOOT DRESS,Armstrong,2,0,False,False,2025-09-08
full-time,FOOT PRICE,Armstrong,2,0,False,False,2025-09-08
fully,FOOT HAPPY,Armstrong,2,0,False,False,2025-09-08
fun,STRUT,Armstrong,2,0,False,False,2025-09-08
fun-loving,STRUT,Armstrong,2,0,False,False,2025-09-08
funchal,FOOT,Armstrong,2,0,False,False,2025-09-08
function,STRUT,Armstrong,2,0,False,False,2025-09-08
funeral,GOOSE NURSE,Armstrong,2,0,False,False,2025-09-08
funereal,GOOSE NURSE FLEECE,Armstrong,2,0,False,False,2025-09-08
funfairs,STRUT SQUARE,Armstrong,2,0,False,False,2025-09-08
fungal,STRUT,Armstrong,2,0,False,False,2025-09-08
funky,STRUT HAPPY,Armstrong,2,0,False,False,2025-09-08
fur,NURSE,Armstrong,2,0,False,False,2025-09-08
furious,CURE HAPPY,Armstrong,2,0,False,False,2025-09-08
furniture,KIT LETTER,Armstrong,2,0,False,False,2025-09-08
furry,NURSE HAPPY,Armstrong,2,0,False,False,2025-09-08
furth,NURSE,Armstrong,2,0,False,False,2025-09-08
further,LETTER NURSE,Armstrong,2,0,False,False,2025-09-08
furtherer,NURSE LETTER,Armstrong,2,0,False,False,2025-09-08
furthering,NURSE,Armstrong,2,0,False,False,2025-09-08
furthermore,FORCE NURSE,Armstrong,2,0,False,False,2025-09-08
furthest,NURSE,Armstrong,2,0,False,False,2025-09-08
furuncle,STRUT NURSE,Armstrong,2,0,False,False,2025-09-08
fury,CURE HAPPY,Armstrong,2,0,False,False,2025-09-08
fuschia,GOOSE,Armstrong,2,0,False,False,2025-09-08
fusilier,GOOSE NEAR,Armstrong,2,0,False,False,2025-09-08
fusion,GOOSE,Armstrong,2,0,False,False,2025-09-08
fussbudget,STRUT,Armstrong,2,0,False,False,2025-09-08
futura,GOOSE NURSE,Armstrong,2,0,False,False,2025-09-08
future,GOOSE LETTER,Armstrong,2,0,False,False,2025-09-08
futureless,GOOSE LETTER DRESS,Armstrong,2,0,False,False,2025-09-08
futurespeak,GOOSE LETTER FLEECE,Armstrong,2,0,False,False,2025-09-08
futurism,GOOSE LETTER KIT,Armstrong,2,0,False,False,2025-09-08
futurist,GOOSE LETTER KIT,Armstrong,2,0,False,False,2025-09-08
futuristic,GOOSE LETTER KIT,Armstrong,2,0,False,False,2025-09-08
futurities,GOOSE LETTER KIT HAPPY,Armstrong,2,0,False,False,2025-09-08
futurologist,GOOSE LETTER LOT KIT,Armstrong,2,0,False,False,2025-09-08
fuzz,STRUT,Armstrong,2,0,False,False,2025-09-08
fuzzy,STRUT HAPPY,Armstrong,2,0,False,False,2025-09-08
fuzzy-wuzzy,STRUT HAPPY,Armstrong,2,0,False,False,2025-09-08
gable,FACE,Armstrong,2,0,False,False,2025-09-08
gabon,TRAP,Armstrong,2,0,False,False,2025-09-08
gabriel,FACE HAPPY,Armstrong,2,0,False,False,2025-09-08
gadget,TRAP,Armstrong,2,0,False,False,2025-09-08
gadzooks,GOOSE,Armstrong,2,0,False,False,2025-09-08
gaelic,FACE KIT,Armstrong,2,0,False,False,2025-09-08
gaga,PALM,Armstrong,2,0,False,False,2025-09-08
gail,FACE,Armstrong,2,0,False,False,2025-09-08
gaiman,FACE,Armstrong,2,0,False,False,2025-09-08
gains,FACE,Armstrong,2,0,False,False,2025-09-08
gairloch,SQUARE,Armstrong,2,0,False,False,2025-09-08
gala,COMMA (TRAP),Armstrong,2,0,False,False,2025-09-08
galactose,GOAT TRAP,Armstrong,2,0,False,False,2025-09-08
galatians,FACE,Armstrong,2,0,False,False,2025-09-08
galaxy,TRAP COMMA HAPPY,Armstrong,2,0,False,False,2025-09-08
gale,FACE,Armstrong,2,0,False,False,2025-09-08
galere,SQUARE,Armstrong,2,0,False,False,2025-09-08
gallagher,TRAP COMMA,Armstrong,2,0,False,False,2025-09-08
galleria,TRAP NEAR,Armstrong,2,0,False,False,2025-09-08
gallery,TRAP LETTER COMMA HAPPY,Armstrong,2,0,False,False,2025-09-08
galloway,TRAP COMMA FACE,Armstrong,2,0,False,False,2025-09-08
gallowglass,TRAP GOAT BATH,Armstrong,2,0,False,False,2025-09-08
galore,FORCE,Armstrong,2,0,False,False,2025-09-08
gamer,FACE LETTER,Armstrong,2,0,False,False,2025-09-08
games,FACE,Armstrong,2,0,False,False,2025-09-08
gamey,FACE HAPPY,Armstrong,2,0,False,False,2025-09-08
gaming,FACE,Armstrong,2,0,False,False,2025-09-08
gang,TRAP,Armstrong,2,0,False,False,2025-09-08
gap,TRAP,Armstrong,2,0,False,False,2025-09-08
garage,START (TRAP),Armstrong,2,0,False,False,2025-09-08
garbage,START,Armstrong,2,0,False,False,2025-09-08
garbanzo,START BATH,Armstrong,2,0,False,False,2025-09-08
garcia,NEAR (START) (COMMA),Armstrong,2,0,False,False,2025-09-08
garda,START COMMA,Armstrong,2,0,False,False,2025-09-08
garden,START,Armstrong,2,0,False,False,2025-09-08
gardner,START LETTER,Armstrong,2,0,False,False,2025-09-08
gareth,TRAP COMMA,Armstrong,2,0,False,False,2025-09-08
garfield,START FLEECE,Armstrong,2,0,False,False,2025-09-08
garfish,START KIT,Armstrong,2,0,False,False,2025-09-08
gargantua,START GOOSE,Armstrong,2,0,False,False,2025-09-08
gargantuan,START GOOSE,Armstrong,2,0,False,False,2025-09-08
gargoyle,START CHOICE,Armstrong,2,0,False,False,2025-09-08
garlic,START KIT,Armstrong,2,0,False,False,2025-09-08
garner,START LETTER,Armstrong,2,0,False,False,2025-09-08
garth,START,Armstrong,2,0,False,False,2025-09-08
garvin,START,Armstrong,2,0,False,False,2025-09-08
gary,TRAP HAPPY,Armstrong,2,0,False,False,2025-09-08
gas,TRAP,Armstrong,2,0,False,False,2025-09-08
gas-guzzler,TRAP STRUT LETTER,Armstrong,2,0,False,False,2025-09-08
gas-oven,TRAP STRUT,Armstrong,2,0,False,False,2025-09-08
gascoigne,CHOICE,Armstrong,2,0,False,False,2025-09-08
gasmask,TRAP BATH,Armstrong,2,0,False,False,2025-09-08
gastropub,TRAP GOAT STRUT,Armstrong,2,0,False,False,2025-09-08
gate-crasher,TRAP FACE,Armstrong,2,0,False,False,2025-09-08
gateleg,FACE DRESS,Armstrong,2,0,False,False,2025-09-08
gather,TRAP LETTER,Armstrong,2,0,False,False,2025-09-08
gathering,TRAP LETTER,Armstrong,2,0,False,False,2025-09-08
gaucho,MOUTH,Armstrong,2,0,False,False,2025-09-08
gauge,FACE,Armstrong,2,0,False,False,2025-09-08
gave,FACE,Armstrong,2,0,False,False,2025-09-08
gavin,TRAP,Armstrong,2,0,False,False,2025-09-08
gawain,PALM,Armstrong,2,0,False,False,2025-09-08
gawp,THOUGHT,Armstrong,2,0,False,False,2025-09-08
gaydon,FACE,Armstrong,2,0,False,False,2025-09-08
gayle,FACE,Armstrong,2,0,False,False,2025-09-08
gays,FACE,Armstrong,2,0,False,False,2025-09-08
gaza,PALM COMMA,Armstrong,2,0,False,False,2025-09-08
gaze,FACE,Armstrong,2,0,False,False,2025-09-08
gazebo,FLEECE GOAT,Armstrong,2,0,False,False,2025-09-08
gazette,COMMA DRESS,Armstrong,2,0,False,False,2025-09-08
gear,NEAR,Armstrong,2,0,False,False,2025-09-08
gear-case,NEAR FACE,Armstrong,2,0,False,False,2025-09-08
geared,NEAR,Armstrong,2,0,False,False,2025-09-08
gearing,NEAR,Armstrong,2,0,False,False,2025-09-08
gears,NEAR,Armstrong,2,0,False,False,2025-09-08
gearshift,NEAR KIT,Armstrong,2,0,False,False,2025-09-08
gee-gee,HAPPY,Armstrong,2,0,False,False,2025-09-08
geek,FLEECE,Armstrong,2,0,False,False,2025-09-08
geiger,PRICE LETTER,Armstrong,2,0,False,False,2025-09-08
geisha,FACE,Armstrong,2,0,False,False,2025-09-08
gemini,DRESS PRICE,Armstrong,2,0,False,False,2025-09-08
gemma,DRESS COMMA,Armstrong,2,0,False,False,2025-09-08
gendarme,START,Armstrong,2,0,False,False,2025-09-08
generation,LETTER FACE COMMA,Armstrong,2,0,False,False,2025-09-08
geneva,FLEECE COMMA,Armstrong,2,0,False,False,2025-09-08
genie,FLEECE HAPPY,Armstrong,2,0,False,False,2025-09-08
genito-urinary,DRESS GOAT GOOSE SQUARE HAPPY,Armstrong,2,0,False,False,2025-09-08
genre,THOUGHT COMMA,Armstrong,2,0,False,False,2025-09-08
genuine,DRESS GOOSE (PRICE),Armstrong,2,0,False,False,2025-09-08
geoffrey,DRESS HAPPY,Armstrong,2,0,False,False,2025-09-08
geometric,NEAR FLEECE DRESS,Armstrong,2,0,False,False,2025-09-08
geopark,FLEECE GOAT START,Armstrong,2,0,False,False,2025-09-08
georg,NORTH,Armstrong,2,0,False,False,2025-09-08
georgette,NORTH DRESS,Armstrong,2,0,False,False,2025-09-08
georgia,NORTH,Armstrong,2,0,False,False,2025-09-08
georgie,NORTH HAPPY,Armstrong,2,0,False,False,2025-09-08
georgina,NORTH FLEECE,Armstrong,2,0,False,False,2025-09-08
geothermal,FLEECE GOAT NURSE,Armstrong,2,0,False,False,2025-09-08
gerber,NURSE LETTER,Armstrong,2,0,False,False,2025-09-08
gere,NEAR,Armstrong,2,0,False,False,2025-09-08
germany,HAPPY NURSE,Armstrong,2,0,False,False,2025-09-08
gerontological,LOT,Armstrong,2,0,False,False,2025-09-08
gerrard,START,Armstrong,2,0,False,False,2025-09-08
gertrude,NURSE GOOSE,Armstrong,2,0,False,False,2025-09-08
gestalt,BATH COMMA,Armstrong,2,0,False,False,2025-09-08
gestapo,PALM GOAT,Armstrong,2,0,False,False,2025-09-08
gesundheit,FOOT PRICE,Armstrong,2,0,False,False,2025-09-08
get,DRESS,Armstrong,2,0,False,False,2025-09-08
get-together,DRESS LETTER,Armstrong,2,0,False,False,2025-09-08
getaway,DRESS COMMA FACE,Armstrong,2,0,False,False,2025-09-08
getcha,DRESS,Armstrong,2,0,False,False,2025-09-08
gethsemane,DRESS FACE,Armstrong,2,0,False,False,2025-09-08
getty,DRESS HAPPY,Armstrong,2,0,False,False,2025-09-08
ghana,PALM COMMA,Armstrong,2,0,False,False,2025-09-08
ghastlier,BATH LETTER,Armstrong,2,0,False,False,2025-09-08
ghastliest,BATH,Armstrong,2,0,False,False,2025-09-08
ghastly,BATH HAPPY,Armstrong,2,0,False,False,2025-09-08
ghia,NEAR,Armstrong,2,0,False,False,2025-09-08
ghosts,GOAT,Armstrong,2,0,False,False,2025-09-08
giant,PRICE,Armstrong,2,0,False,False,2025-09-08
gift,KIT,Armstrong,2,0,False,False,2025-09-08
gig,KIT,Armstrong,2,0,False,False,2025-09-08
gigantic,PRICE TRAP KIT,Armstrong,2,0,False,False,2025-09-08
gilmour,KIT FORCE,Armstrong,2,0,False,False,2025-09-08
gilroy,KIT CHOICE,Armstrong,2,0,False,False,2025-09-08
ginger,KIT LETTER,Armstrong,2,0,False,False,2025-09-08
ginseng,DRESS,Armstrong,2,0,False,False,2025-09-08
giraffe,BATH,Armstrong,2,0,False,False,2025-09-08
girl,NURSE,Armstrong,2,0,False,False,2025-09-08
girlfriend,DRESS NURSE,Armstrong,2,0,False,False,2025-09-08
girth,NURSE,Armstrong,2,0,False,False,2025-09-08
gite,FLEECE,Armstrong,2,0,False,False,2025-09-08
giuseppe,FOOT DRESS,Armstrong,2,0,False,False,2025-09-08
give,KIT,Armstrong,2,0,False,False,2025-09-08
glaisher,FACE LETTER,Armstrong,2,0,False,False,2025-09-08
glaister,FACE LETTER,Armstrong,2,0,False,False,2025-09-08
glamorgan,NORTH,Armstrong,2,0,False,False,2025-09-08
glamour,TRAP LETTER,Armstrong,2,0,False,False,2025-09-08
glasgow,TRAP GOAT,Armstrong,2,0,False,False,2025-09-08
glass,BATH,Armstrong,2,0,False,False,2025-09-08
glassware,BATH SQUARE,Armstrong,2,0,False,False,2025-09-08
glaswegian,TRAP FLEECE,Armstrong,2,0,False,False,2025-09-08
glauber,MOUTH LETTER,Armstrong,2,0,False,False,2025-09-08
glaucoma,THOUGHT GOAT,Armstrong,2,0,False,False,2025-09-08
gleam,FLEECE,Armstrong,2,0,False,False,2025-09-08
glebe,FLEECE,Armstrong,2,0,False,False,2025-09-08
global,GOAT,Armstrong,2,0,False,False,2025-09-08
globe,GOAT,Armstrong,2,0,False,False,2025-09-08
gloria,FORCE HAPPY,Armstrong,2,0,False,False,2025-09-08
glorious,FORCE HAPPY,Armstrong,2,0,False,False,2025-09-08
glory,FORCE HAPPY,Armstrong,2,0,False,False,2025-09-08
glossy,CLOTH HAPPY,Armstrong,2,0,False,False,2025-09-08
gloucester,CLOTH DRESS LETTER,Armstrong,2,0,False,False,2025-09-08
gloucestershire,CLOTH LETTER,Armstrong,2,0,False,False,2025-09-08
glover,STRUT LETTER,Armstrong,2,0,False,False,2025-09-08
gloves,STRUT,Armstrong,2,0,False,False,2025-09-08
glow,GOAT,Armstrong,2,0,False,False,2025-09-08
glow-worm,GOAT NURSE,Armstrong,2,0,False,False,2025-09-08
glowed,GOAT,Armstrong,2,0,False,False,2025-09-08
glower,MOUTH LETTER,Armstrong,2,0,False,False,2025-09-08
glows,GOAT,Armstrong,2,0,False,False,2025-09-08
glucose,GOOSE GOAT,Armstrong,2,0,False,False,2025-09-08
gluten,GOOSE,Armstrong,2,0,False,False,2025-09-08
glycol,PRICE LOT,Armstrong,2,0,False,False,2025-09-08
gnocchi,HAPPY,Armstrong,2,0,False,False,2025-09-08
go,GOAT,Armstrong,2,0,False,False,2025-09-08
go-ahead,GOAT DRESS,Armstrong,2,0,False,False,2025-09-08
go-by,GOAT PRICE,Armstrong,2,0,False,False,2025-09-08
go-go,GOAT,Armstrong,2,0,False,False,2025-09-08
goal,GOAT,Armstrong,2,0,False,False,2025-09-08
goalkeeper,GOAT FLEECE,Armstrong,2,0,False,False,2025-09-08
goatsbeard,GOAT NEAR,Armstrong,2,0,False,False,2025-09-08
god-awful,LOT THOUGHT,Armstrong,2,0,False,False,2025-09-08
god-fearing,LOT NEAR,Armstrong,2,0,False,False,2025-09-08
godfather,LOT PALM LETTER,Armstrong,2,0,False,False,2025-09-08
godiva,LOT FLEECE COMMA,Armstrong,2,0,False,False,2025-09-08
godmother,LOT STRUT LETTER,Armstrong,2,0,False,False,2025-09-08
goes,GOAT,Armstrong,2,0,False,False,2025-09-08
golborne,FORCE,Armstrong,2,0,False,False,2025-09-08
gold,GOAT,Armstrong,2,0,False,False,2025-09-08
gold-dust,GOAT STRUT,Armstrong,2,0,False,False,2025-09-08
gold-rush,GOAT STRUT,Armstrong,2,0,False,False,2025-09-08
goldblum,GOAT GOOSE,Armstrong,2,0,False,False,2025-09-08
golf,THOUGHT,Armstrong,2,0,False,False,2025-09-08
golf-club,THOUGHT STRUT,Armstrong,2,0,False,False,2025-09-08
golf-course,THOUGHT FORCE,Armstrong,2,0,False,False,2025-09-08
golfer,THOUGHT LETTER,Armstrong,2,0,False,False,2025-09-08
golgi,GOAT HAPPY,Armstrong,2,0,False,False,2025-09-08
gomez,DRESS GOAT,Armstrong,2,0,False,False,2025-09-08
gonadotrophin,GOAT,Armstrong,2,0,False,False,2025-09-08
gong,CLOTH,Armstrong,2,0,False,False,2025-09-08
good,FOOT,Armstrong,2,0,False,False,2025-09-08
good-for-nothing,FOOT LETTER STRUT,Armstrong,2,0,False,False,2025-09-08
good-time,FOOT PRICE,Armstrong,2,0,False,False,2025-09-08
goodies,FOOT HAPPY,Armstrong,2,0,False,False,2025-09-08
goodman,FOOT,Armstrong,2,0,False,False,2025-09-08
goodwife,FOOT PRICE,Armstrong,2,0,False,False,2025-09-08
goodyear,FOOT NEAR,Armstrong,2,0,False,False,2025-09-08
goofy,GOOSE HAPPY,Armstrong,2,0,False,False,2025-09-08
google,GOOSE,Armstrong,2,0,False,False,2025-09-08
googolplex,GOOSE DRESS,Armstrong,2,0,False,False,2025-09-08
goose,GOOSE,Armstrong,2,0,False,False,2025-09-08
goosebumps,GOOSE STRUT,Armstrong,2,0,False,False,2025-09-08
gooseflesh,GOOSE DRESS,Armstrong,2,0,False,False,2025-09-08
gopher,GOAT LETTER,Armstrong,2,0,False,False,2025-09-08
gorbachev,NORTH,Armstrong,2,0,False,False,2025-09-08
gorblimey,NORTH PRICE HAPPY,Armstrong,2,0,False,False,2025-09-08
gore,FORCE,Armstrong,2,0,False,False,2025-09-08
gorge,NORTH,Armstrong,2,0,False,False,2025-09-08
gorging,NORTH,Armstrong,2,0,False,False,2025-09-08
gorse,NORTH,Armstrong,2,0,False,False,2025-09-08
gory,FORCE HAPPY,Armstrong,2,0,False,False,2025-09-08
gosh,LOT,Armstrong,2,0,False,False,2025-09-08
gossip,LOT KIT,Armstrong,2,0,False,False,2025-09-08
got,LOT,Armstrong,2,0,False,False,2025-09-08
gotcha,LOT COMMA,Armstrong,2,0,False,False,2025-09-08
gouache,PALM,Armstrong,2,0,False,False,2025-09-08
gouge,MOUTH,Armstrong,2,0,False,False,2025-09-08
gourd,CURE,Armstrong,2,0,False,False,2025-09-08
gourlay,CURE FACE,Armstrong,2,0,False,False,2025-09-08
gourmand,CURE,Armstrong,2,0,False,False,2025-09-08
gourmet,CURE FACE,Armstrong,2,0,False,False,2025-09-08
governance,STRUT LETTER,Armstrong,2,0,False,False,2025-09-08
government,STRUT LETTER,Armstrong,2,0,False,False,2025-09-08
gow,MOUTH,Armstrong,2,0,False,False,2025-09-08
gower,MOUTH LETTER,Armstrong,2,0,False,False,2025-09-08
gowrie,MOUTH HAPPY,Armstrong,2,0,False,False,2025-09-08
goya,CHOICE,Armstrong,2,0,False,False,2025-09-08
goyt,CHOICE,Armstrong,2,0,False,False,2025-09-08
grab,TRAP,Armstrong,2,0,False,False,2025-09-08
grace,FACE,Armstrong,2,0,False,False,2025-09-08
gracie,FACE HAPPY,Armstrong,2,0,False,False,2025-09-08
gracious,FACE,Armstrong,2,0,False,False,2025-09-08
grade,FACE,Armstrong,2,0,False,False,2025-09-08
gradual,TRAP,Armstrong,2,0,False,False,2025-09-08
graduate,TRAP/FACE GOOSE,Armstrong,2,0,False,False,2025-09-08
graffiti,FLEECE HAPPY COMMA,Armstrong,2,0,False,False,2025-09-08
grammar,TRAP LETTER,Armstrong,2,0,False,False,2025-09-08
granddad,TRAP,Armstrong,2,0,False,False,2025-09-08
granddaughter,TRAP THOUGHT,Armstrong,2,0,False,False,2025-09-08
grandee,TRAP HAPPY,Armstrong,2,0,False,False,2025-09-08
grandfather,TRAP PALM LETTER,Armstrong,2,0,False,False,2025-09-08
grandma,TRAP PALM,Armstrong,2,0,False,False,2025-09-08
grandmother,TRAP STRUT LETTER,Armstrong,2,0,False,False,2025-09-08
grandpa,TRAP PALM,Armstrong,2,0,False,False,2025-09-08
grandson,TRAP STRUT,Armstrong,2,0,False,False,2025-09-08
granta,BATH COMMA,Armstrong,2,0,False,False,2025-09-08
grantors,BATH NORTH,Armstrong,2,0,False,False,2025-09-08
grapefruit,FACE GOOSE,Armstrong,2,0,False,False,2025-09-08
graph,(BATH) (TRAP),Armstrong,2,0,False,False,2025-09-08
grapheme,BATH/TRAP FLEECE,Armstrong,2,0,False,False,2025-09-08
graphene,BATH/TRAP FLEECE,Armstrong,2,0,False,False,2025-09-08
graphics,TRAP KIT,Armstrong,2,0,False,False,2025-09-08
graphology,TRAP BATH LOT HAPPY,Armstrong,2,0,False,False,2025-09-08
grass,BATH,Armstrong,2,0,False,False,2025-09-08
grassroots,BATH GOOSE,Armstrong,2,0,False,False,2025-09-08
graupel,MOUTH,Armstrong,2,0,False,False,2025-09-08
grave,FACE,Armstrong,2,0,False,False,2025-09-08
gravity,TRAP HAPPY,Armstrong,2,0,False,False,2025-09-08
graybeard,FACE NEAR,Armstrong,2,0,False,False,2025-09-08
grayson,FACE,Armstrong,2,0,False,False,2025-09-08
graze,FACE,Armstrong,2,0,False,False,2025-09-08
greatly,FACE HAPPY,Armstrong,2,0,False,False,2025-09-08
grebe,FLEECE,Armstrong,2,0,False,False,2025-09-08
greek,FLEECE,Armstrong,2,0,False,False,2025-09-08
greenbaum,FLEECE MOUTH,Armstrong,2,0,False,False,2025-09-08
greenhouse,FLEECE MOUTH,Armstrong,2,0,False,False,2025-09-08
greenstreet,FLEECE,Armstrong,2,0,False,False,2025-09-08
greenstuffs,FLEECE STRUT,Armstrong,2,0,False,False,2025-09-08
greensward,FLEECE NORTH,Armstrong,2,0,False,False,2025-09-08
greet,FLEECE,Armstrong,2,0,False,False,2025-09-08
gregorian,FORCE,Armstrong,2,0,False,False,2025-09-08
gregory,DRESS HAPPY,Armstrong,2,0,False,False,2025-09-08
grenada,FACE COMMA,Armstrong,2,0,False,False,2025-09-08
grenadier,FACE NEAR,Armstrong,2,0,False,False,2025-09-08
gretchen,DRESS,Armstrong,2,0,False,False,2025-09-08
grew,GOOSE,Armstrong,2,0,False,False,2025-09-08
greybeard,FACE NEAR,Armstrong,2,0,False,False,2025-09-08
grierson,NEAR,Armstrong,2,0,False,False,2025-09-08
gripe,PRICE,Armstrong,2,0,False,False,2025-09-08
grippe,(FLEECE) (PRICE),Armstrong,2,0,False,False,2025-09-08
grocery,GOAT LETTER COMMA,Armstrong,2,0,False,False,2025-09-08
groin,CHOICE,Armstrong,2,0,False,False,2025-09-08
groom,GOOSE,Armstrong,2,0,False,False,2025-09-08
groove,GOOSE,Armstrong,2,0,False,False,2025-09-08
grosbeak,GOAT FLEECE,Armstrong,2,0,False,False,2025-09-08
grosgrain,GOAT FACE,Armstrong,2,0,False,False,2025-09-08
gross,GOAT,Armstrong,2,0,False,False,2025-09-08
grosvenor,GOAT LETTER,Armstrong,2,0,False,False,2025-09-08
groucho,MOUTH GOAT,Armstrong,2,0,False,False,2025-09-08
ground,MOUTH,Armstrong,2,0,False,False,2025-09-08
groundsheet,MOUTH FLEECE,Armstrong,2,0,False,False,2025-09-08
group,GOOSE,Armstrong,2,0,False,False,2025-09-08
grove,GOAT,Armstrong,2,0,False,False,2025-09-08
grovelling,LOT,Armstrong,2,0,False,False,2025-09-08
grow,GOAT,Armstrong,2,0,False,False,2025-09-08
growl,MOUTH,Armstrong,2,0,False,False,2025-09-08
grown,GOAT,Armstrong,2,0,False,False,2025-09-08
grown-up,GOAT STRUT,Armstrong,2,0,False,False,2025-09-08
grows,GOAT,Armstrong,2,0,False,False,2025-09-08
growth,GOAT,Armstrong,2,0,False,False,2025-09-08
grudge,STRUT,Armstrong,2,0,False,False,2025-09-08
gruff,STRUT,Armstrong,2,0,False,False,2025-09-08
gruyere,SQUARE,Armstrong,2,0,False,False,2025-09-08
guacamole,GOOSE PALM GOAT FACE,Armstrong,2,0,False,False,2025-09-08
guadeloupe,GOOSE PALM,Armstrong,2,0,False,False,2025-09-08
guam,PALM,Armstrong,2,0,False,False,2025-09-08
guarantee,(FLEECE) (HAPPY) TRAP,Armstrong,2,0,False,False,2025-09-08
guarantors,NORTH TRAP,Armstrong,2,0,False,False,2025-09-08
guard,START,Armstrong,2,0,False,False,2025-09-08
guardian,START COMMA,Armstrong,2,0,False,False,2025-09-08
guatemala,PALM COMMA,Armstrong,2,0,False,False,2025-09-08
guava,PALM,Armstrong,2,0,False,False,2025-09-08
gucci,GOOSE HAPPY,Armstrong,2,0,False,False,2025-09-08
gudgeon,STRUT,Armstrong,2,0,False,False,2025-09-08
guernsey,HAPPY NURSE,Armstrong,2,0,False,False,2025-09-08
guidance,PRICE,Armstrong,2,0,False,False,2025-09-08
guide,PRICE,Armstrong,2,0,False,False,2025-09-08
guideline,PRICE,Armstrong,2,0,False,False,2025-09-08
guido,FLEECE GOAT,Armstrong,2,0,False,False,2025-09-08
guinea,KIT HAPPY,Armstrong,2,0,False,False,2025-09-08
guineapig,KIT FLEECE,Armstrong,2,0,False,False,2025-09-08
guinevere,NEAR,Armstrong,2,0,False,False,2025-09-08
guitar,START,Armstrong,2,0,False,False,2025-09-08
guitarist,START,Armstrong,2,0,False,False,2025-09-08
guitaristic,START KIT,Armstrong,2,0,False,False,2025-09-08
gujarat,FOOT,Armstrong,2,0,False,False,2025-09-08
gujarati,PALM (FOOT),Armstrong,2,0,False,False,2025-09-08
gujerat,FOOT,Armstrong,2,0,False,False,2025-09-08
gulf,STRUT,Armstrong,2,0,False,False,2025-09-08
gumboil,STRUT CHOICE,Armstrong,2,0,False,False,2025-09-08
gun-carriage,STRUT TRAP,Armstrong,2,0,False,False,2025-09-08
gunpowder,STRUT MOUTH LETTER,Armstrong,2,0,False,False,2025-09-08
gunslinger,LETTER STRUT KIT,Armstrong,2,0,False,False,2025-09-08
gupta,FOOT,Armstrong,2,0,False,False,2025-09-08
guru,GOOSE,Armstrong,2,0,False,False,2025-09-08
gush,STRUT,Armstrong,2,0,False,False,2025-09-08
gustav,FOOT PALM,Armstrong,2,0,False,False,2025-09-08
gustave,FOOT PALM,Armstrong,2,0,False,False,2025-09-08
gut,STRUT,Armstrong,2,0,False,False,2025-09-08
guthrie,STRUT HAPPY,Armstrong,2,0,False,False,2025-09-08
guy,PRICE,Armstrong,2,0,False,False,2025-09-08
guys,PRICE,Armstrong,2,0,False,False,2025-09-08
gwyneth,KIT COMMA,Armstrong,2,0,False,False,2025-09-08
gwyther,PRICE LETTER,Armstrong,2,0,False,False,2025-09-08
gymkhana,KIT PALM,Armstrong,2,0,False,False,2025-09-08
gymnastic,KIT BATH,Armstrong,2,0,False,False,2025-09-08
ha,PALM/TRAP,Armstrong,2,0,False,False,2025-09-08
haberdasher,TRAP LETTER,Armstrong,2,0,False,False,2025-09-08
habit,TRAP KIT,Armstrong,2,0,False,False,2025-09-08
habitat,TRAP KIT,Armstrong,2,0,False,False,2025-09-08
hacek,PALM DRESS,Armstrong,2,0,False,False,2025-09-08
had,TRAP COMMA,Armstrong,2,0,False,False,2025-09-08
hagan,FACE,Armstrong,2,0,False,False,2025-09-08
hague,FACE,Armstrong,2,0,False,False,2025-09-08
hah,PALM,Armstrong,2,0,False,False,2025-09-08
haha,PALM,Armstrong,2,0,False,False,2025-09-08
hahn,PALM,Armstrong,2,0,False,False,2025-09-08
haifa,PRICE COMMA,Armstrong,2,0,False,False,2025-09-08
hail,FACE,Armstrong,2,0,False,False,2025-09-08
hail-fellow-well-met,GOAT FACE DRESS,Armstrong,2,0,False,False,2025-09-08
hair,SQUARE,Armstrong,2,0,False,False,2025-09-08
hair-dye,PRICE SQUARE,Armstrong,2,0,False,False,2025-09-08
hair-shirt,SQUARE NURSE,Armstrong,2,0,False,False,2025-09-08
hair-slide,SQUARE PRICE,Armstrong,2,0,False,False,2025-09-08
hair-trigger,SQUARE KIT LETTER,Armstrong,2,0,False,False,2025-09-08
hairball,SQUARE THOUGHT,Armstrong,2,0,False,False,2025-09-08
hairbrush,STRUT SQUARE,Armstrong,2,0,False,False,2025-09-08
haircut,STRUT SQUARE,Armstrong,2,0,False,False,2025-09-08
hairdo,SQUARE GOOSE,Armstrong,2,0,False,False,2025-09-08
hairdresser,SQUARE DRESS LETTER,Armstrong,2,0,False,False,2025-09-08
hairdressing,SQUARE DRESS KIT,Armstrong,2,0,False,False,2025-09-08
haired,SQUARE,Armstrong,2,0,False,False,2025-09-08
hairgrip,SQUARE KIT,Armstrong,2,0,False,False,2025-09-08
hairless,SQUARE,Armstrong,2,0,False,False,2025-09-08
hairlike,SQUARE KIT,Armstrong,2,0,False,False,2025-09-08
hairline,SQUARE PRICE,Armstrong,2,0,False,False,2025-09-08
hairnet,SQUARE DRESS,Armstrong,2,0,False,False,2025-09-08
hairpiece,SQUARE FLEECE,Armstrong,2,0,False,False,2025-09-08
hairpin,SQUARE KIT,Armstrong,2,0,False,False,2025-09-08
hairsplitting,SQUARE KIT,Armstrong,2,0,False,False,2025-09-08
hairspring,SQUARE KIT,Armstrong,2,0,False,False,2025-09-08
hairstreak,FLEECE SQUARE,Armstrong,2,0,False,False,2025-09-08
hairstyle,SQUARE PRICE,Armstrong,2,0,False,False,2025-09-08
hairstylist,SQUARE PRICE KIT,Armstrong,2,0,False,False,2025-09-08
haiti,FACE HAPPY,Armstrong,2,0,False,False,2025-09-08
haitian,FACE,Armstrong,2,0,False,False,2025-09-08
hakim,FLEECE (TRAP),Armstrong,2,0,False,False,2025-09-08
halal,PALM,Armstrong,2,0,False,False,2025-09-08
hale,FACE,Armstrong,2,0,False,False,2025-09-08
halesowen,FACE GOAT,Armstrong,2,0,False,False,2025-09-08
half,BATH,Armstrong,2,0,False,False,2025-09-08
half-a-dozen,STRUT BATH,Armstrong,2,0,False,False,2025-09-08
half-brother,STRUT BATH LETTER,Armstrong,2,0,False,False,2025-09-08
half-hearted,BATH PALM,Armstrong,2,0,False,False,2025-09-08
half-heartedly,BATH PALM HAPPY,Armstrong,2,0,False,False,2025-09-08
half-hour,BATH MOUTH LETTER,Armstrong,2,0,False,False,2025-09-08
half-life,BATH PRICE,Armstrong,2,0,False,False,2025-09-08
half-measures,DRESS BATH LETTER,Armstrong,2,0,False,False,2025-09-08
half-price,BATH PRICE,Armstrong,2,0,False,False,2025-09-08
half-sister,BATH KIT LETTER,Armstrong,2,0,False,False,2025-09-08
half-time,PRICE BATH,Armstrong,2,0,False,False,2025-09-08
halftime,BATH PRICE,Armstrong,2,0,False,False,2025-09-08
halftone,BATH GOAT,Armstrong,2,0,False,False,2025-09-08
halftrack,BATH TRAP,Armstrong,2,0,False,False,2025-09-08
halftruth,GOOSE BATH,Armstrong,2,0,False,False,2025-09-08
hall,THOUGHT,Armstrong,2,0,False,False,2025-09-08
halle,HAPPY TRAP,Armstrong,2,0,False,False,2025-09-08
hallmark,START THOUGHT,Armstrong,2,0,False,False,2025-09-08
halo,FACE GOAT,Armstrong,2,0,False,False,2025-09-08
halothane,GOAT FACE,Armstrong,2,0,False,False,2025-09-08
halt,THOUGHT,Armstrong,2,0,False,False,2025-09-08
haltere,NEAR THOUGHT/TRAP,Armstrong,2,0,False,False,2025-09-08
halves,BATH,Armstrong,2,0,False,False,2025-09-08
hamilton,TRAP,Armstrong,2,0,False,False,2025-09-08
hamish,FACE KIT,Armstrong,2,0,False,False,2025-09-08
hammer,LETTER TRAP,Armstrong,2,0,False,False,2025-09-08
hammerbeam,FLEECE TRAP LETTER,Armstrong,2,0,False,False,2025-09-08
hamsa,COMMA TRAP,Armstrong,2,0,False,False,2025-09-08
hamstrung,STRUT TRAP,Armstrong,2,0,False,False,2025-09-08
hand-cream,FLEECE TRAP,Armstrong,2,0,False,False,2025-09-08
hand-organ,NORTH TRAP,Armstrong,2,0,False,False,2025-09-08
handbag,TRAP,Armstrong,2,0,False,False,2025-09-08
handball,THOUGHT TRAP,Armstrong,2,0,False,False,2025-09-08
handbrake,FACE TRAP,Armstrong,2,0,False,False,2025-09-08
handcuffs,STRUT TRAP,Armstrong,2,0,False,False,2025-09-08
handful,FOOT TRAP,Armstrong,2,0,False,False,2025-09-08
handicap,TRAP HAPPY,Armstrong,2,0,False,False,2025-09-08
handkerchief,(KIT) LETTER (FLEECE) TRAP,Armstrong,2,0,False,False,2025-09-08
handover,GOAT TRAP LETTER,Armstrong,2,0,False,False,2025-09-08
handsaws,THOUGHT TRAP,Armstrong,2,0,False,False,2025-09-08
hang,TRAP,Armstrong,2,0,False,False,2025-09-08
hangar,LETTER TRAP,Armstrong,2,0,False,False,2025-09-08
hanger,LETTER TRAP,Armstrong,2,0,False,False,2025-09-08
hanna-barbera,START TRAP SQUARE,Armstrong,2,0,False,False,2025-09-08
hanoi,CHOICE TRAP,Armstrong,2,0,False,False,2025-09-08
hanukkah,PALM COMMA TRAP,Armstrong,2,0,False,False,2025-09-08
happened,TRAP,Armstrong,2,0,False,False,2025-09-08
happy,TRAP HAPPY,Armstrong,2,0,False,False,2025-09-08
happy-go-lucky,GOAT TRAP HAPPY STRUT,Armstrong,2,0,False,False,2025-09-08
harare,START HAPPY,Armstrong,2,0,False,False,2025-09-08
harbor,LETTER START,Armstrong,2,0,False,False,2025-09-08
harbour,START LETTER,Armstrong,2,0,False,False,2025-09-08
harcourt,FORCE START,Armstrong,2,0,False,False,2025-09-08
hard,START,Armstrong,2,0,False,False,2025-09-08
hardcastle,BATH START,Armstrong,2,0,False,False,2025-09-08
hardcore,START FORCE,Armstrong,2,0,False,False,2025-09-08
hardcover,STRUT START LETTER,Armstrong,2,0,False,False,2025-09-08
harder,START LETTER,Armstrong,2,0,False,False,2025-09-08
hardware,SQUARE START,Armstrong,2,0,False,False,2025-09-08
hardy,START HAPPY,Armstrong,2,0,False,False,2025-09-08
hare,SQUARE,Armstrong,2,0,False,False,2025-09-08
harelip,SQUARE KIT,Armstrong,2,0,False,False,2025-09-08
harewood,SQUARE FOOT,Armstrong,2,0,False,False,2025-09-08
harfleur,START LETTER,Armstrong,2,0,False,False,2025-09-08
harford,START LETTER,Armstrong,2,0,False,False,2025-09-08
hargeaves,START FLEECE,Armstrong,2,0,False,False,2025-09-08
harlem,START,Armstrong,2,0,False,False,2025-09-08
harley-davidson,FACE START HAPPY KIT,Armstrong,2,0,False,False,2025-09-08
harlot,START GOAT,Armstrong,2,0,False,False,2025-09-08
harlow,START GOAT,Armstrong,2,0,False,False,2025-09-08
harm,START,Armstrong,2,0,False,False,2025-09-08
harmonica,START LOT KIT,Armstrong,2,0,False,False,2025-09-08
harmony,START HAPPY,Armstrong,2,0,False,False,2025-09-08
harness,START,Armstrong,2,0,False,False,2025-09-08
harp,START,Armstrong,2,0,False,False,2025-09-08
harpenden,START,Armstrong,2,0,False,False,2025-09-08
harper,START LETTER,Armstrong,2,0,False,False,2025-09-08
harpoon,START GOOSE,Armstrong,2,0,False,False,2025-09-08
harpsichord,FORCE KIT NORTH,Armstrong,2,0,False,False,2025-09-08
harris,TRAP KIT,Armstrong,2,0,False,False,2025-09-08
harrison,TRAP KIT,Armstrong,2,0,False,False,2025-09-08
harry,TRAP HAPPY,Armstrong,2,0,False,False,2025-09-08
harsh,START,Armstrong,2,0,False,False,2025-09-08
harshest,START KIT,Armstrong,2,0,False,False,2025-09-08
hart,START,Armstrong,2,0,False,False,2025-09-08
harvard,START,Armstrong,2,0,False,False,2025-09-08
harvest,START KIT,Armstrong,2,0,False,False,2025-09-08
harvester,START KIT LETTER,Armstrong,2,0,False,False,2025-09-08
harvey,START HAPPY,Armstrong,2,0,False,False,2025-09-08
harwell,START DRESS,Armstrong,2,0,False,False,2025-09-08
harwood,START FOOT,Armstrong,2,0,False,False,2025-09-08
has,TRAP COMMA,Armstrong,2,0,False,False,2025-09-08
has-been,TRAP FLEECE/KIT,Armstrong,2,0,False,False,2025-09-08
hasbro,TRAP GOAT,Armstrong,2,0,False,False,2025-09-08
hashimoto,FLEECE GOAT TRAP,Armstrong,2,0,False,False,2025-09-08
hatchback,TRAP,Armstrong,2,0,False,False,2025-09-08
hate,FACE,Armstrong,2,0,False,False,2025-09-08
hathern,TRAP LETTER,Armstrong,2,0,False,False,2025-09-08
hathersage,TRAP LETTER,Armstrong,2,0,False,False,2025-09-08
haulm,THOUGHT,Armstrong,2,0,False,False,2025-09-08
haunted,THOUGHT,Armstrong,2,0,False,False,2025-09-08
hausa,MOUTH COMMA,Armstrong,2,0,False,False,2025-09-08
have,TRAP COMMA,Armstrong,2,0,False,False,2025-09-08
have-not,LOT TRAP/COMMA,Armstrong,2,0,False,False,2025-09-08
haven,FACE,Armstrong,2,0,False,False,2025-09-08
haw-haws,THOUGHT,Armstrong,2,0,False,False,2025-09-08
hawaii,COMMA PRICE HAPPY,Armstrong,2,0,False,False,2025-09-08
hawarden,FACE NORTH,Armstrong,2,0,False,False,2025-09-08
hawfinch,THOUGHT KIT,Armstrong,2,0,False,False,2025-09-08
hawick,CHOICE KIT,Armstrong,2,0,False,False,2025-09-08
hawk,THOUGHT,Armstrong,2,0,False,False,2025-09-08
hawkins,THOUGHT KIT,Armstrong,2,0,False,False,2025-09-08
hawksmoor,FORCE CURE,Armstrong,2,0,False,False,2025-09-08
haworth,LETTER MOUTH,Armstrong,2,0,False,False,2025-09-08
hawthorne,THOUGHT NORTH,Armstrong,2,0,False,False,2025-09-08
hayden,FACE,Armstrong,2,0,False,False,2025-09-08
haydon,FACE,Armstrong,2,0,False,False,2025-09-08
hayes,FACE,Armstrong,2,0,False,False,2025-09-08
hayfork,NORTH FACE,Armstrong,2,0,False,False,2025-09-08
hayley,FACE HAPPY,Armstrong,2,0,False,False,2025-09-08
hayman,FACE,Armstrong,2,0,False,False,2025-09-08
haymarket,START FACE,Armstrong,2,0,False,False,2025-09-08
hayrick,FACE KIT,Armstrong,2,0,False,False,2025-09-08
haystack,FACE TRAP,Armstrong,2,0,False,False,2025-09-08
hayward,FACE NORTH,Armstrong,2,0,False,False,2025-09-08
haywire,FACE PRICE LETTER,Armstrong,2,0,False,False,2025-09-08
haywood,FACE FOOT,Armstrong,2,0,False,False,2025-09-08
hazard,TRAP,Armstrong,2,0,False,False,2025-09-08
hazel,FACE,Armstrong,2,0,False,False,2025-09-08
hazelnut,STRUT FACE,Armstrong,2,0,False,False,2025-09-08
he,FLEECE,Armstrong,2,0,False,False,2025-09-08
head,DRESS,Armstrong,2,0,False,False,2025-09-08
headache,FACE DRESS,Armstrong,2,0,False,False,2025-09-08
headboard,FORCE DRESS,Armstrong,2,0,False,False,2025-09-08
headgear,NEAR DRESS,Armstrong,2,0,False,False,2025-09-08
headhunter,STRUT DRESS LETTER,Armstrong,2,0,False,False,2025-09-08
headline,PRICE DRESS,Armstrong,2,0,False,False,2025-09-08
headquarters,DRESS LETTER FORCE,Armstrong,2,0,False,False,2025-09-08
headscarf,START DRESS,Armstrong,2,0,False,False,2025-09-08
headscarves,START DRESS,Armstrong,2,0,False,False,2025-09-08
headset,DRESS,Armstrong,2,0,False,False,2025-09-08
health,DRESS,Armstrong,2,0,False,False,2025-09-08
healthcare,DRESS SQUARE,Armstrong,2,0,False,False,2025-09-08
healthy,HAPPY DRESS,Armstrong,2,0,False,False,2025-09-08
heap,FLEECE,Armstrong,2,0,False,False,2025-09-08
hear,NEAR,Armstrong,2,0,False,False,2025-09-08
heard,NURSE,Armstrong,2,0,False,False,2025-09-08
hearer,NEAR LETTER,Armstrong,2,0,False,False,2025-09-08
hears,NEAR,Armstrong,2,0,False,False,2025-09-08
hearsay,NEAR FACE,Armstrong,2,0,False,False,2025-09-08
heart,START,Armstrong,2,0,False,False,2025-09-08
heart-warming,NORTH START KIT,Armstrong,2,0,False,False,2025-09-08
heartbeat,FLEECE START,Armstrong,2,0,False,False,2025-09-08
hearth,START,Armstrong,2,0,False,False,2025-09-08
hearthrug,STRUT START,Armstrong,2,0,False,False,2025-09-08
hearthstone,START GOAT,Armstrong,2,0,False,False,2025-09-08
heartthrob,LOT START,Armstrong,2,0,False,False,2025-09-08
heat,FLEECE,Armstrong,2,0,False,False,2025-09-08
heather,DRESS LETTER,Armstrong,2,0,False,False,2025-09-08
heatwave,FACE FLEECE,Armstrong,2,0,False,False,2025-09-08
heavy,DRESS HAPPY,Armstrong,2,0,False,False,2025-09-08
heavyweight,HAPPY DRESS FACE,Armstrong,2,0,False,False,2025-09-08
hebdomadal,DRESS LOT,Armstrong,2,0,False,False,2025-09-08
hebrew,FLEECE GOOSE,Armstrong,2,0,False,False,2025-09-08
hebrides,DRESS FLEECE,Armstrong,2,0,False,False,2025-09-08
heckmondwike,PRICE DRESS,Armstrong,2,0,False,False,2025-09-08
hectares,SQUARE DRESS,Armstrong,2,0,False,False,2025-09-08
hecuba,FOOT DRESS,Armstrong,2,0,False,False,2025-09-08
hedgehog,LOT DRESS,Armstrong,2,0,False,False,2025-09-08
hedges,DRESS,Armstrong,2,0,False,False,2025-09-08
heehaws,THOUGHT FLEECE,Armstrong,2,0,False,False,2025-09-08
heidegger,DRESS PRICE LETTER,Armstrong,2,0,False,False,2025-09-08
heidi,PRICE HAPPY,Armstrong,2,0,False,False,2025-09-08
height,PRICE,Armstrong,2,0,False,False,2025-09-08
heighway,FACE,Armstrong,2,0,False,False,2025-09-08
heinis,PRICE,Armstrong,2,0,False,False,2025-09-08
heinkel,PRICE,Armstrong,2,0,False,False,2025-09-08
heir,SQUARE,Armstrong,2,0,False,False,2025-09-08
heirloom,GOOSE SQUARE,Armstrong,2,0,False,False,2025-09-08
heirship,SQUARE KIT,Armstrong,2,0,False,False,2025-09-08
held,DRESS,Armstrong,2,0,False,False,2025-09-08
helena,COMMA DRESS,Armstrong,2,0,False,False,2025-09-08
helicopter,LOT DRESS KIT LETTER,Armstrong,2,0,False,False,2025-09-08
hello,DRESS GOAT,Armstrong,2,0,False,False,2025-09-08
help,DRESS,Armstrong,2,0,False,False,2025-09-08
helpmeet,FLEECE DRESS,Armstrong,2,0,False,False,2025-09-08
hemisphere,NEAR DRESS KIT,Armstrong,2,0,False,False,2025-09-08
hemispheres,NEAR DRESS KIT,Armstrong,2,0,False,False,2025-09-08
hemsworth,LETTER DRESS,Armstrong,2,0,False,False,2025-09-08
henri,HAPPY DRESS,Armstrong,2,0,False,False,2025-09-08
her,NURSE,Armstrong,2,0,False,False,2025-09-08
heraldic,DRESS KIT TRAP,Armstrong,2,0,False,False,2025-09-08
herbaceous,FACE,Armstrong,2,0,False,False,2025-09-08
herbal,NURSE,Armstrong,2,0,False,False,2025-09-08
herbert,NURSE,Armstrong,2,0,False,False,2025-09-08
hercules,FOOT NURSE,Armstrong,2,0,False,False,2025-09-08
herd,NURSE,Armstrong,2,0,False,False,2025-09-08
here,NEAR,Armstrong,2,0,False,False,2025-09-08
hereford,NURSE DRESS NORTH,Armstrong,2,0,False,False,2025-09-08
hereto,NEAR GOOSE,Armstrong,2,0,False,False,2025-09-08
heretofore,GOOSE NEAR FORCE,Armstrong,2,0,False,False,2025-09-08
herewith,NEAR KIT,Armstrong,2,0,False,False,2025-09-08
heritage,DRESS KIT,Armstrong,2,0,False,False,2025-09-08
hermann,NURSE,Armstrong,2,0,False,False,2025-09-08
hermitage,PALM SQUARE NURSE KIT,Armstrong,2,0,False,False,2025-09-08
hernandez,DRESS TRAP,Armstrong,2,0,False,False,2025-09-08
hero,NEAR GOAT,Armstrong,2,0,False,False,2025-09-08
hero-worship,GOAT NEAR KIT,Armstrong,2,0,False,False,2025-09-08
heroes,GOAT NEAR,Armstrong,2,0,False,False,2025-09-08
herrenvolk,GOAT DRESS,Armstrong,2,0,False,False,2025-09-08
hers,NURSE,Armstrong,2,0,False,False,2025-09-08
herschel,NURSE,Armstrong,2,0,False,False,2025-09-08
hersey,HAPPY NURSE,Armstrong,2,0,False,False,2025-09-08
hervey,HAPPY NURSE,Armstrong,2,0,False,False,2025-09-08
heterogeneity,GOAT DRESS LETTER FACE HAPPY,Armstrong,2,0,False,False,2025-09-08
hetherington,DRESS KIT LETTER,Armstrong,2,0,False,False,2025-09-08
heyford,FACE NORTH,Armstrong,2,0,False,False,2025-09-08
heyward,FACE NORTH,Armstrong,2,0,False,False,2025-09-08
heywood,FACE FOOT,Armstrong,2,0,False,False,2025-09-08
hi,PRICE,Armstrong,2,0,False,False,2025-09-08
hi-fi,PRICE,Armstrong,2,0,False,False,2025-09-08
hiawatha,COMMA PRICE,Armstrong,2,0,False,False,2025-09-08
hibachi,PALM HAPPY KIT,Armstrong,2,0,False,False,2025-09-08
hibernian,PRICE NURSE,Armstrong,2,0,False,False,2025-09-08
hiccup,STRUT KIT,Armstrong,2,0,False,False,2025-09-08
hidden,KIT,Armstrong,2,0,False,False,2025-09-08
hide,PRICE,Armstrong,2,0,False,False,2025-09-08
high,PRICE,Armstrong,2,0,False,False,2025-09-08
high-class,BATH PRICE,Armstrong,2,0,False,False,2025-09-08
high-density,PRICE DRESS KIT HAPPY,Armstrong,2,0,False,False,2025-09-08
high-falutin,PRICE GOOSE KIT,Armstrong,2,0,False,False,2025-09-08
high-fidelity,PRICE KIT DRESS HAPPY,Armstrong,2,0,False,False,2025-09-08
high-flier,PRICE LETTER,Armstrong,2,0,False,False,2025-09-08
high-flown,PRICE GOAT,Armstrong,2,0,False,False,2025-09-08
high-flyers,PRICE LETTER,Armstrong,2,0,False,False,2025-09-08
high-flying,PRICE KIT,Armstrong,2,0,False,False,2025-09-08
high-grade,PRICE FACE,Armstrong,2,0,False,False,2025-09-08
high-keyed,PRICE FLEECE,Armstrong,2,0,False,False,2025-09-08
high-level,DRESS PRICE,Armstrong,2,0,False,False,2025-09-08
high-minded,PRICE,Armstrong,2,0,False,False,2025-09-08
high-mindedly,PRICE HAPPY,Armstrong,2,0,False,False,2025-09-08
high-mindedness,PRICE,Armstrong,2,0,False,False,2025-09-08
high-necked,PRICE DRESS,Armstrong,2,0,False,False,2025-09-08
high-pass,PRICE BATH,Armstrong,2,0,False,False,2025-09-08
high-pitched,PRICE KIT,Armstrong,2,0,False,False,2025-09-08
high-powered,PRICE MOUTH LETTER,Armstrong,2,0,False,False,2025-09-08
high-pressure,PRICE LETTER DRESS,Armstrong,2,0,False,False,2025-09-08
high-priced,PRICE,Armstrong,2,0,False,False,2025-09-08
high-principled,PRICE KIT,Armstrong,2,0,False,False,2025-09-08
high-profile,PRICE GOAT,Armstrong,2,0,False,False,2025-09-08
high-ranking,PRICE TRAP KIT,Armstrong,2,0,False,False,2025-09-08
high-res,PRICE DRESS,Armstrong,2,0,False,False,2025-09-08
high-rise,PRICE,Armstrong,2,0,False,False,2025-09-08
high-risk,PRICE KIT,Armstrong,2,0,False,False,2025-09-08
high-sounding,PRICE MOUTH KIT,Armstrong,2,0,False,False,2025-09-08
high-speed,PRICE FLEECE,Armstrong,2,0,False,False,2025-09-08
high-spirited,PRICE KIT,Armstrong,2,0,False,False,2025-09-08
high-strung,PRICE STRUT,Armstrong,2,0,False,False,2025-09-08
higham,PRICE,Armstrong,2,0,False,False,2025-09-08
highball,PRICE THOUGHT,Armstrong,2,0,False,False,2025-09-08
highballs,PRICE THOUGHT,Armstrong,2,0,False,False,2025-09-08
highborn,PRICE NORTH,Armstrong,2,0,False,False,2025-09-08
highboy,PRICE CHOICE,Armstrong,2,0,False,False,2025-09-08
highbrow,PRICE MOUTH,Armstrong,2,0,False,False,2025-09-08
highbury,PRICE HAPPY,Armstrong,2,0,False,False,2025-09-08
highclere,NEAR PRICE,Armstrong,2,0,False,False,2025-09-08
higher,PRICE LETTER,Armstrong,2,0,False,False,2025-09-08
highest,PRICE,Armstrong,2,0,False,False,2025-09-08
highflown,PRICE GOAT,Armstrong,2,0,False,False,2025-09-08
highgate,FACE PRICE,Armstrong,2,0,False,False,2025-09-08
highjack,PRICE TRAP,Armstrong,2,0,False,False,2025-09-08
highjacking,PRICE TRAP KIT,Armstrong,2,0,False,False,2025-09-08
highlander,PRICE TRAP LETTER,Armstrong,2,0,False,False,2025-09-08
highlands,PRICE,Armstrong,2,0,False,False,2025-09-08
highlight,PRICE,Armstrong,2,0,False,False,2025-09-08
highlighting,PRICE KIT,Armstrong,2,0,False,False,2025-09-08
highlights,PRICE,Armstrong,2,0,False,False,2025-09-08
highly,PRICE HAPPY,Armstrong,2,0,False,False,2025-09-08
highly-strung,PRICE HAPPY STRUT,Armstrong,2,0,False,False,2025-09-08
highroad,PRICE GOAT,Armstrong,2,0,False,False,2025-09-08
highs,PRICE,Armstrong,2,0,False,False,2025-09-08
highway,PRICE FACE,Armstrong,2,0,False,False,2025-09-08
highwayman,FACE PRICE TRAP,Armstrong,2,0,False,False,2025-09-08
highwaymen,PRICE DRESS,Armstrong,2,0,False,False,2025-09-08
hijab,KIT (TRAP),Armstrong,2,0,False,False,2025-09-08
hijack,PRICE TRAP,Armstrong,2,0,False,False,2025-09-08
hiking,PRICE KIT,Armstrong,2,0,False,False,2025-09-08
hilarious,SQUARE KIT HAPPY,Armstrong,2,0,False,False,2025-09-08
hill,KIT,Armstrong,2,0,False,False,2025-09-08
hilltop,LOT KIT,Armstrong,2,0,False,False,2025-09-08
hindi,HAPPY KIT,Armstrong,2,0,False,False,2025-09-08
hindmarsh,START PRICE,Armstrong,2,0,False,False,2025-09-08
hindsight,PRICE,Armstrong,2,0,False,False,2025-09-08
hindustani,GOOSE KIT PALM HAPPY,Armstrong,2,0,False,False,2025-09-08
hip,KIT,Armstrong,2,0,False,False,2025-09-08
hip-baths,BATH KIT,Armstrong,2,0,False,False,2025-09-08
hip-flask,BATH KIT,Armstrong,2,0,False,False,2025-09-08
hip-hop,KIT LOT,Armstrong,2,0,False,False,2025-09-08
hip-huggers,STRUT KIT LETTER,Armstrong,2,0,False,False,2025-09-08
hippie,HAPPY KIT,Armstrong,2,0,False,False,2025-09-08
hiraeth,PRICE FLEECE,Armstrong,2,0,False,False,2025-09-08
hire,PRICE LETTER,Armstrong,2,0,False,False,2025-09-08
hirwain,NEAR PRICE,Armstrong,2,0,False,False,2025-09-08
his,KIT,Armstrong,2,0,False,False,2025-09-08
hislop,LOT KIT,Armstrong,2,0,False,False,2025-09-08
histamine,FLEECE KIT,Armstrong,2,0,False,False,2025-09-08
historian,FORCE KIT HAPPY,Armstrong,2,0,False,False,2025-09-08
historic,(CLOTH) KIT,Armstrong,2,0,False,False,2025-09-08
historical,(CLOTH) KIT,Armstrong,2,0,False,False,2025-09-08
history,KIT HAPPY,Armstrong,2,0,False,False,2025-09-08
hit,KIT,Armstrong,2,0,False,False,2025-09-08
hitachi,PALM HAPPY KIT,Armstrong,2,0,False,False,2025-09-08
hither,KIT LETTER,Armstrong,2,0,False,False,2025-09-08
hiv,FACE PRICE FLEECE,Armstrong,2,0,False,False,2025-09-08
hluhluwe,FOOT GOOSE FACE,Armstrong,2,0,False,False,2025-09-08
ho,GOAT,Armstrong,2,0,False,False,2025-09-08
hoar,FORCE,Armstrong,2,0,False,False,2025-09-08
hoard,FORCE,Armstrong,2,0,False,False,2025-09-08
hoarder,FORCE LETTER,Armstrong,2,0,False,False,2025-09-08
hoarding,FORCE KIT,Armstrong,2,0,False,False,2025-09-08
hoarier,FORCE HAPPY LETTER,Armstrong,2,0,False,False,2025-09-08
hoariest,FORCE HAPPY,Armstrong,2,0,False,False,2025-09-08
hoarsely,FORCE HAPPY,Armstrong,2,0,False,False,2025-09-08
hoarseness,FORCE,Armstrong,2,0,False,False,2025-09-08
hoarser,FORCE LETTER,Armstrong,2,0,False,False,2025-09-08
hoarsest,FORCE,Armstrong,2,0,False,False,2025-09-08
hoary,FORCE HAPPY,Armstrong,2,0,False,False,2025-09-08
hobart,START GOAT,Armstrong,2,0,False,False,2025-09-08
hobbledehoys,CHOICE LOT,Armstrong,2,0,False,False,2025-09-08
hobby,LOT HAPPY,Armstrong,2,0,False,False,2025-09-08
hobnob,LOT,Armstrong,2,0,False,False,2025-09-08
hobsbawm,THOUGHT LOT,Armstrong,2,0,False,False,2025-09-08
hockey,HAPPY LOT,Armstrong,2,0,False,False,2025-09-08
hodgepodge,LOT,Armstrong,2,0,False,False,2025-09-08
hodges,LOT,Armstrong,2,0,False,False,2025-09-08
hoe,GOAT,Armstrong,2,0,False,False,2025-09-08
hog,CLOTH,Armstrong,2,0,False,False,2025-09-08
hogarth,GOAT START,Armstrong,2,0,False,False,2025-09-08
hogarthian,GOAT START HAPPY,Armstrong,2,0,False,False,2025-09-08
hogwarts,NORTH LOT,Armstrong,2,0,False,False,2025-09-08
hogweed,FLEECE LOT,Armstrong,2,0,False,False,2025-09-08
hoick,CHOICE,Armstrong,2,0,False,False,2025-09-08
hoist,CHOICE,Armstrong,2,0,False,False,2025-09-08
holbeach,FLEECE LOT,Armstrong,2,0,False,False,2025-09-08
hold,GOAT,Armstrong,2,0,False,False,2025-09-08
hole,GOAT,Armstrong,2,0,False,False,2025-09-08
holidaymaker,FACE LOT KIT LETTER,Armstrong,2,0,False,False,2025-09-08
holidays,FACE KIT LOT,Armstrong,2,0,False,False,2025-09-08
holistic,GOAT KIT,Armstrong,2,0,False,False,2025-09-08
holloway,COMMA LOT FACE,Armstrong,2,0,False,False,2025-09-08
hollowware,GOAT LOT SQUARE,Armstrong,2,0,False,False,2025-09-08
hollywood,FOOT HAPPY LOT,Armstrong,2,0,False,False,2025-09-08
holmes,GOAT,Armstrong,2,0,False,False,2025-09-08
holmfirth,GOAT NURSE,Armstrong,2,0,False,False,2025-09-08
holmwood,GOAT FOOT,Armstrong,2,0,False,False,2025-09-08
holocaust,THOUGHT LOT,Armstrong,2,0,False,False,2025-09-08
holroyd,CHOICE LOT,Armstrong,2,0,False,False,2025-09-08
holy,GOAT,Armstrong,2,0,False,False,2025-09-08
hombre,LOT,Armstrong,2,0,False,False,2025-09-08
home,GOAT,Armstrong,2,0,False,False,2025-09-08
home-cured,CURE GOAT,Armstrong,2,0,False,False,2025-09-08
home-made,FACE GOAT,Armstrong,2,0,False,False,2025-09-08
homecoming,STRUT GOAT KIT,Armstrong,2,0,False,False,2025-09-08
homelike,PRICE GOAT,Armstrong,2,0,False,False,2025-09-08
homemade,GOAT FACE,Armstrong,2,0,False,False,2025-09-08
homeopath,TRAP GOAT HAPPY,Armstrong,2,0,False,False,2025-09-08
homeopathic,TRAP GOAT HAPPY KIT,Armstrong,2,0,False,False,2025-09-08
homestead,DRESS GOAT,Armstrong,2,0,False,False,2025-09-08
homework,GOAT NURSE,Armstrong,2,0,False,False,2025-09-08
homey,HAPPY GOAT,Armstrong,2,0,False,False,2025-09-08
homogenized,LOT PRICE,Armstrong,2,0,False,False,2025-09-08
homosexual,GOAT DRESS GOOSE,Armstrong,2,0,False,False,2025-09-08
homozygous,PRICE LOT,Armstrong,2,0,False,False,2025-09-08
honda,LOT COMMA,Armstrong,2,0,False,False,2025-09-08
honduras,LOT CURE,Armstrong,2,0,False,False,2025-09-08
honey,HAPPY STRUT,Armstrong,2,0,False,False,2025-09-08
honeybee,HAPPY STRUT FLEECE,Armstrong,2,0,False,False,2025-09-08
honeymoon,GOOSE STRUT HAPPY,Armstrong,2,0,False,False,2025-09-08
honeysuckle,STRUT HAPPY,Armstrong,2,0,False,False,2025-09-08
honeywell,HAPPY STRUT DRESS,Armstrong,2,0,False,False,2025-09-08
honor,LETTER LOT,Armstrong,2,0,False,False,2025-09-08
honour,LETTER LOT,Armstrong,2,0,False,False,2025-09-08
hooch,GOOSE,Armstrong,2,0,False,False,2025-09-08
hood,FOOT,Armstrong,2,0,False,False,2025-09-08
hoodie,HAPPY FOOT,Armstrong,2,0,False,False,2025-09-08
hook,FOOT,Armstrong,2,0,False,False,2025-09-08
hoopla,PALM GOOSE,Armstrong,2,0,False,False,2025-09-08
hoops,GOOSE,Armstrong,2,0,False,False,2025-09-08
hoosier,LETTER GOOSE,Armstrong,2,0,False,False,2025-09-08
hoover,GOOSE LETTER,Armstrong,2,0,False,False,2025-09-08
hope,GOAT,Armstrong,2,0,False,False,2025-09-08
hopi,HAPPY GOAT,Armstrong,2,0,False,False,2025-09-08
hopscotch,LOT,Armstrong,2,0,False,False,2025-09-08
horatio,FACE HAPPY,Armstrong,2,0,False,False,2025-09-08
horde,FORCE,Armstrong,2,0,False,False,2025-09-08
horeb,DRESS,Armstrong,2,0,False,False,2025-09-08
hormonal,NORTH GOAT,Armstrong,2,0,False,False,2025-09-08
horn,NORTH,Armstrong,2,0,False,False,2025-09-08
hornbeam,FLEECE NORTH,Armstrong,2,0,False,False,2025-09-08
horne,NORTH,Armstrong,2,0,False,False,2025-09-08
hornsea,HAPPY NORTH,Armstrong,2,0,False,False,2025-09-08
horny,NORTH HAPPY,Armstrong,2,0,False,False,2025-09-08
horologium,GOAT LOT HAPPY,Armstrong,2,0,False,False,2025-09-08
horoscope,GOAT NORTH,Armstrong,2,0,False,False,2025-09-08
horrible,(CLOTH) KIT,Armstrong,2,0,False,False,2025-09-08
horrid,(CLOTH) KIT,Armstrong,2,0,False,False,2025-09-08
horrify,(CLOTH) KIT HAPPY,Armstrong,2,0,False,False,2025-09-08
horror,(CLOTH) LETTER,Armstrong,2,0,False,False,2025-09-08
horse,NORTH,Armstrong,2,0,False,False,2025-09-08
horse-chestnut,NORTH DRESS STRUT,Armstrong,2,0,False,False,2025-09-08
horseflesh,DRESS NORTH,Armstrong,2,0,False,False,2025-09-08
horsemeat,FLEECE NORTH,Armstrong,2,0,False,False,2025-09-08
horsepower,MOUTH NORTH LETTER,Armstrong,2,0,False,False,2025-09-08
horseshoes,GOOSE NORTH,Armstrong,2,0,False,False,2025-09-08
horsey,HAPPY NORTH,Armstrong,2,0,False,False,2025-09-08
horticulture,STRUT NORTH KIT LETTER,Armstrong,2,0,False,False,2025-09-08
horwood,NORTH FOOT,Armstrong,2,0,False,False,2025-09-08
hosiery,NEAR GOAT LETTER HAPPY,Armstrong,2,0,False,False,2025-09-08
host,GOAT,Armstrong,2,0,False,False,2025-09-08
hot,LOT,Armstrong,2,0,False,False,2025-09-08
hotchkiss,LOT KIT,Armstrong,2,0,False,False,2025-09-08
hotchpotch,LOT,Armstrong,2,0,False,False,2025-09-08
hotdog,LOT,Armstrong,2,0,False,False,2025-09-08
hotel,DRESS GOAT,Armstrong,2,0,False,False,2025-09-08
hotline,LOT PRICE,Armstrong,2,0,False,False,2025-09-08
hotpoint,CHOICE LOT,Armstrong,2,0,False,False,2025-09-08
houdini,GOOSE FLEECE,Armstrong,2,0,False,False,2025-09-08
hough,STRUT,Armstrong,2,0,False,False,2025-09-08
houmous,FOOT,Armstrong,2,0,False,False,2025-09-08
hour,MOUTH LETTER,Armstrong,2,0,False,False,2025-09-08
hourglass,BATH MOUTH,Armstrong,2,0,False,False,2025-09-08
houri,CURE HAPPY,Armstrong,2,0,False,False,2025-09-08
hours,LETTER MOUTH,Armstrong,2,0,False,False,2025-09-08
house-proud,MOUTH,Armstrong,2,0,False,False,2025-09-08
house-warming,NORTH MOUTH KIT,Armstrong,2,0,False,False,2025-09-08
housefather,PALM MOUTH LETTER,Armstrong,2,0,False,False,2025-09-08
household,GOAT MOUTH,Armstrong,2,0,False,False,2025-09-08
housekeeping,FLEECE MOUTH KIT,Armstrong,2,0,False,False,2025-09-08
houseleek,FLEECE MOUTH,Armstrong,2,0,False,False,2025-09-08
houses,MOUTH,Armstrong,2,0,False,False,2025-09-08
housewife,PRICE MOUTH,Armstrong,2,0,False,False,2025-09-08
housewives,PRICE MOUTH,Armstrong,2,0,False,False,2025-09-08
housing,MOUTH KIT,Armstrong,2,0,False,False,2025-09-08
hove,GOAT,Armstrong,2,0,False,False,2025-09-08
hovercraft,BATH STRUT LETTER,Armstrong,2,0,False,False,2025-09-08
how,MOUTH,Armstrong,2,0,False,False,2025-09-08
how-do-you-do,MOUTH GOOSE,Armstrong,2,0,False,False,2025-09-08
howard,MOUTH LETTER,Armstrong,2,0,False,False,2025-09-08
howbeit,MOUTH FLEECE,Armstrong,2,0,False,False,2025-09-08
howdy,MOUTH HAPPY,Armstrong,2,0,False,False,2025-09-08
howe,MOUTH,Armstrong,2,0,False,False,2025-09-08
howell,MOUTH,Armstrong,2,0,False,False,2025-09-08
however,DRESS LETTER MOUTH,Armstrong,2,0,False,False,2025-09-08
howl,MOUTH,Armstrong,2,0,False,False,2025-09-08
howland,MOUTH,Armstrong,2,0,False,False,2025-09-08
howling,MOUTH KIT,Armstrong,2,0,False,False,2025-09-08
howsoever,MOUTH GOAT DRESS LETTER,Armstrong,2,0,False,False,2025-09-08
howth,GOAT,Armstrong,2,0,False,False,2025-09-08
html,DRESS FLEECE,Armstrong,2,0,False,False,2025-09-08
huawei,PALM FACE,Armstrong,2,0,False,False,2025-09-08
hub,STRUT,Armstrong,2,0,False,False,2025-09-08
hubbub,STRUT,Armstrong,2,0,False,False,2025-09-08
hubristic,GOOSE KIT,Armstrong,2,0,False,False,2025-09-08
huddersfield,STRUT LETTER FLEECE,Armstrong,2,0,False,False,2025-09-08
huddle,STRUT,Armstrong,2,0,False,False,2025-09-08
hudson,STRUT,Armstrong,2,0,False,False,2025-09-08
hue,GOOSE,Armstrong,2,0,False,False,2025-09-08
hued,GOOSE,Armstrong,2,0,False,False,2025-09-08
huff,STRUT,Armstrong,2,0,False,False,2025-09-08
huffington,STRUT KIT,Armstrong,2,0,False,False,2025-09-08
hufflepuff,STRUT,Armstrong,2,0,False,False,2025-09-08
hug,STRUT,Armstrong,2,0,False,False,2025-09-08
huge,GOOSE,Armstrong,2,0,False,False,2025-09-08
hugely,GOOSE HAPPY,Armstrong,2,0,False,False,2025-09-08
hugger-mugger,STRUT LETTER,Armstrong,2,0,False,False,2025-09-08
huguenot,GOOSE LOT,Armstrong,2,0,False,False,2025-09-08
hula,GOOSE,Armstrong,2,0,False,False,2025-09-08
hula-hoop,GOOSE,Armstrong,2,0,False,False,2025-09-08
hull,STRUT,Armstrong,2,0,False,False,2025-09-08
human,GOOSE,Armstrong,2,0,False,False,2025-09-08
humane,GOOSE FACE,Armstrong,2,0,False,False,2025-09-08
humanity,GOOSE TRAP KIT HAPPY,Armstrong,2,0,False,False,2025-09-08
humanoid,CHOICE GOOSE,Armstrong,2,0,False,False,2025-09-08
humberside,STRUT PRICE LETTER,Armstrong,2,0,False,False,2025-09-08
humbug,STRUT,Armstrong,2,0,False,False,2025-09-08
humbuggery,STRUT LETTER HAPPY,Armstrong,2,0,False,False,2025-09-08
humdrum,STRUT,Armstrong,2,0,False,False,2025-09-08
humectant,GOOSE DRESS,Armstrong,2,0,False,False,2025-09-08
humid,GOOSE KIT,Armstrong,2,0,False,False,2025-09-08
humidify,GOOSE KIT HAPPY,Armstrong,2,0,False,False,2025-09-08
humidity,GOOSE KIT HAPPY,Armstrong,2,0,False,False,2025-09-08
humiliation,GOOSE KIT HAPPY FACE,Armstrong,2,0,False,False,2025-09-08
hummel,FOOT STRUT,Armstrong,2,0,False,False,2025-09-08
hummus,FOOT STRUT,Armstrong,2,0,False,False,2025-09-08
humoconsumer,LETTER GOOSE GOAT,Armstrong,2,0,False,False,2025-09-08
humour,GOOSE LETTER,Armstrong,2,0,False,False,2025-09-08
hundreds,COMMA STRUT,Armstrong,2,0,False,False,2025-09-08
hung,STRUT,Armstrong,2,0,False,False,2025-09-08
hungarian,STRUT SQUARE HAPPY,Armstrong,2,0,False,False,2025-09-08
hungary,STRUT HAPPY,Armstrong,2,0,False,False,2025-09-08
hunger,LETTER STRUT,Armstrong,2,0,False,False,2025-09-08
hunger-march,START STRUT LETTER,Armstrong,2,0,False,False,2025-09-08
hungry,STRUT HAPPY,Armstrong,2,0,False,False,2025-09-08
hunk,STRUT,Armstrong,2,0,False,False,2025-09-08
hunter-gatherer,TRAP STRUT LETTER,Armstrong,2,0,False,False,2025-09-08
huntington,STRUT KIT,Armstrong,2,0,False,False,2025-09-08
hurdle,NURSE,Armstrong,2,0,False,False,2025-09-08
hurley,HAPPY NURSE,Armstrong,2,0,False,False,2025-09-08
hurricane,STRUT FACE KIT,Armstrong,2,0,False,False,2025-09-08
hurry,STRUT HAPPY,Armstrong,2,0,False,False,2025-09-08
hurt,NURSE,Armstrong,2,0,False,False,2025-09-08
husband,STRUT,Armstrong,2,0,False,False,2025-09-08
husbandman,STRUT,Armstrong,2,0,False,False,2025-09-08
husbandry,STRUT HAPPY,Armstrong,2,0,False,False,2025-09-08
hush,STRUT,Armstrong,2,0,False,False,2025-09-08
hussar,FOOT START,Armstrong,2,0,False,False,2025-09-08
hut,STRUT,Armstrong,2,0,False,False,2025-09-08
hutch,STRUT,Armstrong,2,0,False,False,2025-09-08
hutchings,STRUT KIT,Armstrong,2,0,False,False,2025-09-08
hutchinson,STRUT KIT,Armstrong,2,0,False,False,2025-09-08
hutton,STRUT,Armstrong,2,0,False,False,2025-09-08
huzzah,FOOT (STRUT) (COMMA) PALM,Armstrong,2,0,False,False,2025-09-08
hybrid,PRICE KIT,Armstrong,2,0,False,False,2025-09-08
hybridity,PRICE KIT HAPPY,Armstrong,2,0,False,False,2025-09-08
hyde,PRICE,Armstrong,2,0,False,False,2025-09-08
hyderabad,TRAP PRICE LETTER,Armstrong,2,0,False,False,2025-09-08
hydrocortisone,GOAT PRICE NORTH KIT,Armstrong,2,0,False,False,2025-09-08
hydrofoil,CHOICE PRICE,Armstrong,2,0,False,False,2025-09-08
hydrographer,LOT PRICE BATH GOAT,Armstrong,2,0,False,False,2025-09-08
hygeia,PRICE FLEECE,Armstrong,2,0,False,False,2025-09-08
hygiene,FLEECE PRICE,Armstrong,2,0,False,False,2025-09-08
hygienic,PRICE FLEECE KIT,Armstrong,2,0,False,False,2025-09-08
hygienist,PRICE FLEECE KIT,Armstrong,2,0,False,False,2025-09-08
hygrometer,PRICE GOAT FLEECE LETTER,Armstrong,2,0,False,False,2025-09-08
hyperbole,PRICE LETTER HAPPY,Armstrong,2,0,False,False,2025-09-08
hyperglycaemia,LETTER PRICE FLEECE HAPPY,Armstrong,2,0,False,False,2025-09-08
hyperglycemia,PRICE LETTER FLEECE HAPPY,Armstrong,2,0,False,False,2025-09-08
hyperthyroid,LETTER PRICE CHOICE,Armstrong,2,0,False,False,2025-09-08
hypha,COMMA PRICE,Armstrong,2,0,False,False,2025-09-08
hyphen,PRICE,Armstrong,2,0,False,False,2025-09-08
hypocaust,THOUGHT PRICE GOAT,Armstrong,2,0,False,False,2025-09-08
hypoglycaemia,GOAT PRICE FLEECE HAPPY,Armstrong,2,0,False,False,2025-09-08
hypoglycemia,GOAT PRICE FLEECE HAPPY,Armstrong,2,0,False,False,2025-09-08
hypothalamus,GOAT TRAP,Armstrong,2,0,False,False,2025-09-08
hypothesis,LOT PRICE FLEECE KIT,Armstrong,2,0,False,False,2025-09-08
hypoxia,PRICE LOT HAPPY,Armstrong,2,0,False,False,2025-09-08
hyundai,PRICE (GOOSE) (FOOT),Armstrong,2,0,False,False,2025-09-08
iago,PALM FLEECE,Armstrong,2,0,False,False,2025-09-08
iain,NEAR FLEECE,Armstrong,2,0,False,False,2025-09-08
ian,FLEECE NEAR,Armstrong,2,0,False,False,2025-09-08
ianthe,HAPPY PRICE TRAP,Armstrong,2,0,False,False,2025-09-08
iata,PALM PRICE,Armstrong,2,0,False,False,2025-09-08
iatrogenic,GOAT PRICE DRESS KIT,Armstrong,2,0,False,False,2025-09-08
iberian,PRICE FLEECE HAPPY,Armstrong,2,0,False,False,2025-09-08
ibidem,DRESS KIT,Armstrong,2,0,False,False,2025-09-08
ibis,PRICE kit,Armstrong,2,0,False,False,2025-09-08
ibiza,COMMA PRICE FLEECE,Armstrong,2,0,False,False,2025-09-08
ibo,FLEECE GOAT,Armstrong,2,0,False,False,2025-09-08
ibrahim,FLEECE KIT,Armstrong,2,0,False,False,2025-09-08
ibuprofen,GOAT GOOSE PRICE,Armstrong,2,0,False,False,2025-09-08
ice,PRICE,Armstrong,2,0,False,False,2025-09-08
ice-cream,PRICE FLEECE,Armstrong,2,0,False,False,2025-09-08
ice-lollies,PRICE LOT HAPPY,Armstrong,2,0,False,False,2025-09-08
icecream,FLEECE PRICE,Armstrong,2,0,False,False,2025-09-08
icecube,GOOSE PRICE,Armstrong,2,0,False,False,2025-09-08
iceland,PRICE,Armstrong,2,0,False,False,2025-09-08
icelandic,PRICE TRAP KIT,Armstrong,2,0,False,False,2025-09-08
icon,LOT PRICE,Armstrong,2,0,False,False,2025-09-08
iconic,PRICE LOT KIT,Armstrong,2,0,False,False,2025-09-08
iconoclasm,TRAP PRICE LOT,Armstrong,2,0,False,False,2025-09-08
iconoclastic,BATH PRICE LOT TRAP KIT,Armstrong,2,0,False,False,2025-09-08
ida,COMMA FLEECE,Armstrong,2,0,False,False,2025-09-08
idea,PRICE NEAR,Armstrong,2,0,False,False,2025-09-08
ideal,PRICE NEAR,Armstrong,2,0,False,False,2025-09-08
ideally,PRICE NEAR HAPPY,Armstrong,2,0,False,False,2025-09-08
idem,DRESS PRICE,Armstrong,2,0,False,False,2025-09-08
identify,PRICE DRESS KIT HAPPY,Armstrong,2,0,False,False,2025-09-08
identity,PRICE DRESS KIT HAPPY,Armstrong,2,0,False,False,2025-09-08
if,KIT,Armstrong,2,0,False,False,2025-09-08
iggy,HAPPY KIT,Armstrong,2,0,False,False,2025-09-08
iglesias,FACE KIT HAPPY TRAP,Armstrong,2,0,False,False,2025-09-08
igloo,GOOSE KIT,Armstrong,2,0,False,False,2025-09-08
ignite,PRICE KIT,Armstrong,2,0,False,False,2025-09-08
ignore,FORCE KIT,Armstrong,2,0,False,False,2025-09-08
igor,FLEECE PRICE,Armstrong,2,0,False,False,2025-09-08
iguana,PALM KIT,Armstrong,2,0,False,False,2025-09-08
ijo,FLEECE GOAT,Armstrong,2,0,False,False,2025-09-08
ikea,FLEECE PRICE NEAR,Armstrong,2,0,False,False,2025-09-08
ikebana,FACE KIT PALM,Armstrong,2,0,False,False,2025-09-08
ill-natured,FACE KIT NURSE,Armstrong,2,0,False,False,2025-09-08
illegal,KIT FLEECE,Armstrong,2,0,False,False,2025-09-08
illegible,DRESS KIT,Armstrong,2,0,False,False,2025-09-08
illinois,CHOICE KIT,Armstrong,2,0,False,False,2025-09-08
illuminati,GOOSE KIT PALM HAPPY,Armstrong,2,0,False,False,2025-09-08
illusion,GOOSE KIT,Armstrong,2,0,False,False,2025-09-08
illusionist,GOOSE KIT,Armstrong,2,0,False,False,2025-09-08
image,KIT,Armstrong,2,0,False,False,2025-09-08
imaginary,TRAP KIT SQUARE HAPPY,Armstrong,2,0,False,False,2025-09-08
imagination,TRAP KIT FACE,Armstrong,2,0,False,False,2025-09-08
imagine,TRAP KIT,Armstrong,2,0,False,False,2025-09-08
imam,PALM KIT,Armstrong,2,0,False,False,2025-09-08
imbued,GOOSE KIT,Armstrong,2,0,False,False,2025-09-08
imma,PRICE COMMA,Armstrong,2,0,False,False,2025-09-08
immature,CURE KIT,Armstrong,2,0,False,False,2025-09-08
immemorial,FORCE KIT HAPPY,Armstrong,2,0,False,False,2025-09-08
immersion,NURSE KIT,Armstrong,2,0,False,False,2025-09-08
immersive,NURSE KIT,Armstrong,2,0,False,False,2025-09-08
immune,GOOSE KIT,Armstrong,2,0,False,False,2025-09-08
immunology,FOOT KIT GOOSE LOT HAPPY,Armstrong,2,0,False,False,2025-09-08
immure,CURE KIT,Armstrong,2,0,False,False,2025-09-08
impact,TRAP KIT,Armstrong,2,0,False,False,2025-09-08
impaired,SQUARE KIT,Armstrong,2,0,False,False,2025-09-08
impairment,SQUARE KIT,Armstrong,2,0,False,False,2025-09-08
impala,PALM KIT,Armstrong,2,0,False,False,2025-09-08
impartial,START KIT,Armstrong,2,0,False,False,2025-09-08
impasse,BATH KIT TRAP,Armstrong,2,0,False,False,2025-09-08
impeach,FLEECE KIT,Armstrong,2,0,False,False,2025-09-08
impecuniosity,GOOSE KIT HAPPY CLOTH,Armstrong,2,0,False,False,2025-09-08
imperfect,NURSE KIT DRESS,Armstrong,2,0,False,False,2025-09-08
imperfection,KIT LETTER DRESS,Armstrong,2,0,False,False,2025-09-08
imperfectly,NURSE KIT DRESS HAPPY,Armstrong,2,0,False,False,2025-09-08
imperial,NEAR KIT HAPPY,Armstrong,2,0,False,False,2025-09-08
implementation,DRESS KIT FACE,Armstrong,2,0,False,False,2025-09-08
implore,FORCE KIT,Armstrong,2,0,False,False,2025-09-08
implored,FORCE KIT,Armstrong,2,0,False,False,2025-09-08
implosion,GOAT KIT,Armstrong,2,0,False,False,2025-09-08
import,FORCE KIT,Armstrong,2,0,False,False,2025-09-08
impossible,LOT KIT,Armstrong,2,0,False,False,2025-09-08
impoverished,LOT KIT,Armstrong,2,0,False,False,2025-09-08
impregnated,DRESS KIT FACE,Armstrong,2,0,False,False,2025-09-08
impression,DRESS KIT,Armstrong,2,0,False,False,2025-09-08
improv,LOT KIT,Armstrong,2,0,False,False,2025-09-08
improve,GOOSE KIT,Armstrong,2,0,False,False,2025-09-08
improvidently,LOT KIT DRESS HAPPY,Armstrong,2,0,False,False,2025-09-08
impudence,FOOT KIT,Armstrong,2,0,False,False,2025-09-08
impulse,STRUT KIT,Armstrong,2,0,False,False,2025-09-08
impunity,GOOSE KIT HAPPY,Armstrong,2,0,False,False,2025-09-08
in-car,START KIT,Armstrong,2,0,False,False,2025-09-08
in-depth,DRESS KIT,Armstrong,2,0,False,False,2025-09-08
in-house,MOUTH KIT,Armstrong,2,0,False,False,2025-09-08
in-laws,THOUGHT KIT,Armstrong,2,0,False,False,2025-09-08
in-patient,FACE KIT,Armstrong,2,0,False,False,2025-09-08
inaccurate,FOOT KIT TRAP,Armstrong,2,0,False,False,2025-09-08
inamorato,PALM KIT TRAP NORTH GOAT,Armstrong,2,0,False,False,2025-09-08
inappropriate,GOAT KIT HAPPY,Armstrong,2,0,False,False,2025-09-08
inaugural,FOOT THOUGHT KIT,Armstrong,2,0,False,False,2025-09-08
inauguration,FOOT THOUGHT KIT FACE,Armstrong,2,0,False,False,2025-09-08
inauspicious,THOUGHT KIT,Armstrong,2,0,False,False,2025-09-08
inauthentic,THOUGHT KIT DRESS,Armstrong,2,0,False,False,2025-09-08
inbetween,FLEECE KIT,Armstrong,2,0,False,False,2025-09-08
inbox,LOT KIT,Armstrong,2,0,False,False,2025-09-08
inca,COMMA KIT,Armstrong,2,0,False,False,2025-09-08
incarnation,START KIT FACE,Armstrong,2,0,False,False,2025-09-08
incision,KIT,Armstrong,2,0,False,False,2025-09-08
inclosure,GOAT KIT LETTER,Armstrong,2,0,False,False,2025-09-08
inclusion,GOOSE KIT,Armstrong,2,0,False,False,2025-09-08
inclusive,GOOSE KIT,Armstrong,2,0,False,False,2025-09-08
inclusivity,GOOSE KIT HAPPY,Armstrong,2,0,False,False,2025-09-08
incognito,LOT KIT FLEECE GOAT,Armstrong,2,0,False,False,2025-09-08
income,STRUT KIT,Armstrong,2,0,False,False,2025-09-08
incoming,STRUT KIT,Armstrong,2,0,False,False,2025-09-08
incommunicado,PALM KIT GOOSE GOAT,Armstrong,2,0,False,False,2025-09-08
incorporeal,NORTH KIT NEAR,Armstrong,2,0,False,False,2025-09-08
incredible,DRESS KIT,Armstrong,2,0,False,False,2025-09-08
incrustation,STRUT KIT FACE,Armstrong,2,0,False,False,2025-09-08
incubation,FOOT KIT FACE,Armstrong,2,0,False,False,2025-09-08
incubus,FOOT KIT,Armstrong,2,0,False,False,2025-09-08
inculcate,STRUT KIT FACE,Armstrong,2,0,False,False,2025-09-08
incunabulum,FOOT KIT TRAP,Armstrong,2,0,False,False,2025-09-08
incur,NURSE KIT,Armstrong,2,0,False,False,2025-09-08
incurred,NURSE KIT,Armstrong,2,0,False,False,2025-09-08
incurring,NURSE KIT,Armstrong,2,0,False,False,2025-09-08
indaba,PALM KIT,Armstrong,2,0,False,False,2025-09-08
indentify,PRICE KIT DRESS HAPPY,Armstrong,2,0,False,False,2025-09-08
index,DRESS KIT,Armstrong,2,0,False,False,2025-09-08
india-rubber,STRUT HAPPY KIT LETTER,Armstrong,2,0,False,False,2025-09-08
indie,HAPPY KIT,Armstrong,2,0,False,False,2025-09-08
indirect,KIT PRICE DRESS,Armstrong,2,0,False,False,2025-09-08
individual,KIT GOOSE,Armstrong,2,0,False,False,2025-09-08
indochina,GOAT KIT PRICE,Armstrong,2,0,False,False,2025-09-08
indonesia,COMMA KIT GOAT FLEECE,Armstrong,2,0,False,False,2025-09-08
indoor,FORCE KIT,Armstrong,2,0,False,False,2025-09-08
indubitably,GOOSE KIT HAPPY,Armstrong,2,0,False,False,2025-09-08
induce,GOOSE KIT,Armstrong,2,0,False,False,2025-09-08
induction,STRUT KIT,Armstrong,2,0,False,False,2025-09-08
industrial,STRUT KIT HAPPY,Armstrong,2,0,False,False,2025-09-08
inebriate,FLEECE KIT HAPPY FACE,Armstrong,2,0,False,False,2025-09-08
inertia,COMMA NURSE KIT,Armstrong,2,0,False,False,2025-09-08
infer,NURSE KIT,Armstrong,2,0,False,False,2025-09-08
inferring,NURSE KIT,Armstrong,2,0,False,False,2025-09-08
infers,NURSE KIT,Armstrong,2,0,False,False,2025-09-08
inflammable,KIT TRAP,Armstrong,2,0,False,False,2025-09-08
influence,GOOSE KIT,Armstrong,2,0,False,False,2025-09-08
influencer,LETTER KIT GOOSE,Armstrong,2,0,False,False,2025-09-08
influenza,COMMA KIT GOOSE DRESS,Armstrong,2,0,False,False,2025-09-08
influx,STRUT KIT,Armstrong,2,0,False,False,2025-09-08
informal,NORTH KIT,Armstrong,2,0,False,False,2025-09-08
information,FACE LETTER KIT,Armstrong,2,0,False,False,2025-09-08
informed,NORTH KIT,Armstrong,2,0,False,False,2025-09-08
infrastructure,STRUT KIT LETTER,Armstrong,2,0,False,False,2025-09-08
infusion,GOOSE KIT,Armstrong,2,0,False,False,2025-09-08
ing,DRESS PRICE FLEECE,Armstrong,2,0,False,False,2025-09-08
ingathering,TRAP KIT LETTER,Armstrong,2,0,False,False,2025-09-08
inger,LETTER KIT,Armstrong,2,0,False,False,2025-09-08
inglenook,FOOT KIT,Armstrong,2,0,False,False,2025-09-08
ingratiate,FACE KIT HAPPY,Armstrong,2,0,False,False,2025-09-08
ingredient,FLEECE KIT HAPPY,Armstrong,2,0,False,False,2025-09-08
initialabout,COMMA KIT MOUTH,Armstrong,2,0,False,False,2025-09-08
injurious,CURE KIT HAPPY,Armstrong,2,0,False,False,2025-09-08
inkjet,DRESS KIT,Armstrong,2,0,False,False,2025-09-08
inlays,FACE KIT,Armstrong,2,0,False,False,2025-09-08
inlet,DRESS KIT,Armstrong,2,0,False,False,2025-09-08
inner,LETTER KIT,Armstrong,2,0,False,False,2025-09-08
innovation,COMMA KIT FACE,Armstrong,2,0,False,False,2025-09-08
innovative,COMMA KIT FACE,Armstrong,2,0,False,False,2025-09-08
inopportune,LETTER KIT LOT GOOSE,Armstrong,2,0,False,False,2025-09-08
inorganic,NORTH KIT TRAP,Armstrong,2,0,False,False,2025-09-08
input,FOOT KIT,Armstrong,2,0,False,False,2025-09-08
inquiries,PRICE KIT HAPPY,Armstrong,2,0,False,False,2025-09-08
inquiry,PRICE KIT HAPPY,Armstrong,2,0,False,False,2025-09-08
inrush,STRUT KIT,Armstrong,2,0,False,False,2025-09-08
insane,FACE KIT,Armstrong,2,0,False,False,2025-09-08
insert,NURSE KIT,Armstrong,2,0,False,False,2025-09-08
insertion,NURSE KIT,Armstrong,2,0,False,False,2025-09-08
inshore,FORCE KIT,Armstrong,2,0,False,False,2025-09-08
inside,PRICE KIT,Armstrong,2,0,False,False,2025-09-08
insight,PRICE KIT,Armstrong,2,0,False,False,2025-09-08
insignia,KIT HAPPY,Armstrong,2,0,False,False,2025-09-08
insincere,NEAR KIT,Armstrong,2,0,False,False,2025-09-08
insincerely,NEAR KIT HAPPY,Armstrong,2,0,False,False,2025-09-08
insole,GOAT KIT,Armstrong,2,0,False,False,2025-09-08
insomuch,STRUT KIT GOAT,Armstrong,2,0,False,False,2025-09-08
inspire,PRICE KIT,Armstrong,2,0,False,False,2025-09-08
inspiring,PRICE KIT,Armstrong,2,0,False,False,2025-09-08
instagram,TRAP COMMA KIT,Armstrong,2,0,False,False,2025-09-08
install,THOUGHT KIT,Armstrong,2,0,False,False,2025-09-08
installation,COMMA KIT FACE,Armstrong,2,0,False,False,2025-09-08
instantiation,BATH KIT TRAP HAPPY FACE,Armstrong,2,0,False,False,2025-09-08
instead,DRESS KIT,Armstrong,2,0,False,False,2025-09-08
institution,GOOSE KIT,Armstrong,2,0,False,False,2025-09-08
institutionalization,GOOSE KIT PRICE FACE,Armstrong,2,0,False,False,2025-09-08
instruction,STRUT KIT,Armstrong,2,0,False,False,2025-09-08
instructor,STRUT KIT LETTER,Armstrong,2,0,False,False,2025-09-08
insubstantial,BATH KIT STRUT TRAP,Armstrong,2,0,False,False,2025-09-08
insult,STRUT KIT,Armstrong,2,0,False,False,2025-09-08
integrity,DRESS KIT HAPPY,Armstrong,2,0,False,False,2025-09-08
integumentary,FOOT KIT DRESS HAPPY,Armstrong,2,0,False,False,2025-09-08
intel,DRESS KIT,Armstrong,2,0,False,False,2025-09-08
intellectual,GOOSE KIT DRESS,Armstrong,2,0,False,False,2025-09-08
inter,NURSE KIT,Armstrong,2,0,False,False,2025-09-08
interchange,FACE LETTER KIT,Armstrong,2,0,False,False,2025-09-08
interchangeable,LETTER KIT FACE,Armstrong,2,0,False,False,2025-09-08
intercollegiate,LETTER KIT FLEECE HAPPY,Armstrong,2,0,False,False,2025-09-08
intercom,LOT LETTER KIT,Armstrong,2,0,False,False,2025-09-08
intercontinental,LETTER KIT LOT DRESS,Armstrong,2,0,False,False,2025-09-08
intercourse,FORCE LETTER KIT,Armstrong,2,0,False,False,2025-09-08
interest,DRESS KIT,Armstrong,2,0,False,False,2025-09-08
interface,FACE LETTER KIT,Armstrong,2,0,False,False,2025-09-08
interfere,NEAR KIT LETTER,Armstrong,2,0,False,False,2025-09-08
interference,LETTER KIT NEAR,Armstrong,2,0,False,False,2025-09-08
interfering,NEAR KIT LETTER,Armstrong,2,0,False,False,2025-09-08
interferon,LETTER KIT NEAR,Armstrong,2,0,False,False,2025-09-08
interior,NEAR KIT HAPPY LETTER,Armstrong,2,0,False,False,2025-09-08
interject,LETTER KIT DRESS,Armstrong,2,0,False,False,2025-09-08
interlaken,PALM KIT LETTER,Armstrong,2,0,False,False,2025-09-08
interlingua,COMMA KIT LETTER,Armstrong,2,0,False,False,2025-09-08
interlocutor,FOOT KIT LETTER LOT,Armstrong,2,0,False,False,2025-09-08
intermediate,LETTER KIT FLEECE HAPPY,Armstrong,2,0,False,False,2025-09-08
intern,NURSE KIT,Armstrong,2,0,False,False,2025-09-08
internal,NURSE KIT,Armstrong,2,0,False,False,2025-09-08
international,TRAP LETTER KIT,Armstrong,2,0,False,False,2025-09-08
internationale,TRAP KIT LETTER,Armstrong,2,0,False,False,2025-09-08
internet,DRESS LETTER KIT,Armstrong,2,0,False,False,2025-09-08
interplay,LETTER KIT FACE,Armstrong,2,0,False,False,2025-09-08
interpret,NURSE KIT,Armstrong,2,0,False,False,2025-09-08
interpretation,FACE KIT NURSE,Armstrong,2,0,False,False,2025-09-08
interpreter,LETTER NURSE KIT,Armstrong,2,0,False,False,2025-09-08
interracial,FACE KIT LETTER,Armstrong,2,0,False,False,2025-09-08
interval,LETTER KIT,Armstrong,2,0,False,False,2025-09-08
intervene,LETTER KIT FLEECE,Armstrong,2,0,False,False,2025-09-08
intervention,LETTER KIT DRESS,Armstrong,2,0,False,False,2025-09-08
interview,GOOSE LETTER KIT,Armstrong,2,0,False,False,2025-09-08
interviewed,GOOSE KIT LETTER,Armstrong,2,0,False,False,2025-09-08
interviews,GOOSE KIT LETTER,Armstrong,2,0,False,False,2025-09-08
into,GOOSE COMMA KIT,Armstrong,2,0,False,False,2025-09-08
intourist,CURE KIT,Armstrong,2,0,False,False,2025-09-08
intransigent,BATH KIT TRAP,Armstrong,2,0,False,False,2025-09-08
intrigue,FLEECE KIT,Armstrong,2,0,False,False,2025-09-08
introduce,GOOSE KIT,Armstrong,2,0,False,False,2025-09-08
introduction,STRUT COMMA KIT,Armstrong,2,0,False,False,2025-09-08
introit,CHOICE KIT,Armstrong,2,0,False,False,2025-09-08
intruder,GOOSE KIT LETTER,Armstrong,2,0,False,False,2025-09-08
intrusion,GOOSE KIT,Armstrong,2,0,False,False,2025-09-08
intrusive,GOOSE KIT,Armstrong,2,0,False,False,2025-09-08
intubate,GOOSE KIT FACE,Armstrong,2,0,False,False,2025-09-08
inundated,STRUT KIT FACE,Armstrong,2,0,False,False,2025-09-08
inure,CURE KIT,Armstrong,2,0,False,False,2025-09-08
invade,FACE KIT,Armstrong,2,0,False,False,2025-09-08
invariable,SQUARE KIT HAPPY,Armstrong,2,0,False,False,2025-09-08
invasion,FACE KIT,Armstrong,2,0,False,False,2025-09-08
inverness,LETTER KIT DRESS,Armstrong,2,0,False,False,2025-09-08
inverse,NURSE KIT,Armstrong,2,0,False,False,2025-09-08
investigation,KIT DRESS FACE,Armstrong,2,0,False,False,2025-09-08
invite,PRICE KIT,Armstrong,2,0,False,False,2025-09-08
invited,PRICE KIT,Armstrong,2,0,False,False,2025-09-08
inviting,PRICE KIT,Armstrong,2,0,False,False,2025-09-08
invoice,CHOICE KIT,Armstrong,2,0,False,False,2025-09-08
involve,LOT KIT,Armstrong,2,0,False,False,2025-09-08
iodine,(FLEECE) PRICE GOAT,Armstrong,2,0,False,False,2025-09-08
iolanthe,HAPPY PRICE GOAT TRAP,Armstrong,2,0,False,False,2025-09-08
iowa,COMMA PRICE GOAT,Armstrong,2,0,False,False,2025-09-08
ipad,TRAP PRICE,Armstrong,2,0,False,False,2025-09-08
iphone,GOAT PRICE,Armstrong,2,0,False,False,2025-09-08
ipod,LOT PRICE,Armstrong,2,0,False,False,2025-09-08
iran,BATH PRICE,Armstrong,2,0,False,False,2025-09-08
iraq,PALM KIT,Armstrong,2,0,False,False,2025-09-08
irate,PRICE FACE,Armstrong,2,0,False,False,2025-09-08
ireland,PRICE,Armstrong,2,0,False,False,2025-09-08
irene,(FLEECE) PRICE,Armstrong,2,0,False,False,2025-09-08
iris,PRICE KIT,Armstrong,2,0,False,False,2025-09-08
irish,PRICE KIT,Armstrong,2,0,False,False,2025-09-08
irkutsk,FOOT,Armstrong,2,0,False,False,2025-09-08
iron,PRICE,Armstrong,2,0,False,False,2025-09-08
ironic,PRICE LOT KIT,Armstrong,2,0,False,False,2025-09-08
ironmonger,STRUT PRICE LETTER,Armstrong,2,0,False,False,2025-09-08
irreducibility,GOOSE KIT STRUT HAPPY,Armstrong,2,0,False,False,2025-09-08
irresistable,KIT,Armstrong,2,0,False,False,2025-09-08
irrespective,KIT DRESS,Armstrong,2,0,False,False,2025-09-08
irrigation,KIT FACE,Armstrong,2,0,False,False,2025-09-08
irritation,KIT FACE,Armstrong,2,0,False,False,2025-09-08
irvine,PRICE NURSE,Armstrong,2,0,False,False,2025-09-08
irwell,NURSE DRESS,Armstrong,2,0,False,False,2025-09-08
irwin,NURSE KIT,Armstrong,2,0,False,False,2025-09-08
isabel,DRESS KIT,Armstrong,2,0,False,False,2025-09-08
isabella,COMMA KIT DRESS,Armstrong,2,0,False,False,2025-09-08
isham,PRICE,Armstrong,2,0,False,False,2025-09-08
ishiguro,GOOSE KIT GOAT,Armstrong,2,0,False,False,2025-09-08
islam,PALM KIT,Armstrong,2,0,False,False,2025-09-08
islamabad,TRAP PALM KIT,Armstrong,2,0,False,False,2025-09-08
island,COMMA PRICE,Armstrong,2,0,False,False,2025-09-08
isolated,PRICE FACE,Armstrong,2,0,False,False,2025-09-08
isopleth,DRESS PRICE LOT,Armstrong,2,0,False,False,2025-09-08
isopropyl,GOAT PRICE,Armstrong,2,0,False,False,2025-09-08
israeli,FACE HAPPY KIT,Armstrong,2,0,False,False,2025-09-08
issue,GOOSE KIT,Armstrong,2,0,False,False,2025-09-08
issued,GOOSE KIT,Armstrong,2,0,False,False,2025-09-08
issues,KIT GOOSE,Armstrong,2,0,False,False,2025-09-08
istanbul,TRAP FOOT KIT,Armstrong,2,0,False,False,2025-09-08
it,KIT,Armstrong,2,0,False,False,2025-09-08
italian,TRAP KIT,Armstrong,2,0,False,False,2025-09-08
italy,HAPPY COMMA KIT,Armstrong,2,0,False,False,2025-09-08
itching,KIT,Armstrong,2,0,False,False,2025-09-08
itchy,HAPPY KIT,Armstrong,2,0,False,False,2025-09-08
item,PRICE COMMA,Armstrong,2,0,False,False,2025-09-08
ithon,PRICE FLEECE LOT,Armstrong,2,0,False,False,2025-09-08
itinerary,PRICE KIT HAPPY,Armstrong,2,0,False,False,2025-09-08
itunes,GOOSE PRICE,Armstrong,2,0,False,False,2025-09-08
iud,PRICE GOOSE FLEECE,Armstrong,2,0,False,False,2025-09-08
ivan,PRICE,Armstrong,2,0,False,False,2025-09-08
iver,PRICE LETTER,Armstrong,2,0,False,False,2025-09-08
ivor,PRICE,Armstrong,2,0,False,False,2025-09-08
ivory,PRICE HAPPY,Armstrong,2,0,False,False,2025-09-08
ivy,PRICE HAPPY,Armstrong,2,0,False,False,2025-09-08
jabez,DRESS,Armstrong,2,0,False,False,2025-09-08
jacintha,COMMA KIT,Armstrong,2,0,False,False,2025-09-08
jack,TRAP,Armstrong,2,0,False,False,2025-09-08
jackanapes,FACE TRAP,Armstrong,2,0,False,False,2025-09-08
jackman,TRAP,Armstrong,2,0,False,False,2025-09-08
jacksnipe,PRICE TRAP,Armstrong,2,0,False,False,2025-09-08
jackson,TRAP (COMMA),Armstrong,2,0,False,False,2025-09-08
jacob,FACE,Armstrong,2,0,False,False,2025-09-08
jacobean,NEAR TRAP,Armstrong,2,0,False,False,2025-09-08
jacquard,START TRAP,Armstrong,2,0,False,False,2025-09-08
jacuzzi,GOOSE HAPPY COMMA,Armstrong,2,0,False,False,2025-09-08
jade,FACE,Armstrong,2,0,False,False,2025-09-08
jaeger,FACE LETTER,Armstrong,2,0,False,False,2025-09-08
jaffa,TRAP COMMA,Armstrong,2,0,False,False,2025-09-08
jagger,TRAP LETTER,Armstrong,2,0,False,False,2025-09-08
jaguar,TRAP GOOSE START,Armstrong,2,0,False,False,2025-09-08
jail,FACE,Armstrong,2,0,False,False,2025-09-08
jaipur,PRICE CURE,Armstrong,2,0,False,False,2025-09-08
jake,FACE,Armstrong,2,0,False,False,2025-09-08
jalalabad,PALM TRAP,Armstrong,2,0,False,False,2025-09-08
jalfrezi,HAPPY TRAP FACE,Armstrong,2,0,False,False,2025-09-08
jam,TRAP,Armstrong,2,0,False,False,2025-09-08
jamaica,COMMA FACE,Armstrong,2,0,False,False,2025-09-08
james,FACE,Armstrong,2,0,False,False,2025-09-08
jameson,FACE,Armstrong,2,0,False,False,2025-09-08
jamie,FACE HAPPY,Armstrong,2,0,False,False,2025-09-08
jan,TRAP,Armstrong,2,0,False,False,2025-09-08
jane,FACE,Armstrong,2,0,False,False,2025-09-08
janitorial,FORCE TRAP KIT HAPPY,Armstrong,2,0,False,False,2025-09-08
january,TRAP HAPPY GOOSE SQUARE,Armstrong,2,0,False,False,2025-09-08
japan,TRAP COMMA,Armstrong,2,0,False,False,2025-09-08
japanese,TRAP FLEECE,Armstrong,2,0,False,False,2025-09-08
japhetic,FACE DRESS KIT,Armstrong,2,0,False,False,2025-09-08
jar,START,Armstrong,2,0,False,False,2025-09-08
jardiniere,SQUARE START KIT NEAR,Armstrong,2,0,False,False,2025-09-08
jarful,START,Armstrong,2,0,False,False,2025-09-08
jargon,START,Armstrong,2,0,False,False,2025-09-08
jarvis,START KIT,Armstrong,2,0,False,False,2025-09-08
jasmine,TRAP KIT,Armstrong,2,0,False,False,2025-09-08
jason,FACE,Armstrong,2,0,False,False,2025-09-08
java,PALM COMMA,Armstrong,2,0,False,False,2025-09-08
javascript,PALM COMMA KIT,Armstrong,2,0,False,False,2025-09-08
jawbone,THOUGHT GOAT,Armstrong,2,0,False,False,2025-09-08
jawbreaker,THOUGHT FACE LETTER,Armstrong,2,0,False,False,2025-09-08
jaws,THOUGHT,Armstrong,2,0,False,False,2025-09-08
jaycee,FACE HAPPY,Armstrong,2,0,False,False,2025-09-08
jaywalking,FACE THOUGHT KIT,Armstrong,2,0,False,False,2025-09-08
jaywick,FACE KIT,Armstrong,2,0,False,False,2025-09-08
jazz,TRAP,Armstrong,2,0,False,False,2025-09-08
jeans,FLEECE,Armstrong,2,0,False,False,2025-09-08
jebusite,FOOT DRESS PRICE,Armstrong,2,0,False,False,2025-09-08
jedi,PRICE DRESS,Armstrong,2,0,False,False,2025-09-08
jeep,FLEECE,Armstrong,2,0,False,False,2025-09-08
jeff,DRESS,Armstrong,2,0,False,False,2025-09-08
jeffrey,DRESS HAPPY,Armstrong,2,0,False,False,2025-09-08
jehovah,COMMA GOAT,Armstrong,2,0,False,False,2025-09-08
jemima,PRICE,Armstrong,2,0,False,False,2025-09-08
jenkins,DRESS KIT,Armstrong,2,0,False,False,2025-09-08
jenks,DRESS,Armstrong,2,0,False,False,2025-09-08
jenner,LETTER DRESS,Armstrong,2,0,False,False,2025-09-08
jennifer,LETTER DRESS KIT,Armstrong,2,0,False,False,2025-09-08
jephthah,COMMA DRESS,Armstrong,2,0,False,False,2025-09-08
jeremiah,DRESS PRICE,Armstrong,2,0,False,False,2025-09-08
jeremy,DRESS HAPPY,Armstrong,2,0,False,False,2025-09-08
jerome,GOAT,Armstrong,2,0,False,False,2025-09-08
jersey,HAPPY NURSE,Armstrong,2,0,False,False,2025-09-08
jerusalem,GOOSE,Armstrong,2,0,False,False,2025-09-08
jessica,COMMA DRESS KIT,Armstrong,2,0,False,False,2025-09-08
jessie,HAPPY DRESS,Armstrong,2,0,False,False,2025-09-08
jet,DRESS,Armstrong,2,0,False,False,2025-09-08
jewel,GOOSE,Armstrong,2,0,False,False,2025-09-08
jib,KIT,Armstrong,2,0,False,False,2025-09-08
jib-boom,GOOSE KIT,Armstrong,2,0,False,False,2025-09-08
jigsaw,KIT THOUGHT,Armstrong,2,0,False,False,2025-09-08
jigsaws,THOUGHT KIT,Armstrong,2,0,False,False,2025-09-08
jimmy,HAPPY KIT,Armstrong,2,0,False,False,2025-09-08
jipijapa,COMMA KIT PALM,Armstrong,2,0,False,False,2025-09-08
jitterbug,STRUT KIT LETTER,Armstrong,2,0,False,False,2025-09-08
jiujitsu,GOOSE KIT,Armstrong,2,0,False,False,2025-09-08
jive,PRICE,Armstrong,2,0,False,False,2025-09-08
jo,GOAT,Armstrong,2,0,False,False,2025-09-08
joan,GOAT,Armstrong,2,0,False,False,2025-09-08
job,LOT GOAT,Armstrong,2,0,False,False,2025-09-08
job-sharing,SQUARE LOT KIT,Armstrong,2,0,False,False,2025-09-08
jobcentre,DRESS LOT LETTER,Armstrong,2,0,False,False,2025-09-08
jockey,HAPPY LOT,Armstrong,2,0,False,False,2025-09-08
jodie,GOAT HAPPY,Armstrong,2,0,False,False,2025-09-08
jog,CLOTH,Armstrong,2,0,False,False,2025-09-08
john,LOT,Armstrong,2,0,False,False,2025-09-08
join,CHOICE,Armstrong,2,0,False,False,2025-09-08
joinery,CHOICE LETTER HAPPY,Armstrong,2,0,False,False,2025-09-08
joint,CHOICE,Armstrong,2,0,False,False,2025-09-08
jointly,CHOICE HAPPY,Armstrong,2,0,False,False,2025-09-08
joists,CHOICE,Armstrong,2,0,False,False,2025-09-08
jojo,GOAT,Armstrong,2,0,False,False,2025-09-08
jojoba,COMMA GOAT,Armstrong,2,0,False,False,2025-09-08
joke,GOAT,Armstrong,2,0,False,False,2025-09-08
jolie,GOAT HAPPY,Armstrong,2,0,False,False,2025-09-08
jonas,GOAT COMMA,Armstrong,2,0,False,False,2025-09-08
jonathan,COMMA LOT,Armstrong,2,0,False,False,2025-09-08
joppa,COMMA LOT,Armstrong,2,0,False,False,2025-09-08
jose,GOAT FACE,Armstrong,2,0,False,False,2025-09-08
josef,GOAT,Armstrong,2,0,False,False,2025-09-08
joseph,GOAT COMMA,Armstrong,2,0,False,False,2025-09-08
josh,LOT,Armstrong,2,0,False,False,2025-09-08
joules,GOOSE,Armstrong,2,0,False,False,2025-09-08
jourdain,CURE FACE,Armstrong,2,0,False,False,2025-09-08
journalism,COMMA NURSE KIT,Armstrong,2,0,False,False,2025-09-08
journalist,COMMA KIT NURSE,Armstrong,2,0,False,False,2025-09-08
journey,HAPPY NURSE,Armstrong,2,0,False,False,2025-09-08
jowl,MOUTH,Armstrong,2,0,False,False,2025-09-08
joy,CHOICE,Armstrong,2,0,False,False,2025-09-08
joy-bells,CHOICE DRESS,Armstrong,2,0,False,False,2025-09-08
joyce,CHOICE,Armstrong,2,0,False,False,2025-09-08
joyed,CHOICE,Armstrong,2,0,False,False,2025-09-08
joyful,CHOICE,Armstrong,2,0,False,False,2025-09-08
joyfully,CHOICE HAPPY,Armstrong,2,0,False,False,2025-09-08
joyfulness,CHOICE FOOT,Armstrong,2,0,False,False,2025-09-08
joyous,CHOICE,Armstrong,2,0,False,False,2025-09-08
joyride,CHOICE PRICE,Armstrong,2,0,False,False,2025-09-08
joyrides,CHOICE PRICE,Armstrong,2,0,False,False,2025-09-08
joys,CHOICE,Armstrong,2,0,False,False,2025-09-08
joystick,CHOICE KIT,Armstrong,2,0,False,False,2025-09-08
jpeg,DRESS FACE,Armstrong,2,0,False,False,2025-09-08
ju-jitsu,GOOSE KIT,Armstrong,2,0,False,False,2025-09-08
jubilant,GOOSE,Armstrong,2,0,False,False,2025-09-08
jubilee,GOOSE HAPPY,Armstrong,2,0,False,False,2025-09-08
judd,STRUT,Armstrong,2,0,False,False,2025-09-08
judea,GOOSE FLEECE,Armstrong,2,0,False,False,2025-09-08
judge,STRUT,Armstrong,2,0,False,False,2025-09-08
judgment,STRUT,Armstrong,2,0,False,False,2025-09-08
judgmental,STRUT DRESS,Armstrong,2,0,False,False,2025-09-08
judicial,GOOSE KIT,Armstrong,2,0,False,False,2025-09-08
judiciary,GOOSE KIT HAPPY,Armstrong,2,0,False,False,2025-09-08
judo,GOOSE GOAT,Armstrong,2,0,False,False,2025-09-08
jug,STRUT,Armstrong,2,0,False,False,2025-09-08
juggernaut,THOUGHT STRUT LETTER,Armstrong,2,0,False,False,2025-09-08
juice,GOOSE,Armstrong,2,0,False,False,2025-09-08
jujitsu,FOOT KIT GOOSE,Armstrong,2,0,False,False,2025-09-08
juju,GOOSE,Armstrong,2,0,False,False,2025-09-08
jujube,GOOSE,Armstrong,2,0,False,False,2025-09-08
jukebox,GOOSE LOT,Armstrong,2,0,False,False,2025-09-08
jules,GOOSE,Armstrong,2,0,False,False,2025-09-08
julian,GOOSE HAPPY,Armstrong,2,0,False,False,2025-09-08
julie,HAPPY GOOSE,Armstrong,2,0,False,False,2025-09-08
juliet,GOOSE HAPPY DRESS,Armstrong,2,0,False,False,2025-09-08
july,PRICE STRUT,Armstrong,2,0,False,False,2025-09-08
jump,STRUT,Armstrong,2,0,False,False,2025-09-08
jumpsuit,STRUT GOOSE,Armstrong,2,0,False,False,2025-09-08
junction,STRUT,Armstrong,2,0,False,False,2025-09-08
june,GOOSE,Armstrong,2,0,False,False,2025-09-08
jung,FOOT STRUT,Armstrong,2,0,False,False,2025-09-08
jungle,STRUT,Armstrong,2,0,False,False,2025-09-08
junior,GOOSE LETTER,Armstrong,2,0,False,False,2025-09-08
junk,STRUT,Armstrong,2,0,False,False,2025-09-08
junkie,STRUT HAPPY,Armstrong,2,0,False,False,2025-09-08
jurisdiction,CURE KIT,Armstrong,2,0,False,False,2025-09-08
jury,CURE HAPPY,Armstrong,2,0,False,False,2025-09-08
just,STRUT,Armstrong,2,0,False,False,2025-09-08
justice,STRUT KIT,Armstrong,2,0,False,False,2025-09-08
justify,STRUT PRICE KIT,Armstrong,2,0,False,False,2025-09-08
justin,STRUT KIT,Armstrong,2,0,False,False,2025-09-08
juvenile,GOOSE (PRICE) KIT,Armstrong,2,0,False,False,2025-09-08
juventus,GOOSE DRESS,Armstrong,2,0,False,False,2025-09-08
kabuki,GOOSE HAPPY,Armstrong,2,0,False,False,2025-09-08
kahn,PALM,Armstrong,2,0,False,False,2025-09-08
kaka,PALM,Armstrong,2,0,False,False,2025-09-08
kalahari,START HAPPY,Armstrong,2,0,False,False,2025-09-08
kama,PALM,Armstrong,2,0,False,False,2025-09-08
kamala,PALM COMMA,Armstrong,2,0,False,False,2025-09-08
kampala,PALM,Armstrong,2,0,False,False,2025-09-08
kanye,PALM FACE,Armstrong,2,0,False,False,2025-09-08
kaohsiung,FOOT MOUTH,Armstrong,2,0,False,False,2025-09-08
kappa,COMMA TRAP,Armstrong,2,0,False,False,2025-09-08
kaput,FOOT,Armstrong,2,0,False,False,2025-09-08
karachi,PALM HAPPY,Armstrong,2,0,False,False,2025-09-08
kardashian,TRAP START HAPPY,Armstrong,2,0,False,False,2025-09-08
karen,TRAP,Armstrong,2,0,False,False,2025-09-08
karl,START,Armstrong,2,0,False,False,2025-09-08
karma,START COMMA,Armstrong,2,0,False,False,2025-09-08
kasbah,PALM,Armstrong,2,0,False,False,2025-09-08
kasha,PALM,Armstrong,2,0,False,False,2025-09-08
kashmir,TRAP,Armstrong,2,0,False,False,2025-09-08
katana,PALM COMMA,Armstrong,2,0,False,False,2025-09-08
kate,FACE,Armstrong,2,0,False,False,2025-09-08
kathie,TRAP HAPPY,Armstrong,2,0,False,False,2025-09-08
kathleen,TRAP FLEECE,Armstrong,2,0,False,False,2025-09-08
kathryn,TRAP,Armstrong,2,0,False,False,2025-09-08
kathy,TRAP HAPPY,Armstrong,2,0,False,False,2025-09-08
katie,FACE HAPPY,Armstrong,2,0,False,False,2025-09-08
katy,FACE HAPPY,Armstrong,2,0,False,False,2025-09-08
kauri,MOUTH HAPPY,Armstrong,2,0,False,False,2025-09-08
kava,PALM,Armstrong,2,0,False,False,2025-09-08
kawasaki,PALM (MOUTH) HAPPY,Armstrong,2,0,False,False,2025-09-08
kayleigh,FACE HAPPY,Armstrong,2,0,False,False,2025-09-08
kazakhstan,TRAP PALM,Armstrong,2,0,False,False,2025-09-08
keanu,PALM GOOSE,Armstrong,2,0,False,False,2025-09-08
keegan,FLEECE,Armstrong,2,0,False,False,2025-09-08
keen,FLEECE,Armstrong,2,0,False,False,2025-09-08
keep,FLEECE,Armstrong,2,0,False,False,2025-09-08
keeper,FLEECE LETTER,Armstrong,2,0,False,False,2025-09-08
keepsake,FLEECE FACE,Armstrong,2,0,False,False,2025-09-08
keir,NEAR,Armstrong,2,0,False,False,2025-09-08
kelpie,DRESS HAPPY,Armstrong,2,0,False,False,2025-09-08
kept,DRESS,Armstrong,2,0,False,False,2025-09-08
kerb,NURSE,Armstrong,2,0,False,False,2025-09-08
kerr,NURSE,Armstrong,2,0,False,False,2025-09-08
kerry,DRESS HAPPY,Armstrong,2,0,False,False,2025-09-08
kershaw,NURSE THOUGHT,Armstrong,2,0,False,False,2025-09-08
ketchup,DRESS,Armstrong,2,0,False,False,2025-09-08
kevin,DRESS,Armstrong,2,0,False,False,2025-09-08
kevlar,DRESS START,Armstrong,2,0,False,False,2025-09-08
kewpie,GOOSE HAPPY,Armstrong,2,0,False,False,2025-09-08
key,FLEECE,Armstrong,2,0,False,False,2025-09-08
keyboard,FLEECE FORCE,Armstrong,2,0,False,False,2025-09-08
keychain,FLEECE FACE,Armstrong,2,0,False,False,2025-09-08
keyhole,FLEECE GOAT,Armstrong,2,0,False,False,2025-09-08
keynote,FLEECE GOAT,Armstrong,2,0,False,False,2025-09-08
keypad,FLEECE TRAP,Armstrong,2,0,False,False,2025-09-08
kfc,FACE DRESS FLEECE,Armstrong,2,0,False,False,2025-09-08
khaki,PALM HAPPY,Armstrong,2,0,False,False,2025-09-08
khan,PALM,Armstrong,2,0,False,False,2025-09-08
khoisan,CHOICE,Armstrong,2,0,False,False,2025-09-08
khrushchev,FOOT,Armstrong,2,0,False,False,2025-09-08
kia,NEAR,Armstrong,2,0,False,False,2025-09-08
kibbutz,KIT FOOT,Armstrong,2,0,False,False,2025-09-08
kibbutzim,KIT FOOT FLEECE,Armstrong,2,0,False,False,2025-09-08
kibosh,PRICE LOT,Armstrong,2,0,False,False,2025-09-08
kick-ass,KIT TRAP,Armstrong,2,0,False,False,2025-09-08
kickstarter,KIT START LETTER,Armstrong,2,0,False,False,2025-09-08
kidnap,KIT TRAP,Armstrong,2,0,False,False,2025-09-08
kidnapper,KIT TRAP LETTER,Armstrong,2,0,False,False,2025-09-08
kids,KIT,Armstrong,2,0,False,False,2025-09-08
killamarsh,KIT START,Armstrong,2,0,False,False,2025-09-08
killarney,KIT START HAPPY,Armstrong,2,0,False,False,2025-09-08
killed,KIT,Armstrong,2,0,False,False,2025-09-08
killer,KIT LETTER,Armstrong,2,0,False,False,2025-09-08
kilmarnock,KIT START,Armstrong,2,0,False,False,2025-09-08
kilogram,KIT GOAT TRAP,Armstrong,2,0,False,False,2025-09-08
kilograms,KIT GOAT COMMA,Armstrong,2,0,False,False,2025-09-08
kilos,FLEECE GOAT,Armstrong,2,0,False,False,2025-09-08
kilowatt,KIT/FLEECE COMMA LOT,Armstrong,2,0,False,False,2025-09-08
kilsyth,KIT PRICE,Armstrong,2,0,False,False,2025-09-08
kind,PRICE,Armstrong,2,0,False,False,2025-09-08
kinda,PRICE COMMA,Armstrong,2,0,False,False,2025-09-08
kindergarten,KIT START LETTER,Armstrong,2,0,False,False,2025-09-08
king-size,KIT PRICE,Armstrong,2,0,False,False,2025-09-08
kingdom,KIT COMMA,Armstrong,2,0,False,False,2025-09-08
kingswear,KIT NEAR,Armstrong,2,0,False,False,2025-09-08
kinship,KIT,Armstrong,2,0,False,False,2025-09-08
kirby,NURSE HAPPY,Armstrong,2,0,False,False,2025-09-08
kirghiz,NURSE KIT,Armstrong,2,0,False,False,2025-09-08
kirk,NURSE,Armstrong,2,0,False,False,2025-09-08
kirov,LOT,Armstrong,2,0,False,False,2025-09-08
kirsten,NEAR,Armstrong,2,0,False,False,2025-09-08
kiss,KIT,Armstrong,2,0,False,False,2025-09-08
kitchen,KIT,Armstrong,2,0,False,False,2025-09-08
kite,PRICE,Armstrong,2,0,False,False,2025-09-08
kitten,KIT,Armstrong,2,0,False,False,2025-09-08
klaus,MOUTH,Armstrong,2,0,False,False,2025-09-08
klavier,TRAP LETTER,Armstrong,2,0,False,False,2025-09-08
kludge,GOOSE,Armstrong,2,0,False,False,2025-09-08
klufi,GOOSE HAPPY,Armstrong,2,0,False,False,2025-09-08
knaresborough,SQUARE STRUT,Armstrong,2,0,False,False,2025-09-08
knead,FLEECE,Armstrong,2,0,False,False,2025-09-08
knebworth,DRESS LETTER,Armstrong,2,0,False,False,2025-09-08
knee,FLEECE,Armstrong,2,0,False,False,2025-09-08
knee-high,FLEECE PRICE,Armstrong,2,0,False,False,2025-09-08
knew,GOOSE,Armstrong,2,0,False,False,2025-09-08
knife,PRICE,Armstrong,2,0,False,False,2025-09-08
knife-edge,PRICE DRESS,Armstrong,2,0,False,False,2025-09-08
knight,PRICE,Armstrong,2,0,False,False,2025-09-08
knitwear,KIT SQUARE,Armstrong,2,0,False,False,2025-09-08
knives,PRICE,Armstrong,2,0,False,False,2025-09-08
knob,LOT,Armstrong,2,0,False,False,2025-09-08
knock,LOT,Armstrong,2,0,False,False,2025-09-08
knotweed,LOT FLEECE,Armstrong,2,0,False,False,2025-09-08
know,GOAT,Armstrong,2,0,False,False,2025-09-08
know-how,GOAT MOUTH,Armstrong,2,0,False,False,2025-09-08
knowledge,LOT KIT,Armstrong,2,0,False,False,2025-09-08
known,GOAT,Armstrong,2,0,False,False,2025-09-08
knows,GOAT,Armstrong,2,0,False,False,2025-09-08
knowsley,GOAT HAPPY,Armstrong,2,0,False,False,2025-09-08
knox,LOT,Armstrong,2,0,False,False,2025-09-08
knuckleduster,STRUT LETTER,Armstrong,2,0,False,False,2025-09-08
koala,PALM COMMA,Armstrong,2,0,False,False,2025-09-08
kochi,GOAT HAPPY,Armstrong,2,0,False,False,2025-09-08
kodak,GOAT,Armstrong,2,0,False,False,2025-09-08
kohlrabi,PALM HAPPY,Armstrong,2,0,False,False,2025-09-08
koisan,PALM,Armstrong,2,0,False,False,2025-09-08
kojak,GOAT,Armstrong,2,0,False,False,2025-09-08
komodo,GOAT,Armstrong,2,0,False,False,2025-09-08
konrad,LOT TRAP,Armstrong,2,0,False,False,2025-09-08
kookaburra,STRUT FOOT,Armstrong,2,0,False,False,2025-09-08
kooky,GOOSE HAPPY,Armstrong,2,0,False,False,2025-09-08
koran,PALM,Armstrong,2,0,False,False,2025-09-08
korea,FLEECE NEAR LETTER COMMA,Armstrong,2,0,False,False,2025-09-08
korean,NEAR,Armstrong,2,0,False,False,2025-09-08
kosher,GOAT LETTER,Armstrong,2,0,False,False,2025-09-08
kowloon,MOUTH GOOSE,Armstrong,2,0,False,False,2025-09-08
kramer,FACE LETTER,Armstrong,2,0,False,False,2025-09-08
krefeld,FACE DRESS,Armstrong,2,0,False,False,2025-09-08
kreutzer,CHOICE LETTER,Armstrong,2,0,False,False,2025-09-08
kruger,GOOSE LETTER,Armstrong,2,0,False,False,2025-09-08
krugerrand,GOOSE LETTER,Armstrong,2,0,False,False,2025-09-08
krupp,FOOT,Armstrong,2,0,False,False,2025-09-08
kuccha,COMMA STRUT,Armstrong,2,0,False,False,2025-09-08
kudzu,FOOT,Armstrong,2,0,False,False,2025-09-08
kung,FOOT,Armstrong,2,0,False,False,2025-09-08
kunming,FOOT,Armstrong,2,0,False,False,2025-09-08
kuril,FOOT LOT,Armstrong,2,0,False,False,2025-09-08
kurt,NURSE,Armstrong,2,0,False,False,2025-09-08
kurus,FOOT,Armstrong,2,0,False,False,2025-09-08
kurzweil,NURSE PRICE,Armstrong,2,0,False,False,2025-09-08
kutcher,FOOT LETTER,Armstrong,2,0,False,False,2025-09-08
kuwait,FACE,Armstrong,2,0,False,False,2025-09-08
kuwaiti,FACE,Armstrong,2,0,False,False,2025-09-08
kyle,PRICE,Armstrong,2,0,False,False,2025-09-08
kylie,PRICE HAPPY,Armstrong,2,0,False,False,2025-09-08
kyrgyzstan,NURSE,Armstrong,2,0,False,False,2025-09-08
la,PALM,Armstrong,2,0,False,False,2025-09-08
laager,PALM LETTER,Armstrong,2,0,False,False,2025-09-08
lab,TRAP,Armstrong,2,0,False,False,2025-09-08
laban,PALM,Armstrong,2,0,False,False,2025-09-08
label,FACE,Armstrong,2,0,False,False,2025-09-08
labor,LETTER,Armstrong,2,0,False,False,2025-09-08
laborious,FORCE,Armstrong,2,0,False,False,2025-09-08
labour,FACE LETTER,Armstrong,2,0,False,False,2025-09-08
lace,FACE,Armstrong,2,0,False,False,2025-09-08
lackluster,TRAP STRUT LETTER,Armstrong,2,0,False,False,2025-09-08
lactobacillus,TRAP GOAT KIT,Armstrong,2,0,False,False,2025-09-08
lactose,TRAP GOAT,Armstrong,2,0,False,False,2025-09-08
lada,PALM COMMA,Armstrong,2,0,False,False,2025-09-08
ladakh,PALM,Armstrong,2,0,False,False,2025-09-08
ladbrokes,TRAP FOOT,Armstrong,2,0,False,False,2025-09-08
laden,FACE,Armstrong,2,0,False,False,2025-09-08
lady,FACE HAPPY,Armstrong,2,0,False,False,2025-09-08
ladyboys,FACE HAPPY CHOICE,Armstrong,2,0,False,False,2025-09-08
ladybug,FACE HAPPY STRUT,Armstrong,2,0,False,False,2025-09-08
ladylike,FACE HAPPY PRICE,Armstrong,2,0,False,False,2025-09-08
lag,TRAP,Armstrong,2,0,False,False,2025-09-08
laid,FACE,Armstrong,2,0,False,False,2025-09-08
laid-back,FACE TRAP,Armstrong,2,0,False,False,2025-09-08
laing,TRAP,Armstrong,2,0,False,False,2025-09-08
laisser-faire,FACE SQUARE,Armstrong,2,0,False,False,2025-09-08
lake,FACE,Armstrong,2,0,False,False,2025-09-08
lama,PALM,Armstrong,2,0,False,False,2025-09-08
lambda,TRAP COMMA,Armstrong,2,0,False,False,2025-09-08
lambert,TRAP LETTER,Armstrong,2,0,False,False,2025-09-08
lambeth,TRAP COMMA,Armstrong,2,0,False,False,2025-09-08
lamborghini,TRAP FLEECE NORTH HAPPY,Armstrong,2,0,False,False,2025-09-08
lampshade,TRAP FACE,Armstrong,2,0,False,False,2025-09-08
lancashire,TRAP COMMA LETTER,Armstrong,2,0,False,False,2025-09-08
lancaster,TRAP BATH LETTER,Armstrong,2,0,False,False,2025-09-08
land,TRAP,Armstrong,2,0,False,False,2025-09-08
landing-gear,TRAP NEAR,Armstrong,2,0,False,False,2025-09-08
landlady,TRAP FACE HAPPY,Armstrong,2,0,False,False,2025-09-08
landlord,TRAP NORTH FORCE,Armstrong,2,0,False,False,2025-09-08
landmark,TRAP START,Armstrong,2,0,False,False,2025-09-08
landscape,TRAP FACE,Armstrong,2,0,False,False,2025-09-08
landseer,TRAP NEAR,Armstrong,2,0,False,False,2025-09-08
landslide,TRAP PRICE,Armstrong,2,0,False,False,2025-09-08
lane,FACE,Armstrong,2,0,False,False,2025-09-08
lang,TRAP,Armstrong,2,0,False,False,2025-09-08
language,KIT TRAP,Armstrong,2,0,False,False,2025-09-08
languages,TRAP STRUT,Armstrong,2,0,False,False,2025-09-08
lao,MOUTH,Armstrong,2,0,False,False,2025-09-08
laos,MOUTH,Armstrong,2,0,False,False,2025-09-08
laotian,MOUTH,Armstrong,2,0,False,False,2025-09-08
laptop,TRAP LOT,Armstrong,2,0,False,False,2025-09-08
larch,START,Armstrong,2,0,False,False,2025-09-08
large,START,Armstrong,2,0,False,False,2025-09-08
large-scale,START FACE,Armstrong,2,0,False,False,2025-09-08
larger,START LETTER,Armstrong,2,0,False,False,2025-09-08
largesse,START,Armstrong,2,0,False,False,2025-09-08
largest,START,Armstrong,2,0,False,False,2025-09-08
largo,START GOAT,Armstrong,2,0,False,False,2025-09-08
largs,START,Armstrong,2,0,False,False,2025-09-08
larissa,COMMA KIT,Armstrong,2,0,False,False,2025-09-08
lars,START,Armstrong,2,0,False,False,2025-09-08
larva,START,Armstrong,2,0,False,False,2025-09-08
larwood,START FOOT,Armstrong,2,0,False,False,2025-09-08
laryngectomee,TRAP DRESS HAPPY,Armstrong,2,0,False,False,2025-09-08
laryngectomy,TRAP DRESS HAPPY,Armstrong,2,0,False,False,2025-09-08
lasagna,PALM,Armstrong,2,0,False,False,2025-09-08
laser,FACE LETTER,Armstrong,2,0,False,False,2025-09-08
lassie,TRAP HAPPY,Armstrong,2,0,False,False,2025-09-08
lasso,TRAP GOAT,Armstrong,2,0,False,False,2025-09-08
last,BATH,Armstrong,2,0,False,False,2025-09-08
later,FACE LETTER,Armstrong,2,0,False,False,2025-09-08
latest,FACE COMMA,Armstrong,2,0,False,False,2025-09-08
lath,BATH,Armstrong,2,0,False,False,2025-09-08
latham,FACE,Armstrong,2,0,False,False,2025-09-08
lathe,FACE,Armstrong,2,0,False,False,2025-09-08
lather,BATH LETTER,Armstrong,2,0,False,False,2025-09-08
lathery,BATH LETTER HAPPY,Armstrong,2,0,False,False,2025-09-08
lathi,PALM HAPPY,Armstrong,2,0,False,False,2025-09-08
lathom,FACE,Armstrong,2,0,False,False,2025-09-08
latin,TRAP,Armstrong,2,0,False,False,2025-09-08
latina,(FLEECE) (TRAP),Armstrong,2,0,False,False,2025-09-08
latitude,TRAP GOOSE,Armstrong,2,0,False,False,2025-09-08
latte,PALM FACE,Armstrong,2,0,False,False,2025-09-08
laudation,THOUGHT FACE,Armstrong,2,0,False,False,2025-09-08
lauded,THOUGHT,Armstrong,2,0,False,False,2025-09-08
laugh,BATH,Armstrong,2,0,False,False,2025-09-08
laughable,BATH,Armstrong,2,0,False,False,2025-09-08
laughed,BATH,Armstrong,2,0,False,False,2025-09-08
laughing,BATH,Armstrong,2,0,False,False,2025-09-08
laughingstock,BATH CLOTH,Armstrong,2,0,False,False,2025-09-08
laughter,BATH LETTER,Armstrong,2,0,False,False,2025-09-08
launch,THOUGHT,Armstrong,2,0,False,False,2025-09-08
laundry,THOUGHT HAPPY,Armstrong,2,0,False,False,2025-09-08
laura,NORTH COMMA,Armstrong,2,0,False,False,2025-09-08
laurasia,NORTH FACE,Armstrong,2,0,False,False,2025-09-08
laurel,(CLOTH),Armstrong,2,0,False,False,2025-09-08
laurence,(CLOTH),Armstrong,2,0,False,False,2025-09-08
laurie,CLOTH HAPPY,Armstrong,2,0,False,False,2025-09-08
lava,BATH COMMA,Armstrong,2,0,False,False,2025-09-08
laval,TRAP,Armstrong,2,0,False,False,2025-09-08
lavender,TRAP LETTER,Armstrong,2,0,False,False,2025-09-08
lavish,TRAP KIT,Armstrong,2,0,False,False,2025-09-08
lavrov,LOT,Armstrong,2,0,False,False,2025-09-08
lawford,THOUGHT,Armstrong,2,0,False,False,2025-09-08
lawgiver,THOUGHT KIT LETTER,Armstrong,2,0,False,False,2025-09-08
lawmaker,THOUGHT FACE LETTER,Armstrong,2,0,False,False,2025-09-08
lawn,THOUGHT,Armstrong,2,0,False,False,2025-09-08
lawrence,(CLOTH),Armstrong,2,0,False,False,2025-09-08
lawson,THOUGHT,Armstrong,2,0,False,False,2025-09-08
lawsuit,THOUGHT GOOSE,Armstrong,2,0,False,False,2025-09-08
lawyer,CHOICE LETTER,Armstrong,2,0,False,False,2025-09-08
lay-by,FACE,Armstrong,2,0,False,False,2025-09-08
layla,FACE COMMA,Armstrong,2,0,False,False,2025-09-08
layout,FACE MOUTH,Armstrong,2,0,False,False,2025-09-08
layperson,FACE NURSE,Armstrong,2,0,False,False,2025-09-08
lays,FACE,Armstrong,2,0,False,False,2025-09-08
layshaft,FACE,Armstrong,2,0,False,False,2025-09-08
layton,FACE,Armstrong,2,0,False,False,2025-09-08
laze,FACE,Armstrong,2,0,False,False,2025-09-08
lazy,FACE HAPPY,Armstrong,2,0,False,False,2025-09-08
lea,FLEECE,Armstrong,2,0,False,False,2025-09-08
leach,FLEECE,Armstrong,2,0,False,False,2025-09-08
leader,FLEECE LETTER,Armstrong,2,0,False,False,2025-09-08
leaderboard,FLEECE FORCE LETTER,Armstrong,2,0,False,False,2025-09-08
leaders,FLEECE LETTER,Armstrong,2,0,False,False,2025-09-08
leadership,FLEECE LETTER KIT,Armstrong,2,0,False,False,2025-09-08
leading-rein,FLEECE FACE,Armstrong,2,0,False,False,2025-09-08
leaf-bud,FLEECE STRUT,Armstrong,2,0,False,False,2025-09-08
leafy,FLEECE HAPPY,Armstrong,2,0,False,False,2025-09-08
league,FLEECE,Armstrong,2,0,False,False,2025-09-08
leah,NEAR,Armstrong,2,0,False,False,2025-09-08
leak,FLEECE,Armstrong,2,0,False,False,2025-09-08
lean,FLEECE,Armstrong,2,0,False,False,2025-09-08
leap,FLEECE,Armstrong,2,0,False,False,2025-09-08
leap-year,FLEECE NEAR,Armstrong,2,0,False,False,2025-09-08
leap-years,FLEECE NEAR,Armstrong,2,0,False,False,2025-09-08
leapfrog,LOT FLEECE,Armstrong,2,0,False,False,2025-09-08
learn,NURSE,Armstrong,2,0,False,False,2025-09-08
leary,NEAR HAPPY,Armstrong,2,0,False,False,2025-09-08
leather,DRESS LETTER,Armstrong,2,0,False,False,2025-09-08
leather-jacket,DRESS LETTER TRAP,Armstrong,2,0,False,False,2025-09-08
leatherette,DRESS LETTER,Armstrong,2,0,False,False,2025-09-08
leatherhead,DRESS LETTER,Armstrong,2,0,False,False,2025-09-08
lebanon,DRESS,Armstrong,2,0,False,False,2025-09-08
lebensraum,FACE MOUTH,Armstrong,2,0,False,False,2025-09-08
lecturer,DRESS NURSE LETTER,Armstrong,2,0,False,False,2025-09-08
led,DRESS,Armstrong,2,0,False,False,2025-09-08
ledger,DRESS LETTER,Armstrong,2,0,False,False,2025-09-08
leech,FLEECE,Armstrong,2,0,False,False,2025-09-08
leeds,FLEECE,Armstrong,2,0,False,False,2025-09-08
leek,FLEECE,Armstrong,2,0,False,False,2025-09-08
leer,NEAR,Armstrong,2,0,False,False,2025-09-08
leering,NEAR,Armstrong,2,0,False,False,2025-09-08
leery,NEAR HAPPY,Armstrong,2,0,False,False,2025-09-08
leetspeak,FLEECE,Armstrong,2,0,False,False,2025-09-08
left,DRESS,Armstrong,2,0,False,False,2025-09-08
left-winger,DRESS KIT LETTER,Armstrong,2,0,False,False,2025-09-08
legacy,DRESS HAPPY COMMA,Armstrong,2,0,False,False,2025-09-08
legal,FLEECE,Armstrong,2,0,False,False,2025-09-08
legality,FLEECE TRAP HAPPY,Armstrong,2,0,False,False,2025-09-08
legato,PALM GOAT,Armstrong,2,0,False,False,2025-09-08
legend,DRESS,Armstrong,2,0,False,False,2025-09-08
legendary,DRESS SQUARE HAPPY,Armstrong,2,0,False,False,2025-09-08
leggings,DRESS,Armstrong,2,0,False,False,2025-09-08
legion,FLEECE,Armstrong,2,0,False,False,2025-09-08
legislation,DRESS FACE,Armstrong,2,0,False,False,2025-09-08
legislature,FACE FACE LETTER,Armstrong,2,0,False,False,2025-09-08
legit,COMMA KIT,Armstrong,2,0,False,False,2025-09-08
lego,DRESS GOAT,Armstrong,2,0,False,False,2025-09-08
legoland,DRESS GOAT TRAP,Armstrong,2,0,False,False,2025-09-08
legs,DRESS,Armstrong,2,0,False,False,2025-09-08
legume,GOOSE,Armstrong,2,0,False,False,2025-09-08
legwarmers,DRESS NORTH LETTERS,Armstrong,2,0,False,False,2025-09-08
lehigh,PRICE,Armstrong,2,0,False,False,2025-09-08
lehman,FACE,Armstrong,2,0,False,False,2025-09-08
leicestershire,DRESS LETTER,Armstrong,2,0,False,False,2025-09-08
leindorf,PRICE NORTH,Armstrong,2,0,False,False,2025-09-08
leipzig,PRICE,Armstrong,2,0,False,False,2025-09-08
leisure,(DRESS) LETTER (FLEECE),Armstrong,2,0,False,False,2025-09-08
leisurewear,(DRESS) SQUARE (FLEECE),Armstrong,2,0,False,False,2025-09-08
lemesurier,DRESS LETTER,Armstrong,2,0,False,False,2025-09-08
lending-library,DRESS PRICE LETTER HAPPY,Armstrong,2,0,False,False,2025-09-08
length,DRESS,Armstrong,2,0,False,False,2025-09-08
lengthy,DRESS HAPPY,Armstrong,2,0,False,False,2025-09-08
leningrad,TRAP,Armstrong,2,0,False,False,2025-09-08
lenovo,GOAT,Armstrong,2,0,False,False,2025-09-08
leon,LOT,Armstrong,2,0,False,False,2025-09-08
leonardo,NEAR START,Armstrong,2,0,False,False,2025-09-08
leonhardt,NEAR,Armstrong,2,0,False,False,2025-09-08
leopard,DRESS LETTER,Armstrong,2,0,False,False,2025-09-08
leopold,GOAT,Armstrong,2,0,False,False,2025-09-08
leprechaun,DRESS THOUGHT,Armstrong,2,0,False,False,2025-09-08
leroy,CHOICE,Armstrong,2,0,False,False,2025-09-08
lerwick,NURSE,Armstrong,2,0,False,False,2025-09-08
lesbian,DRESS,Armstrong,2,0,False,False,2025-09-08
lesley,DRESS HAPPY,Armstrong,2,0,False,False,2025-09-08
leslie,DRESS HAPPY,Armstrong,2,0,False,False,2025-09-08
less,DRESS,Armstrong,2,0,False,False,2025-09-08
lesser,DRESS LETTER,Armstrong,2,0,False,False,2025-09-08
lesson,DRESS,Armstrong,2,0,False,False,2025-09-08
lessors,DRESS NORTH,Armstrong,2,0,False,False,2025-09-08
lestrade,PALM,Armstrong,2,0,False,False,2025-09-08
let,DRESS,Armstrong,2,0,False,False,2025-09-08
let-down,DRESS MOUTH,Armstrong,2,0,False,False,2025-09-08
letchworth,DRESS LETTER,Armstrong,2,0,False,False,2025-09-08
lethargy,DRESS LETTER HAPPY,Armstrong,2,0,False,False,2025-09-08
lethe,HAPPY,Armstrong,2,0,False,False,2025-09-08
letter,DRESS LETTER,Armstrong,2,0,False,False,2025-09-08
letters,DRESS LETTER,Armstrong,2,0,False,False,2025-09-08
leukemia,GOOSE FLEECE HAPPY,Armstrong,2,0,False,False,2025-09-08
levee,HAPPY,Armstrong,2,0,False,False,2025-09-08
level,DRESS,Armstrong,2,0,False,False,2025-09-08
levi,FLEECE PRICE,Armstrong,2,0,False,False,2025-09-08
levodopa,DRESS GOAT COMMA,Armstrong,2,0,False,False,2025-09-08
levy,DRESS HAPPY,Armstrong,2,0,False,False,2025-09-08
lewd,GOOSE,Armstrong,2,0,False,False,2025-09-08
lexeme,FLEECE,Armstrong,2,0,False,False,2025-09-08
leybourn,FACE FACE,Armstrong,2,0,False,False,2025-09-08
leyland,FACE,Armstrong,2,0,False,False,2025-09-08
leys,FACE,Armstrong,2,0,False,False,2025-09-08
leyton,FACE,Armstrong,2,0,False,False,2025-09-08
lhasa,PALM,Armstrong,2,0,False,False,2025-09-08
liaison,FACE (LOT),Armstrong,2,0,False,False,2025-09-08
liam,NEAR,Armstrong,2,0,False,False,2025-09-08
liana,PALM,Armstrong,2,0,False,False,2025-09-08
libations,PRICE FACE,Armstrong,2,0,False,False,2025-09-08
libel,PRICE,Armstrong,2,0,False,False,2025-09-08
liberace,PALM,Armstrong,2,0,False,False,2025-09-08
liberal,KIT NURSE,Armstrong,2,0,False,False,2025-09-08
liberalism,KIT NURSE,Armstrong,2,0,False,False,2025-09-08
liberia,PRICE NEAR HAPPY,Armstrong,2,0,False,False,2025-09-08
liberty,KIT LETTER HAPPY,Armstrong,2,0,False,False,2025-09-08
libido,FLEECE GOAT,Armstrong,2,0,False,False,2025-09-08
librarian,PRICE SQUARE HAPPY,Armstrong,2,0,False,False,2025-09-08
library,PRICE SQUARE HAPPY,Armstrong,2,0,False,False,2025-09-08
license,PRICE COMMA,Armstrong,2,0,False,False,2025-09-08
licentious,PRICE,Armstrong,2,0,False,False,2025-09-08
lichee,PRICE HAPPY,Armstrong,2,0,False,False,2025-09-08
lid,KIT,Armstrong,2,0,False,False,2025-09-08
lido,PRICE/FLEECE GOAT,Armstrong,2,0,False,False,2025-09-08
lie,PRICE,Armstrong,2,0,False,False,2025-09-08
liege,(FLEECE) (FACE),Armstrong,2,0,False,False,2025-09-08
lies,PRICE,Armstrong,2,0,False,False,2025-09-08
life,PRICE,Armstrong,2,0,False,False,2025-09-08
life-raft,PRICE BATH,Armstrong,2,0,False,False,2025-09-08
life-size,PRICE,Armstrong,2,0,False,False,2025-09-08
life-span,PRICE TRAP,Armstrong,2,0,False,False,2025-09-08
life-work,PRICE NURSE,Armstrong,2,0,False,False,2025-09-08
lifeblood,PRICE STRUT,Armstrong,2,0,False,False,2025-09-08
lifeboat,PRICE GOAT,Armstrong,2,0,False,False,2025-09-08
lifelike,PRICE,Armstrong,2,0,False,False,2025-09-08
lifeline,PRICE,Armstrong,2,0,False,False,2025-09-08
lifelong,PRICE LOT,Armstrong,2,0,False,False,2025-09-08
lifesaver,PRICE FACE LETTER,Armstrong,2,0,False,False,2025-09-08
lifestyle,PRICE,Armstrong,2,0,False,False,2025-09-08
lifetime,PRICE,Armstrong,2,0,False,False,2025-09-08
liffey,KIT HAPPY,Armstrong,2,0,False,False,2025-09-08
ligature,KIT COMMA LETTER,Armstrong,2,0,False,False,2025-09-08
light,PRICE,Armstrong,2,0,False,False,2025-09-08
light-year,PRICE NEAR,Armstrong,2,0,False,False,2025-09-08
lighthouse,PRICE MOUTH,Armstrong,2,0,False,False,2025-09-08
lightweight,PRICE FACE,Armstrong,2,0,False,False,2025-09-08
like,PRICE,Armstrong,2,0,False,False,2025-09-08
like-minded,PRICE,Armstrong,2,0,False,False,2025-09-08
likely,PRICE HAPPY,Armstrong,2,0,False,False,2025-09-08
likewise,PRICE,Armstrong,2,0,False,False,2025-09-08
lima,FLEECE COMMA,Armstrong,2,0,False,False,2025-09-08
lime,PRICE,Armstrong,2,0,False,False,2025-09-08
limelight,PRICE,Armstrong,2,0,False,False,2025-09-08
limestone,PRICE GOAT,Armstrong,2,0,False,False,2025-09-08
limey,PRICE HAPPY,Armstrong,2,0,False,False,2025-09-08
limoges,GOAT,Armstrong,2,0,False,False,2025-09-08
limousine,KIT GOAT FLEECE,Armstrong,2,0,False,False,2025-09-08
linda,KIT COMMA,Armstrong,2,0,False,False,2025-09-08
lindsey,KIT HAPPY,Armstrong,2,0,False,False,2025-09-08
line,PRICE,Armstrong,2,0,False,False,2025-09-08
line-up,PRICE STRUT,Armstrong,2,0,False,False,2025-09-08
linen-draper,KIT FACE LETTER,Armstrong,2,0,False,False,2025-09-08
lingerie,LETTER COMMA (FACE) (HAPPY) THOUGHT,Armstrong,2,0,False,False,2025-09-08
linotype,GOAT PRICE,Armstrong,2,0,False,False,2025-09-08
linseed,FLEECE,Armstrong,2,0,False,False,2025-09-08
lion,PRICE,Armstrong,2,0,False,False,2025-09-08
lip,KIT,Armstrong,2,0,False,False,2025-09-08
liposuction,PRICE GOAT STRUT,Armstrong,2,0,False,False,2025-09-08
lisa,FLEECE COMMA,Armstrong,2,0,False,False,2025-09-08
list,KIT,Armstrong,2,0,False,False,2025-09-08
list-price,KIT PRICE,Armstrong,2,0,False,False,2025-09-08
listen,KIT,Armstrong,2,0,False,False,2025-09-08
litchee,KIT PRICE,Armstrong,2,0,False,False,2025-09-08
litchi,PRICE HAPPY,Armstrong,2,0,False,False,2025-09-08
literature,COMMA (LETTER) KIT,Armstrong,2,0,False,False,2025-09-08
lithe,PRICE,Armstrong,2,0,False,False,2025-09-08
lithograph,KIT GOAT BATH,Armstrong,2,0,False,False,2025-09-08
lithographer,KIT LOT LETTER,Armstrong,2,0,False,False,2025-09-08
litograph,KIT GOAT BATH,Armstrong,2,0,False,False,2025-09-08
litre,FLEECE,Armstrong,2,0,False,False,2025-09-08
litterbug,KIT LETTER STRUT,Armstrong,2,0,False,False,2025-09-08
little,KIT,Armstrong,2,0,False,False,2025-09-08
liturgy,KIT LETTER HAPPY,Armstrong,2,0,False,False,2025-09-08
lively,PRICE HAPPY,Armstrong,2,0,False,False,2025-09-08
liver,KIT LETTER,Armstrong,2,0,False,False,2025-09-08
liverpool,KIT LETTER GOOSE,Armstrong,2,0,False,False,2025-09-08
liverpudlian,KIT LETTER STRUT,Armstrong,2,0,False,False,2025-09-08
liversedge,KIT LETTER DRESS,Armstrong,2,0,False,False,2025-09-08
lives,PRICE,Armstrong,2,0,False,False,2025-09-08
livestock,PRICE LOT,Armstrong,2,0,False,False,2025-09-08
living-room,KIT GOOSE,Armstrong,2,0,False,False,2025-09-08
living-space,KIT FACE,Armstrong,2,0,False,False,2025-09-08
lizzie,KIT HAPPY,Armstrong,2,0,False,False,2025-09-08
llama,PALM,Armstrong,2,0,False,False,2025-09-08
llanfairpwllgwyngyll,SQUARE,Armstrong,2,0,False,False,2025-09-08
lloyd,CHOICE,Armstrong,2,0,False,False,2025-09-08
lo,GOAT,Armstrong,2,0,False,False,2025-09-08
loach,GOAT,Armstrong,2,0,False,False,2025-09-08
load,GOAT,Armstrong,2,0,False,False,2025-09-08
loaf,GOAT,Armstrong,2,0,False,False,2025-09-08
loafers,GOAT LETTER,Armstrong,2,0,False,False,2025-09-08
loan,GOAT,Armstrong,2,0,False,False,2025-09-08
loathe,GOAT,Armstrong,2,0,False,False,2025-09-08
loathsome,GOAT STRUT,Armstrong,2,0,False,False,2025-09-08
lobby,LOT HAPPY,Armstrong,2,0,False,False,2025-09-08
lobo,GOAT,Armstrong,2,0,False,False,2025-09-08
lobscouse,MOUTH,Armstrong,2,0,False,False,2025-09-08
lobster,LOT,Armstrong,2,0,False,False,2025-09-08
local,GOAT,Armstrong,2,0,False,False,2025-09-08
locale,PALM GOAT,Armstrong,2,0,False,False,2025-09-08
locate,FACE,Armstrong,2,0,False,False,2025-09-08
location,FACE GOAT,Armstrong,2,0,False,False,2025-09-08
locking,LOT,Armstrong,2,0,False,False,2025-09-08
locknut,LOT STRUT,Armstrong,2,0,False,False,2025-09-08
lockyer,LOT LETTER,Armstrong,2,0,False,False,2025-09-08
locomotion,GOAT,Armstrong,2,0,False,False,2025-09-08
locoweed,GOAT FLEECE,Armstrong,2,0,False,False,2025-09-08
locution,GOAT GOOSE,Armstrong,2,0,False,False,2025-09-08
lodger,LOT LETTER,Armstrong,2,0,False,False,2025-09-08
lofoten,GOAT,Armstrong,2,0,False,False,2025-09-08
loft,CLOTH,Armstrong,2,0,False,False,2025-09-08
log,CLOTH,Armstrong,2,0,False,False,2025-09-08
log-cabin,LOT,Armstrong,2,0,False,False,2025-09-08
logan,GOAT,Armstrong,2,0,False,False,2025-09-08
logarithmic,LOT KIT,Armstrong,2,0,False,False,2025-09-08
logical,LOT,Armstrong,2,0,False,False,2025-09-08
logistics,COMMA KIT,Armstrong,2,0,False,False,2025-09-08
logo,GOAT,Armstrong,2,0,False,False,2025-09-08
logon,LOT,Armstrong,2,0,False,False,2025-09-08
logos,GOAT,Armstrong,2,0,False,False,2025-09-08
logotype,LOT PRICE,Armstrong,2,0,False,False,2025-09-08
lohan,GOAT TRAP,Armstrong,2,0,False,False,2025-09-08
loin,CHOICE,Armstrong,2,0,False,False,2025-09-08
loitering,CHOICE LETTER,Armstrong,2,0,False,False,2025-09-08
loki,GOAT HAPPY,Armstrong,2,0,False,False,2025-09-08
lola,GOAT COMMA,Armstrong,2,0,False,False,2025-09-08
lolita,GOAT FLEECE,Armstrong,2,0,False,False,2025-09-08
lollipop,LOT FLEECE,Armstrong,2,0,False,False,2025-09-08
london,STRUT COMMA,Armstrong,2,0,False,False,2025-09-08
londonderry,STRUT DRESS HAPPY,Armstrong,2,0,False,False,2025-09-08
long,CLOTH,Armstrong,2,0,False,False,2025-09-08
long-standing,CLOTH TRAP,Armstrong,2,0,False,False,2025-09-08
long-time,CLOTH PRICE,Armstrong,2,0,False,False,2025-09-08
longer,CLOTH LETTER,Armstrong,2,0,False,False,2025-09-08
longhorn,CLOTH NORTH,Armstrong,2,0,False,False,2025-09-08
longitude,CLOTH GOOSE,Armstrong,2,0,False,False,2025-09-08
longleat,CLOTH FLEECE,Armstrong,2,0,False,False,2025-09-08
loofah,GOOSE COMMA,Armstrong,2,0,False,False,2025-09-08
look,FOOT,Armstrong,2,0,False,False,2025-09-08
look-alike,FOOT PRICE,Armstrong,2,0,False,False,2025-09-08
lookup,FOOT STRUT,Armstrong,2,0,False,False,2025-09-08
loom,GOOSE,Armstrong,2,0,False,False,2025-09-08
loop,GOOSE,Armstrong,2,0,False,False,2025-09-08
loose,GOOSE,Armstrong,2,0,False,False,2025-09-08
lop-eared,LOT NEAR,Armstrong,2,0,False,False,2025-09-08
lopez,DRESS GOAT,Armstrong,2,0,False,False,2025-09-08
lord,NORTH FORCE,Armstrong,2,0,False,False,2025-09-08
lore,FORCE,Armstrong,2,0,False,False,2025-09-08
loren,FORCE,Armstrong,2,0,False,False,2025-09-08
lorna,NORTH,Armstrong,2,0,False,False,2025-09-08
lorwerth,NORTH LETTER,Armstrong,2,0,False,False,2025-09-08
lose,GOOSE,Armstrong,2,0,False,False,2025-09-08
loser,GOOSE LETTER,Armstrong,2,0,False,False,2025-09-08
loss,CLOTH,Armstrong,2,0,False,False,2025-09-08
lost,CLOTH,Armstrong,2,0,False,False,2025-09-08
loth,GOAT,Armstrong,2,0,False,False,2025-09-08
lothario,GOAT START FLEECE GOAT,Armstrong,2,0,False,False,2025-09-08
lothian,GOAT HAPPY,Armstrong,2,0,False,False,2025-09-08
lotion,GOAT,Armstrong,2,0,False,False,2025-09-08
lotus,GOAT,Armstrong,2,0,False,False,2025-09-08
loud,MOUTH,Armstrong,2,0,False,False,2025-09-08
loud-hailer,MOUTH FACE LETTER,Armstrong,2,0,False,False,2025-09-08
loudmouth,MOUTH,Armstrong,2,0,False,False,2025-09-08
loudspeaker,MOUTH FLEECE LETTER,Armstrong,2,0,False,False,2025-09-08
loughborough,STRUT,Armstrong,2,0,False,False,2025-09-08
louisa,GOOSE FLEECE COMMA,Armstrong,2,0,False,False,2025-09-08
lounge,MOUTH,Armstrong,2,0,False,False,2025-09-08
lourdes,CURE,Armstrong,2,0,False,False,2025-09-08
lousy,MOUTH HAPPY,Armstrong,2,0,False,False,2025-09-08
louth,MOUTH,Armstrong,2,0,False,False,2025-09-08
louvre,GOOSE COMMA,Armstrong,2,0,False,False,2025-09-08
love,STRUT,Armstrong,2,0,False,False,2025-09-08
love-affair,STRUT SQUARE,Armstrong,2,0,False,False,2025-09-08
love-affairs,STRUT SQUARE,Armstrong,2,0,False,False,2025-09-08
love-bird,STRUT NURSE,Armstrong,2,0,False,False,2025-09-08
love-child,STRUT PRICE,Armstrong,2,0,False,False,2025-09-08
love-letter,STRUT DRESS LETTER,Armstrong,2,0,False,False,2025-09-08
love-match,STRUT TRAP,Armstrong,2,0,False,False,2025-09-08
love-potion,STRUT GOAT,Armstrong,2,0,False,False,2025-09-08
lovely,STRUT HAPPY,Armstrong,2,0,False,False,2025-09-08
lover,STRUT LETTER,Armstrong,2,0,False,False,2025-09-08
loveseat,STRUT FLEECE,Armstrong,2,0,False,False,2025-09-08
lovey,STRUT HAPPY,Armstrong,2,0,False,False,2025-09-08
loving,STRUT,Armstrong,2,0,False,False,2025-09-08
low,GOAT,Armstrong,2,0,False,False,2025-09-08
low-cost,GOAT CLOTH,Armstrong,2,0,False,False,2025-09-08
low-down,GOAT MOUTH,Armstrong,2,0,False,False,2025-09-08
low-keyed,GOAT FLEECE,Armstrong,2,0,False,False,2025-09-08
low-profile,PRICE GOAT PRICE,Armstrong,2,0,False,False,2025-09-08
low-relief,GOAT FLEECE,Armstrong,2,0,False,False,2025-09-08
low-rise,GOAT PRICE,Armstrong,2,0,False,False,2025-09-08
low-spirited,GOAT KIT,Armstrong,2,0,False,False,2025-09-08
low-voltage,GOAT,Armstrong,2,0,False,False,2025-09-08
low-water,GOAT THOUGHT LETTER,Armstrong,2,0,False,False,2025-09-08
lowbrow,MOUTH GOAT,Armstrong,2,0,False,False,2025-09-08
lowbrows,MOUTH GOAT,Armstrong,2,0,False,False,2025-09-08
lowlife,GOAT PRICE,Armstrong,2,0,False,False,2025-09-08
lowman,GOAT,Armstrong,2,0,False,False,2025-09-08
lowrie,MOUTH HAPPY,Armstrong,2,0,False,False,2025-09-08
lowry,MOUTH HAPPY,Armstrong,2,0,False,False,2025-09-08
lowther,MOUTH LETTER,Armstrong,2,0,False,False,2025-09-08
loyal,CHOICE,Armstrong,2,0,False,False,2025-09-08
loyalty,CHOICE HAPPY,Armstrong,2,0,False,False,2025-09-08
loyola,CHOICE,Armstrong,2,0,False,False,2025-09-08
luba,GOOSE COMMA,Armstrong,2,0,False,False,2025-09-08
lubricant,GOOSE,Armstrong,2,0,False,False,2025-09-08
lubricious,GOOSE STRUT,Armstrong,2,0,False,False,2025-09-08
lucerne,GOOSE NURSE,Armstrong,2,0,False,False,2025-09-08
lucia,GOOSE FLEECE,Armstrong,2,0,False,False,2025-09-08
lucidity,GOOSE KIT,Armstrong,2,0,False,False,2025-09-08
lucinda,GOOSE KIT,Armstrong,2,0,False,False,2025-09-08
luck,STRUT,Armstrong,2,0,False,False,2025-09-08
lucky,STRUT HAPPY,Armstrong,2,0,False,False,2025-09-08
lucrative,GOOSE,Armstrong,2,0,False,False,2025-09-08
lucretia,GOOSE FLEECE HAPPY,Armstrong,2,0,False,False,2025-09-08
luddite,STRUT PRICE,Armstrong,2,0,False,False,2025-09-08
ludlow,STRUT GOAT,Armstrong,2,0,False,False,2025-09-08
ludwigshafen,STRUT KIT PALM,Armstrong,2,0,False,False,2025-09-08
lufthansa,FOOT COMMA,Armstrong,2,0,False,False,2025-09-08
lug,STRUT,Armstrong,2,0,False,False,2025-09-08
luge,GOOSE,Armstrong,2,0,False,False,2025-09-08
luggage,STRUT,Armstrong,2,0,False,False,2025-09-08
luigi,STRUT FLEECE HAPPY,Armstrong,2,0,False,False,2025-09-08
lukewarm,GOOSE NORTH,Armstrong,2,0,False,False,2025-09-08
lulu,GOOSE,Armstrong,2,0,False,False,2025-09-08
lumbago,STRUT FACE GOAT,Armstrong,2,0,False,False,2025-09-08
lumberjack,STRUT LETTER TRAP,Armstrong,2,0,False,False,2025-09-08
lumberyard,STRUT LETTER START,Armstrong,2,0,False,False,2025-09-08
lumiere,GOOSE SQUARE,Armstrong,2,0,False,False,2025-09-08
luminaire,GOOSE SQUARE,Armstrong,2,0,False,False,2025-09-08
luminaires,GOOSE SQUARE,Armstrong,2,0,False,False,2025-09-08
luminous,GOOSE,Armstrong,2,0,False,False,2025-09-08
lumpectomy,STRUT DRESS HAPPY,Armstrong,2,0,False,False,2025-09-08
luna,GOOSE COMMA,Armstrong,2,0,False,False,2025-09-08
lunch,STRUT,Armstrong,2,0,False,False,2025-09-08
lunch-time,STRUT PRICE,Armstrong,2,0,False,False,2025-09-08
lunette,GOOSE DRESS,Armstrong,2,0,False,False,2025-09-08
lung,STRUT,Armstrong,2,0,False,False,2025-09-08
lupus,GOOSE,Armstrong,2,0,False,False,2025-09-08
lurcher,NURSE LETTER,Armstrong,2,0,False,False,2025-09-08
lure,CURE,Armstrong,2,0,False,False,2025-09-08
lurid,CURE,Armstrong,2,0,False,False,2025-09-08
lusaka,PALM (GOOSE) (FOOT),Armstrong,2,0,False,False,2025-09-08
luscious,STRUT,Armstrong,2,0,False,False,2025-09-08
lush,STRUT,Armstrong,2,0,False,False,2025-09-08
luther,GOOSE LETTER,Armstrong,2,0,False,False,2025-09-08
lutheran,GOOSE LETTER,Armstrong,2,0,False,False,2025-09-08
luxembourg,STRUT LETTER,Armstrong,2,0,False,False,2025-09-08
luxuriant,STRUT CURE,Armstrong,2,0,False,False,2025-09-08
luxuriate,STRUT,Armstrong,2,0,False,False,2025-09-08
luxurious,STRUT CURE,Armstrong,2,0,False,False,2025-09-08
luxury,STRUT LETTER COMMA HAPPY,Armstrong,2,0,False,False,2025-09-08
lyceum,PRICE NEAR,Armstrong,2,0,False,False,2025-09-08
lychee,PRICE HAPPY,Armstrong,2,0,False,False,2025-09-08
lye,PRICE,Armstrong,2,0,False,False,2025-09-08
lyrics,KIT,Armstrong,2,0,False,False,2025-09-08
ma,DRESS PALM,Armstrong,2,0,False,False,2025-09-08
maastricht,PALM KIT,Armstrong,2,0,False,False,2025-09-08
mabel,FACE,Armstrong,2,0,False,False,2025-09-08
macabre,PALM,Armstrong,2,0,False,False,2025-09-08
macafee,TRAP HAPPY,Armstrong,2,0,False,False,2025-09-08
macao,MOUTH,Armstrong,2,0,False,False,2025-09-08
macarthur,START LETTER,Armstrong,2,0,False,False,2025-09-08
macaws,THOUGHT,Armstrong,2,0,False,False,2025-09-08
macbeth,DRESS,Armstrong,2,0,False,False,2025-09-08
macbook,TRAP FOOT,Armstrong,2,0,False,False,2025-09-08
macduff,STRUT,Armstrong,2,0,False,False,2025-09-08
mace-bearer,FACE SQUARE LETTER,Armstrong,2,0,False,False,2025-09-08
macedonia,TRAP GOOSE HAPPY,Armstrong,2,0,False,False,2025-09-08
macgyver,PRICE LETTER,Armstrong,2,0,False,False,2025-09-08
machete,COMMA DRESS,Armstrong,2,0,False,False,2025-09-08
machine,FLEECE COMMA,Armstrong,2,0,False,False,2025-09-08
machine-gun,FLEECE STRUT,Armstrong,2,0,False,False,2025-09-08
macho,PALM GOAT,Armstrong,2,0,False,False,2025-09-08
macintosh,TRAP LOT,Armstrong,2,0,False,False,2025-09-08
mackenzie,DRESS HAPPY,Armstrong,2,0,False,False,2025-09-08
mackintosh,TRAP LOT,Armstrong,2,0,False,False,2025-09-08
maclean,FACE,Armstrong,2,0,False,False,2025-09-08
macleod,MOUTH,Armstrong,2,0,False,False,2025-09-08
macrocosm,LOT,Armstrong,2,0,False,False,2025-09-08
mad,TRAP,Armstrong,2,0,False,False,2025-09-08
madagascar,TRAP COMMA (LETTER),Armstrong,2,0,False,False,2025-09-08
madame,PALM,Armstrong,2,0,False,False,2025-09-08
made,FACE,Armstrong,2,0,False,False,2025-09-08
made-to-measure,FACE DRESS LETTER,Armstrong,2,0,False,False,2025-09-08
made-up,STRUT FACE,Armstrong,2,0,False,False,2025-09-08
madeira,COMMA NEAR,Armstrong,2,0,False,False,2025-09-08
madonna,COMMA LOT,Armstrong,2,0,False,False,2025-09-08
madrid,COMMA KIT,Armstrong,2,0,False,False,2025-09-08
madurai,(FOOT) PRICE,Armstrong,2,0,False,False,2025-09-08
maecenas,PRICE,Armstrong,2,0,False,False,2025-09-08
maestro,PRICE GOAT,Armstrong,2,0,False,False,2025-09-08
maeve,FACE,Armstrong,2,0,False,False,2025-09-08
mafia,PALM (TRAP),Armstrong,2,0,False,False,2025-09-08
mag,TRAP,Armstrong,2,0,False,False,2025-09-08
magazine,TRAP FLEECE,Armstrong,2,0,False,False,2025-09-08
mage,FACE,Armstrong,2,0,False,False,2025-09-08
magenta,COMMA DRESS,Armstrong,2,0,False,False,2025-09-08
maggie,TRAP HAPPY,Armstrong,2,0,False,False,2025-09-08
maghreb,DRESS,Armstrong,2,0,False,False,2025-09-08
magi,FACE HAPPY,Armstrong,2,0,False,False,2025-09-08
magic,TRAP KIT,Armstrong,2,0,False,False,2025-09-08
magistrate,TRAP FACE,Armstrong,2,0,False,False,2025-09-08
maglev,DRESS,Armstrong,2,0,False,False,2025-09-08
magnesium,TRAP FLEECE HAPPY,Armstrong,2,0,False,False,2025-09-08
magnet,TRAP DRESS,Armstrong,2,0,False,False,2025-09-08
magnetic,TRAP DRESS KIT,Armstrong,2,0,False,False,2025-09-08
magnificent,KIT TRAP,Armstrong,2,0,False,False,2025-09-08
magnitude,TRAP GOOSE,Armstrong,2,0,False,False,2025-09-08
magnolia,TRAP GOAT HAPPY,Armstrong,2,0,False,False,2025-09-08
magnum,TRAP,Armstrong,2,0,False,False,2025-09-08
magyar,START,Armstrong,2,0,False,False,2025-09-08
mahler,PALM LETTER,Armstrong,2,0,False,False,2025-09-08
mahmoud,PALM,Armstrong,2,0,False,False,2025-09-08
mahood,FOOT,Armstrong,2,0,False,False,2025-09-08
maid,FACE,Armstrong,2,0,False,False,2025-09-08
maida,FACE COMMA,Armstrong,2,0,False,False,2025-09-08
maiden,FACE,Armstrong,2,0,False,False,2025-09-08
maidenhead,DRESS FACE,Armstrong,2,0,False,False,2025-09-08
maidstone,FACE GOAT,Armstrong,2,0,False,False,2025-09-08
mail,FACE,Armstrong,2,0,False,False,2025-09-08
main,FACE,Armstrong,2,0,False,False,2025-09-08
mainframe,FACE,Armstrong,2,0,False,False,2025-09-08
mainly,FACE HAPPY,Armstrong,2,0,False,False,2025-09-08
mainstays,FACE,Armstrong,2,0,False,False,2025-09-08
mainstream,FACE FLEECE,Armstrong,2,0,False,False,2025-09-08
maintain,FACE,Armstrong,2,0,False,False,2025-09-08
maintenance,FACE,Armstrong,2,0,False,False,2025-09-08
mainwaring,FACE SQUARE,Armstrong,2,0,False,False,2025-09-08
mairead,FACE,Armstrong,2,0,False,False,2025-09-08
maisie,FACE HAPPY,Armstrong,2,0,False,False,2025-09-08
maisonette,FACE DRESS,Armstrong,2,0,False,False,2025-09-08
maitland,FACE,Armstrong,2,0,False,False,2025-09-08
maize,FACE,Armstrong,2,0,False,False,2025-09-08
majestic,DRESS COMMA,Armstrong,2,0,False,False,2025-09-08
major,FACE LETTER,Armstrong,2,0,False,False,2025-09-08
major-general,LETTER DRESS,Armstrong,2,0,False,False,2025-09-08
majorca,COMMA FORCE,Armstrong,2,0,False,False,2025-09-08
majority,(CLOTH) COMMA HAPPY,Armstrong,2,0,False,False,2025-09-08
make,FACE,Armstrong,2,0,False,False,2025-09-08
make-up,STRUT FACE,Armstrong,2,0,False,False,2025-09-08
maker,FACE LETTER,Armstrong,2,0,False,False,2025-09-08
maladroit,TRAP CHOICE,Armstrong,2,0,False,False,2025-09-08
maladroitly,TRAP CHOICE,Armstrong,2,0,False,False,2025-09-08
maladroitness,CHOICE,Armstrong,2,0,False,False,2025-09-08
malaga,COMMA TRAP,Armstrong,2,0,False,False,2025-09-08
malaise,FACE,Armstrong,2,0,False,False,2025-09-08
malawi,PALM HAPPY,Armstrong,2,0,False,False,2025-09-08
malayalam,PALM FACE,Armstrong,2,0,False,False,2025-09-08
malaysia,COMMA (TRAP) (FACE),Armstrong,2,0,False,False,2025-09-08
male,FACE,Armstrong,2,0,False,False,2025-09-08
mali,PALM HAPPY,Armstrong,2,0,False,False,2025-09-08
malibu,GOOSE TRAP KIT,Armstrong,2,0,False,False,2025-09-08
maligne,PRICE,Armstrong,2,0,False,False,2025-09-08
maligner,PRICE LETTER,Armstrong,2,0,False,False,2025-09-08
mall,THOUGHT,Armstrong,2,0,False,False,2025-09-08
mallaig,FACE,Armstrong,2,0,False,False,2025-09-08
mallorca,NORTH TRAP,Armstrong,2,0,False,False,2025-09-08
malta,THOUGHT COMMA,Armstrong,2,0,False,False,2025-09-08
maltese,LOT FLEECE,Armstrong,2,0,False,False,2025-09-08
malware,SQUARE TRAP,Armstrong,2,0,False,False,2025-09-08
mama,PALM TRAP,Armstrong,2,0,False,False,2025-09-08
mamba,COMMA TRAP,Armstrong,2,0,False,False,2025-09-08
mammee,HAPPY TRAP,Armstrong,2,0,False,False,2025-09-08
mammoth,COMMA TRAP,Armstrong,2,0,False,False,2025-09-08
man,TRAP,Armstrong,2,0,False,False,2025-09-08
man-hours,MOUTH TRAP,Armstrong,2,0,False,False,2025-09-08
management,TRAP COMMA,Armstrong,2,0,False,False,2025-09-08
manager,TRAP LETTER,Armstrong,2,0,False,False,2025-09-08
managua,COMMA TRAP,Armstrong,2,0,False,False,2025-09-08
manchester,DRESS TRAP LETTER,Armstrong,2,0,False,False,2025-09-08
mandela,COMMA TRAP DRESS,Armstrong,2,0,False,False,2025-09-08
mandelbaum,MOUTH TRAP,Armstrong,2,0,False,False,2025-09-08
manege,FACE TRAP,Armstrong,2,0,False,False,2025-09-08
manga,TRAP COMMA,Armstrong,2,0,False,False,2025-09-08
manhattan,TRAP,Armstrong,2,0,False,False,2025-09-08
manheim,PRICE TRAP,Armstrong,2,0,False,False,2025-09-08
manhunt,STRUT TRAP,Armstrong,2,0,False,False,2025-09-08
maniac,TRAP FACE HAPPY,Armstrong,2,0,False,False,2025-09-08
manicure,CURE TRAP KIT,Armstrong,2,0,False,False,2025-09-08
manicured,CURE TRAP KIT,Armstrong,2,0,False,False,2025-09-08
manifold,GOAT TRAP KIT,Armstrong,2,0,False,False,2025-09-08
manitoba,COMMA TRAP KI GOAT,Armstrong,2,0,False,False,2025-09-08
mankind,PRICE TRAP,Armstrong,2,0,False,False,2025-09-08
manner,LETTER TRAP,Armstrong,2,0,False,False,2025-09-08
manoeuvre,GOOSE LETTER,Armstrong,2,0,False,False,2025-09-08
manpower,MOUTH TRAP,Armstrong,2,0,False,False,2025-09-08
manual,GOOSE TRAP,Armstrong,2,0,False,False,2025-09-08
manufacture,LETTER TRAP FOOT,Armstrong,2,0,False,False,2025-09-08
manufacturer,FOOT LETTER COMMA TRAP,Armstrong,2,0,False,False,2025-09-08
manure,CURE,Armstrong,2,0,False,False,2025-09-08
manuscript,KIT TRAP FOOT,Armstrong,2,0,False,False,2025-09-08
many,DRESS HAPPY,Armstrong,2,0,False,False,2025-09-08
maori,MOUTH HAPPY,Armstrong,2,0,False,False,2025-09-08
map,TRAP,Armstrong,2,0,False,False,2025-09-08
maple,FACE,Armstrong,2,0,False,False,2025-09-08
mar,START,Armstrong,2,0,False,False,2025-09-08
mar-a-lago,PALM START,Armstrong,2,0,False,False,2025-09-08
mara,COMMA START,Armstrong,2,0,False,False,2025-09-08
marahishi,HAPPY TRAP FLEECE,Armstrong,2,0,False,False,2025-09-08
marathi,PALM TRAP HAPPY,Armstrong,2,0,False,False,2025-09-08
marathon,COMMA TRAP,Armstrong,2,0,False,False,2025-09-08
marble,START,Armstrong,2,0,False,False,2025-09-08
marcel,START DRESS,Armstrong,2,0,False,False,2025-09-08
marcella,START DRESS,Armstrong,2,0,False,False,2025-09-08
march,START,Armstrong,2,0,False,False,2025-09-08
marchant,START,Armstrong,2,0,False,False,2025-09-08
marchioness,START,Armstrong,2,0,False,False,2025-09-08
mare,SQUARE,Armstrong,2,0,False,False,2025-09-08
margaret,START KIT,Armstrong,2,0,False,False,2025-09-08
margarita,FLEECE START,Armstrong,2,0,False,False,2025-09-08
margate,START FACE,Armstrong,2,0,False,False,2025-09-08
marge,START,Armstrong,2,0,False,False,2025-09-08
margery,START LETTER HAPPY,Armstrong,2,0,False,False,2025-09-08
margie,HAPPY START,Armstrong,2,0,False,False,2025-09-08
margin,START KIT,Armstrong,2,0,False,False,2025-09-08
marginal,START KIT,Armstrong,2,0,False,False,2025-09-08
margolis,START GOAT KIT,Armstrong,2,0,False,False,2025-09-08
margot,START GOAT,Armstrong,2,0,False,False,2025-09-08
marguerite,START FLEECE,Armstrong,2,0,False,False,2025-09-08
marham,START,Armstrong,2,0,False,False,2025-09-08
maria,NEAR,Armstrong,2,0,False,False,2025-09-08
mariah,PRICE LETTER COMMA,Armstrong,2,0,False,False,2025-09-08
marigold,GOAT TRAP KIT,Armstrong,2,0,False,False,2025-09-08
marijuana,PALM TRAP KIT,Armstrong,2,0,False,False,2025-09-08
marimba,COMMA TRAP KIT,Armstrong,2,0,False,False,2025-09-08
marina,FLEECE LETTER COMMA,Armstrong,2,0,False,False,2025-09-08
marine,FLEECE LETTER COMMA,Armstrong,2,0,False,False,2025-09-08
mario,TRAP HAPPY GOAT,Armstrong,2,0,False,False,2025-09-08
marissa,COMMA KIT,Armstrong,2,0,False,False,2025-09-08
maritime,PRICE TRAP KIT,Armstrong,2,0,False,False,2025-09-08
mariupol,LOT TRAP HAPPY,Armstrong,2,0,False,False,2025-09-08
marius,TRAP HAPPY,Armstrong,2,0,False,False,2025-09-08
marjorie,START HAPPY,Armstrong,2,0,False,False,2025-09-08
mark,START,Armstrong,2,0,False,False,2025-09-08
marker,START LETTER,Armstrong,2,0,False,False,2025-09-08
market,START KIT,Armstrong,2,0,False,False,2025-09-08
marketing,START KIT,Armstrong,2,0,False,False,2025-09-08
markov,LOT START,Armstrong,2,0,False,False,2025-09-08
marl,START,Armstrong,2,0,False,False,2025-09-08
marlene,START FLEECE,Armstrong,2,0,False,False,2025-09-08
marlovian,START GOAT HAPPY,Armstrong,2,0,False,False,2025-09-08
marlow,START GOAT,Armstrong,2,0,False,False,2025-09-08
marmaduke,GOOSE START,Armstrong,2,0,False,False,2025-09-08
marmalade,FACE START,Armstrong,2,0,False,False,2025-09-08
maroon,GOOSE,Armstrong,2,0,False,False,2025-09-08
marple,START,Armstrong,2,0,False,False,2025-09-08
marriage,TRAP KIT,Armstrong,2,0,False,False,2025-09-08
marriott,TRAP HAPPY,Armstrong,2,0,False,False,2025-09-08
marrowfat,GOAT TRAP,Armstrong,2,0,False,False,2025-09-08
mars,START,Armstrong,2,0,False,False,2025-09-08
marsala,START TRAP,Armstrong,2,0,False,False,2025-09-08
marsden,START,Armstrong,2,0,False,False,2025-09-08
marsh,START,Armstrong,2,0,False,False,2025-09-08
marshal,START,Armstrong,2,0,False,False,2025-09-08
marshall,START,Armstrong,2,0,False,False,2025-09-08
marsham,START,Armstrong,2,0,False,False,2025-09-08
marston,START,Armstrong,2,0,False,False,2025-09-08
marsupial,START GOOSE HAPPY,Armstrong,2,0,False,False,2025-09-08
mart,START,Armstrong,2,0,False,False,2025-09-08
marten,START,Armstrong,2,0,False,False,2025-09-08
martha,START COMMA,Armstrong,2,0,False,False,2025-09-08
martial,START,Armstrong,2,0,False,False,2025-09-08
martian,START,Armstrong,2,0,False,False,2025-09-08
martin,START KIT,Armstrong,2,0,False,False,2025-09-08
martina,START FLEECE,Armstrong,2,0,False,False,2025-09-08
martinez,DRESS START FLEECE,Armstrong,2,0,False,False,2025-09-08
martini,START FLEECE,Armstrong,2,0,False,False,2025-09-08
martinique,FLEECE START,Armstrong,2,0,False,False,2025-09-08
martius,START HAPPY,Armstrong,2,0,False,False,2025-09-08
marvel,START,Armstrong,2,0,False,False,2025-09-08
marvellous,START,Armstrong,2,0,False,False,2025-09-08
marvin,START KIT,Armstrong,2,0,False,False,2025-09-08
marwick,START KIT,Armstrong,2,0,False,False,2025-09-08
mary,SQUARE HAPPY,Armstrong,2,0,False,False,2025-09-08
marzipan,START KIT TRAP,Armstrong,2,0,False,False,2025-09-08
mascot,LOT TRAP,Armstrong,2,0,False,False,2025-09-08
maserati,PALM HAPPY (TRAP) LETTER HAPPY,Armstrong,2,0,False,False,2025-09-08
mash,TRAP,Armstrong,2,0,False,False,2025-09-08
masha,PALM,Armstrong,2,0,False,False,2025-09-08
mashie,HAPPY TRAP,Armstrong,2,0,False,False,2025-09-08
masquerade,BATH TRAP LETTER FACE,Armstrong,2,0,False,False,2025-09-08
mass,TRAP,Armstrong,2,0,False,False,2025-09-08
massachusetts,COMMA TRAP GOOSE,Armstrong,2,0,False,False,2025-09-08
massage,TRAP PALM,Armstrong,2,0,False,False,2025-09-08
massapequa,COMMA TRAP FLEECE,Armstrong,2,0,False,False,2025-09-08
massey,HAPPY TRAP,Armstrong,2,0,False,False,2025-09-08
massifs,TRAP KIT,Armstrong,2,0,False,False,2025-09-08
massive,TRAP KIT,Armstrong,2,0,False,False,2025-09-08
master,BATH LETTER,Armstrong,2,0,False,False,2025-09-08
mastercard,BATH START LETTER,Armstrong,2,0,False,False,2025-09-08
masterpiece,BATH LETTER FLEECE,Armstrong,2,0,False,False,2025-09-08
masthead,DRESS TRAP,Armstrong,2,0,False,False,2025-09-08
match,TRAP,Armstrong,2,0,False,False,2025-09-08
match-point,TRAP CHOICE,Armstrong,2,0,False,False,2025-09-08
mate,FACE,Armstrong,2,0,False,False,2025-09-08
material,NEAR COMMA HAPPY,Armstrong,2,0,False,False,2025-09-08
maternity,NURSE KIT HAPPY,Armstrong,2,0,False,False,2025-09-08
matey,HAPPY FACE,Armstrong,2,0,False,False,2025-09-08
math,TRAP,Armstrong,2,0,False,False,2025-09-08
mathematics,TRAP KIT,Armstrong,2,0,False,False,2025-09-08
mather,FACE (TRAP) (LETTER),Armstrong,2,0,False,False,2025-09-08
maths,TRAP,Armstrong,2,0,False,False,2025-09-08
matilda,COMMA KIT,Armstrong,2,0,False,False,2025-09-08
matlock,LOT TRAP,Armstrong,2,0,False,False,2025-09-08
matrix,FACE KIT,Armstrong,2,0,False,False,2025-09-08
matsushita,FOOT TRAP FLEECE,Armstrong,2,0,False,False,2025-09-08
matt,TRAP,Armstrong,2,0,False,False,2025-09-08
matter,TRAP LETTER,Armstrong,2,0,False,False,2025-09-08
matters,TRAP LETTER,Armstrong,2,0,False,False,2025-09-08
matthew,TRAP GOOSE,Armstrong,2,0,False,False,2025-09-08
matthews,GOOSE TRAP,Armstrong,2,0,False,False,2025-09-08
matthey,HAPPY TRAP,Armstrong,2,0,False,False,2025-09-08
mature,CURE COMMA,Armstrong,2,0,False,False,2025-09-08
maturity,CURE COMMA KIT HAPPY,Armstrong,2,0,False,False,2025-09-08
maugham,THOUGHT,Armstrong,2,0,False,False,2025-09-08
maumee,THOUGHT HAPPY,Armstrong,2,0,False,False,2025-09-08
maurer,MOUTH LETTER,Armstrong,2,0,False,False,2025-09-08
mausoleum,THOUGHT NEAR,Armstrong,2,0,False,False,2025-09-08
maverick,TRAP KIT,Armstrong,2,0,False,False,2025-09-08
mawddach,MOUTH TRAP,Armstrong,2,0,False,False,2025-09-08
max,TRAP,Armstrong,2,0,False,False,2025-09-08
maximum,TRAP KIT,Armstrong,2,0,False,False,2025-09-08
maxwell,DRESS TRAP,Armstrong,2,0,False,False,2025-09-08
may-bug,STRUT FACE,Armstrong,2,0,False,False,2025-09-08
maybe,FACE HAPPY,Armstrong,2,0,False,False,2025-09-08
maybug,FACE STRUT,Armstrong,2,0,False,False,2025-09-08
mayday,FACE,Armstrong,2,0,False,False,2025-09-08
mayfair,FACE SQUARE,Armstrong,2,0,False,False,2025-09-08
mayfield,FACE FLEECE,Armstrong,2,0,False,False,2025-09-08
mayflower,FACE MOUTH LETTER,Armstrong,2,0,False,False,2025-09-08
mayfly,FACE PRICE,Armstrong,2,0,False,False,2025-09-08
mayhem,DRESS FACE,Armstrong,2,0,False,False,2025-09-08
mayoral,SQUARE,Armstrong,2,0,False,False,2025-09-08
maypole,FACE GOAT,Armstrong,2,0,False,False,2025-09-08
mayst,FACE,Armstrong,2,0,False,False,2025-09-08
mayweather,DRESS FACE LETTER,Armstrong,2,0,False,False,2025-09-08
mazda,COMMA (TRAP),Armstrong,2,0,False,False,2025-09-08
maze,FACE,Armstrong,2,0,False,False,2025-09-08
mcavoy,CHOICE TRAP,Armstrong,2,0,False,False,2025-09-08
mcbrearty,NEAR HAPPY,Armstrong,2,0,False,False,2025-09-08
mccarthy,START HAPPY,Armstrong,2,0,False,False,2025-09-08
mccarthyism,START HAPPY KIT,Armstrong,2,0,False,False,2025-09-08
mccartney,START HAPPY,Armstrong,2,0,False,False,2025-09-08
mcclure,CURE,Armstrong,2,0,False,False,2025-09-08
mccoy,CHOICE,Armstrong,2,0,False,False,2025-09-08
mccreadie,FLEECE HAPPY,Armstrong,2,0,False,False,2025-09-08
mcgillycuddy,STRUT KIT HAPPY,Armstrong,2,0,False,False,2025-09-08
mcgovern,STRUT LETTER,Armstrong,2,0,False,False,2025-09-08
mcgowan,MOUTH,Armstrong,2,0,False,False,2025-09-08
mcguffey,HAPPY STRUT,Armstrong,2,0,False,False,2025-09-08
mcilroy,CHOICE KIT,Armstrong,2,0,False,False,2025-09-08
mcilwraith,FACE TRAP,Armstrong,2,0,False,False,2025-09-08
mcintosh,LOT,Armstrong,2,0,False,False,2025-09-08
mcintyre,PRICE TRAP KIT,Armstrong,2,0,False,False,2025-09-08
mckenna,COMMA DRESS,Armstrong,2,0,False,False,2025-09-08
mckenzie,HAPPY DRESS,Armstrong,2,0,False,False,2025-09-08
mclean,FACE,Armstrong,2,0,False,False,2025-09-08
mcnamee,HAPPY TRAP,Armstrong,2,0,False,False,2025-09-08
mcqueen,FLEECE,Armstrong,2,0,False,False,2025-09-08
me,FLEECE,Armstrong,2,0,False,False,2025-09-08
mead,FLEECE,Armstrong,2,0,False,False,2025-09-08
meadows,GOAT DRESS,Armstrong,2,0,False,False,2025-09-08
meadowsweet,FLEECE GOAT DRESS,Armstrong,2,0,False,False,2025-09-08
meagan,DRESS,Armstrong,2,0,False,False,2025-09-08
meagre,FLEECE LETTER,Armstrong,2,0,False,False,2025-09-08
mealybug,STRUT FLEECE,Armstrong,2,0,False,False,2025-09-08
mean,FLEECE,Armstrong,2,0,False,False,2025-09-08
meaning,FLEECE KIT,Armstrong,2,0,False,False,2025-09-08
meaningful,FLEECE KIT,Armstrong,2,0,False,False,2025-09-08
meantime,PRICE FLEECE,Armstrong,2,0,False,False,2025-09-08
meanwhile,FLEECE PRICE,Armstrong,2,0,False,False,2025-09-08
measurable,DRESS LETTER,Armstrong,2,0,False,False,2025-09-08
measure,DRESS LETTER,Armstrong,2,0,False,False,2025-09-08
measurement,DRESS LETTER,Armstrong,2,0,False,False,2025-09-08
meat,FLEECE,Armstrong,2,0,False,False,2025-09-08
meatloaf,GOAT FLEECE,Armstrong,2,0,False,False,2025-09-08
medawar,LETTER DRESS,Armstrong,2,0,False,False,2025-09-08
medicaid,FACE DRESS KIT,Armstrong,2,0,False,False,2025-09-08
medical,DRESS KIT,Armstrong,2,0,False,False,2025-09-08
medicine,DRESS KIT,Armstrong,2,0,False,False,2025-09-08
mediterranean,DRESS FACE KIT NEAR,Armstrong,2,0,False,False,2025-09-08
medium,COMMA HAPPY FLEECE,Armstrong,2,0,False,False,2025-09-08
medusa,COMMA GOOSE,Armstrong,2,0,False,False,2025-09-08
medvedev,DRESS,Armstrong,2,0,False,False,2025-09-08
meerkat,NEAR TRAP,Armstrong,2,0,False,False,2025-09-08
meerschaum,NEAR MOUTH,Armstrong,2,0,False,False,2025-09-08
meet,FLEECE,Armstrong,2,0,False,False,2025-09-08
mega,COMMA DRESS,Armstrong,2,0,False,False,2025-09-08
megadeth,DRESS,Armstrong,2,0,False,False,2025-09-08
megan,DRESS,Armstrong,2,0,False,False,2025-09-08
meghan,DRESS,Armstrong,2,0,False,False,2025-09-08
melancholic,COMMA DRESS LOT KIT,Armstrong,2,0,False,False,2025-09-08
melancholy,COMMA DRESS LOT HAPPY,Armstrong,2,0,False,False,2025-09-08
melanie,HAPPY DRESS,Armstrong,2,0,False,False,2025-09-08
melba,COMMA DRESS,Armstrong,2,0,False,False,2025-09-08
melbourne,LETTER/FORCE DRESS,Armstrong,2,0,False,False,2025-09-08
melissa,COMMA KIT,Armstrong,2,0,False,False,2025-09-08
melodrama,PALM DRESS,Armstrong,2,0,False,False,2025-09-08
member,DRESS LETTER,Armstrong,2,0,False,False,2025-09-08
members,LETTER DRESS,Armstrong,2,0,False,False,2025-09-08
membership,DRESS LETTER KIT,Armstrong,2,0,False,False,2025-09-08
membrane,FACE DRESS,Armstrong,2,0,False,False,2025-09-08
memorial,FORCE HAPPY,Armstrong,2,0,False,False,2025-09-08
memorialize,FORCE HAPPY PRICE,Armstrong,2,0,False,False,2025-09-08
memories,DRESS LETTER COMMA,Armstrong,2,0,False,False,2025-09-08
men,DRESS,Armstrong,2,0,False,False,2025-09-08
mendeleev,DRESS FLEECE,Armstrong,2,0,False,False,2025-09-08
mendes,DRESS,Armstrong,2,0,False,False,2025-09-08
mendoza,COMMA DRESS GOAT,Armstrong,2,0,False,False,2025-09-08
menken,DRESS,Armstrong,2,0,False,False,2025-09-08
menopause,THOUGHT DRESS,Armstrong,2,0,False,False,2025-09-08
menswear,SQUARE DRESS,Armstrong,2,0,False,False,2025-09-08
menthol,LOT DRESS,Armstrong,2,0,False,False,2025-09-08
mentors,NORTH DRESS,Armstrong,2,0,False,False,2025-09-08
mentorship,NORTH DRESS KIT,Armstrong,2,0,False,False,2025-09-08
menu,DRESS GOOSE,Armstrong,2,0,False,False,2025-09-08
menus,GOOSE DRESS,Armstrong,2,0,False,False,2025-09-08
mercedes,FACE LETTER FLEECE,Armstrong,2,0,False,False,2025-09-08
merchandise,PRICE NURSE,Armstrong,2,0,False,False,2025-09-08
merchant,NURSE,Armstrong,2,0,False,False,2025-09-08
mercurial,GOOSE LETTER HAPPY,Armstrong,2,0,False,False,2025-09-08
mercury,FOOT NURSE HAPPY,Armstrong,2,0,False,False,2025-09-08
mercy,NURSE HAPPY,Armstrong,2,0,False,False,2025-09-08
mere,NEAR,Armstrong,2,0,False,False,2025-09-08
merely,NEAR HAPPY,Armstrong,2,0,False,False,2025-09-08
merengue,DRESS FACE,Armstrong,2,0,False,False,2025-09-08
merger,LETTER NURSE,Armstrong,2,0,False,False,2025-09-08
merino-sheep,GOAT FLEECE,Armstrong,2,0,False,False,2025-09-08
meritorious,FORCE DRESS KIT HAPPY,Armstrong,2,0,False,False,2025-09-08
merlin,NURSE KIT,Armstrong,2,0,False,False,2025-09-08
merlot,NURSE GOAT,Armstrong,2,0,False,False,2025-09-08
mermaid,NURSE FACE,Armstrong,2,0,False,False,2025-09-08
merrily,KIT DRESS HAPPY,Armstrong,2,0,False,False,2025-09-08
merseyside,PRICE NURSE FLEECE,Armstrong,2,0,False,False,2025-09-08
mesa,FACE COMMA,Armstrong,2,0,False,False,2025-09-08
mesenchyme,DRESS PRICE,Armstrong,2,0,False,False,2025-09-08
meshuga,FOOT DRESS,Armstrong,2,0,False,False,2025-09-08
mesmeric,DRESS KIT,Armstrong,2,0,False,False,2025-09-08
mesothelioma,GOAT DRESS FLEECE,Armstrong,2,0,False,False,2025-09-08
message,DRESS,Armstrong,2,0,False,False,2025-09-08
messenger,LETTER DRESS,Armstrong,2,0,False,False,2025-09-08
met,DRESS,Armstrong,2,0,False,False,2025-09-08
metal,DRESS,Armstrong,2,0,False,False,2025-09-08
metallic,DRESS TRAP KIT,Armstrong,2,0,False,False,2025-09-08
metallurgy,LETTER DRESS HAPPY,Armstrong,2,0,False,False,2025-09-08
metamorphoses,NORTH DRESS KIT,Armstrong,2,0,False,False,2025-09-08
metaphoric,(CLOTH) DRESS NORTH KIT,Armstrong,2,0,False,False,2025-09-08
metaphorical,(CLOTH) DRESS NORTH KIT,Armstrong,2,0,False,False,2025-09-08
metaphors,NORTH DRESS,Armstrong,2,0,False,False,2025-09-08
meth,DRESS,Armstrong,2,0,False,False,2025-09-08
methadone,DRESS GOAT,Armstrong,2,0,False,False,2025-09-08
metheglin,DRESS KIT,Armstrong,2,0,False,False,2025-09-08
method,DRESS COMMA,Armstrong,2,0,False,False,2025-09-08
methodical,KIT LOT,Armstrong,2,0,False,False,2025-09-08
methodist,DRESS KIT,Armstrong,2,0,False,False,2025-09-08
methodological,LOT DRESS KIT,Armstrong,2,0,False,False,2025-09-08
methodology,DRESS COMMA LOT,Armstrong,2,0,False,False,2025-09-08
metro,DRESS GOAT,Armstrong,2,0,False,False,2025-09-08
metropole,GOAT DRESS,Armstrong,2,0,False,False,2025-09-08
metropolitan,COMMA,Armstrong,2,0,False,False,2025-09-08
mew,GOOSE,Armstrong,2,0,False,False,2025-09-08
mewl,GOOSE,Armstrong,2,0,False,False,2025-09-08
mews,GOOSE,Armstrong,2,0,False,False,2025-09-08
meyerbeer,NEAR PRICE LETTER,Armstrong,2,0,False,False,2025-09-08
meynell,FACE,Armstrong,2,0,False,False,2025-09-08
mezuza,FOOT GOOSE,Armstrong,2,0,False,False,2025-09-08
mezzanine,FLEECE DRESS,Armstrong,2,0,False,False,2025-09-08
mia,NEAR,Armstrong,2,0,False,False,2025-09-08
miami,HAPPY PRICE TRAP,Armstrong,2,0,False,False,2025-09-08
mice,PRICE,Armstrong,2,0,False,False,2025-09-08
michael,PRICE,Armstrong,2,0,False,False,2025-09-08
michelle,KIT DRESS,Armstrong,2,0,False,False,2025-09-08
mickey,HAPPY PRICE,Armstrong,2,0,False,False,2025-09-08
micro-organisms,NORTH PRICE GOAT KIT,Armstrong,2,0,False,False,2025-09-08
microbe,GOAT PRICE,Armstrong,2,0,False,False,2025-09-08
microbial,PRICE PRICE,Armstrong,2,0,False,False,2025-09-08
microbiological,PRICE GOAT LOT,Armstrong,2,0,False,False,2025-09-08
microchip,GOAT PRICE KIT,Armstrong,2,0,False,False,2025-09-08
microcosm,LOT PRICE GOAT,Armstrong,2,0,False,False,2025-09-08
microcosmic,LOT PRICE GOAT KIT,Armstrong,2,0,False,False,2025-09-08
microfibre,GOAT PRICE LETTER,Armstrong,2,0,False,False,2025-09-08
microfiche,GOAT PRICE FLEECCE,Armstrong,2,0,False,False,2025-09-08
microfilm,GOAT PRICE KIT,Armstrong,2,0,False,False,2025-09-08
microgroove,GOOSE PRICE GOAT,Armstrong,2,0,False,False,2025-09-08
micromesh,DRESS PRICE GOAT,Armstrong,2,0,False,False,2025-09-08
micronesia,PRICE GOAT FLEECE,Armstrong,2,0,False,False,2025-09-08
microphone,PRICE COMMA GOAT,Armstrong,2,0,False,False,2025-09-08
microprocessor,GOAT PRICE LETTER,Armstrong,2,0,False,False,2025-09-08
microscopy,PRICE GOAT HAPPY,Armstrong,2,0,False,False,2025-09-08
microsoft,GOAT PRICE CLOTH,Armstrong,2,0,False,False,2025-09-08
microwave,PRICE (COMMA) FACE,Armstrong,2,0,False,False,2025-09-08
mid,KIT,Armstrong,2,0,False,False,2025-09-08
middle,KIT,Armstrong,2,0,False,False,2025-09-08
middle-aged,FACE KIT,Armstrong,2,0,False,False,2025-09-08
middlebury,DRESS KIT HAPPY,Armstrong,2,0,False,False,2025-09-08
middlemarch,START KIT,Armstrong,2,0,False,False,2025-09-08
midi,HAPPY KIT,Armstrong,2,0,False,False,2025-09-08
midlands,KIT,Armstrong,2,0,False,False,2025-09-08
midlothian,GOAT KIT HAPPY,Armstrong,2,0,False,False,2025-09-08
midnight,KIT PRICE,Armstrong,2,0,False,False,2025-09-08
midriff,KIT,Armstrong,2,0,False,False,2025-09-08
midwife,PRICE KIT,Armstrong,2,0,False,False,2025-09-08
midwives,PRICE KIT,Armstrong,2,0,False,False,2025-09-08
might,PRICE,Armstrong,2,0,False,False,2025-09-08
migraine,FACE PRICE,Armstrong,2,0,False,False,2025-09-08
migrant,PRICE,Armstrong,2,0,False,False,2025-09-08
migrated,PRICE FACE,Armstrong,2,0,False,False,2025-09-08
migration,PRICE FACE,Armstrong,2,0,False,False,2025-09-08
migratory,PRICE NORTH HAPPY,Armstrong,2,0,False,False,2025-09-08
mikado,PALM KIT GOAT,Armstrong,2,0,False,False,2025-09-08
mikayla,PRICE FACE,Armstrong,2,0,False,False,2025-09-08
mike,PRICE,Armstrong,2,0,False,False,2025-09-08
mikey,PRICE HAPPY,Armstrong,2,0,False,False,2025-09-08
milan,PALM KIT,Armstrong,2,0,False,False,2025-09-08
milano,PALM BATH KIT GOAT,Armstrong,2,0,False,False,2025-09-08
mileage,PRICE,Armstrong,2,0,False,False,2025-09-08
miles,PRICE,Armstrong,2,0,False,False,2025-09-08
milestone,GOAT PRICE,Armstrong,2,0,False,False,2025-09-08
miley,PRICE HAPPY,Armstrong,2,0,False,False,2025-09-08
milfoil,CHOICE KIT,Armstrong,2,0,False,False,2025-09-08
militia,COMMA KIT,Armstrong,2,0,False,False,2025-09-08
milk-powder,MOUTH KIT LETTER,Armstrong,2,0,False,False,2025-09-08
milkweed,FLEECE KIT,Armstrong,2,0,False,False,2025-09-08
millbank,TRAP KIT,Armstrong,2,0,False,False,2025-09-08
miller,LETTER KIT,Armstrong,2,0,False,False,2025-09-08
milligram,KIT TRAP,Armstrong,2,0,False,False,2025-09-08
millilitre,FLEECE KIT LETTER,Armstrong,2,0,False,False,2025-09-08
millilitres,KIT FLEECE LETTER,Armstrong,2,0,False,False,2025-09-08
millimeter,FLEECE KIT LETTER,Armstrong,2,0,False,False,2025-09-08
millimetre,FLEECE KIT LETTER,Armstrong,2,0,False,False,2025-09-08