Word, Consonants
a-bomb,NOT_IN_CMU_DICT
a-level,NOT_IN_CMU_DICT
aachen,
aardvark,
aaron,
abandon,
abandoned,
abba,
abbatial,NOT_IN_CMU_DICT
abbey,
abbreviate,RUN GET
abbreviated,RUN WATER
abbreviates,RUN
abbreviating,RUN WATER TALKING
abbreviation,RUN
abbreviations,RUN
abc,
abdominal,RAIL
abduct,GET
abdullah,LOOK
abel,RAIL
abercrombie,RUN
aberdeen,
abernathy,THINK
abide,
abidjan,
abigail,RAIL
ability,LOOK WATER
abkhaz,NOT_IN_CMU_DICT
ablation,LOOK
able,RAIL
ableism,NOT_IN_CMU_DICT
ablution,LOOK
abnormal,RAIL
abnormally,LOOK
abode,
abolish,LOOK
abolished,LOOK GET
abolishes,LOOK
abolishing,LOOK TALKING
abolition,LOOK
aboriginal,RAIL
abort,GET
abortion,
about,GET
above,
aboyne,NOT_IN_CMU_DICT
abraham,RUN HOUSE
abrasion,RUN
abroad,RUN
abs,
abscission,NOT_IN_CMU_DICT
absence,
absent,GET
absentia,
absolute,LOOK GET
absolutely,LOOK
absorb,
absorbent,GET
absorption,
absorptivity,NOT_IN_CMU_DICT
abstract,RUN GET
abstraction,RUN
absurd,
abu,
abuse,
abused,
abusive,
abuzz,
abysmal,RAIL
acacia,
academe,
academic,
academy,
acapulco,RAIL
acc,
accelerate,LOOK GET
accent,GET
accept,GET
acceptable,RAIL
acceptance,
access,
accessary,NOT_IN_CMU_DICT
accesses,NOT_IN_CMU_DICT
accessibility,LOOK WATER
accessible,RAIL
accessory,
acciaccatura,NOT_IN_CMU_DICT
accident,GET
accidental,RAIL
accidentally,LOOK
acclaim,LOOK
accolade,LOOK
accommodate,GET
accommodation,
accompanied,
accompanies,
accompany,
accompanying,TALKING
accomplish,LOOK
accomplished,LOOK GET
accomplishes,LOOK
accord,
accordance,
according,TALKING
accordingly,TALKING LOOK
accost,GET
account,GET
accountability,LOOK WATER
accountant,GET
accreditation,RUN WATER
accredited,RUN WATER
accumulate,LOOK GET
accumulated,LOOK WATER
accumulates,LOOK
accumulating,LOOK WATER TALKING
accumululated,NOT_IN_CMU_DICT
accuracy,
accurate,GET
accurately,LOOK
accurist,NOT_IN_CMU_DICT
accusation,
accuse,
accused,
accustom,
accustomed,
accustoming,NOT_IN_CMU_DICT
accustoms,NOT_IN_CMU_DICT
ace,
acer,
acheulian,NOT_IN_CMU_DICT
achievable,RAIL
achieve,
achieved,
achievement,GET
achieving,TALKING
achoo,
acid,
ackee,NOT_IN_CMU_DICT
acknowledge,LOOK
acknowledged,LOOK
acm,
acne,
acorn,
acoustic,
acoustician,NOT_IN_CMU_DICT
acquaintance,
acquire,
acquired,
acquisition,
acre,
acrobat,RUN GET
acronym,RUN
acronyms,RUN
across,RUN
acrylic,RUN LOOK
act,GET
action,
activate,GET
activated,WATER
activation,
actively,LOOK
activist,GET
activists,
activity,WATER
actor,
actress,RUN
actual,RAIL
actually,LOOK
acumen,
acupressure,NOT_IN_CMU_DICT
acupuncture,
acute,GET
ad,
adam,
adapt,GET
adaptation,
adapted,
adapter,
adapting,TALKING
adaptive,
adaptor,
adapts,
add,
addict,GET
addiction,
addictive,
addicts,
addition,
additional,RAIL
additionally,LOOK
address,RUN
addresses,RUN
adelaide,LOOK
adelphi,RAIL
adenosine,
adequate,GET
adequately,LOOK
adhere,HOUSE
adhered,HOUSE
adhering,HOUSE TALKING
adidas,
adipex,NOT_IN_CMU_DICT
adjacency,NOT_IN_CMU_DICT
adjacent,GET
adjective,
adjoining,TALKING
adjoins,
adjourn,
adjourned,
adjournment,GET
adjudged,
adjudication,
adjudications,NOT_IN_CMU_DICT
adjunct,GET
adjunction,NOT_IN_CMU_DICT
adjunctive,NOT_IN_CMU_DICT
adjust,GET
adjustable,RAIL
adjuster,
admin,
administer,
administered,
administering,TALKING
administers,
administrate,RUN GET
administration,RUN
administrative,RUN WATER
administrator,RUN WATER
admirable,RAIL RUN
admiration,
admire,
admission,
admit,GET
admits,
admitted,WATER
admittedly,WATER LOOK
adobe,
adolescent,LOOK GET
adopt,GET
adoption,
adorable,RAIL
adore,
adorn,
adrian,RUN
advance,
advanced,GET
advantage,
advantageous,
advent,GET
adventure,
adventurous,
adverse,
adversely,LOOK
advert,GET
advertise,WATER
advertised,WATER
advertisement,WATER GET
advertiser,WATER
advertising,WATER TALKING
advice,
advisable,RAIL
advise,
advised,
adviser,
advisers,
advisor,
advisory,
advocacy,
advocate,GET
advocated,WATER
adware,NOT_IN_CMU_DICT
aegean,
aegis,
aegisthus,NOT_IN_CMU_DICT
aemilius,NOT_IN_CMU_DICT
aerial,RAIL
aerofoil,NOT_IN_CMU_DICT
aeroplane,NOT_IN_CMU_DICT
aerospace,
aertex,NOT_IN_CMU_DICT
aesthetic,THINK WATER
aesthetically,THINK WATER LOOK
aether,NOT_IN_CMU_DICT
affair,
affairs,
affect,GET
affected,
affection,
affectionate,GET
affective,
affiliate,LOOK GET
affiliated,LOOK WATER
affiliation,LOOK
affinity,WATER
affleck,LOOK
affluenza,NOT_IN_CMU_DICT
afford,
affordable,RAIL
affranchises,NOT_IN_CMU_DICT
affricative,NOT_IN_CMU_DICT
afghan,
afghanistan,
afield,RAIL
afire,
afocal,NOT_IN_CMU_DICT
afoot,GET
aforementioned,
afraid,RUN
afresh,RUN
africa,RUN
african,RUN
afrikaans,RUN
afro-wig,NOT_IN_CMU_DICT
after,
afterlife,LOOK
aftermath,THINK
afternoon,
aftershave,
afterthought,THINK GET
afterward,
afterwards,
again,
against,GET
agatha,THINK
agave,NOT_IN_CMU_DICT
age,
aged,
ageing,NOT_IN_CMU_DICT
agency,
agenda,
agent,GET
agential,NOT_IN_CMU_DICT
ageusia,NOT_IN_CMU_DICT
agfa,
aggiornamento,NOT_IN_CMU_DICT
aggregate,RUN GET
aggressive,RUN
aggressively,RUN LOOK
aggressor,RUN
aggrieved,RUN
agile,RAIL
agility,LOOK WATER
agincourt,GET
ago,
agony,
agra,RUN
agranulocytosis,NOT_IN_CMU_DICT
agrapha,NOT_IN_CMU_DICT
agrarianism,RUN
agree,RUN
agreeable,RUN RAIL
agreed,RUN
agreeing,RUN TALKING
agreement,RUN GET
agricola,RUN LOOK
agricultural,RUN RAIL
agriculture,RUN RAIL
agrippa,RUN
agronomist,RUN GET
agronomy,RUN
aground,RUN
aguecheek,NOT_IN_CMU_DICT
ah,
aha,HOUSE
ahead,HOUSE
ahmed,
ahoy,HOUSE
aid,
aide,
aiden,
aids,
aiken,
aikido,NOT_IN_CMU_DICT
aileen,LOOK
ailing,LOOK TALKING
aim,
aimee,
air,
air-bladder,NOT_IN_CMU_DICT
air-cooled,NOT_IN_CMU_DICT
air-minded,NOT_IN_CMU_DICT
air-pump,NOT_IN_CMU_DICT
air-raid,NOT_IN_CMU_DICT
air-shaft,NOT_IN_CMU_DICT
air-to-air,NOT_IN_CMU_DICT
airbag,
airbed,NOT_IN_CMU_DICT
airbnb,NOT_IN_CMU_DICT
airborne,
airbrush,NOT_IN_CMU_DICT
airbus,
aircraft,RUN GET
aircrew,RUN
airdrie,NOT_IN_CMU_DICT
airdrop,RUN
airedale,RAIL
airfare,
airfares,
airfield,RAIL
airflow,LOOK
airframe,RUN
airing,TALKING
airlifted,LOOK
airline,LOOK
airliner,LOOK
airmail,RAIL
airman,
airplane,LOOK
airpocalypse,NOT_IN_CMU_DICT
airport,GET
airscrew,NOT_IN_CMU_DICT
airship,
airshow,NOT_IN_CMU_DICT
airsickness,NOT_IN_CMU_DICT
airspace,
airspeed,
airstream,NOT_IN_CMU_DICT
airstrip,RUN
airway,
airy,
aisha,
aiwa,
ajaccio,NOT_IN_CMU_DICT
ajar,
ajax,
aka,
akela,NOT_IN_CMU_DICT
akin,
al,RAIL
alabama,LOOK
alack,NOT_IN_CMU_DICT
alamein,LOOK
alan,LOOK
alarm,LOOK
alas,LOOK
alaska,LOOK
alba,RAIL
albania,RAIL
albany,RAIL
albeit,RAIL GET
albert,RAIL GET
alberta,RAIL WATER
album,RAIL
albumin,RAIL
albuquerque,RAIL
alcatraz,RAIL RUN
alcohol,RAIL HOUSE
alcoholic,RAIL HOUSE LOOK
aldershot,NOT_IN_CMU_DICT
ale,RAIL
aleph,LOOK
alert,LOOK GET
alex,LOOK
alexander,LOOK
alexandra,LOOK RUN
alexandria,LOOK RUN
alexis,LOOK
alfalfa,RAIL
alfie,RAIL
alfred,RAIL RUN
algarve,NOT_IN_CMU_DICT
algebra,RAIL RUN
algebraic,RAIL RUN
algeria,RAIL
algorithm,RAIL THIS
alhambra,RAIL HOUSE RUN
ali,LOOK
alias,LOOK
aliases,LOOK
alibaba,NOT_IN_CMU_DICT
alice,LOOK
alicia,LOOK
alien,LOOK
alight,LOOK GET
align,LOOK
alike,LOOK
alive,LOOK
alix,LOOK
all,RAIL
all-round,NOT_IN_CMU_DICT
allah,LOOK
allan,LOOK
allardyce,NOT_IN_CMU_DICT
allegation,LOOK
allegations,LOOK
allege,LOOK
alleged,LOOK
allegedly,LOOK
allegiance,LOOK
allen,LOOK
allergic,LOOK
allergy,LOOK
alleviate,LOOK GET
alliance,LOOK
allied,LOOK
allies,LOOK
allocate,LOOK GET
allocated,LOOK WATER
allocates,LOOK
allocating,LOOK WATER TALKING
allocation,LOOK
allow,LOOK
allowable,LOOK RAIL
allowance,LOOK
allowed,LOOK
allowing,LOOK TALKING
allows,LOOK
alloy,LOOK
alloys,LOOK
allure,LOOK
ally,LOOK
almost,RAIL GET
alnmouth,NOT_IN_CMU_DICT
alone,LOOK
along,LOOK TALKING
alongside,LOOK TALKING
alopecia,NOT_IN_CMU_DICT
alot,LOOK GET
aloud,LOOK
alpha,RAIL
alphabet,RAIL GET
alphabetic,RAIL WATER
alphabetical,RAIL WATER
alpine,RAIL
already,RAIL RUN
alsace,RAIL
alsager,NOT_IN_CMU_DICT
also,RAIL
also-ran,NOT_IN_CMU_DICT
alt,RAIL GET
altamira,RAIL
altazimuth,NOT_IN_CMU_DICT
altdorfer,NOT_IN_CMU_DICT
alter,RAIL
alteration,RAIL
alterations,RAIL
alternate,RAIL GET
alternates,RAIL
alternative,RAIL WATER
alternatively,RAIL WATER LOOK
althorp,RAIL THINK
although,RAIL THIS
altissimo,NOT_IN_CMU_DICT
altitude,RAIL WATER
altkirch,NOT_IN_CMU_DICT
alto,RAIL
altocumulus,NOT_IN_CMU_DICT
altogether,RAIL THIS
altoona,RAIL
altruism,RAIL RUN
aluminium,LOOK RAIL
aluminum,LOOK
alumni,LOOK
alva,RAIL
always,RAIL
am,
amahl,NOT_IN_CMU_DICT
amanda,
amateur,WATER
amaurosis,NOT_IN_CMU_DICT
amaze,
amazed,
amazing,TALKING
amazingly,TALKING LOOK
amazon,
ambassador,
amber,
ambien,
ambient,GET
ambiguities,WATER
ambiguity,WATER
ambiguous,
ambitious,
amd,
amelia,RAIL
amend,
amended,
amendment,GET
amenities,WATER
america,
americana,
amid,
amidst,GET
amiga,
amigo,
amin,
amine,
amino,
amirite,NOT_IN_CMU_DICT
amish,
ammonium,
ammunition,
amoeba,
among,TALKING
amongst,TALKING GET
amoral,RAIL
amos,
amount,GET
amour,
amp,
ampere,
ampland,NOT_IN_CMU_DICT
ample,RAIL
amplifier,LOOK
amsterdam,
amuse,
amused,
amusement,GET
amuses,
amusing,TALKING
amy,
an,
ana,
anagram,RUN
anaheim,HOUSE
anal,RAIL
analog,LOOK
analogous,LOOK
analogue,LOOK
analogy,LOOK
analyses,LOOK
analysis,LOOK
analyst,LOOK GET
analytical,LOOK WATER RAIL
analyze,LOOK
analyzed,LOOK
anaphors,NOT_IN_CMU_DICT
anarchy,
anatomy,WATER
ancestor,
ancestors,
anchor,
ancient,GET
and,
andale,NOT_IN_CMU_DICT
anderson,
andorra,
andover,
andrea,RUN
andrew,RUN
andrews,RUN
android,RUN
andy,
anecdote,GET
anecdotes,
anemia,
angel,RAIL
angela,LOOK
angeles,LOOK
angelina,LOOK
anger,TALKING
angie,
angiers,NOT_IN_CMU_DICT
angiogram,RUN
angle,TALKING RAIL
anglepoise,NOT_IN_CMU_DICT
anglesey,NOT_IN_CMU_DICT
anglia,TALKING LOOK
anglo-saxon,NOT_IN_CMU_DICT
angola,TALKING LOOK
angora,TALKING
angry,TALKING RUN
anguilla,TALKING LOOK
anguish,TALKING
animal,RAIL
animated,WATER
animation,
anime,
aniseed,
anita,WATER
ann,
anna,
anne,
annette,GET
annex,
annie,
anniversary,
annotated,WATER
annotation,WATER
announce,
announced,GET
announcement,GET
annoy,
annoyance,
annoyed,
annoying,TALKING
annual,RAIL
annually,LOOK
annunziata,WATER
anomalies,LOOK
anomaly,LOOK
anon,
anonymous,
anonymously,LOOK
anorak,
anoraks,NOT_IN_CMU_DICT
another,THIS
answer,
answered,
ant,GET
antarctica,
anteater,WATER
antenna,
anteriority,NOT_IN_CMU_DICT
anther,NOT_IN_CMU_DICT
anthology,THINK LOOK
anthony,THINK
anthropology,THINK RUN LOOK
anthropomorphic,THINK RUN
anti,
anti-aircraft,NOT_IN_CMU_DICT
antibes,NOT_IN_CMU_DICT
antibodies,
antibody,
anticipate,GET
anticipated,WATER
anticipates,
anticipating,WATER TALKING
anticipation,
antidote,GET
antifa,NOT_IN_CMU_DICT
antigua,
antilles,LOOK
antinovel,NOT_IN_CMU_DICT
antique,
antiscorbutic,NOT_IN_CMU_DICT
antisocial,RAIL
antisocial,RAIL
antistrophe,NOT_IN_CMU_DICT
antivirus,
antonio,
anxiety,TALKING WATER
anxious,TALKING
any,
anybody,
anyhow,HOUSE
anymore,
anyone,
anyplace,LOOK
anything,THINK TALKING
anytime,WATER
anyway,
anywhere,HOUSE
aoife,NOT_IN_CMU_DICT
aol,RAIL LOOK
apache,
apart,GET
apartment,GET
apathetic,THINK WATER
apathy,THINK
apatow,NOT_IN_CMU_DICT
ape,
apeldoorn,NOT_IN_CMU_DICT
aperiodic,NOT_IN_CMU_DICT
aperiodicity,NOT_IN_CMU_DICT
apex,
aphid,
aphonia,NOT_IN_CMU_DICT
api,
apia,
apiece,
apnic,NOT_IN_CMU_DICT
apocrypha,NOT_IN_CMU_DICT
apogee,
apollo,LOOK
apologia,NOT_IN_CMU_DICT
apologize,LOOK
apologized,LOOK
apologizes,LOOK
apologizing,LOOK TALKING
apology,LOOK
apostrophe,RUN
app,
appall,RAIL
appalled,RAIL
appalling,LOOK TALKING
appallingly,LOOK TALKING
appalls,RAIL
appaloosa,NOT_IN_CMU_DICT
apparatus,WATER
apparatuses,WATER
apparel,RAIL
apparent,GET
apparently,LOOK
appeal,RAIL
appear,
appearance,
appeared,
appearing,TALKING
appears,
append,
appended,
appending,NOT_IN_CMU_DICT
appendix,
appends,NOT_IN_CMU_DICT
appetite,WATER GET
applause,LOOK
apple,RAIL
appliance,LOOK
applicable,LOOK RAIL
applicant,LOOK GET
application,LOOK
applied,LOOK
apply,LOOK
appoint,GET
appointed,
appointment,GET
appraisal,RUN RAIL
appreciate,RUN GET
appreciated,RUN WATER
appreciation,RUN
apprentice,RUN
approach,RUN
approaches,RUN
appropriate,RUN GET
appropriately,RUN LOOK
appropriations,RUN
approval,RUN RAIL
approve,RUN
approved,RUN
approx,NOT_IN_CMU_DICT
approximate,RUN GET
approximately,RUN LOOK
approximation,RUN
apps,
apraxia,NOT_IN_CMU_DICT
april,RUN RAIL
apron,RUN
apt,GET
aqaba,
aqua,
aqualung,LOOK TALKING
aquanaut,GET
aquarium,
aquatic,WATER
arab,
arabia,
arabian,
arabic,
araucania,NOT_IN_CMU_DICT
arbitrage,RUN
arbitrageur,RUN
arbitrament,NOT_IN_CMU_DICT
arbitrarily,RUN LOOK
arbitrary,RUN
arbitration,RUN
arbor,
arboreal,RAIL
arboretum,WATER
arbuthnot,THINK GET
arbutus,NOT_IN_CMU_DICT
arc,
arcade,
arcane,
arch,
archaic,
archangel,RAIL
archbishop,
archbishopric,NOT_IN_CMU_DICT
archduchess,NOT_IN_CMU_DICT
archenemy,
archer,
archery,
archibald,RAIL
archie,
architect,WATER GET
architectural,WATER RAIL
architecture,WATER
architrave,RUN
archival,RAIL
archive,
archived,
archway,
arctic,
arden,
area,
areas,
aren't,GET
arena,
aretha,THINK
argentina,
argentine,
argento,
argillaceous,NOT_IN_CMU_DICT
arginine,NOT_IN_CMU_DICT
argos,NOT_IN_CMU_DICT
arguable,RAIL
arguably,LOOK
argue,
argued,
argues,
argument,GET
argus,
ariel,RAIL
arise,
arisen,
arithmetic,THINK WATER
arizona,
arkansas,
arkell,NOT_IN_CMU_DICT
arlene,LOOK
arlette,LOOK GET
arlington,LOOK TALKING
arm,
armada,
armagh,NOT_IN_CMU_DICT
armando,
armchair,
armchairs,
armenia,
armor,
armrest,RUN GET
armstrong,RUN TALKING
army,
arnold,RAIL
arose,
around,
arpeggios,NOT_IN_CMU_DICT
arrange,
arranged,
array,
arrearage,
arrest,GET
arrival,RAIL
arrive,
arrived,
arrogance,
arrogant,GET
arrow,
arrowroot,GET
arrowsmith,THINK
arrowwood,NOT_IN_CMU_DICT
arse,
arsenal,RAIL
arsenic,
arson,
arthralgia,NOT_IN_CMU_DICT
arthritic,THINK RUN WATER
arthritis,THINK RUN WATER
arthropod,THINK RUN
arthropoda,NOT_IN_CMU_DICT
arthropodus,NOT_IN_CMU_DICT
arthrous,NOT_IN_CMU_DICT
arthur,THINK
arthurian,THINK
article,RAIL
articulated,LOOK WATER
artificial,RAIL
artificially,LOOK
artist,GET
artistic,
arts,
artwork,
aruba,
as,
asbestos,
ascend,
ascended,
ascending,TALKING
ascends,
ascot,GET
asda,
ash,
ashamed,
ashamedly,NOT_IN_CMU_DICT
ashanti,NOT_IN_CMU_DICT
ashbourne,NOT_IN_CMU_DICT
ashburton,NOT_IN_CMU_DICT
ashcan,NOT_IN_CMU_DICT
ashes,
ashkenazi,
ashley,LOOK
ashmolean,NOT_IN_CMU_DICT
ashore,
ashton,
ashtoreth,NOT_IN_CMU_DICT
asia,
asian,
aside,
ask,
askance,
asleep,LOOK
asp,
aspartame,WATER
aspect,GET
aspirations,
ass,
assassin,
assault,RAIL GET
assemble,RAIL
assembled,RAIL
assembler,LOOK
assembles,RAIL
assembling,LOOK TALKING
assembly,LOOK
assert,GET
asserted,WATER
asserting,WATER TALKING
assertion,
asserts,
assess,
assesses,
assessment,GET
asset,GET
assign,
assignee,NOT_IN_CMU_DICT
assignment,GET
assist,GET
assistance,
assistant,GET
assisted,
associate,GET
associated,WATER
association,
assort,GET
assume,
assumed,
assumption,
assurance,
assure,
assured,
assuredly,LOOK
assuredness,NOT_IN_CMU_DICT
asterisk,
asterisks,NOT_IN_CMU_DICT
asthma,
aston,
astonishing,TALKING
astoria,
astra,RUN
astrolabe,NOT_IN_CMU_DICT
astrology,RUN LOOK
astronaut,RUN GET
astronomer,RUN
astronomers,RUN
astronomy,RUN
asylum,LOOK
asynchronous,RUN
at,GET
at-home,NOT_IN_CMU_DICT
ata,WATER
atari,WATER
ate,GET
atheism,THINK
atheism,THINK
atheist,THINK GET
athena,THINK
athenaeum,THINK
athenian,THINK
athens,THINK
athey,THINK
athirst,NOT_IN_CMU_DICT
athlete,THINK LOOK GET
athletes,THINK LOOK
athletic,THINK LOOK WATER
athletics,THINK LOOK WATER
athlone,THINK LOOK
athwart,THINK GET
atlanta,LOOK
atlantic,LOOK
atlas,LOOK
atm,WATER
atmosphere,
atmospheres,NOT_IN_CMU_DICT
atmospheric,
atom,WATER
atomic,WATER
atrocities,RUN WATER
atrocity,RUN WATER
attach,WATER
attached,WATER GET
attaches,WATER
attack,WATER
attain,WATER
attempt,WATER GET
attend,WATER
attendance,WATER
attendant,WATER GET
attendee,WATER
attention,WATER
attire,WATER
attitude,WATER
attorney,WATER
attract,RUN GET
attraction,RUN
attractive,RUN
attribtue,NOT_IN_CMU_DICT
attribute,RUN GET
attributed,RUN WATER
atwater,WATER
atwood,
aubade,NOT_IN_CMU_DICT
aubrey,RUN
aubrietia,NOT_IN_CMU_DICT
auburn,
auckland,LOOK
auction,
aud,
audacious,
audaciously,NOT_IN_CMU_DICT
audacity,WATER
auden,
audi,
audible,RAIL
audience,
audio,
audiobook,NOT_IN_CMU_DICT
audiology,NOT_IN_CMU_DICT
audit,GET
audition,
auditor,WATER
auditor,WATER
auditorium,WATER
audrey,RUN
audubon,
auger,
aught,GET
augment,GET
augmented,
auguries,NOT_IN_CMU_DICT
augury,NOT_IN_CMU_DICT
august,GET
augusta,
augustina,NOT_IN_CMU_DICT
augustine,
augustinian,
augustus,
aumerle,NOT_IN_CMU_DICT
aunt,GET
auntie,
aura,
aural,RAIL
aurelia,NOT_IN_CMU_DICT
aurelian,NOT_IN_CMU_DICT
aurelius,NOT_IN_CMU_DICT
aureola,NOT_IN_CMU_DICT
auricular,NOT_IN_CMU_DICT
auriferous,NOT_IN_CMU_DICT
auriga,NOT_IN_CMU_DICT
aurora,
auschwitz,
auspices,
auspicious,
aussie,
austen,
austere,
austerity,WATER
austin,
australasia,RUN LOOK
australia,RUN RAIL
australian,RUN RAIL
austria,RUN
austro-hungarian,NOT_IN_CMU_DICT
authentic,THINK
authentication,THINK
author,THINK
authorial,NOT_IN_CMU_DICT
authoritarian,THINK WATER
authoritative,THINK WATER
authority,THINK WATER
authorization,THINK
authorize,THINK
authorized,THINK
authorizes,THINK
authorizing,THINK TALKING
autism,WATER
autistic,WATER
auto,WATER
autobahn,WATER
autobiography,WATER RUN
autochanger,NOT_IN_CMU_DICT
autoclave,WATER LOOK
autograph,WATER RUN
autogyros,NOT_IN_CMU_DICT
autoharp,NOT_IN_CMU_DICT
autologous,NOT_IN_CMU_DICT
automate,WATER GET
automated,WATER
automates,WATER
automatic,WATER
automatically,WATER LOOK
automating,WATER TALKING
automation,WATER
automobile,WATER RAIL
automotive,WATER
autopilot,WATER LOOK GET
autoroute,NOT_IN_CMU_DICT
autos,WATER
autumn,WATER
auvergne,NOT_IN_CMU_DICT
auxiliary,RAIL LOOK
ava,
avail,RAIL
availability,LOOK WATER
available,LOOK RAIL
availing,NOT_IN_CMU_DICT
avalon,LOOK
avast,NOT_IN_CMU_DICT
avatar,WATER
avaunt,NOT_IN_CMU_DICT
ave,
avenge,
avenger,
aventurine,NOT_IN_CMU_DICT
avenue,
avenues,
aver,
average,RUN
averse,
aversion,
avert,GET
avesta,NOT_IN_CMU_DICT
avestan,NOT_IN_CMU_DICT
avg,NOT_IN_CMU_DICT
aviation,
avis,
aviva,NOT_IN_CMU_DICT
avoca,NOT_IN_CMU_DICT
avocado,
avoid,
avoidable,RAIL
avoidance,
avon,
avowed,
avulsion,NOT_IN_CMU_DICT
avuncular,LOOK
awacs,
await,GET
awaited,WATER
awake,
award,
awards,
aware,
away,
awe-inspiring,NOT_IN_CMU_DICT
awesome,
awestruck,RUN
awful,RAIL
awfully,LOOK
awfully,LOOK
awkward,
awning,TALKING
awol,RAIL
ax,
axes,
axes,
axiom,
axioms,
axis,
aye,
aylesbury,RAIL
ayrshire,
ayrton,NOT_IN_CMU_DICT
azala,NOT_IN_CMU_DICT
azalea,RAIL
azaleas,RAIL
azania,NOT_IN_CMU_DICT
azathioprine,NOT_IN_CMU_DICT
azaziel,NOT_IN_CMU_DICT
azerbaijan,
azeri,
azeris,NOT_IN_CMU_DICT
azithromycin,NOT_IN_CMU_DICT
aziz,
azote,NOT_IN_CMU_DICT
azotic,NOT_IN_CMU_DICT
azov,NOT_IN_CMU_DICT
aztec,
azure,
baa,
babe,
babushka,
baby,
baby-talk,NOT_IN_CMU_DICT
babysitting,WATER TALKING
bachelor,LOOK
back,
back-formation,NOT_IN_CMU_DICT
backbone,
backdoor,
background,RUN
backhouse,NOT_IN_CMU_DICT
backlash,LOOK
backlog,LOOK
backlog,LOOK
backspace,NOT_IN_CMU_DICT
backstreet,GET
backup,
backward,
backwards,
bacon,
bacteria,
bacterial,RAIL
bacterium,
bad,
badass,
badawi,NOT_IN_CMU_DICT
baden-powell,NOT_IN_CMU_DICT
badge,
badinage,NOT_IN_CMU_DICT
badly,LOOK
badmouth,NOT_IN_CMU_DICT
baffle,RAIL
baffled,RAIL
baffles,RAIL
baffling,LOOK TALKING
bag,
baggage,
baggie,
baghdad,
bah,
bahamas,HOUSE
bahasa,NOT_IN_CMU_DICT
bahia,HOUSE
bahrain,
baht,GET
bail,RAIL
bailey,LOOK
baird,
bairns,NOT_IN_CMU_DICT
bait,GET
baja,HOUSE
bajan,NOT_IN_CMU_DICT
bake,
baked,GET
baker,
bakery,
bakes,
baking,TALKING
balaclava,LOOK
balance,LOOK
balance-sheet,NOT_IN_CMU_DICT
balanced,LOOK GET
bald,RAIL
baldwin,RAIL
bale,RAIL
balenciaga,NOT_IN_CMU_DICT
balfor,NOT_IN_CMU_DICT
bali,LOOK
balk,RAIL
ball,RAIL
ballerina,LOOK
ballet,LOOK
balloon,LOOK
ballot,LOOK GET
ballpoint,RAIL GET
ballroom,RAIL RUN
balmoral,RAIL
baltimore,RAIL
bamforth,NOT_IN_CMU_DICT
ban,
banal,RAIL
banana,
band,
bandolier,LOOK
bandung,NOT_IN_CMU_DICT
bandwagon,
bandwidth,THINK
bang,TALKING
bangbus,NOT_IN_CMU_DICT
banger,TALKING
bangkok,
bangladesh,TALKING LOOK
bangladeshi,TALKING LOOK
bank,
bank-draft,NOT_IN_CMU_DICT
bankrupt,RUN GET
bankruptcy,RUN
banner,
banshee,
baobab,NOT_IN_CMU_DICT
baptist,GET
bar,
barack,
barbadian,NOT_IN_CMU_DICT
barbados,
barbara,RUN
barbarian,
barbarity,WATER
barbecue,
barbecued,
barber,
barbershop,
barbican,NOT_IN_CMU_DICT
barbie,
barbiturates,
barbour,
barbuda,
barcelona,LOOK
barcode,NOT_IN_CMU_DICT
bardot,NOT_IN_CMU_DICT
bare,
barefaced,NOT_IN_CMU_DICT
barefacedly,NOT_IN_CMU_DICT
barefoot,GET
barelegged,NOT_IN_CMU_DICT
barely,LOOK
barenboim,
bareness,NOT_IN_CMU_DICT
bares,
barf,
barfly,NOT_IN_CMU_DICT
barford,NOT_IN_CMU_DICT
bargain,
barge,
bargoed,NOT_IN_CMU_DICT
baring,TALKING
bark,
barked,GET
barking,TALKING
barkley,LOOK
barks,
barley,LOOK
barlow,LOOK
barn,
barnard,
barnes,
barnett,GET
barney,
baron,
baroque,
barr,
barrage,
barrel,RAIL
barrier,
barrister,
barrister,
barristers,
barristers,
barrow-man,NOT_IN_CMU_DICT
barry,
barrymore,
barsham,NOT_IN_CMU_DICT
bartholomew,THINK LOOK
barwise,NOT_IN_CMU_DICT
base,
baseball,RAIL
based,GET
basel,RAIL
baseline,LOOK
basement,GET
basename,NOT_IN_CMU_DICT
bash,
bashes,
basic,
basically,LOOK
basil,RAIL
basin,
basinger,TALKING
basingstoke,NOT_IN_CMU_DICT
basis,
basket,GET
basketball,RAIL
basking,TALKING
bass,
basses,
basses,
basso,
basta,
bastard,
bastards,
bat,GET
batch,
bath,THINK
bath-chair,NOT_IN_CMU_DICT
bather,THIS
bathgate,THINK GET
bathhouse,NOT_IN_CMU_DICT
bathing,THIS TALKING
bathing-costume,NOT_IN_CMU_DICT
bathing-suit,NOT_IN_CMU_DICT
batho,NOT_IN_CMU_DICT
bathrobe,THINK RUN
bathroom,THINK RUN
baths,THINK
bathtub,THINK
bathurst,THINK GET
bathyscaphe,NOT_IN_CMU_DICT
bathyspheres,NOT_IN_CMU_DICT
batman,
battersea,WATER
battery,WATER
battle,WATER RAIL
battlefield,WATER RAIL
bauble,RAIL
baud,
bavaria,
bay,
bay-wreath,NOT_IN_CMU_DICT
bayberry,NOT_IN_CMU_DICT
bayswater,NOT_IN_CMU_DICT
baywatch,
baz,
bazaar,
bazooka,
bbc,
bdsm,NOT_IN_CMU_DICT
be,
bea,
beach,
beaches,
beachy,
beadle,RAIL
beads,
beagle,RAIL
beak,
beaker,
beam,
beams,
bean,
bean-bag,NOT_IN_CMU_DICT
beanie,NOT_IN_CMU_DICT
beanstalk,NOT_IN_CMU_DICT
bear,
bearable,RAIL
beard,
bearer,
bearing,TALKING
bears,
bearskin,NOT_IN_CMU_DICT
bearsted,NOT_IN_CMU_DICT
beast,GET
beastality,NOT_IN_CMU_DICT
beastiality,NOT_IN_CMU_DICT
beat,GET
beaten,WATER
beatles,WATER RAIL
beau,
beaufort,GET
beaujolais,LOOK
beaumont,GET
beauregard,
beautiful,WATER RAIL
beautifully,WATER LOOK
beauty,WATER
beauty-parlour,NOT_IN_CMU_DICT
beaver,
bebo,NOT_IN_CMU_DICT
became,
because,
become,
bed,
bed-bug,NOT_IN_CMU_DICT
bedding,TALKING
bedford,
bedroom,RUN
bedspread,RUN
bedwarmer,NOT_IN_CMU_DICT
bee,
beech,
beecher,
beef,
beefeater,WATER
beefsteak,
beehive,HOUSE
been,
beer,
beersheba,NOT_IN_CMU_DICT
beery,
beetle,WATER RAIL
beetroot,NOT_IN_CMU_DICT
befits,
before,
beforehand,HOUSE
beg,
began,
begin,
beginner,
beginning,TALKING
begrudge,RUN
begrudgingly,NOT_IN_CMU_DICT
begun,
behalf,HOUSE
behave,HOUSE
behaved,HOUSE
behavior,HOUSE
behavioral,HOUSE RAIL
behaviour,HOUSE
behind,HOUSE
beige,
beijing,TALKING
being,TALKING
beirut,GET
belarus,LOOK
beleaguered,LOOK
belfast,RAIL GET
belgium,RAIL
belgrave,RAIL RUN
belief,LOOK
believable,LOOK RAIL
believe,LOOK
believed,LOOK
believer,LOOK
believers,LOOK
belike,NOT_IN_CMU_DICT
belize,LOOK
belkin,RAIL
bell,RAIL
bella,LOOK
belle,RAIL
bellflower,RAIL LOOK
bellows,LOOK
bellwether,RAIL THIS
belly,LOOK
belong,LOOK TALKING
beloved,LOOK
below,LOOK
belt,RAIL GET
beluga,LOOK
belushi,LOOK
belvedere,RAIL
bemba,NOT_IN_CMU_DICT
ben,
benares,NOT_IN_CMU_DICT
bench,
benchmark,
bend,
beneath,THINK
benedictine,
beneficial,RAIL
benefit,GET
benefits,
benelux,LOOK
bengali,TALKING LOOK
benghazi,NOT_IN_CMU_DICT
benidorm,NOT_IN_CMU_DICT
benign,
benignly,LOOK
benjamin,
bennett,GET
bent,GET
beograd,NOT_IN_CMU_DICT
bere,
bergamot,NOT_IN_CMU_DICT
bergen,
bergerac,NOT_IN_CMU_DICT
bering,TALKING
berkeley,LOOK
berlin,LOOK
berlioz,LOOK
bermuda,
bernard,
berry,
berth,THINK
bertha,THINK
beseech,
beside,
best,GET
best-selling,NOT_IN_CMU_DICT
bestiality,LOOK WATER
bestsellers,LOOK
bet,GET
beta,WATER
betcha,
beth,THINK
bethesda,THINK
bethlehem,THINK LOOK HOUSE
bethnal,NOT_IN_CMU_DICT
beto,NOT_IN_CMU_DICT
betroth,NOT_IN_CMU_DICT
better,WATER
betting,WATER TALKING
betty,WATER
between,
beulah,LOOK
beverage,RUN
beverly,LOOK
beware,
beyfus,NOT_IN_CMU_DICT
beyond,
bezel,NOT_IN_CMU_DICT
bhaji,NOT_IN_CMU_DICT
bhutan,WATER
bianca,
bias,
biases,
bible,RAIL
biblical,LOOK RAIL
bibliographic,LOOK RUN
bibliography,LOOK RUN
biceps,
bickersteth,NOT_IN_CMU_DICT
bicycle,RAIL
bid,
bidder,
bidding,TALKING
bidet,NOT_IN_CMU_DICT
bieber,
bier,
big,
bigger,
biggest,GET
biggie,
bigmouth,NOT_IN_CMU_DICT
bigot,GET
bigoted,WATER
bigotry,RUN
bike,
biker,
bikini,
bilharzia,NOT_IN_CMU_DICT
billboard,RAIL
billfold,RAIL
billion,RAIL
billionaire,RAIL
billy,LOOK
bin,
binary,
binaural,NOT_IN_CMU_DICT
bind,
bingo,TALKING
bio,
biochemistry,RUN
biodiversity,WATER
biofuels,NOT_IN_CMU_DICT
biography,RUN
biological,LOOK RAIL
biologist,LOOK GET
biologists,LOOK
biology,LOOK
biomass,
biophysics,
biopic,
biorhythm,NOT_IN_CMU_DICT
biosphere,
biotechnology,WATER LOOK
biowaste,NOT_IN_CMU_DICT
bipolar,LOOK
birch,
bird,
birdbath,NOT_IN_CMU_DICT
birdie,
birdwatcher,
birmingham,TALKING HOUSE
birth,THINK
birthday,THINK
birther,NOT_IN_CMU_DICT
birthmark,THINK
birthrate,THINK RUN GET
birthright,THINK RUN GET
birthstone,NOT_IN_CMU_DICT
biscuit,GET
biscuits,
bishop,
bissau,NOT_IN_CMU_DICT
bit,GET
bitch,
bite,GET
bites,
bithynia,NOT_IN_CMU_DICT
bitmap,NOT_IN_CMU_DICT
bitten,WATER
bitter,WATER
bittersweet,WATER GET
biunique,NOT_IN_CMU_DICT
biuniqueness,NOT_IN_CMU_DICT
biweekly,LOOK
biz,
bizarre,
bizrate,GET
blabbermouth,NOT_IN_CMU_DICT
black,LOOK
blackadder,NOT_IN_CMU_DICT
blackberry,LOOK
blackboard,LOOK
blackjack,LOOK
blackmail,LOOK RAIL
blade,LOOK
blades,LOOK
blah,LOOK
blair,LOOK
blaire,NOT_IN_CMU_DICT
blairgowrie,NOT_IN_CMU_DICT
blake,LOOK
blame,LOOK
blamed,LOOK
blank,LOOK
blanket,LOOK GET
blast,LOOK GET
blatant,LOOK WATER GET
blatantly,LOOK WATER
blather,LOOK THIS
blawith,NOT_IN_CMU_DICT
blaydon,LOOK
blazer,LOOK
bleach,LOOK
bleak,LOOK
bleary,LOOK
bleeding,LOOK TALKING
blend,LOOK
bless,LOOK
blesses,LOOK
blew,LOOK
blimey,NOT_IN_CMU_DICT
blind,LOOK
blindly,LOOK
blink,LOOK
bliss,LOOK
blithely,LOOK THINK
blithering,NOT_IN_CMU_DICT
blithesome,NOT_IN_CMU_DICT
blitzkrieg,LOOK RUN
blob,LOOK
block,LOOK
blockbuster,LOOK
blocking,LOOK TALKING
bloemfontein,NOT_IN_CMU_DICT
blog,LOOK
blogger,LOOK
bloggers,LOOK
bloggers,LOOK
blogging,LOOK TALKING
blogging,LOOK TALKING
blogosphere,LOOK
blogs,LOOK
blogs,LOOK
blond,LOOK
blonde,LOOK
blood,LOOK
blood-bath,NOT_IN_CMU_DICT
blood-poisoning,NOT_IN_CMU_DICT
blood-pressure,NOT_IN_CMU_DICT
blood-transfusion,NOT_IN_CMU_DICT
blood-type,NOT_IN_CMU_DICT
bloodbaths,NOT_IN_CMU_DICT
bloodhound,LOOK HOUSE
bloody,LOOK
bloom,LOOK
bloomberg,LOOK
bloor,LOOK
blotchy,LOOK
blouse,LOOK
blow,LOOK
blowfish,LOOK
blowfly,NOT_IN_CMU_DICT
blowjob,LOOK
blown,LOOK
blows,LOOK
blowtorch,LOOK WATER
bludgeoned,LOOK
blue,LOOK
bluebeard,LOOK
bluebells,LOOK RAIL
blueberry,LOOK
blues,LOOK
bluetooth,LOOK WATER THINK
blumenthal,LOOK THINK RAIL
blur,LOOK
blurb,LOOK
blurred,LOOK
blurring,LOOK TALKING
blurry,LOOK
blush,LOOK
blusher,NOT_IN_CMU_DICT
blvd,LOOK
blythe,LOOK THIS
bmw,RAIL
boa,
boar,
board,
boarder,
boarding,TALKING
boardwalk,
boas,
boat,GET
boateng,NOT_IN_CMU_DICT
boaz,
bob,
bobby,
boccaccio,NOT_IN_CMU_DICT
bodega,
bodge,NOT_IN_CMU_DICT
bodhran,NOT_IN_CMU_DICT
bodied,
body,
body-builder,NOT_IN_CMU_DICT
body-snatchers,NOT_IN_CMU_DICT
bodywork,NOT_IN_CMU_DICT
bog,
bogey,
boggle,RAIL
boggles,RAIL
bogus,
boil,RAIL
boiler,LOOK
boing,NOT_IN_CMU_DICT
boink,
boise,
bold,RAIL
bolitho,LOOK THINK
bolivia,LOOK
bollywood,LOOK
bolshie,NOT_IN_CMU_DICT
bolt,RAIL GET
bolton,RAIL
bomb,
bombardier,
bombing,TALKING
bombshell,RAIL
bon,
bonanza,
bond,
bondage,
bonding,TALKING
bone,
bonfire,
bonnie,
bonus,
boo,
boo-boo,NOT_IN_CMU_DICT
boob,
boogie,
boojum,NOT_IN_CMU_DICT
book,
book-club,NOT_IN_CMU_DICT
booker,
bookkeeping,TALKING
booklet,LOOK GET
bookmark,
bookshop,
bookstore,
bool,NOT_IN_CMU_DICT
boolean,LOOK
boom,
boong,NOT_IN_CMU_DICT
boor,
boorish,
boorishly,NOT_IN_CMU_DICT
boorishness,
boors,
boost,GET
boot,GET
boot-camp,NOT_IN_CMU_DICT
booth,THINK
booths,THINK
bootleg,LOOK
boots,
booty,WATER
booze,
borax,
bordeaux,
border,
borderline,LOOK
bore,
bored,
boredom,
boring,TALKING
bork,
born,
borne,
borneo,
boron,
borough,
borrow,
borrowed,
borzois,NOT_IN_CMU_DICT
bosch,
bosnia,
bosom,
boss,
boston,
bosworth,THINK
botch,
both,THINK
botham,THINK
bother,THIS
botheration,NOT_IN_CMU_DICT
bothering,THIS TALKING
bothers,THIS
botswana,
bottle,WATER RAIL
bottom,WATER
botulism,LOOK
bouffant,NOT_IN_CMU_DICT
bougainvillea,LOOK
bought,GET
bougie,
boulder,RAIL
boulevard,LOOK
boulevard,LOOK
boulogne,NOT_IN_CMU_DICT
bounce,
bound,
boundary,RUN
bouquet,
bourbon,
bourdain,NOT_IN_CMU_DICT
bourdon,NOT_IN_CMU_DICT
bourgeois,
bourgeoisie,
bourgeouisie,NOT_IN_CMU_DICT
bourn,
bourne,
bournemouth,NOT_IN_CMU_DICT
bourse,
boursin,NOT_IN_CMU_DICT
bout,GET
boutique,WATER
bouzouki,NOT_IN_CMU_DICT
bow,
bow-wow,NOT_IN_CMU_DICT
bowater,WATER
bowden,
bowel,RAIL
bower,
bowery,
bowes,
bowker,
bowl,RAIL
bowman,
bowra,NOT_IN_CMU_DICT
bows,
bowsaw,NOT_IN_CMU_DICT
bowser,
bowshot,NOT_IN_CMU_DICT
bowstring,NOT_IN_CMU_DICT
bowyer,
boxes,
boxing-gloves,NOT_IN_CMU_DICT
boxing-match,NOT_IN_CMU_DICT
boy,
boyce,
boycott,GET
boyd,
boyega,NOT_IN_CMU_DICT
boyfriend,RUN
boyle,RAIL
bra,RUN
bracelet,RUN LOOK GET
bracket,RUN GET
brad,RUN
bradford,RUN
bradley,RUN LOOK
brady,RUN
braemar,NOT_IN_CMU_DICT
braggadocio,RUN
brahmanic,NOT_IN_CMU_DICT
brahmin,RUN
braille,RUN RAIL
brain,RUN
braintree,RUN
brake,RUN
branch,RUN
branches,RUN
brandon,RUN
brass,RUN
brasserie,RUN
bravado,RUN
brave,RUN
braver,RUN
bravo,RUN
brawny,RUN
brazen,RUN
brazil,RUN RAIL
brazilian,RUN RAIL
breach,RUN
bread,RUN
breadbasket,RUN GET
breadcrumbs,NOT_IN_CMU_DICT
breadstuffs,NOT_IN_CMU_DICT
break,RUN
break-in,RUN
break-up,NOT_IN_CMU_DICT
breakdown,RUN
breakers,RUN
breakfast,RUN GET
breakthrough,RUN THINK
breakwater,RUN WATER
bream,RUN
brearley,RUN LOOK
breast,RUN GET
breastfeeding,RUN TALKING
breath,RUN THINK
breathe,RUN THIS
breathes,RUN THIS
breathtaking,RUN THINK TALKING
bred,RUN
breech,RUN
breed,RUN
breeze,RUN
brereton,NOT_IN_CMU_DICT
brethren,RUN THIS
brett,RUN GET
breughel,NOT_IN_CMU_DICT
brewer,RUN
brewery,RUN
brezhnev,RUN
brian,RUN
brick,RUN
bridal,RUN RAIL
bride,RUN
bridegroom,RUN
bridesmaids,RUN
bridge,RUN
bridgwater,NOT_IN_CMU_DICT
bridle-path,NOT_IN_CMU_DICT
bridle-paths,NOT_IN_CMU_DICT
brie,RUN
brief,RUN
briefly,RUN LOOK
brierley,RUN LOOK
brigade,RUN
brigadier,RUN
bright,RUN GET
brightly,RUN LOOK
brighton,RUN WATER
brigitte,RUN GET
brilliant,RUN RAIL GET
brilliantly,RUN RAIL LOOK
bring,RUN TALKING
bring,RUN TALKING
bringing,RUN TALKING
bringing,RUN TALKING
brings,RUN TALKING
brings,RUN TALKING
brisbane,RUN
bristol,RUN RAIL
britain,RUN WATER
britannica,RUN WATER
british,RUN WATER
britney,RUN
broach,RUN
broad,RUN
broadband,RUN
broadcast,RUN GET
broadly,RUN LOOK
broadminded,NOT_IN_CMU_DICT
broadmoor,NOT_IN_CMU_DICT
broadsheet,NOT_IN_CMU_DICT
broadsword,RUN
broadway,RUN
brochure,RUN
brogues,NOT_IN_CMU_DICT
broke,RUN
broken,RUN
broker,RUN
bromsgrove,NOT_IN_CMU_DICT
brontosaurus,RUN
bronze,RUN
brooch,RUN
brood-mares,NOT_IN_CMU_DICT
brook,RUN
brooklyn,RUN LOOK
brophy,RUN
bros,NOT_IN_CMU_DICT
broth,RUN THINK
brother,RUN THIS
brother-in-law,RUN THIS LOOK
brotherhood,RUN THIS HOUSE
brought,RUN GET
brow,RUN
browbeaten,NOT_IN_CMU_DICT
brown,RUN
brownie,RUN
browse,RUN
browser,RUN
broxbourne,NOT_IN_CMU_DICT
bruce,RUN
bruges,RUN
bruise,RUN
brummie,NOT_IN_CMU_DICT
brunette,RUN GET
bruno,RUN
brunswick,RUN
brush,RUN
brush-up,NOT_IN_CMU_DICT
brussels,RUN RAIL
brutal,RUN WATER RAIL
bryan,RUN
bryant,RUN GET
bubble,RAIL
bubblegum,NOT_IN_CMU_DICT
buchanan,
buck,
bucket,GET
buckingham,TALKING HOUSE
buckwheat,GET
bucolic,LOOK
bud,
budapest,GET
buddha,
buddy,
budget,GET
budgetary,WATER
budgie,NOT_IN_CMU_DICT
budgies,NOT_IN_CMU_DICT
budweiser,
buff,
buffalo,LOOK
buffer,
buffet,GET
bug,
buganda,NOT_IN_CMU_DICT
bugatti,WATER
bugger,
buggers,
buggy,
bugle,RAIL
bugler,NOT_IN_CMU_DICT
build,RAIL
build-up,RAIL
building,RAIL TALKING
built,RAIL GET
built-up,NOT_IN_CMU_DICT
bukkake,
bukowski,
bulb,RAIL
bulbs,RAIL
bulgaria,RAIL
bulgarian,RAIL
bulk,RAIL
bull,RAIL
bulldog,RAIL
bullet,LOOK GET
bulletin,LOOK WATER
bullets,LOOK
bulrush,RAIL RUN
bulwer,NOT_IN_CMU_DICT
bumblebee,RAIL
bump,
bumper,
bunch,
bundist,NOT_IN_CMU_DICT
bundle,RAIL
bungalow,TALKING LOOK
bungalows,TALKING LOOK
bungee,
bunk,
bunny,
burbank,
burberry,NOT_IN_CMU_DICT
burch,
burden,
bureau,
bureaucracy,RUN
burette,NOT_IN_CMU_DICT
burford,
burger,
burgess,
burgh,NOT_IN_CMU_DICT
burglar,LOOK
burglary,LOOK
burgoyne,
burgundy,
buried,
burke,
burley,LOOK
burlington,LOOK TALKING
burma,
burn,
burning,TALKING
burns,
burnt,GET
burpee,
burro,
burrows,
burry,
burst,GET
burton,WATER
burundi,
burwell,RAIL
bus,
busby,
buscemi,
bused,GET
buses,
bush,
bushcraft,NOT_IN_CMU_DICT
bushey,
bushido,NOT_IN_CMU_DICT
bushnell,RAIL
bushy,
business,
businesses,
bust,GET
busty,
busy,
but,GET
butch,
butcher,
butchery,
butler,LOOK
butt,GET
butter,WATER
buttercup,WATER
butterfly,WATER LOOK
butterscotch,WATER
butterworth,WATER THINK
button,WATER
buy,
buyer,
buzz,
buzzard,
buzzer,
buzzing,TALKING
by,
by-paths,NOT_IN_CMU_DICT
by-product,NOT_IN_CMU_DICT
by-your-leave,NOT_IN_CMU_DICT
bye,
byfleet,NOT_IN_CMU_DICT
bygone,
bylaws,LOOK
bypass,
byroad,NOT_IN_CMU_DICT
byron,
byte,GET
byway,
byword,
cab,
cabbage,
cabdriver,RUN
cabin,
cabinet,GET
cable,RAIL
cabled,RAIL
cache,
cached,GET
cad,
cadaver,
cadillac,LOOK
caesura,NOT_IN_CMU_DICT
cafe,
caffeine,
cage,
cagey,
caiman,NOT_IN_CMU_DICT
caird,NOT_IN_CMU_DICT
cairn,
cairngorm,NOT_IN_CMU_DICT
cairns,
cairo,
caister,NOT_IN_CMU_DICT
caithness,NOT_IN_CMU_DICT
cake,
cakewalk,NOT_IN_CMU_DICT
cal,RAIL
calcium,RAIL
calculate,RAIL LOOK GET
calculated,RAIL LOOK WATER
calculation,RAIL LOOK
calculator,RAIL LOOK WATER
calculus,RAIL LOOK
calder,RAIL
caleb,LOOK
calendar,LOOK
calf,
calf-love,NOT_IN_CMU_DICT
calgary,RAIL
calibration,LOOK RUN
california,LOOK
call,RAIL
calling,LOOK TALKING
calm,RAIL
calmly,LOOK RAIL
caltrop,NOT_IN_CMU_DICT
calve,NOT_IN_CMU_DICT
calves,
calvin,RAIL
cam,
camberwell,NOT_IN_CMU_DICT
cambodia,
camborne,NOT_IN_CMU_DICT
cambourne,NOT_IN_CMU_DICT
cambridge,RUN
camcorder,
camcorders,
camcorders,
came,
camel,RAIL
camera,RUN
cameron,
cameroon,
camouflage,LOOK
camp,
campaign,
campbell,RAIL
campfire,
camping,TALKING
campsite,GET
campus,
can,
can't,GET
canada,
canadian,
canal,RAIL
canary,
canberra,
cancel,RAIL
cancellation,LOOK
cancelled,RAIL
cancer,
candidate,GET
candle,RAIL
candy,
cannoli,NOT_IN_CMU_DICT
cannon,
cannot,GET
canoeing,TALKING
canon,
canonical,RAIL
cant,GET
cantata,WATER
canterbury,
cantors,
canvas,
canyon,
cap,
capability,LOOK WATER
capable,RAIL
capacity,WATER
cape,
capital,WATER RAIL
capitalism,WATER LOOK
capitalist,WATER LOOK GET
capitol,WATER RAIL
capped,GET
cappuccino,
captain,
captcha,NOT_IN_CMU_DICT
capture,
captured,
capuche,NOT_IN_CMU_DICT
capuchin,NOT_IN_CMU_DICT
car,
car-ferry,NOT_IN_CMU_DICT
carb,
carbon,
carbonic,
carboxyl,NOT_IN_CMU_DICT
carbuncle,NOT_IN_CMU_DICT
carburetor,WATER
carcinogen,
card,
card-carrying,NOT_IN_CMU_DICT
cardboard,
cardiac,
cardiff,
cardigan,
cardiovascular,LOOK
cardsharper,NOT_IN_CMU_DICT
care,
cared,
career,
careers,
carefree,RUN
careful,RAIL
carefully,LOOK
carefulness,RAIL
careladen,NOT_IN_CMU_DICT
careless,LOOK
carelessly,LOOK
caremark,
carer,
caretaker,
careworn,NOT_IN_CMU_DICT
carey,
carfare,NOT_IN_CMU_DICT
carfax,NOT_IN_CMU_DICT
cargo,
caribbean,
caricature,
caricatured,
caring,TALKING
carl,RAIL
carla,LOOK
carleen,LOOK
carlo,LOOK
carlos,LOOK
carlton,RAIL
carmaker,
carmen,
carmichael,RAIL
carnaby,NOT_IN_CMU_DICT
carnation,
carnegie,
carney,
carnival,RAIL
carnivorous,
carol,RAIL
carolina,LOOK
caroline,LOOK
carp,
carpathian,NOT_IN_CMU_DICT
carpenter,
carpet,GET
carpology,NOT_IN_CMU_DICT
carr,
carriage,
carrie,
carried,
carrier,
carrier-bag,NOT_IN_CMU_DICT
carrier-bags,NOT_IN_CMU_DICT
carroll,RAIL
carrot,GET
carrot,GET
carrots,
carrots,
carruthers,THIS
carry,
carry-on,NOT_IN_CMU_DICT
carson,
carstairs,NOT_IN_CMU_DICT
cart,GET
carthage,THINK
carthew,NOT_IN_CMU_DICT
carthusian,NOT_IN_CMU_DICT
cartoon,
cartouche,NOT_IN_CMU_DICT
cartridge,RUN
carvery,NOT_IN_CMU_DICT
carving,TALKING
carving-fork,NOT_IN_CMU_DICT
carving-knife,NOT_IN_CMU_DICT
cary,
carzey,NOT_IN_CMU_DICT
casa,
cascade,
case,
cased,NOT_IN_CMU_DICT
casey,
cash,
cashier,
cashiers,
cashmere,
casino,
casio,
cask,
casket,GET
cassava,NOT_IN_CMU_DICT
cassette,GET
cassie,
cassis,
cast,GET
cast-iron,NOT_IN_CMU_DICT
castile,RAIL
casting,TALKING
castle,RAIL
castleford,NOT_IN_CMU_DICT
casual,RAIL
casually,LOOK
casualty,RAIL
cat,GET
catacomb,WATER
catalog,WATER LOOK
catalogue,WATER LOOK
catalpa,NOT_IN_CMU_DICT
catalyst,WATER LOOK GET
catapult,WATER RAIL GET
catastrophe,WATER RUN
catastrophic,WATER RUN
catch,
catch-as-catch-can,NOT_IN_CMU_DICT
catch-up,NOT_IN_CMU_DICT
catches,
cate,GET
categorically,WATER LOOK
category,WATER
caterham,NOT_IN_CMU_DICT
catering,WATER TALKING
caterpillar,WATER LOOK
catfood,NOT_IN_CMU_DICT
cathay,THINK
cathcart,THINK GET
cathedral,THINK RUN RAIL
catherine,THINK RUN
catheter,THINK WATER
catholic,THINK LOOK
cathy,THINK
cattle,WATER RAIL
catwalk,
caucasian,
caucasus,
caught,GET
cauliflower,LOOK
causal,RAIL
causality,LOOK WATER
causation,
cause,
caused,
caustic,
causticity,NOT_IN_CMU_DICT
caution,
cautioned,
cavalier,LOOK
cavalry,RAIL RUN
cave,
caveat,GET
cavendish,
cavill,NOT_IN_CMU_DICT
cavity,WATER
cawdor,NOT_IN_CMU_DICT
cawood,
cayman,
cdna,NOT_IN_CMU_DICT
cdt,NOT_IN_CMU_DICT
cease,
ceased,GET
ceases,
ceasing,TALKING
cedar,
ceiling,LOOK TALKING
celeb,LOOK
celebrate,LOOK RUN GET
celebrated,LOOK RUN WATER
celebration,LOOK RUN
celebrity,LOOK RUN WATER
celebs,LOOK
celina,LOOK
cellophane,LOOK
cellular,RAIL LOOK
celtic,RAIL
cement,GET
cement,GET
cement,GET
cemetery,WATER
censor,
censored,
censoring,TALKING
censorious,NOT_IN_CMU_DICT
censors,
censorship,
censure,
census,
cent,GET
centaurus,NOT_IN_CMU_DICT
centaury,NOT_IN_CMU_DICT
center,
centilitre,NOT_IN_CMU_DICT
centime,
centimetre,WATER
centrally,RUN LOOK
centre,
centrifugal,RUN RAIL
centrifugation,NOT_IN_CMU_DICT
centrifuge,RUN
century,
ceo,
cephalothorax,NOT_IN_CMU_DICT
ceramic,
ceremony,
certain,WATER
certainly,WATER LOOK
certainty,WATER
certificate,WATER GET
certification,WATER
certified,WATER
cfr,NOT_IN_CMU_DICT
cgi,
cha-cha,NOT_IN_CMU_DICT
chad,
chaff,
chafing,TALKING
chain,
chainsaws,
chair,
chair-lift,NOT_IN_CMU_DICT
chairman,
chairmen,
chairs,
chairwoman,
chalets,LOOK
chalk,
challenge,LOOK
challenged,LOOK
chamber,
chambers,
champagne,
champion,
championship,
chan,
chance,
chancellor,LOOK
chandelier,LOOK
change,
changed,
changelog,NOT_IN_CMU_DICT
changeover,
channel,RAIL
chaos,
chaotic,WATER
chap,
chapel,RAIL
chaps,
char,
character,
characteristic,
characterization,
characterize,
characterized,
charcoal,RAIL
charge,
charged,
charger,
charitable,WATER RAIL
charity,WATER
charles,RAIL
charleston,RAIL
charlie,LOOK
charlotte,LOOK GET
charm,
charmaine,
charming,TALKING
chart,GET
charwoman,
chas,
chase,
chassis,
chauffeur,
cheadle,RAIL
cheap,
cheaply,LOOK
cheapside,NOT_IN_CMU_DICT
cheat,GET
check,
checklist,LOOK GET
checkout,GET
checkpoint,GET
cheek,
cheeky,
cheer,
cheerful,RAIL
cheering,TALKING
cheerleader,LOOK
cheers,
cheery,
cheese,
chef,
chekhov,
chelsea,RAIL
chem,
chemical,RAIL
chemist,GET
chemistry,RUN
chemists,
chemolysis,NOT_IN_CMU_DICT
chen,
cheque,
cherish,
cherry,
cherwell,NOT_IN_CMU_DICT
cheshire,
chess,
chest,GET
chest,GET
chester,
chester,
chesterfield,RAIL
chestnut,GET
chevrolet,RUN LOOK
chevy,
chew,
chewed,
chewing,TALKING
chewing-gum,NOT_IN_CMU_DICT
chews,
chewy,
chi,
chi-chi,NOT_IN_CMU_DICT
chia,
chic,
chicago,
chick,
chickadee,NOT_IN_CMU_DICT
chicken,
chickpea,NOT_IN_CMU_DICT
chief,
chiffchaff,NOT_IN_CMU_DICT
child,RAIL
child-bearing,NOT_IN_CMU_DICT
childhood,RAIL HOUSE
childish,RAIL
children,RAIL RUN
childrens,RAIL RUN
childrens,RAIL RUN
chile,LOOK
chili,LOOK
china,
chinese,
chip,
chipmunk,
chippewa,
chiropractic,RUN
chit-chat,NOT_IN_CMU_DICT
cho,
chocho,NOT_IN_CMU_DICT
chocolate,LOOK GET
chocolatey,NOT_IN_CMU_DICT
choice,
choir,
cholesterol,LOOK RAIL
choose,
chop,
chopped,GET
chopping,TALKING
chops,
choral,RAIL
chorale,RAIL
chord,
chorus,
chose,
chosen,
chow-chow,NOT_IN_CMU_DICT
chris,RUN
christ,RUN GET
christian,RUN
christianity,RUN WATER
christina,RUN
christine,RUN
christmas,RUN
christopher,RUN
chrome,RUN
chronic,RUN
chronicle,RUN RAIL
chronograph,NOT_IN_CMU_DICT
chronological,RUN LOOK RAIL
chrysler,RUN LOOK
chubby,
chuck,
chugalug,NOT_IN_CMU_DICT
chukchee,NOT_IN_CMU_DICT
chunk,
chunks,
chunky,
church,
churches,
churchill,RAIL HOUSE
churro,NOT_IN_CMU_DICT
chutzpa,NOT_IN_CMU_DICT
chuvash,NOT_IN_CMU_DICT
chuzzlewit,NOT_IN_CMU_DICT
cia,
cialis,LOOK
ciao,
ciba,
cider,
cigarette,GET
ciggie,NOT_IN_CMU_DICT
cimetidine,NOT_IN_CMU_DICT
cincinnati,WATER
cindy,
cinema,
cingular,LOOK
cinquefoils,NOT_IN_CMU_DICT
cir,NOT_IN_CMU_DICT
circa,
circle,RAIL
circuit,GET
circuitry,RUN
circular,LOOK
circulate,LOOK GET
circulated,LOOK WATER
circulates,LOOK
circulating,LOOK WATER TALKING
circulation,LOOK
circumcision,
circumstance,
circumstances,
circumstantial,RAIL
circumstantiate,NOT_IN_CMU_DICT
circus,
cisco,
citation,WATER
cite,GET
cited,WATER
cither,NOT_IN_CMU_DICT
citizen,WATER
citizenship,WATER
city,WATER
citysearch,WATER
ciudad,
civic,
civil,RAIL
civilian,RAIL
civilization,LOOK
civilize,LOOK
civilized,LOOK
civilizes,NOT_IN_CMU_DICT
civilizing,NOT_IN_CMU_DICT
clad,LOOK
claim,LOOK
claims,LOOK
clair,LOOK
claire,LOOK
clairvoyant,LOOK GET
clan,LOOK
clara,LOOK
clare,LOOK
claremont,LOOK GET
clarification,LOOK
clarified,LOOK
clarifies,LOOK
clarify,LOOK
clarifying,LOOK TALKING
clarity,LOOK WATER
clark,LOOK
clarke,LOOK
clarkson,LOOK
clash,LOOK
clashes,LOOK
class,LOOK
classes,LOOK
classic,LOOK
classical,LOOK RAIL
classification,LOOK
classified,LOOK
classifieds,LOOK
classifieds,LOOK
classifies,LOOK
classify,LOOK
classifying,LOOK TALKING
classroom,LOOK RUN
clause,LOOK
clavier,NOT_IN_CMU_DICT
clawback,NOT_IN_CMU_DICT
claws,LOOK
clay,LOOK
claydon,NOT_IN_CMU_DICT
claypan,NOT_IN_CMU_DICT
clean,LOOK
cleancut,NOT_IN_CMU_DICT
cleanly,LOOK
cleanup,LOOK
clear,LOOK
clear-cut,LOOK GET
clear-sighted,NOT_IN_CMU_DICT
clearance,LOOK
clearcole,NOT_IN_CMU_DICT
cleared,LOOK
clearer,LOOK
clearest,LOOK GET
clearly,LOOK
clearness,LOOK
clearwater,LOOK WATER
clearway,NOT_IN_CMU_DICT
cleethorpe,NOT_IN_CMU_DICT
clegg,LOOK
clerestories,NOT_IN_CMU_DICT
clerk,LOOK
cleveland,LOOK
clever,LOOK
cleverer,LOOK
cleverest,NOT_IN_CMU_DICT
cliche,LOOK
click,LOOK
client,LOOK GET
cliff,LOOK
climate,LOOK GET
climb,LOOK
climbing,LOOK TALKING
clingy,NOT_IN_CMU_DICT
clinic,LOOK
clinical,LOOK RAIL
clinton,LOOK
clip,LOOK
clip-joint,NOT_IN_CMU_DICT
clique,LOOK
clive,LOOK
clock,LOOK
clock-tower,NOT_IN_CMU_DICT
clock-watching,NOT_IN_CMU_DICT
clog,LOOK
clogs,LOOK
clone,LOOK
clooney,LOOK
close,LOOK
close,LOOK
close-up,LOOK
closed,LOOK
closed-door,NOT_IN_CMU_DICT
closely,LOOK
closer,LOOK
closes,LOOK
closes,LOOK
closest,LOOK GET
closet,LOOK GET
closing,LOOK TALKING
closure,LOOK
closures,LOOK
cloth,LOOK THINK
clothe,LOOK THIS
clothes,LOOK THIS
clothes-hangers,NOT_IN_CMU_DICT
clothing,LOOK THIS TALKING
cloture,LOOK
cloud,LOOK
cloudy,LOOK
clough,LOOK
cloys,NOT_IN_CMU_DICT
club,LOOK
clue,LOOK
clues,LOOK
clumsy,LOOK
clung,LOOK TALKING
cluster,LOOK
clutch,LOOK
cnet,GET
cnn,
co-op,
co-respondent,NOT_IN_CMU_DICT
co-star,NOT_IN_CMU_DICT
co-starring,NOT_IN_CMU_DICT
co-worker,
coach,
coachella,NOT_IN_CMU_DICT
coaches,
coal,RAIL
coalbunker,NOT_IN_CMU_DICT
coalition,LOOK
coalseam,NOT_IN_CMU_DICT
coarse-grained,NOT_IN_CMU_DICT
coarsely,NOT_IN_CMU_DICT
coarsen,NOT_IN_CMU_DICT
coarseness,NOT_IN_CMU_DICT
coarser,
coast,GET
coastal,RAIL
coat,GET
coat-hanger,NOT_IN_CMU_DICT
coauthor,THINK
cobalt,RAIL GET
cobbler,LOOK
cobblers,LOOK
cobweb,
coca-cola,LOOK
cocaine,
cochin,
cock,
cockroach,RUN
cocktail,RAIL
coco,
cocoa,
coconut,GET
cod,
code,
coffee,
coffee-house,NOT_IN_CMU_DICT
coffer,
coffey,
coffin,
cogency,
cogent,GET
cognitive,WATER
cohabitation,HOUSE WATER
cohen,
cohere,HOUSE
coherent,HOUSE GET
cohosh,NOT_IN_CMU_DICT
coiffure,NOT_IN_CMU_DICT
coil,RAIL
coin,
coincide,
coincidence,
coir,NOT_IN_CMU_DICT
coke,
cold,RAIL
coldblooded,NOT_IN_CMU_DICT
coldstream,NOT_IN_CMU_DICT
cole,RAIL
coleman,RAIL
coleraine,NOT_IN_CMU_DICT
colin,LOOK
coliseum,LOOK
collaboration,LOOK
collaborative,LOOK WATER RUN
collapse,LOOK
collapsed,LOOK GET
collar,LOOK
collate,LOOK GET
collated,NOT_IN_CMU_DICT
collates,NOT_IN_CMU_DICT
collating,NOT_IN_CMU_DICT
colleague,LOOK
collect,LOOK GET
collectables,NOT_IN_CMU_DICT
collectible,LOOK RAIL
collection,LOOK
collective,LOOK
collector,LOOK
college,LOOK
collegiate,LOOK GET
collins,LOOK
collision,LOOK
collywobbles,NOT_IN_CMU_DICT
colne,NOT_IN_CMU_DICT
colney,NOT_IN_CMU_DICT
cologne,LOOK
colombia,LOOK
colon,LOOK
colonial,LOOK RAIL
colony,LOOK
color,LOOK
colorado,LOOK
colorful,LOOK RAIL
colour,LOOK
coloured,LOOK
colourful,NOT_IN_CMU_DICT
columba,LOOK
columbia,LOOK
columbus,LOOK
column,LOOK
columnists,LOOK
colyer,LOOK
Com,NOT_IN_CMU_DICT
com,
combat,GET
combination,
combinatorial,NOT_IN_CMU_DICT
combine,
combined,
combo,
combos,NOT_IN_CMU_DICT
come,
come-hither,NOT_IN_CMU_DICT
comedy,
comey,NOT_IN_CMU_DICT
comfort,GET
comfortable,WATER RAIL
comfortably,WATER LOOK
comic,
coming-out,NOT_IN_CMU_DICT
comm,
comma,
command,
commence,
comment,GET
commentary,
commentator,WATER
commentators,WATER
commenting,TALKING
commerce,
commercial,RAIL
commercially,LOOK
commie,
commission,
commissioner,
commit,GET
committed,WATER
committee,WATER
commodity,WATER
common,
commonly,LOOK
commonwealth,RAIL THINK
commune,
communicate,GET
communicated,WATER
communication,
communism,
communist,GET
community,WATER
commuter,WATER
comorbid,NOT_IN_CMU_DICT
comp,
compact,GET
companies,
companion,
company,
compaq,
comparable,RAIL RUN
comparative,WATER
comparatively,WATER LOOK
compare,
compared,
compares,
comparing,TALKING
comparison,
compassion,
compatibility,WATER LOOK
compatible,WATER RAIL
compeer,NOT_IN_CMU_DICT
compel,RAIL
compelled,RAIL
compelling,LOOK TALKING
compels,RAIL
compensate,GET
compensation,
compere,NOT_IN_CMU_DICT
compete,GET
competed,WATER
competence,WATER
competent,WATER GET
competition,WATER
competitive,WATER
competitor,WATER
competitors,WATER
compilation,LOOK
compile,RAIL
compiled,RAIL
compiler,LOOK
complacent,LOOK GET
complain,LOOK
complained,LOOK
complaining,LOOK TALKING
complains,LOOK
complaint,LOOK GET
complaints,LOOK
complement,LOOK GET
complementary,LOOK RUN
complete,LOOK GET
completed,LOOK WATER
completely,LOOK
completion,LOOK
complex,LOOK
complexity,LOOK WATER
compliance,LOOK
compliant,LOOK GET
complicate,LOOK GET
complicated,LOOK WATER
complicates,LOOK
complicating,LOOK WATER TALKING
complication,LOOK
complications,LOOK
compliment,LOOK GET
complimentary,LOOK
compliments,LOOK
comply,LOOK
component,GET
components,
compose,
composed,
composer,
composes,
composing,TALKING
composite,GET
composition,
composure,
compound,
compounds,
comprehend,RUN HOUSE
comprehensible,RUN HOUSE RAIL
comprehension,RUN HOUSE
comprehensive,RUN HOUSE
compress,RUN
compress,RUN
compressed,RUN GET
compresses,RUN
compresses,RUN
compressing,RUN TALKING
compression,RUN
comprise,RUN
comprised,RUN
comprises,RUN
comprising,RUN TALKING
compromise,RUN
compulsion,RAIL
compulsory,RAIL
computation,WATER
computational,WATER RAIL
compute,GET
computed,WATER
computer,WATER
computerize,WATER
computerized,WATER
computerizes,NOT_IN_CMU_DICT
computerizing,WATER TALKING
con,
concatenate,WATER GET
concatenated,WATER
concatenates,WATER
concatenating,WATER TALKING
concave,
conceal,RAIL
concealed,RAIL
concealing,LOOK TALKING
conceals,RAIL
concede,
conceivable,RAIL
conceivably,LOOK
conceive,
conceived,
conceives,NOT_IN_CMU_DICT
conceiving,TALKING
concentrate,RUN GET
concentrated,RUN WATER
concentration,RUN
concept,GET
conception,
conceptual,RAIL
concern,
concert,GET
concerted,WATER
concertgebouw,NOT_IN_CMU_DICT
concerto,
conchie,NOT_IN_CMU_DICT
concierge,
concise,
conclude,LOOK
concluded,LOOK
conclusion,LOOK
concord,
concorde,
concrete,RUN GET
concubine,
concupsicent,NOT_IN_CMU_DICT
concur,
concurrently,LOOK
condemn,
condemnation,
condemned,
condemning,TALKING
condemns,
condense,
condensed,GET
condenses,NOT_IN_CMU_DICT
condensing,TALKING
condition,
conditional,RAIL
conditions,
condo,
condom,
condone,
condors,
condos,
conduct,GET
conduct,GET
conducted,
conducted,
conducting,TALKING
conducting,TALKING
conductor,
conducts,
conf,NOT_IN_CMU_DICT
conference,RUN
confess,
confession,
confetti,WATER
confidence,
confident,GET
confidential,RAIL
confidentiality,LOOK WATER
config,NOT_IN_CMU_DICT
configuration,
configure,
configured,
confine,
confined,
confines,
confining,TALKING
confirm,
confirmation,
conflict,LOOK GET
conform,
confrere,RUN
confront,RUN GET
confronted,RUN
confronting,RUN TALKING
confronts,RUN
confuse,
confused,
confusion,
conga,TALKING
congee,NOT_IN_CMU_DICT
congest,GET
congested,
congesting,NOT_IN_CMU_DICT
congestion,
congests,NOT_IN_CMU_DICT
congo,TALKING
congrats,RUN
congratulate,RUN LOOK GET
congratulations,RUN LOOK
congress,TALKING RUN
congressional,RUN RAIL
conjecture,
conjunction,
conjunctiva,
connect,GET
connecticut,WATER GET
connection,
connectivity,WATER
connector,
connelly,LOOK
connemara,NOT_IN_CMU_DICT
connotation,WATER
connotations,WATER
conquistadors,NOT_IN_CMU_DICT
conrad,RUN
conroy,RUN
conscience,
conscious,
consciously,LOOK
consecutive,WATER
consensus,
consent,GET
consequence,
consequent,GET
consequently,LOOK
conservation,
conservative,WATER
conservatory,WATER
consider,
considerably,LOOK
considerate,GET
consideration,
consignment,GET
consist,GET
consistency,
consistent,GET
consistently,LOOK
consolation,LOOK
console,RAIL
consolidated,LOOK WATER
consolidation,LOOK
consort,GET
consortium,
conspicuous,
conspiracy,
constant,GET
constantly,LOOK
constituency,
constituent,GET
constituents,
constitute,WATER GET
constitution,WATER
constitutional,WATER RAIL
constitutionality,WATER LOOK
constrain,RUN
constrained,RUN
constraining,RUN TALKING
constrains,RUN
constraint,RUN GET
construct,RUN GET
construction,RUN
constructive,RUN
consubstantial,NOT_IN_CMU_DICT
consubstantiality,NOT_IN_CMU_DICT
consult,RAIL GET
consultancy,RAIL
consultant,RAIL GET
consultation,RAIL
consume,
consumed,
consumer,
consumes,
consuming,TALKING
consumption,
contact,GET
contain,
contamination,
contemplate,LOOK GET
contemplated,LOOK WATER
contemplates,LOOK
contemplating,LOOK WATER TALKING
contemporary,
contempt,GET
contend,
content,GET
contention,
contentious,
contents,
contest,GET
context,GET
continent,GET
continental,RAIL
continual,RAIL
continually,LOOK
continuation,
continuations,NOT_IN_CMU_DICT
continue,
continued,
continues,
continuing,TALKING
continuity,WATER
continuous,
continuously,LOOK
continuum,
contort,GET
contortion,
contour,
contoured,
contouring,NOT_IN_CMU_DICT
contours,
contraception,RUN
contract,RUN GET
contractor,RUN
contradict,RUN GET
contradicted,RUN
contradicting,RUN TALKING
contradiction,RUN
contradictory,RUN
contradicts,RUN
contralto,NOT_IN_CMU_DICT
contrary,RUN
contrast,RUN GET
contravention,RUN
contribute,RUN GET
contributed,RUN WATER
contribution,RUN
contributor,RUN WATER
contrive,RUN
contrived,RUN
contrives,NOT_IN_CMU_DICT
contriving,NOT_IN_CMU_DICT
control,RUN RAIL
controlled,RUN RAIL
controller,RUN LOOK
controlling,RUN LOOK TALKING
controversial,RUN RAIL
controversially,NOT_IN_CMU_DICT
controversy,RUN
contusion,
convenience,
convenient,GET
conveniently,LOOK
convention,
conventional,RAIL
convergence,
conversation,
converse,
converse,
conversely,LOOK
conversion,
convert,GET
convertible,WATER RAIL
convey,
convict,GET
convicted,
convicting,TALKING
conviction,
convicts,
convicts,
convince,
convinced,GET
convinces,
convincing,TALKING
convincingly,TALKING LOOK
convolution,LOOK
cooch,NOT_IN_CMU_DICT
cook,
cookbook,
cooke,
cookie,
cookies,
cool,RAIL
coolabah,NOT_IN_CMU_DICT
cooling-tower,NOT_IN_CMU_DICT
cooped,GET
cooper,
cooperate,GET
cooperate,GET
cooperation,
cooperative,WATER
coordinate,GET
coordinated,WATER
coordination,
coordinator,WATER
cop,
cope,
copenhagen,HOUSE
copied,
copper,
copy,
copyright,GET
coral,RAIL
corby,
cord,
corda,
cordelia,LOOK
cordless,LOOK
cordoba,
core,
coreferential,NOT_IN_CMU_DICT
coreligionist,NOT_IN_CMU_DICT
corfu,NOT_IN_CMU_DICT
corgi,
cork,
corkscrews,NOT_IN_CMU_DICT
corn,
corncob,
cornell,RAIL
corner,
cornflower,LOOK
cornish,
cornstarch,
cornucopia,
cornus,NOT_IN_CMU_DICT
cornwall,RAIL
coronary,
coronavirus,NOT_IN_CMU_DICT
coroner,
corp,
corporal,RAIL RUN
corporate,GET RUN
corporation,
corporeal,NOT_IN_CMU_DICT
corpse,
corpus,
correct,GET
correction,
correctly,LOOK
correlate,LOOK GET
correlation,LOOK
correspond,
correspondence,
correspondent,GET
corresponding,TALKING
corridor,
corridors,
corrosion,
corrupt,GET
corrupted,
corrupting,TALKING
corruption,
corrupts,
corsage,
corsair,
corse,
corset,GET
corsica,
cortado,NOT_IN_CMU_DICT
cortez,
corvette,GET
corvina,NOT_IN_CMU_DICT
corvine,NOT_IN_CMU_DICT
corwen,NOT_IN_CMU_DICT
cosmetic,WATER
cosmetologist,NOT_IN_CMU_DICT
cosmic,
cosmo,
cosmogeny,NOT_IN_CMU_DICT
cosmographer,NOT_IN_CMU_DICT
cosmology,LOOK
cosmos,
cost,GET
costa,
costarring,NOT_IN_CMU_DICT
costly,LOOK
costly,LOOK
costume,
cothi,NOT_IN_CMU_DICT
cotswold,NOT_IN_CMU_DICT
cottage,WATER
cotton,WATER
couch,
couchette,GET
cougar,
cough,
could,
couldn't,GET
council,RAIL
council-chamber,NOT_IN_CMU_DICT
counsel,RAIL
counselor,LOOK
count,GET
counterexample,NOT_IN_CMU_DICT
countermeasure,
countermove,
counterpart,GET
counterpoint,GET
counterpoise,NOT_IN_CMU_DICT
counterrevolutionary,LOOK
countersign,NOT_IN_CMU_DICT
countersunk,NOT_IN_CMU_DICT
countless,LOOK
country,RUN
country-house,NOT_IN_CMU_DICT
countryside,RUN
countrywide,RUN
county,
couple,RAIL
coupled,RAIL
coupon,
coupon,
coupon,
coupons,
coupons,
coupons,
courage,
courageous,
courbet,NOT_IN_CMU_DICT
courgette,NOT_IN_CMU_DICT
courier,
courland,NOT_IN_CMU_DICT
course,
court,GET
courtelle,NOT_IN_CMU_DICT
courtesy,WATER
courthouse,HOUSE
courtier,
courtyard,
courvoisier,NOT_IN_CMU_DICT
cousin,
cousins,
couture,WATER
couturier,WATER
couvade,NOT_IN_CMU_DICT
cove,
cover,
cover-charge,NOT_IN_CMU_DICT
cover-up,
coverage,RUN
coverall,RAIL
covet,GET
covey,
covid-19,NOT_IN_CMU_DICT
cow,
cowan,
cowbell,RAIL
cowberry,NOT_IN_CMU_DICT
cowbind,NOT_IN_CMU_DICT
cowbird,NOT_IN_CMU_DICT
cowboy,
cowboys,
cowcatcher,NOT_IN_CMU_DICT
cowell,RAIL
cowgill,RAIL
cowgirl,RAIL
cowl,RAIL
cowley,LOOK
cowling,LOOK TALKING
cowman,
cowpat,NOT_IN_CMU_DICT
cowpoke,NOT_IN_CMU_DICT
cowpox,NOT_IN_CMU_DICT
cowrie,NOT_IN_CMU_DICT
cows,
cowsheds,NOT_IN_CMU_DICT
cox,
coy,
coyer,
coypu,NOT_IN_CMU_DICT
cozens,NOT_IN_CMU_DICT
cozy,
cpu,
crack,RUN
crackdown,RUN
cracker-barrel,NOT_IN_CMU_DICT
cradle,RUN RAIL
craft,RUN GET
craig,RUN
craignure,NOT_IN_CMU_DICT
cramp,RUN
cramped,RUN GET
cramping,RUN TALKING
cramps,RUN
crap,RUN
craquelure,NOT_IN_CMU_DICT
crash,RUN
crashes,RUN
crass,RUN
crathorn,NOT_IN_CMU_DICT
crawfish,RUN
crawford,RUN
crawl,RUN RAIL
crawled,RUN RAIL
crawling,RUN LOOK TALKING
crawls,RUN RAIL
crayfish,RUN
crayford,NOT_IN_CMU_DICT
craze,RUN
crazy,RUN
creak,RUN
cream,RUN
create,RUN GET
creation,RUN
creative,RUN WATER
creativity,RUN WATER
creator,RUN WATER
creature,RUN
credibility,RUN LOOK WATER
credible,RUN RAIL
credit,RUN GET
creed,RUN
creek,RUN
creep,RUN
crematorium,RUN WATER
creolization,NOT_IN_CMU_DICT
crepe-paper,NOT_IN_CMU_DICT
cressida,NOT_IN_CMU_DICT
crest,RUN GET
creutzfeldt-jakob,NOT_IN_CMU_DICT
crew,RUN
crewcut,NOT_IN_CMU_DICT
crib,RUN
cricket,RUN GET
cried,RUN
cries,RUN
crime,RUN
criminal,RUN RAIL
crisis,RUN
crisp,RUN
crisps,RUN
criteria,RUN WATER
criterion,RUN WATER
critic,RUN WATER
critical,RUN WATER RAIL
criticism,RUN WATER
criticize,RUN WATER
criticized,RUN WATER
criticizes,RUN WATER
criticizing,RUN WATER TALKING
critics,RUN WATER
critique,RUN WATER
crm,
croatia,RUN
crochet,RUN
crocodile,RUN RAIL
croft,RUN GET
crook,RUN
crop,RUN
cross,RUN
cross-check,NOT_IN_CMU_DICT
crossbeam,NOT_IN_CMU_DICT
crosses,RUN
crossroad,RUN
crossroads,RUN
crosstalk,RUN
crossword,RUN
crouch,RUN
crow,RUN
crowd,RUN
crowed,RUN
crowfoot,NOT_IN_CMU_DICT
crown,RUN
crowther,RUN THIS
croydon,NOT_IN_CMU_DICT
crucial,RUN RAIL
cruciferous,NOT_IN_CMU_DICT
crude,RUN
cruel,RUN RAIL
cruelty,RUN RAIL
cruelty,RUN RAIL
cruise,RUN
cruised,RUN
crunch,RUN
crunched,RUN GET
crunches,RUN
crunchie,NOT_IN_CMU_DICT
crunching,RUN TALKING
crusader,RUN
crush,RUN
crushes,RUN
crustacean,RUN
crutches,RUN
cruz,RUN
cry,RUN
crybaby,RUN
cryptic,RUN
cryptocurrency,NOT_IN_CMU_DICT
crystal,RUN RAIL
cs,NOT_IN_CMU_DICT
cst,NOT_IN_CMU_DICT
ctrl,NOT_IN_CMU_DICT
cuba,
cube,
cubeb,NOT_IN_CMU_DICT
cubic,
cubicle,RAIL
cubisitic,NOT_IN_CMU_DICT
cuckoo,
cuckoos,
cucumber,
cudbear,NOT_IN_CMU_DICT
cuddle,RAIL
cuddly,LOOK
cudgel,RAIL
cue,
cuff,
cuff-links,NOT_IN_CMU_DICT
cufic,NOT_IN_CMU_DICT
cuisine,
cul-de-sac,RAIL
culprit,RAIL RUN GET
cult,RAIL GET
cultural,RAIL
culture,RAIL
cum,
cumberbatch,
cumbernauld,NOT_IN_CMU_DICT
cumbersome,
cumbria,NOT_IN_CMU_DICT
cumming,TALKING
cums,NOT_IN_CMU_DICT
cumshot,NOT_IN_CMU_DICT
cumulative,LOOK WATER
cunning,TALKING
cunt,GET
cup,
cupboard,
cupid,
cupidity,WATER
cupola,LOOK
cuppa,NOT_IN_CMU_DICT
cupric,NOT_IN_CMU_DICT
curate,GET
curated,WATER
curatorial,WATER RAIL
curb,
cure,
cured,
curfew,
curiosity,WATER
curious,
curiously,LOOK
curly,LOOK
curmudgeon,
currency,
current,GET
currently,LOOK
curriculum,LOOK
curry,
curry-powder,NOT_IN_CMU_DICT
curse,
cursor,
curtain,WATER
curtains,WATER
curtis,WATER
curve,
curwen,NOT_IN_CMU_DICT
curzon,NOT_IN_CMU_DICT
cushing,TALKING
cushion,
custard,
custodial,RAIL
custodian,
custody,
custom,
customary,
customer,
customise,NOT_IN_CMU_DICT
customization,NOT_IN_CMU_DICT
customize,
customized,
customs,
cut,GET
cut-and-cover,NOT_IN_CMU_DICT
cut-out,NOT_IN_CMU_DICT
cute,GET
cuthbert,THINK GET
cutie,WATER
cutlery,LOOK
cutting,WATER TALKING
cwm,NOT_IN_CMU_DICT
cyber,
cyborg,
cycle,RAIL
cycled,RAIL
cycling,LOOK TALKING
cyclist,LOOK GET
cyclists,LOOK
cyclorama,NOT_IN_CMU_DICT
cylinder,LOOK
cynic,
cynical,RAIL
cynosure,
cyprus,RUN
cyrus,
czarina,NOT_IN_CMU_DICT
czech,
dacha,
dachau,
dachshund,HOUSE
dad,
dada,
daddy,
daesh,NOT_IN_CMU_DICT
daft,GET
dahrendorf,NOT_IN_CMU_DICT
daily,LOOK
daimler,LOOK
dairy,
dairy-farm,NOT_IN_CMU_DICT
daisy,
daith,NOT_IN_CMU_DICT
dakota,WATER
dal,RAIL
dale,RAIL
dali,LOOK
dallas,LOOK
dalmatian,RAIL
daly,LOOK
dam,
damage,
damaged,
dame,
damian,
damn,
damnation,
damon,
damp,
dan,
dana,
dance,
danced,GET
dancer,
dandelion,LOOK
dandruff,RUN
danger,
dangerous,
dangerously,LOOK
daniel,RAIL
danish,
danny,
darcy,
dare,
dared,
daredevil,RAIL
daresay,
darfield,NOT_IN_CMU_DICT
daring,TALKING
darjeeling,LOOK TALKING
dark,
darling,LOOK TALKING
dartmoor,NOT_IN_CMU_DICT
darts,
darwen,NOT_IN_CMU_DICT
darwin,
darwinian,
darwinism,
dash,
dashboard,
dashes,
dasyure,NOT_IN_CMU_DICT
dat,GET
data,WATER
database,WATER
date,GET
datum,WATER
daub,
daughter,WATER
daunting,TALKING
dauphin,
dauphine,NOT_IN_CMU_DICT
dave,
davey,
david,
davidson,
davie,
davies,
davis,
dawn,
dawson,
day-care,NOT_IN_CMU_DICT
day-return,NOT_IN_CMU_DICT
daybed,NOT_IN_CMU_DICT
daybreak,RUN
daycare,
daydream,RUN
daylight,LOOK GET
dayroom,NOT_IN_CMU_DICT
days,
daytime,WATER
dayton,WATER
daytona,WATER
dazzle,RAIL
de-stalinization,NOT_IN_CMU_DICT
dead,
deadline,LOOK
deadly,LOOK
deaf,
deal,RAIL
dealership,LOOK
dealt,RAIL GET
dealtime,NOT_IN_CMU_DICT
dean,
deanna,
dear,
dearer,
dearie,NOT_IN_CMU_DICT
dearly,LOOK
dearness,NOT_IN_CMU_DICT
dearth,THINK
deary,
death,THINK
deathwatch,THINK
debatable,WATER RAIL
debate,GET
debated,WATER
debauch,NOT_IN_CMU_DICT
debauchee,NOT_IN_CMU_DICT
debbie,
debian,
debit,GET
deborah,RUN
debt,GET
debued,NOT_IN_CMU_DICT
debug,
debugger,NOT_IN_CMU_DICT
debut,
debutante,WATER GET
debutz,NOT_IN_CMU_DICT
decade,
decaf,
decay,
december,
decent,GET
decide,
decided,
decimal,RAIL
decision,
deck,
declaration,LOOK
declare,LOOK
declared,LOOK
declares,LOOK
decline,LOOK
declined,LOOK
decode,
decoded,
decodes,
decoding,TALKING
decor,
decorating,WATER TALKING
decorative,RUN WATER
decors,NOT_IN_CMU_DICT
decoys,
decrease,RUN
decreased,RUN GET
decreolize,NOT_IN_CMU_DICT
dedicate,GET
dedicated,WATER
dedicates,
dedicating,WATER TALKING
deduce,
deduced,GET
deduces,NOT_IN_CMU_DICT
deducing,NOT_IN_CMU_DICT
deduction,
deductions,
dee,
deed,
deeds,
deem,
deemed,
deeming,NOT_IN_CMU_DICT
deems,
deep,
deeply,LOOK
deer,
deerskin,
deerstalker,NOT_IN_CMU_DICT
def,NOT_IN_CMU_DICT
default,RAIL GET
defeat,GET
defect,GET
defective,
defects,
defence,
defend,
defendant,GET
defense,
defensive,
deferred,
deficiencies,
deficiency,
deficit,GET
define,
defined,
definite,GET
definitely,LOOK
definition,
definitive,WATER
defloration,NOT_IN_CMU_DICT
defraudation,NOT_IN_CMU_DICT
defy,
degenerate,GET
degenerate,GET
degradation,RUN
degrade,RUN
degraded,RUN
degree,RUN
deimos,NOT_IN_CMU_DICT
deity,WATER
del,RAIL
delaware,LOOK
delay,LOOK
delayed,LOOK
delays,LOOK
delegation,LOOK
delete,LOOK GET
deleted,LOOK WATER
deletion,LOOK
delhi,LOOK
deli,LOOK
deliberate,LOOK GET RUN
deliberately,LOOK RUN
deliberately,LOOK RUN
delicate,LOOK GET
delicious,LOOK
delight,LOOK GET
delighted,LOOK WATER
delightful,LOOK RAIL
delimiters,NOT_IN_CMU_DICT
deliver,LOOK
delivery,LOOK
dell,RAIL
deloitte,LOOK GET
delta,RAIL
deluge,RAIL
delusion,LOOK
deluxe,LOOK
dem,NOT_IN_CMU_DICT
demand,
dematerialization,NOT_IN_CMU_DICT
demented,
dementia,
demigod,NOT_IN_CMU_DICT
demimondaine,NOT_IN_CMU_DICT
demise,
demo,
democracy,RUN
democrat,RUN GET
democratic,RUN WATER
democratically,RUN WATER LOOK
demodulation,LOOK
demographic,RUN
demolish,LOOK
demolished,LOOK GET
demolishes,LOOK
demolishing,LOOK TALKING
demonstrate,RUN GET
demonstrated,RUN WATER
demonstration,RUN
demure,
den,
denaturize,NOT_IN_CMU_DICT
deneb,NOT_IN_CMU_DICT
denial,RAIL
denied,
denies,
denmark,
dennis,
denominator,WATER
denote,GET
denotes,
dense,
density,WATER
dental,RAIL
dentist,GET
dentists,
denver,
deny,
deoribonucleic,NOT_IN_CMU_DICT
department,GET
departmental,RAIL
departure,
depend,
dependence,
dependent,GET
depict,GET
deploy,LOOK
deployed,LOOK
deployment,LOOK GET
deport,GET
deposit,GET
depositing,WATER TALKING
depot,
depress,RUN
depressed,RUN GET
depresses,RUN
depressing,RUN TALKING
depression,RUN
depressurization,NOT_IN_CMU_DICT
deprive,RUN
deprived,RUN
deprives,RUN
depriving,RUN TALKING
dept,NOT_IN_CMU_DICT
depth,THINK
depth-charge,NOT_IN_CMU_DICT
deputy,WATER
der,
derailed,RAIL
derange,
deranged,
deranges,NOT_IN_CMU_DICT
deranging,NOT_IN_CMU_DICT
derby,
derek,
derision,
derivative,WATER
derive,
derived,
dermabrasion,NOT_IN_CMU_DICT
derogatory,WATER
derriere,NOT_IN_CMU_DICT
derwent,NOT_IN_CMU_DICT
descend,
descended,
descending,TALKING
descends,
describe,RUN
described,RUN
descriptive,RUN
desert,GET
deserted,WATER
deserting,WATER TALKING
deserve,
design,
designate,GET
designated,WATER
designates,
designating,WATER TALKING
designation,
designer,
desirable,RAIL
desire,
desired,
desk,
desktop,
desktops,
desktops,
desmond,
despair,
desperate,RUN GET
desperately,LOOK RUN
desperately,LOOK RUN
despise,
despite,GET
destabilization,LOOK
destination,
destine,NOT_IN_CMU_DICT
destined,
destines,NOT_IN_CMU_DICT
destining,NOT_IN_CMU_DICT
destiny,
destroy,RUN
destroyed,RUN
destroyer,RUN
destroys,RUN
destruction,RUN
destructive,RUN
detach,WATER
detach,WATER
detached,WATER GET
detached,WATER GET
detaches,WATER
detaches,WATER
detaching,NOT_IN_CMU_DICT
detail,WATER RAIL
detect,WATER GET
detection,WATER
detective,WATER
detector,WATER
deter,WATER
determination,WATER
determine,WATER
determined,WATER
deterrent,WATER GET
detour,WATER
detoured,WATER
detouring,NOT_IN_CMU_DICT
detours,WATER
detract,RUN GET
detroit,RUN GET
deutsch,
deutsche,
deutschland,LOOK
deutschmark,NOT_IN_CMU_DICT
dev,
devastate,GET
devastated,WATER
devastates,NOT_IN_CMU_DICT
devastating,WATER TALKING
devel,NOT_IN_CMU_DICT
develop,LOOK
developer,LOOK
development,LOOK GET
developmental,LOOK RAIL
deviant,GET
deviation,
device,
devil,RAIL
devious,
devise,
devised,
devises,
devising,TALKING
devoid,
devon,
devote,GET
devoted,WATER
devotes,
devoting,WATER TALKING
devotion,
devourer,NOT_IN_CMU_DICT
dew-worm,NOT_IN_CMU_DICT
dhal,NOT_IN_CMU_DICT
di,
diabetes,WATER
diablo,LOOK
diadem,
diaghilev,NOT_IN_CMU_DICT
diagnosis,
diagnostic,
diagonal,RAIL
diagram,RUN
dial,RAIL
dialect,LOOK GET
dialects,LOOK
dialog,LOOK
dialogue,LOOK
diamante,
diameter,WATER
diamond,
diana,
diane,
diarist,NOT_IN_CMU_DICT
diary,
diatribe,RUN
diaz,
dicast,NOT_IN_CMU_DICT
dice,
dick,
dicke,
dictate,GET
dictate,GET
dictator,WATER
dictator,WATER
dictatorship,WATER
dictionary,
did,
didn't,GET
didn't,GET
die,
diecast,NOT_IN_CMU_DICT
died,
diego,
dies,
diesel,RAIL
diet,GET
dietary,WATER
diff,
differ,
difference,RUN
different,GET RUN
differential,RAIL
differentiate,GET
differently,RUN LOOK
difficult,RAIL GET
difficulty,RAIL
diffusion,
diffusivity,NOT_IN_CMU_DICT
dig,
digbeth,NOT_IN_CMU_DICT
digest,GET
digested,
digestion,
digestive,
digit,GET
digital,WATER RAIL
diglossia,NOT_IN_CMU_DICT
dignity,WATER
digressed,RUN GET
digression,RUN
dildo,RAIL
dilemma,LOOK
dilithium,LOOK THINK
dim,
dimension,
dimensional,RAIL
diminution,
dimitri,RUN
dina,
dine,
dined,
diner,
dines,
dingaan,NOT_IN_CMU_DICT
dining,TALKING
dining-room,NOT_IN_CMU_DICT
dinner,
dinosaur,
dinothere,NOT_IN_CMU_DICT
dip,
diploma,LOOK
diplomatic,LOOK WATER
dir,NOT_IN_CMU_DICT
dire,
dire,
direction,
directive,
directly,LOOK
director,
directorial,RAIL
direst,GET
dirt,GET
dirty,WATER
disability,LOOK WATER
disable,RAIL
disabled,RAIL
disagree,RUN
disagreed,RUN
disagreement,RUN GET
disallow,LOOK
disappear,
disappeared,
disappoint,GET
disappointed,
disappointing,TALKING
disappointment,GET
disappoints,
disaster,
disastrous,RUN
disc,
discard,
discarded,
discarding,TALKING
discards,
discharge,
disciplinary,LOOK
discipline,LOOK
disclaimer,LOOK
disclose,LOOK
disclosure,LOOK
disco,
disconnect,GET
disconnected,
disconnecting,TALKING
disconnects,
discontinue,
discontinued,
discontinues,NOT_IN_CMU_DICT
discontinuing,TALKING
discount,GET
discount,GET
discount,GET
discounted,
discounted,
discounted,
discounts,
discounts,
discounts,
discourage,
discouraged,
discourages,
discouraging,TALKING
discourse,
discover,
discovery,RUN
discreet,RUN GET
discrepancy,RUN
discrete,RUN GET
discretion,RUN
discriminate,RUN GET
discriminated,RUN WATER
discriminates,RUN
discriminating,RUN WATER TALKING
discrimination,RUN
discuss,
discusses,
discussion,
disease,
disgorge,
disguise,
disguised,
disgust,GET
disgusted,
disgusting,TALKING
disgusts,
dish,
dishes,
dishforth,NOT_IN_CMU_DICT
dishonest,GET
dishtowel,NOT_IN_CMU_DICT
disk,
disk-drive,NOT_IN_CMU_DICT
dislike,LOOK
disliked,LOOK GET
dislikes,LOOK
disliking,LOOK TALKING
dismal,RAIL
dismiss,
dismissed,GET
dismisses,
dismissing,TALKING
disney,
disobliges,NOT_IN_CMU_DICT
disobligingly,NOT_IN_CMU_DICT
disorder,
dispatch,
displays,LOOK
displeasure,LOOK
disposable,RAIL
disposal,RAIL
dispose,
disposed,
disposes,
disposing,TALKING
disposition,
dispute,GET
disregard,RUN
disrupt,RUN GET
disruption,RUN
dissertation,WATER
dissimilar,LOOK
dissuasion,NOT_IN_CMU_DICT
distance,
distant,GET
distasteful,RAIL
distinct,GET
distinction,
distinctive,
distinctly,LOOK
distinguish,TALKING
distinguished,TALKING GET
distinguishes,TALKING
distinguishing,TALKING
distort,GET
distortion,
distract,RUN GET
distracted,RUN
distracting,RUN TALKING
distracts,RUN
distress,RUN
distressed,RUN GET
distresses,RUN
distressing,RUN TALKING
distribute,RUN GET
distributed,RUN WATER
distribution,RUN
distributor,RUN WATER
disturb,
disturbance,
disturbed,
disturbing,TALKING
disturbs,
ditch,
dithering,THIS TALKING
ditto,WATER
diva,
dive,
dived,
diverse,
diversion,
diversity,WATER
divide,
divided,
dividend,
divine,
diving,TALKING
division,
divorce,
diy,NOT_IN_CMU_DICT
djs,NOT_IN_CMU_DICT
dna,
dns,
do,
do-or-die,NOT_IN_CMU_DICT
do-si-do,NOT_IN_CMU_DICT
doc,
dock,
doctor,
doctrine,RUN
document,GET
documentary,
documentation,
documents,
docuseries,NOT_IN_CMU_DICT
dod,NOT_IN_CMU_DICT
dodge,
doe,
does,
dog,
dog-eared,NOT_IN_CMU_DICT
dog-end,NOT_IN_CMU_DICT
doge,
dogfood,NOT_IN_CMU_DICT
doggie,
dogleg,NOT_IN_CMU_DICT
dogma,
dogwatch,NOT_IN_CMU_DICT
doha,HOUSE
doig,
doing,TALKING
doit,NOT_IN_CMU_DICT
dolby,RAIL
dole,RAIL
doll,RAIL
dollar,LOOK
dom,
domain,
dombey,NOT_IN_CMU_DICT
dome,
domestic,
dominant,GET
dominate,GET
dominated,WATER
dominates,
dominating,WATER TALKING
dominica,
dominican,
don,
don't,GET
donald,RAIL
donate,GET
donated,WATER
donation,
doncaster,NOT_IN_CMU_DICT
done,
donegal,NOT_IN_CMU_DICT
donna,
donor,
dont,NOT_IN_CMU_DICT
donut,GET
doo-wop,NOT_IN_CMU_DICT
doodlebug,NOT_IN_CMU_DICT
doom,
door,
doorhandle,NOT_IN_CMU_DICT
doorjamp,NOT_IN_CMU_DICT
doorknob,
doorplate,NOT_IN_CMU_DICT
doorway,
dopey,
dora,
dordogne,NOT_IN_CMU_DICT
dorothy,THINK
dorset,GET
dosage,
dose,
dosh,
doss,
dot,GET
doth,THINK
doting,WATER TALKING
double,RAIL
double-clutch,NOT_IN_CMU_DICT
double-time,NOT_IN_CMU_DICT
doubled,RAIL
doubt,GET
doubtful,RAIL
doubtless,LOOK
douchebag,NOT_IN_CMU_DICT
doug,
dough,
doughnut,GET
douglas,LOOK
dourine,NOT_IN_CMU_DICT
douro,NOT_IN_CMU_DICT
dover,
dovercourt,NOT_IN_CMU_DICT
dow,
dow-jones,NOT_IN_CMU_DICT
dowdy,
dowel,RAIL
down,
downbeat,GET
downdraft,RUN GET
downhill,HOUSE RAIL
download,LOOK
downpour,
downright,RUN GET
downstairs,
downtown,
downwards,
doyle,RAIL
dozen,
dracula,RUN LOOK
draft,RUN GET
drag,RUN
dragon,RUN
drain,RUN
drainage,RUN
drama,RUN
dramatic,RUN WATER
dramatically,RUN WATER LOOK
drank,RUN
drapes,RUN
drastic,RUN
drastically,RUN LOOK
draw,RUN
drawback,RUN
drawling,NOT_IN_CMU_DICT
drawn,RUN
draws,RUN
drawstring,NOT_IN_CMU_DICT
drayton,RUN WATER
dread,RUN
dreaded,RUN
dreadful,RUN RAIL
dreading,RUN TALKING
dreadlocks,NOT_IN_CMU_DICT
dreads,RUN
dream,RUN
dreariest,NOT_IN_CMU_DICT
dreary,RUN
dress,RUN
dresses,RUN
dressing-gown,NOT_IN_CMU_DICT
DRESSintranet,NOT_IN_CMU_DICT
drew,RUN
dreyfus,RUN
dried,RUN
dries,RUN
drift,RUN GET
drill,RUN RAIL
drink,RUN
drip,RUN
dripped,RUN GET
dripping,RUN TALKING
drips,RUN
drive,RUN
drive-in,NOT_IN_CMU_DICT
drivel,RUN RAIL
driven,RUN
driver,RUN
droitwich,NOT_IN_CMU_DICT
drop,RUN
dropped,RUN GET
drove,RUN
drown,RUN
drowned,RUN
drowning,RUN TALKING
drowns,RUN
drudgery,RUN
drug,RUN
drum,RUN
drum-major,NOT_IN_CMU_DICT
drunk,RUN
drunken,RUN
dry,RUN
dry-clean,NOT_IN_CMU_DICT
dry-walling,NOT_IN_CMU_DICT
dsl,NOT_IN_CMU_DICT
dual,RAIL
dubai,
dubbed,
dubious,
dublin,LOOK
dubois,
dubonnet,NOT_IN_CMU_DICT
duce,
duchesne,NOT_IN_CMU_DICT
duchess,
duck,
duck-egg,NOT_IN_CMU_DICT
duckworth,THINK
dude,
dudgeon,
dudley,LOOK
due,
duff,
duffey,
duffy,
dug,
dukakis,
duke,
dull,RAIL
duluth,LOOK THINK
duly,LOOK
dumaine,
dumb,
dumfries,NOT_IN_CMU_DICT
dummy,
dump,
dumpster,
duncan,
dundee,
dune,
dunlop,LOOK
duo,
duolingo,NOT_IN_CMU_DICT
duos,NOT_IN_CMU_DICT
duplex,LOOK
duplicate,LOOK GET
duplicated,LOOK WATER
duplication,LOOK
duplicitous,LOOK WATER
durable,RAIL
duration,
durham,HOUSE
during,TALKING
dusk,
dusseldorf,RAIL
dust,GET
dust-wrapper,NOT_IN_CMU_DICT
dustbin,
dusty,
dutch,
duterte,NOT_IN_CMU_DICT
duthie,THINK
duthy,NOT_IN_CMU_DICT
duty,WATER
duvalier,RAIL
duvets,NOT_IN_CMU_DICT
dwarf,
dwarfism,
dwarves,
dye,
dye-works,NOT_IN_CMU_DICT
dyestuffs,
dying,TALKING
dylan,LOOK
dynamic,
dynamically,LOOK
e-cigarette,NOT_IN_CMU_DICT
e-mail,RAIL
each,
eager,
eagerly,LOOK
eagle,RAIL
eaglet,NOT_IN_CMU_DICT
eames,
eamon,
ear,
earflap,NOT_IN_CMU_DICT
earful,RAIL
earl,RAIL
earlier,LOOK
earliest,LOOK GET
earlobe,NOT_IN_CMU_DICT
early,LOOK
earmuff,
earn,
earphones,
earplug,LOOK
earring,TALKING
earrings,TALKING
ears,
earshot,GET
earth,THINK
eartha,THINK
earthenware,THINK
earthly,THINK LOOK
earthquake,THINK
earthworm,THINK
earwax,
earwig,NOT_IN_CMU_DICT
earworm,NOT_IN_CMU_DICT
ease,
easier,
easiest,GET
easily,LOOK
east-southeast,NOT_IN_CMU_DICT
eastbourne,NOT_IN_CMU_DICT
eastcheap,NOT_IN_CMU_DICT
eastern,
eastwood,
easy,
eat,GET
eaten,WATER
eating-place,NOT_IN_CMU_DICT
ebay,
ebbtide,NOT_IN_CMU_DICT
ebony,
ebook,NOT_IN_CMU_DICT
ebooks,NOT_IN_CMU_DICT
eccentric,RUN
eccentric,RUN
echo,
echoes,
eclipse,LOOK
eco,
eco-friendly,NOT_IN_CMU_DICT
ecological,LOOK RAIL
ecology,LOOK
ecommerce,NOT_IN_CMU_DICT
economic,
economical,RAIL
economical,RAIL
economically,LOOK
economically,LOOK
economics,
economist,GET
economy,
ecorche,NOT_IN_CMU_DICT
ecorse,NOT_IN_CMU_DICT
ectoplasm,NOT_IN_CMU_DICT
ecuador,
ed,
eddie,
eden,
edgar,
edge,
edging-shears,NOT_IN_CMU_DICT
edgware,NOT_IN_CMU_DICT
edgy,
edible,RAIL
edinburgh,
edit,GET
edition,
editor,WATER
editorial,WATER RAIL
editorialization,NOT_IN_CMU_DICT
editors,WATER
edmonton,
educate,GET
educated,WATER
educates,
educating,WATER TALKING
education,
educational,RAIL
educator,WATER
educators,WATER
edward,
eerie,
eeyore,NOT_IN_CMU_DICT
effect,GET
effective,
effectively,LOOK
effendi,NOT_IN_CMU_DICT
efficiency,
efficient,GET
efficiently,LOOK
effie,
effort,GET
effusions,NOT_IN_CMU_DICT
egerton,WATER
egg,
ego,
egocentric,RUN
egoism,
egos,
egress,RUN
egypt,GET
egyptian,
eh,
eid,
eight,GET
eighteen,WATER
eighth,THINK
eileen,LOOK
eirsat-1,NOT_IN_CMU_DICT
eisenhower,HOUSE
either,THIS
ejaculation,LOOK
elaborate,LOOK RUN GET
elaborate,LOOK RUN GET
elastic,LOOK
elba,NOT_IN_CMU_DICT
elbowroom,RAIL
elder,RAIL
elderflower,NOT_IN_CMU_DICT
elderly,RAIL LOOK
elect,LOOK GET
election,LOOK
electoral,LOOK RAIL
electorate,LOOK GET RUN
electorate,LOOK GET RUN
electric,LOOK RUN
electrical,LOOK RUN RAIL
electricity,LOOK RUN WATER
electro,LOOK RUN
electrocardiogram,LOOK RUN
electrocution,LOOK RUN
electrolier,NOT_IN_CMU_DICT
electrolux,LOOK RUN
electrolytic,LOOK RUN WATER
electron,LOOK RUN
electronic,LOOK RUN
electronically,LOOK RUN
electronically,LOOK RUN
electronics,LOOK RUN
electroshock,LOOK RUN
eleemosynary,LOOK
elegant,LOOK GET
element,LOOK GET
elementary,LOOK RUN
elena,LOOK
elephant,LOOK GET
elevation,LOOK
elevator,LOOK WATER
elevators,LOOK WATER
eleven,LOOK
eligibility,LOOK WATER
eligible,LOOK RAIL
elijah,LOOK
elim,NOT_IN_CMU_DICT
eliminate,LOOK GET
eliminated,LOOK WATER
elimination,LOOK
elision,NOT_IN_CMU_DICT
elite,LOOK GET
elitist,LOOK WATER GET
elitist,LOOK WATER GET
eliza,LOOK
elizabeth,LOOK THINK
ellen,LOOK
ellesmere,RAIL
elliott,LOOK GET
ellis,LOOK
elocution,LOOK
elope,LOOK
elsa,RAIL
elsewhere,RAIL
elvis,RAIL
em,
emacs,
email,RAIL
emails,RAIL
emails,RAIL
embarcadero,
embarrass,
embarrassed,GET
embarrasses,
embarrassing,TALKING
embarrassment,GET
embassy,
embed,
embedded,
embedding,TALKING
embeds,NOT_IN_CMU_DICT
embodied,
embouchure,NOT_IN_CMU_DICT
embrace,RUN
embrasure,NOT_IN_CMU_DICT
embroidered,RUN
emerald,RUN RAIL
emerge,
emerged,
emerged,
emergency,
emerging,TALKING
emily,LOOK
eminem,
eminent,GET
eminently,LOOK
emirates,
emission,
emit,GET
emma,
emmanuel,RAIL
emmentaler,NOT_IN_CMU_DICT
emoji,NOT_IN_CMU_DICT
emotion,
emotional,RAIL
emotionally,LOOK
emotionally,LOOK
emotions,
empanada,NOT_IN_CMU_DICT
empathy,THINK
emperor,
emphasis,
emphasize,
emphasized,
emphasizes,
emphasizing,TALKING
empire,
empirical,RAIL
employ,LOOK
employee,LOOK
employer,LOOK
employment,LOOK GET
emporium,
emptied,
empty,
emulate,LOOK GET
emulation,LOOK
emulator,LOOK WATER
emulators,NOT_IN_CMU_DICT
enable,RAIL
enabled,RAIL
enarthrosis,NOT_IN_CMU_DICT
encephalitis,LOOK WATER
encephalomyelitis,NOT_IN_CMU_DICT
enchilada,LOOK
enchiladas,NOT_IN_CMU_DICT
enclave,LOOK
enclose,LOOK
enclosed,LOOK
encloses,NOT_IN_CMU_DICT
enclosing,LOOK TALKING
enclosure,LOOK
encode,
encoded,
encodes,NOT_IN_CMU_DICT
encoding,TALKING
encore,
encounter,
encourage,
encouraged,
encroach,RUN
encryption,RUN
encyclopedia,LOOK
end,
endangered,
endeavor,
endgame,
endless,LOOK
endlessly,LOOK
endometriosis,RUN
endorsed,GET
endorsement,GET
endosmosis,NOT_IN_CMU_DICT
endothermic,THINK
endowment,GET
enduring,TALKING
enemy,
energise,NOT_IN_CMU_DICT
energize,
energy,
enforce,
enforced,GET
enforcement,GET
enforces,
enforcing,TALKING
engage,
engaged,
engagement,GET
engels,TALKING RAIL
engine,
engineer,
engineering,TALKING
engineers,
england,TALKING LOOK
englewood,TALKING RAIL
engorge,NOT_IN_CMU_DICT
enhance,HOUSE
enhanced,HOUSE GET
enjoy,
enjoyable,RAIL
enjoyed,
enjoyment,GET
enlarge,LOOK
enlarged,LOOK
enlarged,LOOK
enlighten,LOOK WATER
enlightened,LOOK WATER
enlightening,LOOK WATER TALKING
enlightening,LOOK WATER TALKING
enlightenment,LOOK WATER GET
enlightens,LOOK WATER
enormous,
enormously,LOOK
enough,
enquiry,
enrolled,RUN RAIL
enrollment,RUN RAIL GET
ensemble,RAIL
ensued,
ensure,
ensured,
ent,GET
entail,RAIL
entails,RAIL
enter,
enterprise,RUN
entertain,WATER
entertained,WATER
entertaining,WATER TALKING
entertainment,WATER GET
entertains,WATER
enthusiasm,THINK
enthusiastic,THINK
entire,
entirely,LOOK
entirety,WATER
entitle,WATER RAIL
entitled,WATER RAIL
entitles,WATER RAIL
entitling,WATER LOOK TALKING
entity,WATER
entourage,
entrance,RUN
entrepreneur,RUN
entrepreneurial,RUN RAIL
entrepreneurs,RUN
entry,RUN
envelope,LOOK
environment,GET
environmental,RAIL
envisage,
envisaged,
envisages,
envisaging,NOT_IN_CMU_DICT
envoys,
envy,
enzyme,
eosinophil,NOT_IN_CMU_DICT
epa,
epic,
epicure,
epicurus,NOT_IN_CMU_DICT
epidemiology,LOOK
epilepsy,LOOK
episode,
epoxy,
epsilon,LOOK
epson,
equal,RAIL
equality,LOOK WATER
equally,LOOK
equate,GET
equation,
equatorial,WATER RAIL
equilibrium,LOOK RUN
equip,
equipped,GET
equipping,TALKING
equips,
equity,WATER
equivalent,LOOK GET
era,
erase,
erases,
erasmus,
erasure,NOT_IN_CMU_DICT
ere,
erfurt,NOT_IN_CMU_DICT
ergo,
ergonomic,
ergot,GET
eric,
ericsson,
erie,
erik,
erlangen,LOOK TALKING
erosion,
erotic,WATER
erotica,WATER
erp,NOT_IN_CMU_DICT
err,
err,
erroneous,
erroneous,
error,
errors,
erythromycin,NOT_IN_CMU_DICT
escape,
escaped,GET
escort,GET
esmeralda,NOT_IN_CMU_DICT
esoteric,WATER
esoteric,WATER
especially,LOOK
essay,
essays,
essence,
essential,RAIL
essentially,LOOK
essex,
establish,LOOK
established,LOOK GET
establishes,LOOK
estate,GET
estcourt,NOT_IN_CMU_DICT
esteem,
esterhazy,NOT_IN_CMU_DICT
estimate,GET
estimated,WATER
estimation,
estonia,
etc,WATER
etcetera,WATER
etched,GET
eternal,WATER RAIL
eternity,WATER
ethanol,THINK RAIL
ether,THINK
ethernet,THINK GET
ethic,THINK
ethical,THINK RAIL
ethics,THINK
ethiopia,THINK
ethnic,THINK
ethnicity,THINK WATER
ethnography,NOT_IN_CMU_DICT
etiquette,WATER GET
etta,WATER
etymology,WATER LOOK
eucalyptus,LOOK
euclidean,NOT_IN_CMU_DICT
eugene,
eugenics,
eulogy,LOOK
eumenides,NOT_IN_CMU_DICT
euphemia,
euphemism,
euphoney,NOT_IN_CMU_DICT
euphonies,NOT_IN_CMU_DICT
euphonium,NOT_IN_CMU_DICT
euphoria,
euphrates,RUN WATER
euphues,NOT_IN_CMU_DICT
euphuisms,NOT_IN_CMU_DICT
eur,NOT_IN_CMU_DICT
eurasia,
eurasian,
euro,
eurocheque,NOT_IN_CMU_DICT
europa,
europe,
european,
euros,
eurovision,NOT_IN_CMU_DICT
eva,
eval,NOT_IN_CMU_DICT
evaluate,RAIL GET
evaluated,RAIL WATER
evaluation,RAIL
evanescence,
evangelion,NOT_IN_CMU_DICT
evans,
evasion,
eve,
evenly,LOOK
event,GET
eventual,RAIL
eventually,LOOK
ever,
everchanging,NOT_IN_CMU_DICT
everglades,LOOK
evergreen,RUN
evermore,
everton,WATER
every,RUN
everybody,RUN
everyday,RUN
everyone,RUN
everything,RUN THINK TALKING
everywhere,RUN HOUSE
evidence,
evident,GET
evidently,LOOK
evil,RAIL
evolution,LOOK
evolutionary,LOOK
evolutionary,LOOK
evolutionary,LOOK
evolutionary,LOOK
evolve,RAIL
evolved,RAIL
evolves,RAIL
evolving,RAIL TALKING
ewe,
exact,GET
exactly,LOOK
exaggerate,GET
exaggerated,WATER
exaggerates,
exaggerating,WATER TALKING
exam,
examination,
examine,
examined,
examiner,
example,RAIL
exceed,
exceedingly,TALKING LOOK
excel,RAIL
excellence,LOOK
excellent,LOOK GET
except,GET
exception,
exceptional,RAIL
exceptionally,LOOK
excerpt,GET
excess,
excessive,
excessively,LOOK
exchange,
exchanged,
excision,
excite,GET
excited,WATER
excitement,GET
excites,
exciting,WATER TALKING
exclamation,LOOK
exclude,LOOK
excluded,LOOK
exclusion,LOOK
exclusive,LOOK
exclusively,LOOK
exclusivity,LOOK WATER
excursion,
excuse,
excuse,
excuse,
excuses,
exec,
executable,NOT_IN_CMU_DICT
execute,GET
executed,WATER
execution,
executive,WATER
exemplar,LOOK
exempt,GET
exemption,
exercise,
exercised,
exhaust,GET
exhaustive,
exhibit,GET
exhibition,
exhort,GET
exist,GET
existence,
exit,GET
exmoor,NOT_IN_CMU_DICT
exogenous,
exotic,WATER
exp,NOT_IN_CMU_DICT
expand,
expansion,
expat,NOT_IN_CMU_DICT
expect,GET
expectation,
expectations,
expedia,
expedition,
expenditure,
expense,
expensive,
experience,
experienced,GET
experiment,GET
experimental,RAIL
experimentally,LOOK
experimentation,
expert,GET
expertise,WATER
expiration,
expire,
expired,
expires,
expiring,TALKING
expiry,
explain,LOOK
explanation,LOOK
explanatory,LOOK WATER
explicit,LOOK GET
explicitly,LOOK
explode,LOOK
exploded,LOOK
explodes,LOOK
exploding,LOOK TALKING
exploit,LOOK GET
exploitation,LOOK WATER
exploitative,LOOK WATER
exploration,LOOK
explore,LOOK
explored,LOOK
explorer,LOOK
explosion,LOOK
explosive,LOOK
expo,
exponential,RAIL
export,GET
expose,
exposed,
exposes,
expository,NOT_IN_CMU_DICT
exposure,
express,RUN
expresses,RUN
expression,RUN
expressway,RUN
expressways,NOT_IN_CMU_DICT
ext,NOT_IN_CMU_DICT
extant,GET
extend,
extension,
extensive,
extensively,LOOK
extent,GET
exterior,
external,RAIL
externally,LOOK
extinction,TALKING
extort,GET
extortion,
extra,RUN
extract,RUN GET
extraction,RUN
extraneous,RUN
extraordinarily,RUN LOOK
extraordinary,RUN
extraterritoriality,RUN WATER LOOK
extreme,RUN
extremely,RUN LOOK
extremist,RUN GET
extrusion,RUN
exudes,
exuviae,NOT_IN_CMU_DICT
eye,
eye-baths,NOT_IN_CMU_DICT
eye-catching,NOT_IN_CMU_DICT
eye-shadow,NOT_IN_CMU_DICT
eyebath,NOT_IN_CMU_DICT
eyebrow,RUN
eyebrows,RUN
eyed,
eyeglasses,LOOK
eyelashes,LOOK
eyes,
eyeshade,
eyeshot,NOT_IN_CMU_DICT
eyesight,GET
eyewash,NOT_IN_CMU_DICT
eyewitness,
fa,NOT_IN_CMU_DICT
fab,
faber,
fabric,RUN
fabulous,LOOK
facade,
face,
face-cream,NOT_IN_CMU_DICT
face-powder,NOT_IN_CMU_DICT
FACEallocated,NOT_IN_CMU_DICT
facebook,
faced,GET
facial,RAIL
facilitate,LOOK WATER GET
facility,LOOK WATER
fact,GET
factor,
factorial,NOT_IN_CMU_DICT
factory,
factual,RAIL
factually,LOOK
faculty,RAIL
fade,
fail,RAIL
fail-safe,RAIL
failed,RAIL
failure,RAIL
faint,GET
fainter,
faintest,GET
fair,
fair-minded,NOT_IN_CMU_DICT
fair-weather,NOT_IN_CMU_DICT
fairbairn,
fairbanks,
fairbrother,RUN THIS
fairchild,RAIL
fairclough,LOOK
fairer,
fairest,GET
fairfax,
fairfield,RAIL
fairford,NOT_IN_CMU_DICT
fairground,RUN
fairing,NOT_IN_CMU_DICT
fairlight,NOT_IN_CMU_DICT
fairly,LOOK
fairman,
fairmont,GET
fairness,
fairport,NOT_IN_CMU_DICT
fairs,
fairway,
fairy,
fairytale,WATER RAIL
faith,THINK
faithful,THINK RAIL
faithless,NOT_IN_CMU_DICT
fake,
falcon,RAIL
fall,RAIL
fallacious,LOOK
fallacy,LOOK
fallen,LOOK
fallow-deer,NOT_IN_CMU_DICT
fallowfield,NOT_IN_CMU_DICT
falls,RAIL
FALSE,NOT_IN_CMU_DICT
falsifiablity,NOT_IN_CMU_DICT
fame,
familiar,RAIL
familiarity,RAIL WATER
families,LOOK
family,LOOK
famine,
famous,
fan,
fancy,
fantastic,
fantasy,
faqs,NOT_IN_CMU_DICT
far,
far-famed,NOT_IN_CMU_DICT
far-fetched,NOT_IN_CMU_DICT
far-flung,NOT_IN_CMU_DICT
far-seeing,NOT_IN_CMU_DICT
farage,NOT_IN_CMU_DICT
faraway,
farce,
fare,
fare-stage,NOT_IN_CMU_DICT
fares,
farewell,RAIL
farfetched,GET
faring,TALKING
farm,
farmer,
farmhouse,HOUSE
faro,
farrago,NOT_IN_CMU_DICT
farther,THIS
farthest,THIS GET
farthing,THIS TALKING
farthingale,THIS TALKING RAIL
fascia,NOT_IN_CMU_DICT
fascinate,GET
fascinated,WATER
fascinates,
fascinating,WATER TALKING
fascist,GET
fascistic,NOT_IN_CMU_DICT
fashion,
fast,GET
fast-forward,
faster,
fastest,GET
fat,GET
fatal,WATER RAIL
fate,GET
father,THIS
father-in-law,THIS LOOK
fatherhood,THIS HOUSE
fathering,THIS TALKING
fatherland,THIS LOOK
fatherless,THIS LOOK
fatherly,THIS LOOK
fathom,THIS
fatigue,WATER
fatty,WATER
fatuous,
faucet,GET
fauci,
fault,RAIL GET
faulty,RAIL
favor,
favorite,GET RUN
favour,
favourite,GET
favourites,NOT_IN_CMU_DICT
favourites,NOT_IN_CMU_DICT
fawcett,GET
fawkes,
fbi,
fcc,
fda,
fear,
feared,
fearful,RAIL
fearfully,NOT_IN_CMU_DICT
fearing,TALKING
fearless,LOOK
fears,
fearsome,
feasibility,LOOK WATER
feasible,RAIL
feat,GET
feather,THIS
feature,
featured,
february,RUN
fed,
federation,
fedora,
fee,
feeble,RAIL
feed,
feedback,
feel,RAIL
feeling,LOOK TALKING
feet,GET
feijoa,NOT_IN_CMU_DICT
fell,RAIL
fellow,LOOK
fellow-feeling,NOT_IN_CMU_DICT
fellows,LOOK
fellowship,LOOK
felt,RAIL GET
female,RAIL
feminist,GET
feminists,
fence,
fender,
fenders,
fer-de-lance,NOT_IN_CMU_DICT
ferdinand,
fergie,
ferguson,
fernando,
ferrari,
ferruginous,NOT_IN_CMU_DICT
ferry,
festival,RAIL
fetch,
fetish,WATER
feud,
fever,
few,
fewer,
ffolkes,NOT_IN_CMU_DICT
fiat,GET
fiber,
fiberglass,LOOK
fibre,
fibromyalgia,NOT_IN_CMU_DICT
fibrosis,RUN
fiction,
fictional,RAIL
fiddle,RAIL
fiddled,RAIL
fiddles,RAIL
fiddling,LOOK TALKING
fierce,
fiercely,LOOK
fifa,
fife,
fifi,
fifteen,
fifth,THINK
fifty,
fig,
fight,GET
figure,
figured,
figurine,
figurines,
fiji,
file,RAIL
filed,RAIL
filename,RAIL
fill,RAIL
film,RAIL
filme,NOT_IN_CMU_DICT
filter,RAIL
filthy,RAIL THINK
fin,
final,RAIL
finale,LOOK
finalize,LOOK
finalized,LOOK
finalizes,LOOK
finalizing,LOOK TALKING
finally,LOOK
finance,
financial,RAIL
financially,LOOK
find,
findarticles,NOT_IN_CMU_DICT
fine,
fine-tooth,NOT_IN_CMU_DICT
fined,
finger,TALKING
finish,
finishes,
finite,GET
finland,LOOK
finnish,
fiona,
fir,
fire,
fire-alarm,NOT_IN_CMU_DICT
fire-brigade,NOT_IN_CMU_DICT
fire-escape,NOT_IN_CMU_DICT
firearm,
fired,
firefox,
fireplace,LOOK
fireplug,NOT_IN_CMU_DICT
firepower,
fireproof,RUN
firestorm,
firetrap,NOT_IN_CMU_DICT
firewall,RAIL
firewatcher,NOT_IN_CMU_DICT
firewire,NOT_IN_CMU_DICT
firework,
fireworks,
firm,
firmly,LOOK
firmware,
first,GET
first-born,
firstly,LOOK
firth,THINK
fiscal,RAIL
fish,
fisheries,
fisherman,
fishes,
fishing-rod,NOT_IN_CMU_DICT
fishmonger,TALKING
fissure,
fist,GET
fisticuffs,
fit,GET
fitness,
fitting,WATER TALKING
five,
five-star,NOT_IN_CMU_DICT
fiver,NOT_IN_CMU_DICT
fix,
fixes,
fixtures,
fizzy,NOT_IN_CMU_DICT
fjord,
flag,LOOK
flagstaff,LOOK
flair,LOOK
flame,LOOK
flamenco,LOOK
flames,LOOK
flanagan,LOOK
flare,LOOK
flare-path,NOT_IN_CMU_DICT
flared,LOOK
flash,LOOK
flashback,LOOK
flashers,LOOK
flashes,LOOK
flashmob,NOT_IN_CMU_DICT
flask,LOOK
flat,LOOK GET
flatshare,NOT_IN_CMU_DICT
flaunts,LOOK
flavor,LOOK
flaw,LOOK
flawed,LOOK
flawing,NOT_IN_CMU_DICT
flaws,LOOK
flea,LOOK
fleabag,NOT_IN_CMU_DICT
flee,LOOK
fleece,LOOK
fleet,LOOK GET
fleetwood,LOOK
flesh,LOOK
flesh-wound,NOT_IN_CMU_DICT
fletcher,LOOK
fleur,LOOK
flew,LOOK
flex,LOOK
flexibility,LOOK WATER
flexible,LOOK RAIL
flickr,LOOK
flied,LOOK
flies,LOOK
flight,LOOK GET
flip,LOOK
flip-flops,NOT_IN_CMU_DICT
float,LOOK GET
flood,LOOK
flood-tide,NOT_IN_CMU_DICT
floodgate,LOOK GET
floodlight,LOOK GET
floods,LOOK
floor,LOOK
floor-walker,NOT_IN_CMU_DICT
floored,LOOK
flooring,LOOK TALKING
floppy,LOOK
flora,LOOK
floral,LOOK RAIL
florence,LOOK
flores,LOOK
florid,LOOK
florida,LOOK
florin,LOOK
florist,LOOK GET
floss,LOOK
flour,LOOK
flourish,LOOK
flow,LOOK
flowchart,LOOK GET
flowed,LOOK
flower,LOOK
flower-girl,NOT_IN_CMU_DICT
flown,LOOK
flows,LOOK
floyd,LOOK
flu,LOOK
fluctuation,LOOK
fluctuations,LOOK
fluent,LOOK GET
fluffy,LOOK
flugelhorn,NOT_IN_CMU_DICT
fluid,LOOK
fluke,LOOK
flush,LOOK
flushes,LOOK
flute,LOOK GET
flux,LOOK
fly,LOOK
fly-fishing,NOT_IN_CMU_DICT
flycatcher,LOOK
flysheet,NOT_IN_CMU_DICT
flyweights,NOT_IN_CMU_DICT
flywheel,LOOK RAIL
foam,
focaccia,
focal,RAIL
focus,
focuses,
fog,
fogey,NOT_IN_CMU_DICT
foggy,
foil,RAIL
fold,RAIL
folio,LOOK
folk,
folkestone,NOT_IN_CMU_DICT
folklore,LOOK
folksy,
folktale,RAIL
follow,LOOK
follow-up,LOOK
followed,LOOK
follows,LOOK
fond,
font,GET
fontaine,
foo,
food,
foodie,
foodstuffs,
fool,RAIL
foolish,LOOK
foolproof,RAIL RUN
foot,GET
footage,WATER
football,RAIL
footballer,NOT_IN_CMU_DICT
footbath,NOT_IN_CMU_DICT
footfaults,NOT_IN_CMU_DICT
footloose,LOOK
footnote,GET
footnotes,
footpath,THINK
footpaths,NOT_IN_CMU_DICT
footprint,RUN GET
footsie,NOT_IN_CMU_DICT
footstep,
footwear,
for,RUN
forbade,
forbear,NOT_IN_CMU_DICT
forbears,NOT_IN_CMU_DICT
forbes,
forbid,
forbid,
forbidden,
forbidding,TALKING
forbidding,TALKING
forbids,
forbids,
force,
force-land,NOT_IN_CMU_DICT
force-landed,NOT_IN_CMU_DICT
force-landing,NOT_IN_CMU_DICT
forced,GET
forceps,
forcibly,LOOK
ford,
fordyce,
fore,
forecast,GET
foreclosure,LOOK
forecourt,NOT_IN_CMU_DICT
forefathers,THIS
forefront,RUN GET
foregather,NOT_IN_CMU_DICT
forehead,HOUSE
foreign,
foreman,
foremost,GET
forename,NOT_IN_CMU_DICT
forenoon,NOT_IN_CMU_DICT
foreplay,LOOK
foreseeable,RAIL
forestry,RUN
foreswear,NOT_IN_CMU_DICT
foretell,RAIL
forever,
forewarned,
foreword,
forfar,NOT_IN_CMU_DICT
forfeit,GET
forgather,NOT_IN_CMU_DICT
forgathering,NOT_IN_CMU_DICT
forgave,
forge,
forget,GET
forgive,
forgiven,
forgiven,
forgo,
forgoing,TALKING
forgot,GET
forgotten,WATER
fork,
forklift,LOOK GET
formal,RAIL
formally,LOOK
format,GET
formation,
formatting,WATER TALKING
formed,
former,
formerly,LOOK
formula,LOOK
formulae,LOOK
formulation,LOOK
forswear,
forswore,NOT_IN_CMU_DICT
fort,GET
forth,THINK
forthcoming,THINK TALKING
forthwith,THINK
fortnight,GET
fortnite,NOT_IN_CMU_DICT
fortuitous,WATER
fortuitously,NOT_IN_CMU_DICT
fortunate,GET
fortunately,LOOK
fortune,
fortune,
fortune,
fortunes,
forty,
forward,
fosse,
fossil,RAIL
foster,
foster-brother,NOT_IN_CMU_DICT
foster-father,NOT_IN_CMU_DICT
foster-mother,NOT_IN_CMU_DICT
fothergill,THIS RAIL
foto,NOT_IN_CMU_DICT
fought,GET
foul,RAIL
foul-mouthed,NOT_IN_CMU_DICT
foul-spoken,NOT_IN_CMU_DICT
fouling,LOOK TALKING
found,
foundation,
founder,
fountain,
four,
four-wheeler,NOT_IN_CMU_DICT
foureyes,NOT_IN_CMU_DICT
fourier,
fourleaves,NOT_IN_CMU_DICT
fourLETTER,NOT_IN_CMU_DICT
fourpart,NOT_IN_CMU_DICT
foursquare,
fourteen,
fourth,THINK
fowl,RAIL
Fowler,NOT_IN_CMU_DICT
fox,
foxglove,LOOK
foyle,RAIL
fraction,RUN
fragile,RUN RAIL
fragment,RUN GET
fragments,RUN
fragrance,RUN
frame,RUN
framed,RUN
framework,RUN
france,RUN
francesca,RUN
franchise,RUN
francis,RUN
francisco,RUN
frank,RUN
frankfurt,RUN GET
frankie,RUN
franklin,RUN LOOK
frankly,RUN LOOK
frantic,RUN
fraser,RUN
fraud,RUN
fraudster,RUN
fraudulence,NOT_IN_CMU_DICT
fraudulent,RUN LOOK GET
frazer,RUN
freak,RUN
fred,RUN
fred,RUN
frederick,RUN
free,RUN
freebee,NOT_IN_CMU_DICT
freeborn,RUN
freed,RUN
freedom,RUN
freehold,RUN HOUSE RAIL
freelance,RUN LOOK
freely,RUN LOOK
freeman,RUN
freemason,RUN
freestyle,RUN RAIL
freeware,RUN
freeway,RUN
freeways,RUN
freeze,RUN
freezer,RUN
freight,RUN GET
frequency,RUN
frequent,RUN GET
frequently,RUN LOOK
frere,RUN
fresh,RUN
freud,RUN
fri,NOT_IN_CMU_DICT
friction,RUN
friday,RUN
fridge,RUN
friedrich,RUN
friendly,RUN LOOK
friends,RUN
friendship,RUN
fries,RUN
frighten,RUN WATER
frightened,RUN WATER
frightening,RUN WATER TALKING
frightens,RUN WATER
fringe,RUN
frisbee,RUN
frivolous,RUN LOOK
fro,RUN
frog,RUN
froggy,NOT_IN_CMU_DICT
frogmarch,NOT_IN_CMU_DICT
front,RUN GET
frontier,RUN
frontpage,NOT_IN_CMU_DICT
frontrunner,RUN
frost,RUN GET
froth,RUN THINK
frown,RUN
frowned,RUN
frowning,RUN TALKING
frowns,RUN
froze,RUN
frozen,RUN
fructose,RUN
frugal,RUN RAIL
frugality,RUN LOOK WATER
fruit,RUN GET
frustrate,RUN GET
frustrated,RUN WATER
frustration,RUN
fry,RUN
frying,RUN TALKING
ftp,
fuchsia,NOT_IN_CMU_DICT
fuck,
fuddy-duddy,NOT_IN_CMU_DICT
fudge,
fudgesicle,NOT_IN_CMU_DICT
fuel,RAIL
fugacious,NOT_IN_CMU_DICT
fugitive,WATER
fugue,
fuji,
fujitsu,
fulfill,RAIL
fulfilled,RAIL
fulfilling,RAIL LOOK TALKING
fulfills,RAIL
fulfilment,NOT_IN_CMU_DICT
fulham,NOT_IN_CMU_DICT
full,RAIL
full-length,NOT_IN_CMU_DICT
full-time,RAIL
fully,LOOK
fume,
fumes,
fun,
fun-loving,NOT_IN_CMU_DICT
funchal,NOT_IN_CMU_DICT
function,
functional,RAIL
functionality,LOOK WATER
fund,
fundamental,RAIL
fundamentalist,LOOK GET
fundamentally,LOOK
fundraising,RUN TALKING
funeral,RAIL
funereal,NOT_IN_CMU_DICT
funfairs,NOT_IN_CMU_DICT
fungal,TALKING RAIL
funk,
funky,
funnier,
funniest,GET
funny,
fur,
furious,
furnished,GET
furnishings,TALKING
furniture,
furry,
furth,THINK
further,THIS
furtherer,NOT_IN_CMU_DICT
furthering,THIS TALKING
furthermore,THIS
furthest,THINK GET
furuncle,NOT_IN_CMU_DICT
fury,
fuschia,NOT_IN_CMU_DICT
fuse,
fusilier,NOT_IN_CMU_DICT
fusion,
fuss,
fussbudget,NOT_IN_CMU_DICT
fussy,
futile,WATER RAIL
futura,NOT_IN_CMU_DICT
future,
futureless,NOT_IN_CMU_DICT
futurespeak,NOT_IN_CMU_DICT
futurism,
futurist,GET
futuristic,
futurities,NOT_IN_CMU_DICT
futurologist,NOT_IN_CMU_DICT
fuzz,
fuzzy,
fuzzy-wuzzy,NOT_IN_CMU_DICT
gable,RAIL
gabon,
gabriel,RUN RAIL
gadget,GET
gadgets,
gadzooks,NOT_IN_CMU_DICT
gaelic,LOOK
gaga,
gage,
gail,RAIL
gaiman,NOT_IN_CMU_DICT
gain,
gains,
gairloch,NOT_IN_CMU_DICT
gala,LOOK
galactic,LOOK
galactose,LOOK
galatians,NOT_IN_CMU_DICT
galaxy,LOOK
gale,RAIL
galere,NOT_IN_CMU_DICT
gallagher,LOOK HOUSE
galleria,LOOK
gallery,LOOK
galloway,LOOK
gallowglass,NOT_IN_CMU_DICT
galore,LOOK
gambling,LOOK TALKING
gamecube,NOT_IN_CMU_DICT
gamer,
games,
gamespot,NOT_IN_CMU_DICT
gamey,NOT_IN_CMU_DICT
gaming,TALKING
gamma,
gang,TALKING
gangbang,NOT_IN_CMU_DICT
gap,
garage,
garbage,
garbanzo,NOT_IN_CMU_DICT
garble,RAIL
garbled,RAIL
garbles,RAIL
garbling,LOOK TALKING
garcia,
garda,
garden,
gardner,
gareth,THINK
garfield,RAIL
garfish,NOT_IN_CMU_DICT
gargantua,NOT_IN_CMU_DICT
gargantuan,
gargoyle,RAIL
garlic,LOOK
garmin,NOT_IN_CMU_DICT
garner,
garth,THINK
garvin,
gary,
gas,
gas-guzzler,NOT_IN_CMU_DICT
gas-oven,NOT_IN_CMU_DICT
gascoigne,NOT_IN_CMU_DICT
gasmask,NOT_IN_CMU_DICT
gasoline,LOOK
gasp,
gastropub,NOT_IN_CMU_DICT
gate,GET
gate-crasher,NOT_IN_CMU_DICT
gateleg,NOT_IN_CMU_DICT
gateway,
gather,THIS
gathering,THIS TALKING
gaucho,
gauge,
gave,
gavin,
gawain,
gawp,NOT_IN_CMU_DICT
gaydon,NOT_IN_CMU_DICT
gayle,RAIL
gays,
gaza,
gaze,
gazebo,
gazette,GET
gba,NOT_IN_CMU_DICT
gbp,NOT_IN_CMU_DICT
gcc,NOT_IN_CMU_DICT
gdp,
gear,
gear-case,NOT_IN_CMU_DICT
geared,
gearing,TALKING
gears,
gearshift,NOT_IN_CMU_DICT
gee-gee,NOT_IN_CMU_DICT
geek,
geiger,
geisha,
gel,RAIL
gem,
gemini,
gemma,
gen,
gendarme,
gender,
gene,
genealogy,LOOK
generalization,LOOK RUN
generalization,LOOK RUN
generalizations,LOOK RUN
generalizations,LOOK RUN
generalize,LOOK
generalized,LOOK RUN
generalized,LOOK RUN
generalizes,NOT_IN_CMU_DICT
generalizing,LOOK TALKING RUN
generalizing,LOOK TALKING RUN
generally,LOOK RUN
generate,GET
generated,WATER
generation,
generator,WATER
generic,
generous,
genesis,
genetic,WATER
genetically,WATER LOOK
geneva,
genie,
genito-urinary,NOT_IN_CMU_DICT
genius,
genocide,
genome,
genre,RUN
gentle,RAIL
gentleman,RAIL
gentlemen,RAIL
gently,LOOK
genuine,
genuinely,LOOK
genuinely,LOOK
geo,
geoffrey,RUN
geographic,RUN
geographic,RUN
geographical,RUN RAIL
geography,RUN
geological,LOOK RAIL
geology,LOOK
geometric,RUN
geometry,RUN
geopark,NOT_IN_CMU_DICT
georg,
george,
georgette,GET
georgia,
georgie,
georgina,
geothermal,THINK RAIL
gerald,RAIL
gerber,
gere,
german,
germany,
gerontological,NOT_IN_CMU_DICT
gerrard,NOT_IN_CMU_DICT
gertrude,RUN
gestalt,NOT_IN_CMU_DICT
gestapo,
gesture,
gesundheit,HOUSE GET
get,GET
get-together,THIS WATER
getaway,WATER
getcha,NOT_IN_CMU_DICT
gethsemane,NOT_IN_CMU_DICT
getty,WATER
ghana,
ghastlier,NOT_IN_CMU_DICT
ghastliest,NOT_IN_CMU_DICT
ghastly,LOOK
ghia,NOT_IN_CMU_DICT
ghost,GET
ghosts,
giant,GET
gibberish,
gibraltar,RUN RAIL
gibson,
gif,NOT_IN_CMU_DICT
gift,GET
gig,
gigantic,
gilbert,RAIL GET
gilmour,RAIL
gilroy,RAIL RUN
gin,
ginger,
ginseng,TALKING
giraffe,
girl,RAIL
girlfriend,RAIL RUN
girth,THINK
gite,NOT_IN_CMU_DICT
giuseppe,
give,
given,
glad,LOOK
gladly,LOOK
glaisher,NOT_IN_CMU_DICT
glaister,NOT_IN_CMU_DICT
glamorgan,NOT_IN_CMU_DICT
glamour,LOOK
glance,LOOK
glasgow,LOOK
glass,LOOK
glasses,LOOK
glassware,LOOK
glaswegian,NOT_IN_CMU_DICT
glauber,LOOK
glaucoma,LOOK
gleam,LOOK
glean,LOOK
gleaned,LOOK
gleaning,NOT_IN_CMU_DICT
gleans,NOT_IN_CMU_DICT
glebe,NOT_IN_CMU_DICT
glen,LOOK
glenn,LOOK
global,LOOK RAIL
globally,LOOK
globe,LOOK
gloria,LOOK
glorious,LOOK
glory,LOOK
glossary,LOOK
glossy,LOOK
gloucester,LOOK
gloucestershire,NOT_IN_CMU_DICT
glove,LOOK
glover,LOOK
gloves,LOOK
glow,LOOK
glow-worm,NOT_IN_CMU_DICT
glowed,LOOK
glower,LOOK
glows,LOOK
glucose,LOOK
glue,LOOK
gluten,LOOK WATER
glycol,LOOK RAIL
gmt,NOT_IN_CMU_DICT
gnocchi,
gnome,
go,
go-ahead,NOT_IN_CMU_DICT
go-by,NOT_IN_CMU_DICT
go-go,NOT_IN_CMU_DICT
goal,RAIL
goalkeeper,RAIL
goat,GET
goatsbeard,NOT_IN_CMU_DICT
God,NOT_IN_CMU_DICT
god-awful,NOT_IN_CMU_DICT
god-fearing,NOT_IN_CMU_DICT
godfather,THIS
godiva,
godmother,THIS
gods,
goes,
going,TALKING
golborne,NOT_IN_CMU_DICT
gold,RAIL
gold-dust,NOT_IN_CMU_DICT
gold-rush,NOT_IN_CMU_DICT
goldblum,RAIL LOOK
golden,RAIL
goldfish,RAIL
goldfishes,NOT_IN_CMU_DICT
golf,RAIL
golf-club,NOT_IN_CMU_DICT
golf-course,NOT_IN_CMU_DICT
golfer,RAIL
golgi,RAIL
gomez,
gonadotrophin,NOT_IN_CMU_DICT
gone,
gong,TALKING
gonna,
good,
good-for-nothing,NOT_IN_CMU_DICT
good-time,NOT_IN_CMU_DICT
goodbye,
goodies,
goodman,
goodwife,NOT_IN_CMU_DICT
goody,
goodyear,
goofy,
google,RAIL
googolplex,NOT_IN_CMU_DICT
goose,
goosebumps,NOT_IN_CMU_DICT
gooseflesh,NOT_IN_CMU_DICT
gopher,
gorbachev,
gorblimey,NOT_IN_CMU_DICT
gordon,
gore,
gorge,
gorgeous,
gorging,NOT_IN_CMU_DICT
gorse,NOT_IN_CMU_DICT
gory,
gosh,
gospel,RAIL
gossip,
got,GET
gotcha,
gothic,THINK
goto,WATER
gotta,WATER
gotten,WATER
gouache,
gouge,
gourd,
gourlay,LOOK
gourmand,
gourmet,
govern,
governance,
governed,
governing,TALKING
government,GET
governmental,RAIL
governor,
governs,
gow,
gower,
gown,
gowrie,NOT_IN_CMU_DICT
goya,
goyt,NOT_IN_CMU_DICT
grab,RUN
grace,RUN
gracie,RUN
gracious,RUN
graciously,RUN LOOK
grad,RUN
grade,RUN
gradual,RUN RAIL
gradually,RUN LOOK
graduate,RUN GET
graduated,RUN WATER
graduation,RUN
graffiti,RUN WATER
graffito,NOT_IN_CMU_DICT
graham,RUN
grain,RUN
grammar,RUN
grammatical,RUN WATER RAIL
grams,RUN
grand,RUN
granddad,RUN
granddaughter,RUN WATER
grande,RUN
grandee,NOT_IN_CMU_DICT
grandfather,RUN THIS
grandma,RUN
grandmother,RUN THIS
grandpa,RUN
grandson,RUN
granny,RUN
grant,RUN GET
granta,NOT_IN_CMU_DICT
grantors,RUN
grapefruit,RUN GET
graph,RUN
grapheme,NOT_IN_CMU_DICT
graphene,NOT_IN_CMU_DICT
graphic,RUN
graphical,RUN RAIL
graphics,RUN
graphology,RUN LOOK
grasp,RUN
grass,RUN
grassroots,RUN
grateful,RUN RAIL
gratefully,RUN LOOK
gratis,RUN WATER
gratuit,NOT_IN_CMU_DICT
gratuitous,RUN WATER
gratuitously,RUN WATER LOOK
graupel,NOT_IN_CMU_DICT
grave,RUN
gravitational,RUN WATER RAIL
gravity,RUN WATER
gray,RUN
graybeard,RUN
grayson,RUN
graze,RUN
greasy,RUN
great,RUN GET
great,RUN GET
greater,RUN WATER
greater,RUN WATER
greatest,RUN WATER GET
greatest,RUN WATER GET
greatly,RUN LOOK
grebe,RUN
greece,RUN
greed,RUN
greedy,RUN
greek,RUN
greenbaum,RUN
greene,RUN
greenhouse,RUN HOUSE
greensboro,RUN
greenstreet,RUN GET
greenstuffs,NOT_IN_CMU_DICT
greensward,NOT_IN_CMU_DICT
greet,RUN GET
greeting,RUN WATER TALKING
greg,RUN
gregorian,RUN
gregory,RUN
grenada,RUN
grenadier,NOT_IN_CMU_DICT
gretchen,RUN
grew,RUN
grey,RUN
greybeard,NOT_IN_CMU_DICT
grid,RUN
grief,RUN
grierson,RUN
griffin,RUN
grill,RUN RAIL
grim,RUN
grind,RUN
grinding,RUN TALKING
grinds,RUN
grip,RUN
gripe,RUN
grippe,NOT_IN_CMU_DICT
groan,RUN
grocery,RUN
groin,RUN
groom,RUN
groove,RUN
grosbeak,RUN
grosgrain,NOT_IN_CMU_DICT
gross,RUN
grosses,RUN
grossly,RUN LOOK
grosvenor,RUN
groucho,RUN
ground,RUN
groundsheet,NOT_IN_CMU_DICT
groundwater,RUN WATER
group,RUN
grove,RUN
grovelling,NOT_IN_CMU_DICT
grow,RUN
growl,RUN RAIL
grown,RUN
grown-up,RUN
grows,RUN
growth,RUN THINK
grudge,RUN
gruff,RUN
gruyere,NOT_IN_CMU_DICT
gst,NOT_IN_CMU_DICT
gtk,NOT_IN_CMU_DICT
guacamole,LOOK
guadeloupe,LOOK
guam,
guarantee,
guaranteed,
guarantors,
guard,
guardian,
guatemala,WATER LOOK
guava,
gucci,
gudgeon,
guernsey,
guess,
guesses,
guest,GET
guestbook,NOT_IN_CMU_DICT
guidance,
guide,
guided,
guideline,LOOK
guidelines,LOOK
guido,
guild,RAIL
guilt,RAIL GET
guilty,RAIL
guinea,
guineapig,NOT_IN_CMU_DICT
guinevere,NOT_IN_CMU_DICT
guitar,WATER
guitarist,WATER GET
guitaristic,NOT_IN_CMU_DICT
gujarat,GET
gujarati,NOT_IN_CMU_DICT
gujerat,NOT_IN_CMU_DICT
gulf,RAIL
gullible,LOOK RAIL
gum,
gumboil,NOT_IN_CMU_DICT
gun,
gun-carriage,NOT_IN_CMU_DICT
gunny,
gunpowder,
gunslinger,LOOK TALKING
gupta,
guru,
gush,
gustav,
gustave,
gut,GET
guthrie,THINK RUN
gutter,WATER
guy,
guyana,
guys,
gwyneth,THINK
gwyther,NOT_IN_CMU_DICT
gym,
gymkhana,NOT_IN_CMU_DICT
gymnastic,
gzip,NOT_IN_CMU_DICT
ha,HOUSE
haberdasher,NOT_IN_CMU_DICT
habit,HOUSE GET
habitat,HOUSE WATER GET
habits,HOUSE
hacek,NOT_IN_CMU_DICT
hack,HOUSE
had,HOUSE
hagan,HOUSE
hague,HOUSE
hah,HOUSE
haha,NOT_IN_CMU_DICT
hahn,HOUSE
haifa,HOUSE
hail,HOUSE RAIL
hail-fellow-well-met,NOT_IN_CMU_DICT
hair,HOUSE
hair-dye,NOT_IN_CMU_DICT
hair-shirt,NOT_IN_CMU_DICT
hair-slide,NOT_IN_CMU_DICT
hair-trigger,NOT_IN_CMU_DICT
hairball,NOT_IN_CMU_DICT
hairbrush,NOT_IN_CMU_DICT
haircut,HOUSE GET
hairdo,HOUSE
hairdresser,HOUSE RUN
hairdressing,HOUSE RUN TALKING
haired,HOUSE
hairgrip,NOT_IN_CMU_DICT
hairless,HOUSE LOOK
hairlike,NOT_IN_CMU_DICT
hairline,HOUSE LOOK
hairnet,NOT_IN_CMU_DICT
hairpiece,NOT_IN_CMU_DICT
hairpin,NOT_IN_CMU_DICT
hairsplitting,NOT_IN_CMU_DICT
hairspring,NOT_IN_CMU_DICT
hairstreak,NOT_IN_CMU_DICT
hairstyle,HOUSE RAIL
hairstylist,NOT_IN_CMU_DICT
hairy,HOUSE
haiti,HOUSE WATER
haitian,HOUSE
hakim,HOUSE
halal,NOT_IN_CMU_DICT
hale,HOUSE RAIL
halesowen,NOT_IN_CMU_DICT
half,HOUSE
half-a-dozen,NOT_IN_CMU_DICT
half-brother,NOT_IN_CMU_DICT
half-hearted,HOUSE
half-heartedly,NOT_IN_CMU_DICT
half-hour,HOUSE
half-life,NOT_IN_CMU_DICT
half-measures,NOT_IN_CMU_DICT
half-price,NOT_IN_CMU_DICT
half-sister,NOT_IN_CMU_DICT
half-time,HOUSE
halftime,HOUSE
halftone,HOUSE
halftrack,NOT_IN_CMU_DICT
halftruth,NOT_IN_CMU_DICT
halifax,HOUSE LOOK
hall,HOUSE RAIL
halle,HOUSE RAIL LOOK
hallmark,HOUSE RAIL
halloween,HOUSE LOOK
halo,HOUSE LOOK
halothane,NOT_IN_CMU_DICT
halt,HOUSE RAIL GET
haltere,NOT_IN_CMU_DICT
halve,HOUSE
halves,HOUSE
ham,HOUSE
hamburg,HOUSE
hamilton,HOUSE RAIL
hamish,HOUSE
hammer,HOUSE
hammerbeam,NOT_IN_CMU_DICT
hampshire,HOUSE
hampton,HOUSE
hamsa,NOT_IN_CMU_DICT
hamstrung,HOUSE RUN TALKING
hand-cream,NOT_IN_CMU_DICT
hand-organ,NOT_IN_CMU_DICT
handbag,HOUSE
handbags,HOUSE
handball,HOUSE RAIL
handbook,HOUSE
handbrake,NOT_IN_CMU_DICT
handcuffs,HOUSE
handful,HOUSE RAIL
handheld,HOUSE RAIL
handhelds,NOT_IN_CMU_DICT
handhelds,NOT_IN_CMU_DICT
handicap,HOUSE
handjob,NOT_IN_CMU_DICT
handjobs,NOT_IN_CMU_DICT
handjobs,NOT_IN_CMU_DICT
handkerchief,HOUSE
handle,HOUSE RAIL
handled,HOUSE RAIL
handler,HOUSE LOOK
handler,HOUSE LOOK
handmade,HOUSE
handover,HOUSE
handsaws,HOUSE
handy,HOUSE
hang,HOUSE TALKING
hangar,HOUSE TALKING
hanger,HOUSE TALKING
hangover,HOUSE TALKING
hanna-barbera,NOT_IN_CMU_DICT
hanoi,HOUSE
hans,HOUSE
hansen,HOUSE
hanukkah,HOUSE
happen,HOUSE
happened,HOUSE
happier,HOUSE
happiest,HOUSE GET
happily,HOUSE LOOK
happiness,HOUSE
HAPPY,NOT_IN_CMU_DICT
HAPPY-go-lucky,NOT_IN_CMU_DICT
HAPPYsilly,NOT_IN_CMU_DICT
HAPPYsustainability,NOT_IN_CMU_DICT
harare,HOUSE
harassment,HOUSE GET
harbor,HOUSE
harbour,HOUSE
harcourt,HOUSE GET
hard,HOUSE
hardback,HOUSE
hardcastle,HOUSE RAIL
hardcore,HOUSE
hardcover,HOUSE
harden,HOUSE
hardened,HOUSE
hardening,HOUSE TALKING
hardens,HOUSE
harder,HOUSE
hardly,HOUSE LOOK
hardship,HOUSE
hardware,HOUSE
hardwood,HOUSE
hardy,HOUSE
hare,HOUSE
harelip,NOT_IN_CMU_DICT
harewood,HOUSE
harfleur,NOT_IN_CMU_DICT
harford,HOUSE
hargeaves,NOT_IN_CMU_DICT
harlem,HOUSE LOOK
harley,HOUSE LOOK
harley-davidson,NOT_IN_CMU_DICT
harlot,HOUSE LOOK GET
harlow,HOUSE LOOK
harm,HOUSE
harmful,HOUSE RAIL
harmless,HOUSE LOOK
harmonica,HOUSE
harmony,HOUSE
harness,HOUSE
harold,HOUSE RAIL
harp,HOUSE
harpenden,NOT_IN_CMU_DICT
harper,HOUSE
harpoon,HOUSE
harpsichord,HOUSE
harris,HOUSE
harrison,HOUSE
harry,HOUSE
harsh,HOUSE
harshest,HOUSE GET
hart,HOUSE GET
hartford,HOUSE
harvard,HOUSE
harvest,HOUSE GET
harvester,HOUSE
harvey,HOUSE
harwell,HOUSE RAIL
harwood,HOUSE
has,HOUSE
has-been,HOUSE
hasbro,HOUSE RUN
hash,HOUSE
hashimoto,HOUSE WATER
hassle,HOUSE RAIL
hasten,HOUSE
hasty,HOUSE
hat,HOUSE GET
hatchback,HOUSE
hate,HOUSE GET
hathern,NOT_IN_CMU_DICT
hathersage,NOT_IN_CMU_DICT
hatred,HOUSE RUN
haulm,NOT_IN_CMU_DICT
haunted,HOUSE
hausa,HOUSE
have,HOUSE
have-not,NOT_IN_CMU_DICT
haven,HOUSE
haven't,HOUSE GET
havoc,HOUSE
haw-haws,NOT_IN_CMU_DICT
hawaii,HOUSE
hawaiian,HOUSE
hawarden,NOT_IN_CMU_DICT
hawfinch,NOT_IN_CMU_DICT
hawick,NOT_IN_CMU_DICT
hawk,HOUSE
hawkins,HOUSE
hawksmoor,NOT_IN_CMU_DICT
haworth,HOUSE THINK
hawthorne,HOUSE THINK
hay,HOUSE
hayden,HOUSE
haydon,HOUSE
hayes,HOUSE
hayfork,NOT_IN_CMU_DICT
hayley,HOUSE LOOK
hayman,HOUSE
haymarket,HOUSE GET
hayrick,NOT_IN_CMU_DICT
haystack,HOUSE
hayward,HOUSE
haywire,HOUSE
haywood,HOUSE
hazard,HOUSE
hazardous,HOUSE
hazel,HOUSE RAIL
hazelnut,HOUSE RAIL GET
hazy,HOUSE
he,HOUSE
he'd,HOUSE
head,HOUSE
headache,HOUSE
headboard,HOUSE
headgear,HOUSE
headhunter,HOUSE
headline,HOUSE LOOK
headphones,HOUSE
headquarters,HOUSE
headscarf,NOT_IN_CMU_DICT
headscarves,NOT_IN_CMU_DICT
headset,HOUSE GET
healing,HOUSE LOOK TALKING
health,HOUSE RAIL THINK
healthcare,HOUSE RAIL THINK
healthy,HOUSE RAIL THINK
heap,HOUSE
hear,HOUSE
heard,HOUSE
hearer,HOUSE
hears,HOUSE
hearsay,HOUSE
heart,HOUSE GET
heart-warming,NOT_IN_CMU_DICT
heartbeat,HOUSE GET
hearth,HOUSE THINK
hearthrug,NOT_IN_CMU_DICT
hearthstone,NOT_IN_CMU_DICT
heartily,HOUSE LOOK
heartthrob,HOUSE THINK RUN
heat,HOUSE GET
heath,HOUSE THINK
heather,HOUSE THIS
heatwave,NOT_IN_CMU_DICT
heaven,HOUSE
heavier,HOUSE
heaviest,HOUSE GET
heavily,HOUSE LOOK
heavy,HOUSE
heavyweight,HOUSE GET
hebdomadal,NOT_IN_CMU_DICT
hebrew,HOUSE RUN
hebrides,HOUSE RUN
heckmondwike,NOT_IN_CMU_DICT
hectares,HOUSE
hecuba,HOUSE
hedgehog,HOUSE
hedges,HOUSE
heehaws,NOT_IN_CMU_DICT
heel,HOUSE RAIL
heidegger,HOUSE
heidi,HOUSE
height,HOUSE GET
heighway,NOT_IN_CMU_DICT
heinis,NOT_IN_CMU_DICT
heinkel,HOUSE RAIL
heir,
heirloom,LOOK
heirship,NOT_IN_CMU_DICT
held,HOUSE RAIL
helen,HOUSE LOOK
helena,HOUSE LOOK
helicopter,HOUSE LOOK
hell,HOUSE RAIL
hello,HOUSE LOOK
helmet,HOUSE RAIL GET
help,HOUSE RAIL
helpful,HOUSE RAIL
helpless,HOUSE RAIL LOOK
helpmeet,NOT_IN_CMU_DICT
hemisphere,HOUSE
hemispheres,NOT_IN_CMU_DICT
hemsworth,NOT_IN_CMU_DICT
hence,HOUSE
henceforth,HOUSE THINK
henderson,HOUSE
henri,HOUSE RUN
henry,HOUSE RUN
hentai,NOT_IN_CMU_DICT
hepatitis,HOUSE WATER
her,HOUSE
herald,HOUSE RAIL
heraldic,HOUSE RAIL
herb,HOUSE
herbaceous,
herbal,RAIL HOUSE
herbert,HOUSE GET
hercules,HOUSE LOOK
herd,HOUSE
here,HOUSE
hereby,HOUSE
hereford,HOUSE
herein,HOUSE
heresy,HOUSE
hereto,NOT_IN_CMU_DICT
heretofore,HOUSE
herewith,HOUSE THINK
heritage,HOUSE WATER
hermann,HOUSE
hermitage,HOUSE WATER
hernandez,HOUSE
hero,HOUSE
hero-worship,NOT_IN_CMU_DICT
heroes,HOUSE
heroic,HOUSE
heroin,HOUSE
herrenvolk,NOT_IN_CMU_DICT
hers,HOUSE
herschel,HOUSE RAIL
herself,HOUSE RAIL
hersey,HOUSE
hervey,HOUSE
hes,NOT_IN_CMU_DICT
hesitate,HOUSE WATER GET
heterogeneity,HOUSE WATER
heterosexual,HOUSE WATER RAIL
hetherington,HOUSE THIS TALKING
hewlett,HOUSE LOOK GET
hexadecimal,NOT_IN_CMU_DICT
hey,HOUSE
heyford,NOT_IN_CMU_DICT
heyward,HOUSE
heywood,HOUSE
hi,HOUSE
hi-fi,HOUSE
hiawatha,HOUSE THINK
hibachi,HOUSE
hibernian,NOT_IN_CMU_DICT
hiccup,HOUSE
hid,HOUSE
hidden,HOUSE
hide,HOUSE
hided,NOT_IN_CMU_DICT
hideous,HOUSE
hideously,HOUSE LOOK
hierarchical,HOUSE RAIL
hierarchy,HOUSE
high,HOUSE
high-class,NOT_IN_CMU_DICT
high-density,NOT_IN_CMU_DICT
high-falutin,NOT_IN_CMU_DICT
high-fidelity,NOT_IN_CMU_DICT
high-flier,NOT_IN_CMU_DICT
high-flown,NOT_IN_CMU_DICT
high-flyers,NOT_IN_CMU_DICT
high-flying,NOT_IN_CMU_DICT
high-grade,NOT_IN_CMU_DICT
high-keyed,NOT_IN_CMU_DICT
high-level,HOUSE LOOK RAIL
high-minded,HOUSE
high-mindedly,NOT_IN_CMU_DICT
high-mindedness,NOT_IN_CMU_DICT
high-necked,NOT_IN_CMU_DICT
high-pass,NOT_IN_CMU_DICT
high-pitched,NOT_IN_CMU_DICT
high-powered,HOUSE
high-pressure,NOT_IN_CMU_DICT
high-priced,NOT_IN_CMU_DICT
high-principled,NOT_IN_CMU_DICT
high-profile,HOUSE RUN RAIL
high-ranking,NOT_IN_CMU_DICT
high-res,NOT_IN_CMU_DICT
high-rise,NOT_IN_CMU_DICT
high-risk,NOT_IN_CMU_DICT
high-sounding,NOT_IN_CMU_DICT
high-speed,HOUSE
high-spirited,HOUSE
high-strung,NOT_IN_CMU_DICT
higham,HOUSE
highball,NOT_IN_CMU_DICT
highballs,NOT_IN_CMU_DICT
highborn,NOT_IN_CMU_DICT
highboy,HOUSE
highbrow,HOUSE RUN
highbury,NOT_IN_CMU_DICT
highclere,NOT_IN_CMU_DICT
higher,HOUSE
highest,HOUSE GET
highflown,NOT_IN_CMU_DICT
highgate,NOT_IN_CMU_DICT
highjack,NOT_IN_CMU_DICT
highjacking,NOT_IN_CMU_DICT
highland,HOUSE LOOK
highlander,HOUSE LOOK
highlands,HOUSE LOOK
highlight,HOUSE LOOK GET
highlighting,HOUSE LOOK WATER TALKING
highlights,HOUSE LOOK
highly,HOUSE LOOK
highly-strung,NOT_IN_CMU_DICT
highroad,NOT_IN_CMU_DICT
highs,HOUSE
highway,HOUSE
highwayman,NOT_IN_CMU_DICT
highwaymen,NOT_IN_CMU_DICT
hijab,NOT_IN_CMU_DICT
hijack,HOUSE
hiking,HOUSE TALKING
hilarious,HOUSE LOOK
hill,HOUSE RAIL
hilltop,HOUSE RAIL
hilton,HOUSE RAIL
him,HOUSE
himself,HOUSE RAIL
hindi,HOUSE
hindmarsh,NOT_IN_CMU_DICT
hindsight,HOUSE GET
hindu,HOUSE
hindustani,NOT_IN_CMU_DICT
hint,HOUSE GET
hip,HOUSE
hip-baths,NOT_IN_CMU_DICT
hip-flask,NOT_IN_CMU_DICT
hip-hop,HOUSE
hip-huggers,NOT_IN_CMU_DICT
hippie,HOUSE
hiraeth,NOT_IN_CMU_DICT
hire,HOUSE
hired,HOUSE
hirwain,NOT_IN_CMU_DICT
his,HOUSE
hislop,HOUSE LOOK
hispanic,HOUSE
hist,NOT_IN_CMU_DICT
histamine,HOUSE
historian,HOUSE
historic,HOUSE
historical,HOUSE RAIL
historically,HOUSE LOOK
history,HOUSE RUN
hit,HOUSE GET
hitachi,HOUSE WATER
hither,HOUSE THIS
hitherto,HOUSE THIS WATER
hitting,HOUSE WATER TALKING
hiv,
hluhluwe,NOT_IN_CMU_DICT
ho,HOUSE
hoar,HOUSE
hoard,HOUSE
hoarder,NOT_IN_CMU_DICT
hoarding,HOUSE TALKING
hoarier,NOT_IN_CMU_DICT
hoariest,NOT_IN_CMU_DICT
hoarsely,NOT_IN_CMU_DICT
hoarseness,HOUSE
hoarser,NOT_IN_CMU_DICT
hoarsest,NOT_IN_CMU_DICT
hoary,HOUSE
hobart,HOUSE GET
hobbledehoys,NOT_IN_CMU_DICT
hobby,HOUSE
hobnob,HOUSE
hobsbawm,HOUSE
hockey,HOUSE
hodgepodge,HOUSE
hodges,HOUSE
hoe,HOUSE
hog,HOUSE
hogarth,HOUSE THINK
hogarthian,NOT_IN_CMU_DICT
hogwarts,HOUSE
hogweed,NOT_IN_CMU_DICT
hoick,NOT_IN_CMU_DICT
hoist,HOUSE GET
holbeach,NOT_IN_CMU_DICT
hold,HOUSE RAIL
holdem,NOT_IN_CMU_DICT
hole,HOUSE RAIL
holiday,HOUSE LOOK
holidaymaker,NOT_IN_CMU_DICT
holidays,HOUSE LOOK
holistic,HOUSE LOOK
holland,HOUSE LOOK
hollow,HOUSE LOOK
holloway,HOUSE LOOK
hollowware,NOT_IN_CMU_DICT
holly,HOUSE LOOK
hollywood,HOUSE LOOK
holmes,HOUSE RAIL
holmfirth,NOT_IN_CMU_DICT
holmwood,NOT_IN_CMU_DICT
holocaust,HOUSE LOOK GET
holroyd,HOUSE RAIL RUN
holy,HOUSE LOOK
hombre,HOUSE RUN
home,HOUSE
home-cured,NOT_IN_CMU_DICT
home-made,HOUSE
homecoming,HOUSE TALKING
homeland,HOUSE LOOK
homeless,HOUSE LOOK
homelike,HOUSE LOOK
homemade,HOUSE
homeopath,NOT_IN_CMU_DICT
homeopathic,HOUSE THINK
homepage,HOUSE
homestead,HOUSE
hometown,HOUSE
homework,HOUSE
homey,HOUSE
homogenized,HOUSE
homosexual,HOUSE RAIL
homosexuality,HOUSE LOOK WATER
homozygous,HOUSE
hon,HOUSE
honda,HOUSE
honduras,HOUSE
honestly,LOOK
honesty,
honey,HOUSE
honeybee,HOUSE
honeymoon,HOUSE
honeysuckle,HOUSE RAIL
honeywell,HOUSE RAIL
hong,HOUSE TALKING
honolulu,HOUSE LOOK
honor,
honorary,
honour,
hooch,HOUSE
hood,HOUSE
hoodie,NOT_IN_CMU_DICT
hook,HOUSE
hoopla,HOUSE LOOK
hoops,HOUSE
hoosier,HOUSE
hoover,HOUSE
hop,HOUSE
hope,HOUSE
hopeful,HOUSE RAIL
hopefully,HOUSE LOOK
hopeless,HOUSE LOOK
hopelessly,HOUSE LOOK
hopi,HOUSE
hopkins,HOUSE
hopscotch,HOUSE
horatio,HOUSE
horde,HOUSE
horeb,NOT_IN_CMU_DICT
horizon,HOUSE
horizontal,HOUSE RAIL
horizontally,HOUSE LOOK
horizontally,HOUSE LOOK
hormonal,HOUSE RAIL
hormone,HOUSE
horn,HOUSE
hornbeam,NOT_IN_CMU_DICT
horne,HOUSE
hornsea,NOT_IN_CMU_DICT
horny,HOUSE
horologium,NOT_IN_CMU_DICT
horoscope,HOUSE
horrendous,HOUSE
horrendously,HOUSE LOOK
horrible,HOUSE RAIL
horribly,HOUSE LOOK
horrid,HOUSE
horrific,HOUSE
horrified,HOUSE
horrify,HOUSE
horror,HOUSE
horse,HOUSE
horse-barn,NOT_IN_CMU_DICT
horse-chestnut,NOT_IN_CMU_DICT
horseflesh,HOUSE LOOK
horsemeat,NOT_IN_CMU_DICT
horsepower,HOUSE
horseshoes,HOUSE
horsey,HOUSE
horticulture,HOUSE RAIL
horwood,NOT_IN_CMU_DICT
hose,HOUSE
hosiery,HOUSE
hospital,HOUSE WATER RAIL
hospitality,HOUSE WATER LOOK
host,HOUSE GET
hostel,HOUSE RAIL
hot,HOUSE GET
hotchkiss,HOUSE
hotchpotch,NOT_IN_CMU_DICT
hotdog,HOUSE
hotel,HOUSE WATER RAIL
hotline,HOUSE LOOK
hotmail,HOUSE RAIL
hotpoint,NOT_IN_CMU_DICT
hottest,HOUSE WATER GET
houdini,HOUSE
hough,HOUSE
houmous,NOT_IN_CMU_DICT
hour,
hourglass,LOOK
houri,NOT_IN_CMU_DICT
hourly,LOOK
hours,
house,HOUSE
house,HOUSE
house-proud,NOT_IN_CMU_DICT
house-warming,NOT_IN_CMU_DICT
housed,HOUSE
housefather,NOT_IN_CMU_DICT
household,HOUSE RAIL
housekeeping,HOUSE TALKING
houseleek,NOT_IN_CMU_DICT
houses,HOUSE
housewares,HOUSE
housewife,HOUSE
housewives,HOUSE
housing,HOUSE TALKING
houston,HOUSE
hove,HOUSE
hovercraft,HOUSE RUN GET
how,HOUSE
how-do-you-do,NOT_IN_CMU_DICT
howard,HOUSE
howbeit,NOT_IN_CMU_DICT
howdy,HOUSE
howe,HOUSE
howell,HOUSE RAIL
however,HOUSE
howl,HOUSE RAIL
howland,HOUSE LOOK
howling,HOUSE LOOK TALKING
howsoever,NOT_IN_CMU_DICT
howth,NOT_IN_CMU_DICT
howto,NOT_IN_CMU_DICT
html,RAIL
http,WATER
huawei,NOT_IN_CMU_DICT
hub,HOUSE
hubbub,HOUSE
hubristic,NOT_IN_CMU_DICT
huddersfield,NOT_IN_CMU_DICT
huddle,HOUSE RAIL
hudson,HOUSE
hue,HOUSE
hued,HOUSE
huff,HOUSE
huffington,HOUSE TALKING
hufflepuff,NOT_IN_CMU_DICT
hug,HOUSE
huge,HOUSE
hugely,HOUSE LOOK
hugger-mugger,NOT_IN_CMU_DICT
hugh,HOUSE
hughes,HOUSE
hugo,HOUSE
huguenot,HOUSE GET
huh,HOUSE
hula,HOUSE LOOK
hula-hoop,NOT_IN_CMU_DICT
hull,HOUSE RAIL
hum,HOUSE
human,HOUSE
humane,HOUSE
humanitarian,HOUSE WATER
humanity,HOUSE WATER
humanoid,HOUSE
humberside,NOT_IN_CMU_DICT
humble,HOUSE RAIL
humbly,HOUSE LOOK
humbug,HOUSE
humbuggery,NOT_IN_CMU_DICT
humdrum,HOUSE RUN
humectant,NOT_IN_CMU_DICT
humid,HOUSE
humidify,NOT_IN_CMU_DICT
humidity,HOUSE WATER
humiliation,HOUSE LOOK
hummel,HOUSE RAIL
hummus,HOUSE
humoconsumer,NOT_IN_CMU_DICT
humor,HOUSE
humorous,HOUSE
humour,HOUSE
hundred,HOUSE RUN
hundreds,HOUSE RUN
hung,HOUSE TALKING
hungarian,HOUSE TALKING
hungary,HOUSE TALKING
hunger,HOUSE TALKING
hunger-march,NOT_IN_CMU_DICT
hungry,HOUSE TALKING RUN
hunk,HOUSE
hunt,HOUSE GET
hunter-gatherer,NOT_IN_CMU_DICT
huntington,HOUSE TALKING
hurdle,HOUSE RAIL
hurley,HOUSE LOOK
hurricane,HOUSE
hurry,HOUSE
hurt,HOUSE GET
husband,HOUSE
husbandman,NOT_IN_CMU_DICT
husbandry,HOUSE RUN
hush,HOUSE
hussar,HOUSE
hut,HOUSE GET
hutch,HOUSE
hutchings,HOUSE TALKING
hutchinson,HOUSE
hutton,HOUSE WATER
huzzah,HOUSE
hybrid,HOUSE RUN
hybridity,NOT_IN_CMU_DICT
hyde,HOUSE
hyderabad,HOUSE
hydraulic,HOUSE RUN LOOK
hydrocodone,NOT_IN_CMU_DICT
hydrocortisone,HOUSE RUN
hydrofoil,HOUSE RUN RAIL
hydrogen,HOUSE RUN
hydrographer,NOT_IN_CMU_DICT
hygeia,HOUSE
hygiene,HOUSE
hygienic,NOT_IN_CMU_DICT
hygienist,HOUSE GET
hygrometer,HOUSE RUN WATER
hyperbole,HOUSE LOOK
hyperglycaemia,NOT_IN_CMU_DICT
hyperglycemia,NOT_IN_CMU_DICT
hyperthyroid,NOT_IN_CMU_DICT
hypha,NOT_IN_CMU_DICT
hyphen,HOUSE
hypocaust,NOT_IN_CMU_DICT
hypocrisy,HOUSE RUN
hypocrite,HOUSE RUN GET
hypocritical,HOUSE RUN WATER RAIL
hypoglycaemia,NOT_IN_CMU_DICT
hypoglycemia,HOUSE LOOK
hypothalamus,HOUSE THINK LOOK
hypothesis,HOUSE THINK
hypothetical,HOUSE THINK WATER RAIL
hypothetical,HOUSE THINK WATER RAIL
hypothetical,HOUSE THINK WATER RAIL
hypoxia,HOUSE
hysterical,HOUSE RAIL
hyundai,HOUSE
i,
i'm,
iago,
iain,
ian,
ianthe,THINK
iata,NOT_IN_CMU_DICT
iatrogenic,NOT_IN_CMU_DICT
iberian,
ibidem,NOT_IN_CMU_DICT
ibis,
ibiza,
ibm,
ibo,NOT_IN_CMU_DICT
ibrahim,RUN HOUSE
ibuprofen,RUN
ice,
ice-cream,RUN
ice-lollies,NOT_IN_CMU_DICT
icecream,NOT_IN_CMU_DICT
icecube,NOT_IN_CMU_DICT
iceland,LOOK
icelandic,LOOK
icon,
iconic,
iconoclasm,LOOK
iconoclastic,LOOK
ida,
idaho,HOUSE
idea,
ideal,RAIL
idealistic,LOOK
ideally,LOOK
idem,NOT_IN_CMU_DICT
identical,RAIL
identically,NOT_IN_CMU_DICT
identification,
identified,
identifier,
identify,
identity,WATER
ideological,LOOK RAIL
ideology,LOOK
idiom,
idiosyncratic,RUN WATER
idiot,GET
idiotic,WATER
idiots,
idle,RAIL
idol,RAIL
ie,NOT_IN_CMU_DICT
ieee,RUN LOOK
if,
iggy,NOT_IN_CMU_DICT
iglesias,LOOK
igloo,LOOK
ignite,GET
ignorance,
ignorant,GET
ignore,
ignored,
igor,
iguana,
iii,NOT_IN_CMU_DICT
ijo,NOT_IN_CMU_DICT
ikea,
ikebana,NOT_IN_CMU_DICT
ill,RAIL
ill-natured,NOT_IN_CMU_DICT
illegal,LOOK RAIL
illegally,LOOK
illegible,LOOK RAIL
illinois,LOOK
illiterate,LOOK WATER GET
illogical,LOOK RAIL
illuminati,NOT_IN_CMU_DICT
illusion,LOOK
illusionist,LOOK GET
illustrate,LOOK RUN GET
illustrated,LOOK RUN WATER
illustrates,LOOK RUN
illustrating,LOOK RUN WATER TALKING
illustration,LOOK RUN
image,
imaginary,
imagination,
imaginative,WATER
imagine,
imagined,
imam,
imbalance,LOOK
imbued,
img,NOT_IN_CMU_DICT
imma,NOT_IN_CMU_DICT
immature,
immediate,GET
immediately,LOOK
immemorial,RAIL
immense,
immensely,LOOK
immersion,
immersive,NOT_IN_CMU_DICT
immigrant,RUN GET
immigrants,RUN
immigration,RUN
imminent,GET
immoral,RAIL
immortal,RAIL
immune,
immunology,LOOK
immure,NOT_IN_CMU_DICT
impact,GET
impair,
impaired,
impairing,TALKING
impairment,GET
impairs,
impala,LOOK
impartial,RAIL
impasse,
impeach,
impecuniosity,NOT_IN_CMU_DICT
impend,
impended,NOT_IN_CMU_DICT
impending,TALKING
impends,NOT_IN_CMU_DICT
imperative,WATER
imperfect,GET
imperfection,
imperfectly,LOOK
imperial,RAIL
impersonal,RAIL
implausible,LOOK RAIL
implement,LOOK GET
implementation,LOOK
implication,LOOK
implications,LOOK
implicit,LOOK GET
implicitly,LOOK
implied,LOOK
implies,LOOK
implore,LOOK
implored,LOOK
implosion,LOOK
imply,LOOK
implying,LOOK TALKING
import,GET
importance,
importantly,LOOK
impose,
imposed,
impossible,RAIL
impoverished,RUN GET
impractical,RUN RAIL
impregnated,RUN WATER
impress,RUN
impressed,RUN GET
impresses,RUN
impressing,RUN TALKING
impression,RUN
impressive,RUN
imprison,RUN
imprisoned,RUN
imprisoning,RUN TALKING
imprisons,RUN
improbable,RUN RAIL
improv,RUN
improve,RUN
improved,RUN
improvidently,NOT_IN_CMU_DICT
impudence,NOT_IN_CMU_DICT
impulse,RAIL
impunity,WATER
in,
in-car,NOT_IN_CMU_DICT
in-depth,THINK
in-house,HOUSE
in-laws,LOOK
in-patient,NOT_IN_CMU_DICT
inability,LOOK WATER
inaccessible,RAIL
inaccuracies,
inaccuracy,
inaccurate,GET
inadequate,GET
inadvertently,WATER LOOK
inadvertently,WATER LOOK
inamorato,NOT_IN_CMU_DICT
inane,
inappropriate,RUN GET
inaugural,RAIL
inauguration,
inauspicious,
inauthentic,NOT_IN_CMU_DICT
inbetween,NOT_IN_CMU_DICT
inbox,
inc,
inca,
incapable,RAIL
incarnation,
incentive,
inch,
inches,
incidence,
incident,GET
incidental,RAIL
incidentally,LOOK
incision,
inclination,LOOK
incline,LOOK
inclined,LOOK
inclines,LOOK
inclining,NOT_IN_CMU_DICT
inclosure,LOOK
inclusion,LOOK
inclusive,LOOK
inclusivity,NOT_IN_CMU_DICT
incognito,WATER
incoherent,HOUSE GET
income,
incoming,TALKING
incommunicado,
incompatible,WATER RAIL
incompetence,WATER
incompetent,WATER GET
incomplete,LOOK GET
incomprehensible,RUN HOUSE RAIL
inconsistencies,
inconsistency,
inconsistent,GET
inconvenience,
inconvenienced,GET
inconveniences,
inconveniencing,NOT_IN_CMU_DICT
inconvenient,GET
incorporate,GET
incorporated,WATER
incorporeal,NOT_IN_CMU_DICT
incorrect,GET
incorrectly,LOOK
increased,RUN GET
increases,RUN
increasingly,RUN TALKING LOOK
incredible,RUN RAIL
incredibly,RUN LOOK
increment,RUN GET
incrustation,RUN
incubation,
incubus,NOT_IN_CMU_DICT
inculcate,RAIL GET
incunabulum,NOT_IN_CMU_DICT
incur,
incurred,
incurring,TALKING
ind,NOT_IN_CMU_DICT
indaba,
indeed,
indefensible,RAIL
indefinite,GET
indefinitely,LOOK
indent,GET
indentify,NOT_IN_CMU_DICT
independence,
independent,GET
independently,LOOK
indeterminate,WATER GET
index,
indexes,
india-rubber,NOT_IN_CMU_DICT
indian,
indiana,
indianapolis,LOOK
indicate,GET
indicated,WATER
indication,
indicative,WATER
indicator,WATER
indices,
indictment,GET
indie,
indigenous,
indirect,GET
indirection,NOT_IN_CMU_DICT
indirectly,LOOK
indistinguishable,TALKING RAIL
individual,RAIL
individually,LOOK
indochina,
indonesia,
indonesian,
indoor,
indubitably,NOT_IN_CMU_DICT
induce,
induced,GET
induction,
indulge,RAIL
indulged,RAIL
indulges,RAIL
indulging,RAIL TALKING
industrial,RUN RAIL
inebriate,RUN GET
ineffective,
inefficiency,
inefficient,GET
inequality,LOOK WATER
inequality,LOOK WATER
inertia,
inevitable,WATER RAIL
inevitably,WATER LOOK
inexpensive,
inexperienced,GET
infallible,LOOK RAIL
infamous,
infant,GET
infantile,RAIL
infect,GET
infected,
infecting,TALKING
infection,
infectious,
infects,
infelicity,NOT_IN_CMU_DICT
infer,
inference,
inferior,
inferiority,WATER
inferring,TALKING
infers,
infinite,GET
infinitely,LOOK
infinity,WATER
inflammable,LOOK RAIL
inflation,LOOK
inflexible,LOOK RAIL
inflict,LOOK GET
influence,LOOK
influenced,LOOK GET
influencer,NOT_IN_CMU_DICT
influential,LOOK RAIL
influenza,LOOK
influx,LOOK
inform,
informal,RAIL
informally,LOOK
information,
informational,RAIL
informative,WATER
informed,
infrared,RUN
infrastructure,RUN
infrequent,RUN GET
infringement,RUN GET
infusion,
ing,TALKING
ingathering,NOT_IN_CMU_DICT
ingenious,
inger,TALKING
inglenook,TALKING RAIL
ingratiate,TALKING RUN GET
ingredient,RUN GET
ingredients,RUN
inhabit,HOUSE GET
inhabitant,HOUSE WATER GET
inhabitants,HOUSE WATER
inhabited,HOUSE WATER
inhabiting,HOUSE WATER TALKING
inhabits,HOUSE
inherent,HOUSE GET
inherent,HOUSE GET
inherently,HOUSE LOOK
inherently,HOUSE LOOK
inherit,HOUSE GET
inheritance,HOUSE WATER
inherited,HOUSE WATER
inheriting,HOUSE WATER TALKING
inherits,HOUSE
inhibit,HOUSE GET
inhibited,HOUSE WATER
inhibiting,HOUSE WATER TALKING
inhibition,HOUSE
inhibits,HOUSE
initial,RAIL
initialabout,NOT_IN_CMU_DICT
initialization,NOT_IN_CMU_DICT
initialize,LOOK
initialized,LOOK
initializes,NOT_IN_CMU_DICT
initializing,NOT_IN_CMU_DICT
initially,LOOK
initiate,GET
initiated,WATER
initiates,
initiating,WATER TALKING
initiative,WATER
inject,GET
injection,
injure,
injured,
injures,
injuring,TALKING
injurious,
injury,
injustice,
ink,
inkjet,GET
inlays,NOT_IN_CMU_DICT
inlet,LOOK GET
inline,LOOK
inn,
inner,
innocence,
innocent,GET
innovation,
innovative,WATER
inopportune,WATER
inorganic,
input,GET
inquire,
inquired,
inquiries,
inquiry,
inrush,NOT_IN_CMU_DICT
insane,
insect,GET
insects,
insecure,
insensitive,WATER
insert,GET
insertion,
inshore,
inside,
insider,
insidious,
insight,GET
insignia,
insignificant,GET
insincere,
insincerely,NOT_IN_CMU_DICT
insist,GET
insisted,
insistence,
insisting,TALKING
insists,
insofar,
insole,NOT_IN_CMU_DICT
insomuch,NOT_IN_CMU_DICT
inspect,GET
inspected,
inspecting,TALKING
inspection,
inspector,
inspects,
inspiration,
inspire,
inspired,
inspiring,TALKING
instagram,RUN
install,RAIL
installation,LOOK
instance,
instant,GET
instantiation,
instantly,LOOK
instead,
instinct,GET
institute,WATER GET
institution,WATER
institutional,WATER RAIL
institutionalization,WATER LOOK
instruct,RUN GET
instructed,RUN
instructing,RUN TALKING
instruction,RUN
instructional,RUN RAIL
instructor,RUN
instructs,RUN
instrument,RUN GET
instrumental,RUN RAIL
instrumentation,RUN
insubstantial,RAIL
insufficient,GET
insulation,LOOK
insulin,LOOK
insult,RAIL GET
insured,
int,NOT_IN_CMU_DICT
intact,GET
intake,
integer,
integral,RUN RAIL
integrate,RUN GET
integrated,RUN WATER
integration,RUN
integrity,RUN WATER
integumentary,NOT_IN_CMU_DICT
intel,RAIL
intellect,LOOK GET
intellectual,LOOK RAIL
intelligence,LOOK
intelligent,LOOK GET
intend,
intense,
intensely,LOOK
intensity,WATER
intensive,
intent,GET
intention,
intentional,RAIL
intentionally,LOOK
inter,
interact,GET
interaction,
interactive,
interactively,NOT_IN_CMU_DICT
interchange,
interchangeable,RAIL
intercollegiate,LOOK GET
intercom,
intercontinental,RAIL
intercourse,
interest,RUN GET
interestingly,TALKING LOOK
interface,
interfaced,NOT_IN_CMU_DICT
interfere,
interfered,
interference,
interfering,TALKING
interferon,
interim,RUN
interior,
interject,GET
interlaken,NOT_IN_CMU_DICT
interlingua,NOT_IN_CMU_DICT
interlocutor,LOOK WATER
intermediate,GET
intermittent,WATER GET
intern,
internal,RAIL
internally,LOOK
international,RAIL
internationale,LOOK
internationally,LOOK
internet,GET
internship,
interplay,LOOK
interpret,RUN GET
interpretation,RUN WATER
interpreted,RUN WATER
interpreter,RUN WATER
interracial,RAIL
interrogate,GET
interrupt,GET
interrupted,
interrupting,TALKING
interruption,
interruptions,
interrupts,
intersection,
interstate,GET
interval,RAIL
intervene,
intervened,
intervention,
interview,
interviewed,
interviews,
intimate,GET
intl,NOT_IN_CMU_DICT
into,
intolerance,LOOK
intourist,GET
intranet,NOT_IN_CMU_DICT
intranet,NOT_IN_CMU_DICT
intransigent,RUN GET
intrigue,RUN
intrinsic,RUN
intrinsically,RUN LOOK
intro,RUN
introduce,RUN
introduced,RUN GET
introduction,RUN
introductory,RUN
introit,NOT_IN_CMU_DICT
intruder,RUN
intrusion,RUN
intrusive,RUN
intubate,NOT_IN_CMU_DICT
intuitive,WATER
inundated,WATER
inure,
invade,
invaded,
invalid,LOOK
invalidate,LOOK GET
invaluable,RAIL
invariable,RAIL
invariably,LOOK
invasion,
invent,GET
invented,
inventing,TALKING
invention,
inventor,
inventory,
invents,
inverness,
inverse,
invert,GET
inverted,WATER
inverting,NOT_IN_CMU_DICT
inverts,NOT_IN_CMU_DICT
invest,GET
investigate,GET
investigated,WATER
investigation,
investigator,WATER
investor,
invisible,RAIL
invision,NOT_IN_CMU_DICT
invitation,WATER
invite,GET
invited,WATER
inviting,WATER TALKING
invoice,
invoke,
invoked,GET
invokes,
invoking,TALKING
involve,RAIL
involved,RAIL
iodine,
iolanthe,LOOK THINK
ion,
iowa,
ipad,
iphone,
ipod,
ira,
iran,
iraq,
iraqi,
irate,GET
ireland,LOOK
irene,
iris,
irish,
irkutsk,
iron,
ironic,
ironmonger,NOT_IN_CMU_DICT
irony,
irrational,RAIL
irreducibility,NOT_IN_CMU_DICT
irrelevant,LOOK GET
irresistable,NOT_IN_CMU_DICT
irrespective,
irresponsible,RAIL
irrigation,
irritate,WATER GET
irritated,WATER
irritates,WATER
irritating,WATER TALKING
irritation,WATER
irvine,
irwell,NOT_IN_CMU_DICT
irwin,
isaac,
isabel,RAIL
isabella,LOOK
isbn,
isham,
ishiguro,NOT_IN_CMU_DICT
islam,LOOK
islamabad,LOOK
islamic,LOOK
island,LOOK
isle,RAIL
iso,NOT_IN_CMU_DICT
isolate,LOOK GET
isolated,LOOK WATER
isolates,LOOK
isolating,LOOK WATER TALKING
isolation,LOOK
isopleth,NOT_IN_CMU_DICT
isopropyl,NOT_IN_CMU_DICT
israel,RUN RAIL
israeli,RUN LOOK
issue,
issued,
issues,
ist,NOT_IN_CMU_DICT
istanbul,RAIL
it,GET
it's,
italia,WATER LOOK RAIL
italian,WATER RAIL
italiano,WATER LOOK
italic,WATER LOOK
italy,WATER LOOK
itching,TALKING
itchy,
item,WATER
ithon,NOT_IN_CMU_DICT
itinerary,WATER
its,
itself,RAIL
itunes,WATER
iud,NOT_IN_CMU_DICT
ivan,
iver,
ivor,
ivory,RUN
ivy,
jabez,NOT_IN_CMU_DICT
jacintha,THINK
jack,
jackanapes,NOT_IN_CMU_DICT
jacket,GET
jackie,
jackman,
jacksnipe,NOT_IN_CMU_DICT
jackson,
jacksonville,RAIL
jacob,
jacobean,
jacquard,NOT_IN_CMU_DICT
jacuzzi,
jade,
jaeger,
jaffa,
jagger,
jaguar,
jail,RAIL
jaipur,NOT_IN_CMU_DICT
jake,
jalalabad,LOOK
jalfrezi,NOT_IN_CMU_DICT
jam,
jamaica,
james,
jameson,
jamie,
jan,
jane,
janet,GET
janitorial,WATER RAIL
january,
japan,
japanese,
japhetic,NOT_IN_CMU_DICT
jar,
jardiniere,NOT_IN_CMU_DICT
jarful,NOT_IN_CMU_DICT
jargon,
jarvis,
jasmine,
jason,
java,
javascript,RUN GET
jawbone,
jawbreaker,NOT_IN_CMU_DICT
jaws,
jay,
jaycee,
jaywalking,TALKING
jaywick,NOT_IN_CMU_DICT
jazz,
jealous,LOOK
jean,
jeans,
jebusite,NOT_IN_CMU_DICT
jedi,
jeep,
jeff,
jefferson,
jeffrey,RUN
jehovah,HOUSE
jellies,LOOK
jelly,LOOK
jelsoft,NOT_IN_CMU_DICT
jemima,
jenkins,
jenks,
jenner,
jennifer,
jenny,
jephthah,NOT_IN_CMU_DICT
jeremiah,
jeremy,
jerk,
jerome,
jerry,
jersey,
jerusalem,LOOK
jesse,
jessica,
jessie,
jest,GET
jesus,
jet,GET
jew,
jewel,RAIL
jewellery,NOT_IN_CMU_DICT
jewelry,RAIL RUN LOOK
jewish,
jews,
jib,
jib-boom,NOT_IN_CMU_DICT
jigsaw,
jigsaws,NOT_IN_CMU_DICT
jill,RAIL
jim,
jimmy,
jipijapa,NOT_IN_CMU_DICT
jitterbug,WATER
jiujitsu,NOT_IN_CMU_DICT
jive,
jo,
joan,
job,
job-sharing,NOT_IN_CMU_DICT
jobcentre,NOT_IN_CMU_DICT
jockey,
jodie,
joe,
joel,RAIL
jog,
john,
johnny,
johnson,
johnston,
join,
joinery,
joint,GET
jointly,LOOK
joists,
jojo,NOT_IN_CMU_DICT
jojoba,HOUSE
joke,
joked,GET
jolie,LOOK
jolly,LOOK
jon,
jonas,
jonathan,THINK
jones,
joppa,NOT_IN_CMU_DICT
jordan,
jose,HOUSE
josef,
joseph,
josh,
joshua,
joules,RAIL
jourdain,NOT_IN_CMU_DICT
journalism,LOOK
journalist,LOOK GET
journey,
jowl,RAIL
joy,
joy-bells,NOT_IN_CMU_DICT
joyce,
joyed,NOT_IN_CMU_DICT
joyful,RAIL
joyfully,LOOK
joyfulness,NOT_IN_CMU_DICT
joyous,
joyride,
joyrides,NOT_IN_CMU_DICT
joys,
joystick,
jpeg,NOT_IN_CMU_DICT
jpg,NOT_IN_CMU_DICT
ju-jitsu,NOT_IN_CMU_DICT
juan,HOUSE
jubilant,LOOK GET
jubilee,LOOK
judd,
judea,
judge,
judged,
judgment,GET
judgmental,RAIL
judicial,RAIL
judiciary,
judo,
judy,
jug,
juggernaut,GET
juice,
jujitsu,
juju,
jujube,
jukebox,
jules,RAIL
julia,RAIL
julian,LOOK RAIL
julie,LOOK
juliet,LOOK GET
july,LOOK
jump,
jumpsuit,GET
junction,
june,
jung,TALKING
jungle,TALKING RAIL
junior,
junk,
junkie,
jurisdiction,
jury,
just,GET
justice,
justifiable,RAIL
justifiably,LOOK
justification,
justified,
justify,
justin,
juvenile,RAIL
juventus,NOT_IN_CMU_DICT
jvc,NOT_IN_CMU_DICT
kabuki,
kahn,
kai,
kaka,NOT_IN_CMU_DICT
kalahari,NOT_IN_CMU_DICT
kama,
kamala,NOT_IN_CMU_DICT
kampala,LOOK
Kane,NOT_IN_CMU_DICT
kansas,
kanye,NOT_IN_CMU_DICT
kaohsiung,TALKING
kappa,
kaput,NOT_IN_CMU_DICT
karachi,
karaoke,
kardashian,
karen,
karl,RAIL
karma,
kasbah,NOT_IN_CMU_DICT
kasha,
kashmir,
katana,WATER
kate,GET
kathie,THINK
kathleen,THINK LOOK
kathryn,THINK RUN
kathy,THINK
katie,WATER
katrina,RUN
katy,WATER
kauri,NOT_IN_CMU_DICT
kava,NOT_IN_CMU_DICT
kawasaki,
kay,
kayleigh,NOT_IN_CMU_DICT
kazakhstan,
kde,NOT_IN_CMU_DICT
keanu,
keegan,
keen,
keep,
keeper,
keepsake,
keir,
keith,THINK
kelly,LOOK
kelpie,NOT_IN_CMU_DICT
ken,
kennedy,
kenneth,THINK
kenny,
keno,
kent,GET
kentucky,
kenya,
kept,GET
kerb,
kernel,RAIL
kerr,
kerry,
kershaw,
ketchup,
kettle,WATER RAIL
kevin,
kevlar,LOOK
kewpie,NOT_IN_CMU_DICT
key,
keyboard,
keychain,NOT_IN_CMU_DICT
keyhole,HOUSE RAIL
keynote,GET
keypad,
keystroke,RUN
keystrokes,RUN
keyword,
kfc,NOT_IN_CMU_DICT
khaki,
khan,
khoisan,NOT_IN_CMU_DICT
khrushchev,RUN
kia,
kibbutz,
kibbutzim,
kibosh,NOT_IN_CMU_DICT
kick,
kick-ass,
kickstarter,
kid,
kidnap,
kidnapper,
kidney,
kids,
kill,RAIL
killamarsh,NOT_IN_CMU_DICT
killarney,NOT_IN_CMU_DICT
killed,RAIL
killer,LOOK
kilmarnock,RAIL
kilogram,LOOK RUN
kilograms,LOOK RUN
kilometers,LOOK WATER
kilos,LOOK
kilowatt,LOOK GET
kilsyth,NOT_IN_CMU_DICT
kim,
kinase,
kind,
kinda,
kindergarten,
kindly,LOOK
king,TALKING
king-size,NOT_IN_CMU_DICT
kingdom,TALKING
kingston,TALKING
kingswear,NOT_IN_CMU_DICT
kinship,
kirby,
kirghiz,NOT_IN_CMU_DICT
kirk,
kirov,
kirsten,
kiss,
kisses,
kit,GET
kitchen,
kite,GET
kitten,WATER
kitty,WATER
KITunderlying,NOT_IN_CMU_DICT
klaus,LOOK
klavier,NOT_IN_CMU_DICT
klein,LOOK
kludge,NOT_IN_CMU_DICT
klufi,NOT_IN_CMU_DICT
knaresborough,NOT_IN_CMU_DICT
knead,
knebworth,NOT_IN_CMU_DICT
knee,
knee-high,NOT_IN_CMU_DICT
knew,
knife,
knife-edge,NOT_IN_CMU_DICT
knight,GET
knit,GET
knitting,WATER TALKING
knitwear,
knives,
knob,
knock,
knotweed,NOT_IN_CMU_DICT
know,
know-how,HOUSE
knowledge,LOOK
knowledgestorm,NOT_IN_CMU_DICT
known,
knows,
knowsley,NOT_IN_CMU_DICT
knox,
knuckleduster,NOT_IN_CMU_DICT
koala,LOOK
kochi,NOT_IN_CMU_DICT
kodak,
kohlrabi,RAIL RUN
koisan,NOT_IN_CMU_DICT
kojak,
komodo,
kong,TALKING
konrad,RUN
kookaburra,NOT_IN_CMU_DICT
kooky,
koran,
korea,RUN
korean,RUN
kosher,
kowloon,NOT_IN_CMU_DICT
kramer,RUN
krefeld,NOT_IN_CMU_DICT
kreutzer,NOT_IN_CMU_DICT
kruger,RUN
krugerrand,RUN
krupp,RUN
kuccha,NOT_IN_CMU_DICT
kudzu,
kung,TALKING
kunming,NOT_IN_CMU_DICT
kuril,RAIL
kurt,GET
kurus,NOT_IN_CMU_DICT
kurzweil,RAIL
kutcher,
kuwait,GET
kuwaiti,WATER
kyle,RAIL
kylie,LOOK
kyrgyzstan,
la,LOOK
laager,NOT_IN_CMU_DICT
lab,LOOK
laban,LOOK
label,LOOK RAIL
labor,LOOK
laboratory,LOOK RUN WATER
laborious,LOOK
labour,LOOK
lace,LOOK
lack,LOOK
lackluster,LOOK
lactobacillus,LOOK
lactose,LOOK
lad,LOOK
lada,LOOK
ladakh,LOOK
ladbrokes,NOT_IN_CMU_DICT
ladder,LOOK
laden,LOOK
lady,LOOK
ladyboys,NOT_IN_CMU_DICT
ladybug,LOOK
ladylike,LOOK
lafayette,LOOK GET
lag,LOOK
laid,LOOK
laid-back,NOT_IN_CMU_DICT
lain,LOOK
laing,LOOK TALKING
laisser-faire,NOT_IN_CMU_DICT
lake,LOOK
lama,LOOK
lamb,LOOK
lambda,LOOK
lambert,LOOK GET
lambeth,LOOK THINK
lamborghini,LOOK
lamp,LOOK
lampshade,NOT_IN_CMU_DICT
lan,LOOK
lancashire,LOOK
lancaster,LOOK
lance,LOOK
land,LOOK
landing-gear,NOT_IN_CMU_DICT
landlady,LOOK
landlord,LOOK
landmark,LOOK
landscape,LOOK
landseer,NOT_IN_CMU_DICT
landslide,LOOK
lane,LOOK
lang,LOOK TALKING
language,LOOK TALKING
languages,LOOK TALKING
lanka,LOOK
lao,LOOK
laos,LOOK
laotian,LOOK
lap,LOOK
laptop,LOOK
laptops,LOOK
laptops,LOOK
larch,LOOK
large,LOOK
large-scale,LOOK RAIL
largely,LOOK
larger,LOOK
largesse,LOOK
largest,LOOK GET
largo,LOOK
largs,NOT_IN_CMU_DICT
larissa,LOOK
lark,LOOK
larry,LOOK
lars,LOOK
larva,LOOK
larwood,NOT_IN_CMU_DICT
laryngectomee,NOT_IN_CMU_DICT
laryngectomy,NOT_IN_CMU_DICT
las,LOOK
lasagna,LOOK
laser,LOOK
lassie,LOOK
lasso,LOOK
last,LOOK GET
lat,LOOK GET
late,LOOK GET
lately,LOOK
later,LOOK WATER
latest,LOOK WATER GET
latex,LOOK WATER
lath,LOOK THINK
latham,LOOK THINK
lathe,LOOK THIS
lather,LOOK THIS
lathery,NOT_IN_CMU_DICT
lathi,NOT_IN_CMU_DICT
lathom,NOT_IN_CMU_DICT
latin,LOOK WATER
latina,LOOK WATER
latinas,NOT_IN_CMU_DICT
latinas,NOT_IN_CMU_DICT
latino,LOOK WATER
latitude,LOOK WATER
latte,LOOK WATER
latter,LOOK WATER
latvia,LOOK
laudation,NOT_IN_CMU_DICT
lauded,LOOK
lauderdale,LOOK RAIL
laugh,LOOK
laughable,LOOK RAIL
laughed,LOOK GET
laughing,LOOK TALKING
laughingstock,LOOK TALKING
laughter,LOOK
launch,LOOK
launches,LOOK
laundry,LOOK RUN
laura,LOOK
laurasia,NOT_IN_CMU_DICT
laurel,LOOK RAIL
lauren,LOOK
laurence,LOOK
laurie,LOOK
lava,LOOK
laval,LOOK RAIL
lavatory,LOOK WATER
lavender,LOOK
lavish,LOOK
lavrov,NOT_IN_CMU_DICT
law,LOOK
lawford,LOOK
lawgiver,NOT_IN_CMU_DICT
lawmaker,LOOK
lawn,LOOK
lawrence,LOOK
lawson,LOOK
lawsuit,LOOK GET
lawyer,LOOK
lay,LOOK
lay-by,NOT_IN_CMU_DICT
layla,LOOK
layout,LOOK GET
layperson,LOOK
lays,LOOK
layshaft,NOT_IN_CMU_DICT
layton,LOOK WATER
laze,NOT_IN_CMU_DICT
laziness,LOOK
lazy,LOOK
lea,LOOK
leach,LOOK
lead,LOOK
leaded,LOOK
leader,LOOK
leaderboard,LOOK
leaders,LOOK
leadership,LOOK
leading,LOOK TALKING
leading,LOOK TALKING
leading-rein,NOT_IN_CMU_DICT
leads,LOOK
leads,LOOK
leaf,LOOK
leaf-bud,NOT_IN_CMU_DICT
leaflet,LOOK GET
leaflets,LOOK
leafy,LOOK
league,LOOK
leah,LOOK
leak,LOOK
lean,LOOK
leap,LOOK
leap-year,NOT_IN_CMU_DICT
leap-years,NOT_IN_CMU_DICT
leapfrog,LOOK RUN
learn,LOOK
learners,LOOK
leary,LOOK
lease,LOOK
leather,LOOK THIS
leather-jacket,NOT_IN_CMU_DICT
leatherette,NOT_IN_CMU_DICT
leatherhead,NOT_IN_CMU_DICT
leave,LOOK
leaved,NOT_IN_CMU_DICT
lebanon,LOOK
lebensraum,NOT_IN_CMU_DICT
lecture,LOOK
lectured,LOOK
lecturer,LOOK
led,LOOK
ledger,LOOK
lee,LOOK
leech,LOOK
leeds,LOOK
leek,LOOK
leer,NOT_IN_CMU_DICT
leering,NOT_IN_CMU_DICT
leery,LOOK
leetspeak,NOT_IN_CMU_DICT
left,LOOK GET
left-winger,LOOK TALKING
leg,LOOK
legacy,LOOK
legal,LOOK RAIL
legality,LOOK WATER
legally,LOOK
legato,LOOK WATER
legend,LOOK
legendary,LOOK
leggings,LOOK TALKING
legible,LOOK RAIL
legion,LOOK
legislation,LOOK
legislative,LOOK WATER
legislature,LOOK
legit,LOOK GET
legitimate,LOOK WATER GET
legitimately,LOOK WATER
lego,LOOK
legoland,NOT_IN_CMU_DICT
legs,LOOK
legume,LOOK
legwarmers,NOT_IN_CMU_DICT
lehigh,LOOK HOUSE
lehman,LOOK
leicestershire,NOT_IN_CMU_DICT
leindorf,NOT_IN_CMU_DICT
leipzig,LOOK
leisure,LOOK
leisurewear,NOT_IN_CMU_DICT
lemesurier,NOT_IN_CMU_DICT
lemon,LOOK
len,LOOK
lend,LOOK
lender,LOOK
lending,LOOK TALKING
lending-library,NOT_IN_CMU_DICT
lends,LOOK
length,LOOK THINK TALKING
lengthy,LOOK TALKING THINK
lenient,LOOK GET
lenient,LOOK GET
leningrad,LOOK RUN
lenovo,NOT_IN_CMU_DICT
lenses,LOOK
lent,LOOK GET
leo,LOOK
leon,LOOK
leonard,LOOK
leonardo,LOOK
leone,LOOK
leonhardt,LOOK HOUSE GET
leopard,LOOK
leopold,LOOK RAIL
leprechaun,LOOK
leroy,LOOK
lerwick,NOT_IN_CMU_DICT
lesbian,LOOK
lesley,LOOK
leslie,LOOK
less,LOOK
lesser,LOOK
lesson,LOOK
lessors,LOOK
lest,LOOK GET
lestrade,NOT_IN_CMU_DICT
let,LOOK GET
let-down,NOT_IN_CMU_DICT
letchworth,LOOK THINK
lethal,LOOK THINK RAIL
lethargy,LOOK THINK
lethe,NOT_IN_CMU_DICT
LETTER,NOT_IN_CMU_DICT
LETTERauditor,NOT_IN_CMU_DICT
LETTERs,NOT_IN_CMU_DICT
letting,LOOK WATER TALKING
leu,LOOK
leukemia,LOOK
levee,LOOK
level,LOOK RAIL
levi,LOOK
levitra,NOT_IN_CMU_DICT
levodopa,NOT_IN_CMU_DICT
levy,LOOK
lewd,LOOK
lewis,LOOK
lexeme,NOT_IN_CMU_DICT
lexington,LOOK TALKING
lexmark,LOOK
lexus,LOOK
leybourn,NOT_IN_CMU_DICT
leyland,LOOK
leys,LOOK
leyton,NOT_IN_CMU_DICT
lhasa,LOOK
liability,LOOK WATER
liable,LOOK RAIL
liable,LOOK RAIL
liaison,LOOK
liam,LOOK
liana,LOOK
lib,LOOK
libations,NOT_IN_CMU_DICT
libel,LOOK RAIL
liberace,LOOK
liberal,LOOK RAIL
liberalism,LOOK
liberia,LOOK
liberty,LOOK WATER
libido,LOOK
librarian,LOOK RUN
library,LOOK RUN
licence,LOOK
license,LOOK
licensed,LOOK GET
licentious,LOOK
lichee,NOT_IN_CMU_DICT
licking,LOOK TALKING
lid,LOOK
lido,LOOK
lie,LOOK
liechtenstein,LOOK
lied,LOOK
liege,LOOK
lies,LOOK
life,LOOK
life-raft,NOT_IN_CMU_DICT
life-size,NOT_IN_CMU_DICT
life-span,NOT_IN_CMU_DICT
life-work,NOT_IN_CMU_DICT
lifeblood,LOOK
lifeboat,LOOK GET
lifelike,LOOK
lifeline,LOOK
lifelong,LOOK TALKING
lifesaver,LOOK
lifestyle,LOOK RAIL
lifetime,LOOK
liffey,NOT_IN_CMU_DICT
lift,LOOK GET
ligature,NOT_IN_CMU_DICT
light,LOOK GET
light-year,LOOK
lightbox,NOT_IN_CMU_DICT
lighthouse,LOOK HOUSE
lightly,LOOK
lightning,LOOK TALKING
lightweight,LOOK GET
like,LOOK
like-minded,NOT_IN_CMU_DICT
liked,LOOK GET
likelihood,LOOK HOUSE
likely,LOOK
likewise,LOOK
liking,LOOK TALKING
lil,LOOK RAIL
lima,LOOK
limb,LOOK
limbs,LOOK
lime,LOOK
limelight,LOOK GET
limestone,LOOK
limey,NOT_IN_CMU_DICT
limit,LOOK GET
limitation,LOOK WATER
limoges,LOOK
limousine,LOOK
limousines,LOOK
lincoln,LOOK
linda,LOOK
lindsay,LOOK
lindsey,LOOK
line,LOOK
line-up,LOOK
linear,LOOK
lined,LOOK
linen-draper,NOT_IN_CMU_DICT
lingerie,LOOK
linguistic,LOOK TALKING
linkage,LOOK
linotype,LOOK WATER
linseed,LOOK
lion,LOOK
lip,LOOK
liposuction,LOOK
liquid,LOOK
liquor,LOOK
lisa,LOOK
lisp,LOOK
list,LOOK GET
list-price,NOT_IN_CMU_DICT
listen,LOOK
listprice,NOT_IN_CMU_DICT
lit,LOOK GET
litchee,NOT_IN_CMU_DICT
litchi,NOT_IN_CMU_DICT
lite,LOOK GET
literacy,LOOK WATER
literal,LOOK WATER RAIL
literally,LOOK WATER RUN
literary,LOOK WATER
literate,LOOK WATER GET
literature,LOOK WATER
lithe,LOOK THIS
lithograph,LOOK THINK RUN
lithographer,NOT_IN_CMU_DICT
lithuania,LOOK THINK
litigation,LOOK WATER
litograph,NOT_IN_CMU_DICT
litre,NOT_IN_CMU_DICT
litter,LOOK WATER
litterbug,NOT_IN_CMU_DICT
little,LOOK WATER RAIL
liturgy,LOOK WATER
live,LOOK
livecam,NOT_IN_CMU_DICT
lived,LOOK
lively,LOOK
liver,LOOK
liverpool,LOOK RAIL
liverpudlian,NOT_IN_CMU_DICT
liversedge,NOT_IN_CMU_DICT
lives,LOOK
livesex,NOT_IN_CMU_DICT
livest,NOT_IN_CMU_DICT
livestock,LOOK
living-room,NOT_IN_CMU_DICT
living-space,NOT_IN_CMU_DICT
liz,LOOK
lizzie,LOOK
llama,LOOK
llanfairpwllgwyngyll,NOT_IN_CMU_DICT
llc,LOOK RAIL
lloyd,LOOK
lo,LOOK
loach,NOT_IN_CMU_DICT
load,LOOK
loaf,LOOK
loafers,LOOK
loan,LOOK
loathe,LOOK THIS
loathsome,LOOK THIS THINK
lobby,LOOK
lobo,LOOK
lobscouse,NOT_IN_CMU_DICT
lobster,LOOK
local,LOOK RAIL
locale,LOOK RAIL
locally,LOOK
locate,LOOK GET
located,LOOK WATER
location,LOOK
locator,LOOK WATER
lock,LOOK
locking,LOOK TALKING
locknut,NOT_IN_CMU_DICT
lockyer,LOOK
locomotion,LOOK
locoweed,NOT_IN_CMU_DICT
locution,NOT_IN_CMU_DICT
lodge,LOOK
lodger,NOT_IN_CMU_DICT
lofoten,NOT_IN_CMU_DICT
loft,LOOK GET
log,LOOK
log-cabin,NOT_IN_CMU_DICT
logan,LOOK
logarithmic,LOOK THIS
logging,LOOK TALKING
logic,LOOK
logical,LOOK RAIL
logically,LOOK
logistics,LOOK
logitech,NOT_IN_CMU_DICT
logo,LOOK
logon,NOT_IN_CMU_DICT
logos,LOOK
logotype,NOT_IN_CMU_DICT
lohan,NOT_IN_CMU_DICT
loin,LOOK
loitering,LOOK WATER TALKING
loki,NOT_IN_CMU_DICT
lola,LOOK
lolita,LOOK WATER
lollipop,LOOK
london,LOOK
londonderry,LOOK
lone,LOOK
lonely,LOOK
long,LOOK TALKING
long-standing,NOT_IN_CMU_DICT
long-term,LOOK TALKING
long-time,NOT_IN_CMU_DICT
longer,LOOK TALKING
longhorn,LOOK TALKING HOUSE
longitude,LOOK WATER
longleat,NOT_IN_CMU_DICT
loofah,NOT_IN_CMU_DICT
look,LOOK
look-alike,NOT_IN_CMU_DICT
looksmart,NOT_IN_CMU_DICT
lookup,LOOK
loom,LOOK
loop,LOOK
loophole,LOOK HOUSE RAIL
loose,LOOK
loosely,LOOK
lop-eared,NOT_IN_CMU_DICT
lopez,LOOK
lord,LOOK
lore,LOOK
loren,LOOK
lorna,LOOK
lorries,LOOK
lorry,LOOK
lorwerth,NOT_IN_CMU_DICT
lose,LOOK
loser,LOOK
loss,LOOK
losses,LOOK
lost,LOOK GET
loth,LOOK THINK
lothario,NOT_IN_CMU_DICT
lothian,LOOK THINK
lotion,LOOK
lottery,LOOK WATER
lotus,LOOK WATER
lou,LOOK
loud,LOOK
loud-hailer,NOT_IN_CMU_DICT
loudly,LOOK
loudmouth,NOT_IN_CMU_DICT
loudspeaker,LOOK
loughborough,NOT_IN_CMU_DICT
louis,LOOK
louisa,LOOK
louise,LOOK
louisiana,LOOK
louisville,LOOK RAIL
lounge,LOOK
lourdes,LOOK
lousy,LOOK
louth,LOOK THINK
louvre,LOOK RUN
love,LOOK
love-affair,NOT_IN_CMU_DICT
love-affairs,NOT_IN_CMU_DICT
love-bird,NOT_IN_CMU_DICT
love-child,NOT_IN_CMU_DICT
love-LETTER,NOT_IN_CMU_DICT
love-match,NOT_IN_CMU_DICT
love-potion,NOT_IN_CMU_DICT
loved,LOOK
lovely,LOOK
lover,LOOK
loveseat,NOT_IN_CMU_DICT
lovey,NOT_IN_CMU_DICT
loving,LOOK TALKING
low,LOOK
low-cost,LOOK GET
low-down,NOT_IN_CMU_DICT
low-keyed,NOT_IN_CMU_DICT
low-profile,NOT_IN_CMU_DICT
low-relief,NOT_IN_CMU_DICT
low-rise,NOT_IN_CMU_DICT
low-spirited,LOOK WATER
low-voltage,NOT_IN_CMU_DICT
low-water,NOT_IN_CMU_DICT
lowbrow,NOT_IN_CMU_DICT
lowbrows,NOT_IN_CMU_DICT
lowlife,NOT_IN_CMU_DICT
lowman,LOOK
lowrie,LOOK
lowry,LOOK
lowther,LOOK THIS
loyal,LOOK RAIL
loyalty,LOOK RAIL
loyola,LOOK
ltd,LOOK WATER RAIL
luba,LOOK
lubricant,LOOK RUN GET
lubricious,LOOK RUN
lucas,LOOK
lucerne,LOOK
lucia,LOOK
lucidity,LOOK WATER
lucinda,LOOK
luck,LOOK
luckily,LOOK
lucky,LOOK
lucrative,LOOK RUN WATER
lucretia,LOOK RUN
lucy,LOOK
luddite,LOOK GET
ludicrous,LOOK RUN
ludicrously,LOOK RUN
ludlow,LOOK
ludwigshafen,LOOK
lufthansa,LOOK
lug,LOOK
luge,LOOK
luggage,LOOK
luigi,LOOK
luis,LOOK
luke,LOOK
lukewarm,LOOK
lulu,LOOK
lumbago,LOOK
lumberjack,LOOK
lumberyard,LOOK
lumiere,NOT_IN_CMU_DICT
luminaire,NOT_IN_CMU_DICT
luminaires,NOT_IN_CMU_DICT
luminous,LOOK
lump,LOOK
lumpectomy,LOOK
lumps,LOOK
luna,LOOK
lunatic,LOOK WATER
lunch,LOOK
lunch-time,NOT_IN_CMU_DICT
lunchtime,LOOK
lunette,NOT_IN_CMU_DICT
lung,LOOK TALKING
lupus,LOOK
lurcher,NOT_IN_CMU_DICT
lure,LOOK
lurid,LOOK
lurk,LOOK
lurked,LOOK GET
lurking,LOOK TALKING
lurks,LOOK
lusaka,LOOK
luscious,LOOK
lush,LOOK
lust,LOOK GET
luther,LOOK THINK
lutheran,LOOK THINK
luxembourg,LOOK
luxuriant,LOOK GET
luxuriate,NOT_IN_CMU_DICT
luxurious,LOOK
luxury,LOOK
lyceum,NOT_IN_CMU_DICT
lychee,NOT_IN_CMU_DICT
lycos,LOOK
lye,LOOK
lying,LOOK TALKING
lynn,LOOK
lyric,LOOK
lyrics,LOOK
ma,
maastricht,RUN GET
mabel,RAIL
mac,
macabre,RUN
macafee,NOT_IN_CMU_DICT
macao,
macarthur,THINK
macaws,
macbeth,THINK
macbook,
macduff,
mace-bearer,NOT_IN_CMU_DICT
macedonia,
macgyver,
machete,WATER
machine,
machine-gun,NOT_IN_CMU_DICT
machinery,RUN
macho,
macintosh,
mackenzie,
mackintosh,
maclean,LOOK
macleod,LOOK
macro,RUN
macrocosm,NOT_IN_CMU_DICT
macromedia,RUN
mad,
madagascar,
madame,
made,
made-to-measure,NOT_IN_CMU_DICT
made-up,NOT_IN_CMU_DICT
madeira,
madison,
madonna,
madrid,RUN
madurai,NOT_IN_CMU_DICT
mae,
maecenas,NOT_IN_CMU_DICT
maestro,RUN
maeve,
mafia,
mag,
magazine,
mage,NOT_IN_CMU_DICT
magenta,
maggie,
maghreb,NOT_IN_CMU_DICT
magi,
magic,
magical,RAIL
magistrate,RUN GET
maglev,LOOK
magnesium,
magnet,GET
magnetic,WATER
magnificent,GET
magnitude,WATER
magnolia,RAIL
magnum,
magyar,
mahler,LOOK
mahmoud,
mahood,HOUSE
mai,
maid,
maida,
maiden,
maidenhead,NOT_IN_CMU_DICT
maidstone,NOT_IN_CMU_DICT
mail,RAIL
mailbox,RAIL
mailman,RAIL
mailto,NOT_IN_CMU_DICT
main,
maine,
mainframe,RUN
mainland,LOOK
mainly,LOOK
mainstays,
mainstream,RUN
maintain,
maintenance,
mainwaring,TALKING
mairead,
maisie,
maisonette,NOT_IN_CMU_DICT
maitland,LOOK
maize,
majestic,
major,
major-general,NOT_IN_CMU_DICT
majorca,
majority,WATER
make,
make-up,
maker,
makeup,
maladroit,LOOK RUN GET
maladroitly,NOT_IN_CMU_DICT
maladroitness,NOT_IN_CMU_DICT
malaga,LOOK
malaise,LOOK
malawi,LOOK
malayalam,NOT_IN_CMU_DICT
malaysia,LOOK
maldives,RAIL
male,RAIL
malfunction,RAIL
mali,LOOK
malibu,LOOK
malicious,LOOK
maligne,NOT_IN_CMU_DICT
maligner,NOT_IN_CMU_DICT
mall,RAIL
mallaig,NOT_IN_CMU_DICT
mallorca,NOT_IN_CMU_DICT
malpractice,RAIL RUN
malta,RAIL
maltese,RAIL
malware,RAIL
mama,
mamba,
mambo,
mammee,NOT_IN_CMU_DICT
mammoth,THINK
man,
man-hours,NOT_IN_CMU_DICT
manage,
managed,
management,GET
manager,
managua,
manchester,
mandate,GET
mandatory,WATER
mandela,LOOK
mandelbaum,RAIL
manege,NOT_IN_CMU_DICT
manga,TALKING
mangle,TALKING RAIL
mangled,TALKING RAIL
mangles,TALKING RAIL
mangling,TALKING LOOK
manhattan,HOUSE WATER
manheim,HOUSE
manhunt,HOUSE GET
mania,
maniac,
manicure,
manicured,
manifestation,
manifestly,LOOK
manifesto,
manifold,RAIL
manipulate,LOOK GET
manipulated,LOOK WATER
manipulates,LOOK
manipulating,LOOK WATER TALKING
manipulation,LOOK
manitoba,WATER
mankind,
manner,
manoeuvre,NOT_IN_CMU_DICT
manor,
manpower,
manual,RAIL
manually,LOOK
manufacture,
manufactured,
manufacturer,
manure,
manuscript,RUN GET
many,
maori,
map,
maple,RAIL
mapping,TALKING
mar,
mar-a-lago,NOT_IN_CMU_DICT
mara,
marahishi,NOT_IN_CMU_DICT
marathi,WATER
marathon,THINK
marble,RAIL
marc,
marcel,RAIL
marcella,LOOK
march,
marchant,GET
marchioness,
marco,
marcus,
mardi,
mare,
margaret,GET RUN
margarita,WATER
margate,NOT_IN_CMU_DICT
marge,
margery,
margie,
margin,
marginal,RAIL
marginally,LOOK
margolis,LOOK
margot,
marguerite,GET
marham,NOT_IN_CMU_DICT
maria,
mariah,
marie,
marigold,RAIL
marijuana,
marilyn,LOOK
marimba,
marina,
marine,
mario,
marion,
marissa,
marital,WATER RAIL
maritime,WATER
mariupol,NOT_IN_CMU_DICT
marius,
marjorie,RUN
mark,
marker,
market,GET
marketing,WATER TALKING
marketplace,LOOK
markov,
marl,NOT_IN_CMU_DICT
marlene,LOOK
marlovian,NOT_IN_CMU_DICT
marlow,LOOK
marmaduke,
marmalade,LOOK
maroon,
marple,RAIL
marriage,
married,
marries,
marriott,GET
marrowfat,NOT_IN_CMU_DICT
marry,
marrying,TALKING
mars,
marsala,LOOK
marsden,
marsh,
marshal,RAIL
marshall,RAIL
marsham,NOT_IN_CMU_DICT
marston,
marsupial,RAIL
mart,GET
marten,
martha,THINK
martial,RAIL
martian,
martin,
martina,
martinez,
martini,
martinique,
martius,NOT_IN_CMU_DICT
marvel,RAIL
marvellous,LOOK
marvelous,LOOK
marvin,
marwick,
mary,
maryland,LOOK
marzipan,
mascot,GET
maserati,WATER
mash,
masha,NOT_IN_CMU_DICT
mashie,NOT_IN_CMU_DICT
mask,
mason,
masquerade,
mass,
massachusetts,
massage,
massapequa,NOT_IN_CMU_DICT
masses,
massey,
massifs,NOT_IN_CMU_DICT
massive,
massively,LOOK
master,
mastercard,
masterpiece,
masthead,HOUSE
masturbating,WATER TALKING
masturbation,
mat,GET
match,
match-point,NOT_IN_CMU_DICT
matches,
mate,GET
material,WATER RAIL
maternity,WATER
matey,WATER
math,THINK
mathematical,THINK WATER RAIL
mathematically,THINK WATER LOOK
mathematician,THINK WATER
mathematicians,THINK WATER
mathematics,THINK WATER
mather,THIS
maths,NOT_IN_CMU_DICT
matilda,WATER RAIL
matlock,LOOK
matrices,RUN
matrix,RUN
matsushita,WATER
matt,GET
matter,WATER
matters,WATER
matthew,THINK
matthews,THINK
matthey,THIS
mattress,RUN
mature,
maturity,WATER
maugham,NOT_IN_CMU_DICT
maui,
maumee,
maurer,
mauritius,WATER
mausoleum,LOOK
maverick,RUN
mawddach,NOT_IN_CMU_DICT
max,
maximize,
maximum,
maxwell,RAIL
may-bug,NOT_IN_CMU_DICT
maybe,
maybug,NOT_IN_CMU_DICT
mayday,
mayfair,
mayfield,RAIL
mayflower,LOOK
mayfly,NOT_IN_CMU_DICT
mayhem,HOUSE
mayor,
mayoral,RAIL
maypole,NOT_IN_CMU_DICT
mayst,NOT_IN_CMU_DICT
mayweather,THIS
mazda,
maze,
mcavoy,
mcbrearty,RUN
mccarthy,THINK
mccarthyism,THINK
mccartney,
mcclure,LOOK
mccoy,
mccreadie,RUN
mcdonald,RAIL
mcgillycuddy,NOT_IN_CMU_DICT
mcgovern,
mcgowan,
mcguffey,
mcilroy,RAIL RUN
mcilwraith,NOT_IN_CMU_DICT
mcintosh,
mcintyre,
mckenna,
mckenzie,
mclean,LOOK
mcnamee,
mcqueen,
me,
mead,
meadows,
meadowsweet,NOT_IN_CMU_DICT
meagan,NOT_IN_CMU_DICT
meagre,NOT_IN_CMU_DICT
meal,RAIL
mealybug,NOT_IN_CMU_DICT
mean,
meaning,TALKING
meaningful,TALKING RAIL
meaningless,TALKING LOOK
meant,GET
meantime,
meanwhile,RAIL
measurable,RAIL
measure,
measured,
measurement,GET
meat,GET
meatloaf,LOOK
mechanic,
mechanical,RAIL
mechanics,
mechanism,
med,
medal,RAIL
medawar,NOT_IN_CMU_DICT
median,
mediawiki,NOT_IN_CMU_DICT
medicaid,
medical,RAIL
medicare,
medication,
medicine,
medieval,RAIL
meditation,WATER
mediterranean,WATER
medium,
medline,NOT_IN_CMU_DICT
medusa,
medvedev,
meerkat,NOT_IN_CMU_DICT
meerschaum,NOT_IN_CMU_DICT
meet,GET
meetup,WATER
mega,
megabyte,GET
megabytes,
megadeth,NOT_IN_CMU_DICT
megan,
meghan,
mel,RAIL
melancholic,LOOK
melancholy,LOOK
melanie,LOOK
melba,RAIL
melbourne,RAIL
melissa,LOOK
melodrama,LOOK RUN
melody,LOOK
melt,RAIL GET
mem,NOT_IN_CMU_DICT
member,
members,
membership,
membrane,RUN
memo,
memorabilia,RAIL
memorable,RAIL
memorial,RAIL
memorialize,LOOK
memories,
memphis,
men,
mend,
mended,
mendeleev,NOT_IN_CMU_DICT
mendes,
mending,TALKING
mendoza,
mends,NOT_IN_CMU_DICT
menken,
menopause,
menswear,
ment,NOT_IN_CMU_DICT
mental,RAIL
mentality,LOOK WATER
mentally,LOOK
menthol,THINK RAIL
mention,
mentor,
mentors,
mentorship,
menu,
menus,
mercedes,
merchandise,
merchant,GET
mercurial,RAIL
mercury,
mercy,
mere,
merely,LOOK
merengue,TALKING
merge,
merged,
merger,
merino-sheep,NOT_IN_CMU_DICT
merit,GET
meritorious,WATER
merlin,LOOK
merlot,LOOK GET
mermaid,
merrily,LOOK
merry,
merseyside,NOT_IN_CMU_DICT
mesa,
mesenchyme,NOT_IN_CMU_DICT
mesh,
meshuga,NOT_IN_CMU_DICT
mesmeric,NOT_IN_CMU_DICT
mesothelioma,THINK LOOK
mess,
message,
messenger,
messes,
messy,
met,GET
meta,WATER
metabolism,WATER LOOK
metadata,NOT_IN_CMU_DICT
metal,WATER RAIL
metallic,WATER LOOK
metallica,WATER LOOK
metallurgy,WATER LOOK
metamorphoses,NOT_IN_CMU_DICT
metaphor,WATER
metaphoric,NOT_IN_CMU_DICT
metaphorical,WATER RAIL
metaphors,WATER
meth,THINK
methadone,THINK
metheglin,NOT_IN_CMU_DICT
method,THINK
methodical,THINK RAIL
methodist,THINK GET
methodological,THINK LOOK RAIL
methodology,THINK LOOK
metres,WATER
metric,RUN
metro,RUN
metropole,NOT_IN_CMU_DICT
metropolitan,RUN LOOK WATER
mew,
mewl,NOT_IN_CMU_DICT
mews,NOT_IN_CMU_DICT
mexican,
mexico,
meyer,
meyerbeer,
meynell,NOT_IN_CMU_DICT
mezuza,NOT_IN_CMU_DICT
mezzanine,
mia,
miami,
mic,
mice,
michael,RAIL
michel,RAIL
michelle,RAIL
michigan,
mickey,
micro,RUN
micro-organisms,NOT_IN_CMU_DICT
microbe,RUN
microbial,RUN RAIL
microbiological,NOT_IN_CMU_DICT
microchip,RUN
microcomputer,RUN WATER
microcomputers,RUN WATER
microcosm,RUN
microcosmic,NOT_IN_CMU_DICT
microfibre,NOT_IN_CMU_DICT
microfiche,RUN
microfilm,RUN RAIL
microgroove,NOT_IN_CMU_DICT
micromesh,NOT_IN_CMU_DICT
micronesia,RUN
microphone,RUN
microprocessor,RUN
microscopy,RUN
microsoft,RUN GET
microwave,RUN
mid,
midday,
middle,RAIL
middle-aged,LOOK
middlebury,RAIL
middlemarch,NOT_IN_CMU_DICT
midi,
midlands,LOOK
midlothian,NOT_IN_CMU_DICT
midnight,GET
midriff,NOT_IN_CMU_DICT
midwest,GET
midwife,
midwives,
might,GET
mighty,WATER
migraine,RUN
migrant,RUN GET
migrate,RUN GET
migrated,RUN WATER
migrates,RUN
migrating,RUN WATER TALKING
migration,RUN
migratory,RUN WATER
mikado,
mikayla,NOT_IN_CMU_DICT
mike,
mikey,
mil,RAIL
milan,LOOK
milano,LOOK
mild,RAIL
mildly,RAIL LOOK
mile,RAIL
mileage,LOOK
miles,RAIL
milestone,RAIL
miley,LOOK
milf,NOT_IN_CMU_DICT
milfhunter,NOT_IN_CMU_DICT
milfoil,NOT_IN_CMU_DICT
milfs,NOT_IN_CMU_DICT
military,LOOK WATER
militia,LOOK
milk,RAIL
milk-powder,NOT_IN_CMU_DICT
milkweed,RAIL
mill,RAIL
millbank,RAIL
millennium,LOOK
miller,LOOK
milligram,LOOK RUN
millilitre,LOOK WATER
millilitres,LOOK WATER
millimeter,LOOK WATER
millimetre,LOOK WATER
million,RAIL
millionaire,RAIL
millwall,NOT_IN_CMU_DICT
milord,NOT_IN_CMU_DICT
milton,RAIL
milwaukee,RAIL
mime,
mimi,
mimic,
min,
mincemeat,GET
mind,
mindless,LOOK
mine,
minecraft,RUN GET
miner,
mineral,RAIL RUN
minerva,
mini,
miniature,
minibus,
minicab,NOT_IN_CMU_DICT
minimal,RAIL
minimalist,LOOK GET
minimize,
minimum,
miniseries,
minister,
ministry,RUN
minneapolis,LOOK
minnesota,WATER
minnie,
minogue,
minolta,RAIL
minor,
minority,WATER
mint,GET
minuet,GET
minus,
minute,GET
minutia,
miquelon,NOT_IN_CMU_DICT
miracle,RAIL
miraculous,LOOK
miranda,
mirror,
mirth,THINK
mirthful,NOT_IN_CMU_DICT
mirthless,NOT_IN_CMU_DICT
misc,NOT_IN_CMU_DICT
miscellaneous,LOOK
misconduct,GET
miserable,RAIL RUN
miserably,LOOK RUN
miserably,LOOK RUN
misere,NOT_IN_CMU_DICT
misery,
misfortune,
mishmash,
misinterpreted,RUN WATER
misjudge,
mislead,LOOK
misleading,LOOK TALKING
misleads,LOOK
mismatch,
misread,RUN
misread,RUN
misreads,NOT_IN_CMU_DICT
miss,
misses,
missile,RAIL
mission,
mississauga,
mississippi,
missouri,
missourian,
missus,
mist,GET
mistake,
mistakenly,LOOK
mister,
mistress,RUN
mists,
misunderstand,
misuse,
mit,WATER GET
mitchell,RAIL
mithril,NOT_IN_CMU_DICT
mitsubishi,
mitzvah,
mix,
mixes,
mixture,
mnemonic,
mnemonic,
mo,
moab,
moan,
moaned,
moaning,TALKING
moans,
mob,
mobbed,
mobile,RAIL
mobility,LOOK WATER
mocha,
mock,
mod,
mode,
model,RAIL
modelling,LOOK TALKING
modem,
moderate,GET
moderately,LOOK
moderation,
moderator,WATER
modern,
modest,GET
modicum,
modification,
modified,
modify,
modular,LOOK
modulate,LOOK GET
module,RAIL
modulus,LOOK
moe,
moggie,NOT_IN_CMU_DICT
mogul,RAIL
mohair,HOUSE
mohawk,HOUSE
moi,
moir,
moira,
moiseiwitsch,NOT_IN_CMU_DICT
moist,GET
moisture,
moisturizer,
moither,NOT_IN_CMU_DICT
mojave,HOUSE
mojo,
mold,RAIL
moldova,RAIL
mole,RAIL
molecular,LOOK
molecule,LOOK RAIL
molecules,LOOK RAIL
mollie,LOOK
mom,
mombasa,
moment,GET
momentarily,LOOK
momentum,
mommy,
mon,
monaco,
monarchy,
monastic,
monaural,NOT_IN_CMU_DICT
monday,
monetary,WATER
money,
money-order,NOT_IN_CMU_DICT
mongolia,TALKING LOOK RAIL
mongoose,TALKING
monica,
monique,
monitor,WATER
monk,
monkey,
monkey-puzzle,NOT_IN_CMU_DICT
mono,
monochrome,RUN
monograph,RUN
monographic,NOT_IN_CMU_DICT
monolithic,LOOK THINK
monologue,LOOK
mononucleosis,NOT_IN_CMU_DICT
monopoly,LOOK
monotheism,THINK
monotreme,NOT_IN_CMU_DICT
monroe,RUN
monsieur,
monsoon,
monster,
montage,
montana,
monte,
monteith,NOT_IN_CMU_DICT
monteverdi,NOT_IN_CMU_DICT
montgomery,RUN
month,THINK
monthly,THINK LOOK
montreal,RUN RAIL
montserrat,GET
monumental,RAIL
moo-cow,NOT_IN_CMU_DICT
moo-cows,NOT_IN_CMU_DICT
mooch,NOT_IN_CMU_DICT
mood,
moodey,NOT_IN_CMU_DICT
moon,
moonbeam,
moonwalk,NOT_IN_CMU_DICT
moor,
moore,
moored,
moorfowl,NOT_IN_CMU_DICT
moorgame,NOT_IN_CMU_DICT
moorgate,NOT_IN_CMU_DICT
moorhen,NOT_IN_CMU_DICT
mooring,TALKING
moors,
moose,
moped,GET
morag,NOT_IN_CMU_DICT
moraic,NOT_IN_CMU_DICT
moral,RAIL
morality,LOOK WATER
morally,LOOK
moratorium,WATER
morbid,
morbidity,WATER
mordacity,NOT_IN_CMU_DICT
more,
moreover,
mores,
morgan,
morgue,
moribund,
morn,
morning,TALKING
morocco,
moron,
morons,
morph,
morpha,NOT_IN_CMU_DICT
morphed,GET
morpheme,NOT_IN_CMU_DICT
morpheus,
morphine,
morphing,TALKING
morphogenesis,
morphological,LOOK RAIL
morris,
morrison,
morrow,
mortal,RAIL
mortality,LOOK WATER
mortals,RAIL
mortgage,
mortuary,
mosaic,
moscow,
moses,
mosquito,WATER
moss,
most,GET
mostly,LOOK
motel,WATER RAIL
moth,THINK
mother,THIS
mother-in-law,THIS LOOK
mother-of-pearl,NOT_IN_CMU_DICT
motherboard,THIS
motherese,NOT_IN_CMU_DICT
motherhood,THIS HOUSE
mothering,THIS TALKING
motherland,THIS LOOK
motherless,THIS LOOK
motherliness,NOT_IN_CMU_DICT
motherwell,NOT_IN_CMU_DICT
motif,WATER
motion,
motivate,WATER GET
motivated,WATER
motivation,WATER
motive,WATER
motives,WATER
motocross,NOT_IN_CMU_DICT
motor,WATER
motorbike,WATER
motorcycle,WATER RAIL
motorcyclist,WATER LOOK GET
motoring,WATER TALKING
motorola,WATER LOOK
motorway,NOT_IN_CMU_DICT
motto,WATER
mount,GET
mountain,
mountaineer,
mourn,
mourning,TALKING
mouse,
mousehole,HOUSE RAIL
moussaka,
mousse,
mouth,THINK
mouth-organ,NOT_IN_CMU_DICT
mouth-to-mouth,NOT_IN_CMU_DICT
mouth-watering,NOT_IN_CMU_DICT
mouthed,THIS
mouthful,THINK RAIL
mouthing,THIS TALKING
mouthpiece,THINK
mouths,THIS
mouthwash,THINK
mouthy,THINK
move,
moved,
movement,GET
movers,
movie,
mow,
moxie,
moya,
moygashel,NOT_IN_CMU_DICT
mozambique,
mozart,GET
mozilla,NOT_IN_CMU_DICT
mp3,NOT_IN_CMU_DICT
mpeg,
mph,RAIL
mr,
mrna,NOT_IN_CMU_DICT
mrs,
ms,
msn,NOT_IN_CMU_DICT
mtv,
much,
mucilage,NOT_IN_CMU_DICT
muck,
mucked,NOT_IN_CMU_DICT
mucking,TALKING
mucks,NOT_IN_CMU_DICT
mucosity,NOT_IN_CMU_DICT
mucous,
mud,
mud-bath,NOT_IN_CMU_DICT
mud-baths,NOT_IN_CMU_DICT
muddle,RAIL
muddled,RAIL
muddy,
mudguards,NOT_IN_CMU_DICT
mudpie,NOT_IN_CMU_DICT
muffin,
muffler,LOOK
mug,
mugabe,
mugwump,NOT_IN_CMU_DICT
mujaheddin,NOT_IN_CMU_DICT
mulcahy,RAIL HOUSE
muldoon,RAIL
mule,RAIL
muleteer,NOT_IN_CMU_DICT
mulholland,RAIL HOUSE LOOK
multi,RAIL
multi-,NOT_IN_CMU_DICT
multicolored,RAIL LOOK
multimedia,RAIL
multiple,RAIL
multiple-choice,NOT_IN_CMU_DICT
multiplication,RAIL LOOK
multiplied,RAIL LOOK
multiplies,RAIL LOOK
multiply,RAIL LOOK
multiplying,RAIL LOOK TALKING
multipurpose,RAIL
multistage,NOT_IN_CMU_DICT
multitask,RAIL WATER
multitude,RAIL WATER
mumbai,
mumble,RAIL
mumbo-jumbo,NOT_IN_CMU_DICT
mummy,
mums,
munda,NOT_IN_CMU_DICT
mundane,
munich,
municipal,RAIL
municipality,LOOK WATER
munitions,
munro,RUN
muppets,
mural,RAIL
murcia,NOT_IN_CMU_DICT
murder,
murdered,
murderer,
murdoch,
murgatroyd,NOT_IN_CMU_DICT
murphy,
murray,
muscle,RAIL
muse,
museum,
musgrave,RUN
musgrove,RUN
mush,
mushroom,RUN
mushy,
music,
musical,RAIL
musician,
musk-deer,NOT_IN_CMU_DICT
muskogee,
muslim,LOOK
muslin,LOOK
must,GET
must-have,NOT_IN_CMU_DICT
mustachio,
mustafa,
mustang,TALKING
mutant,WATER GET
mutation,WATER
mute,GET
mutter,WATER
mutton,WATER
mutual,RAIL
mutuality,LOOK WATER
mutually,LOOK
muze,NOT_IN_CMU_DICT
muzzle,RAIL
muzzy,
my,
myanmar,
myeloid,NOT_IN_CMU_DICT
myers,
myriad,
myrtle,WATER RAIL
myself,RAIL
mysimon,NOT_IN_CMU_DICT
mysore,NOT_IN_CMU_DICT
myspace,
mysterious,
mysteriously,LOOK
mysteriously,LOOK
mystery,
mystic,
mystique,
myth,THINK
mythic,THINK
mythical,THINK RAIL
mytholmroyd,NOT_IN_CMU_DICT
mythology,THINK LOOK
mythos,NOT_IN_CMU_DICT
naafi,NOT_IN_CMU_DICT
naan,
nabob,
nacho,
nadezhda,NOT_IN_CMU_DICT
nadia,
nadirs,NOT_IN_CMU_DICT
nag,
naga,NOT_IN_CMU_DICT
nagasaki,
nagoya,
nah,
nahuatl,NOT_IN_CMU_DICT
nail,RAIL
nail-varnish,NOT_IN_CMU_DICT
nailbrush,NOT_IN_CMU_DICT
nails,RAIL
nailsea,NOT_IN_CMU_DICT
nairn,
nairobi,
naish,
naismith,THINK
naive,
naked,
nam,
name,
nameless,LOOK
namely,LOOK
namespace,NOT_IN_CMU_DICT
namibia,
nancy,
nano,
naomi,
napalm,
naphtha,THINK
naphthalic,NOT_IN_CMU_DICT
napier,
naples,RAIL
napoli,LOOK
nappies,NOT_IN_CMU_DICT
narcissus,
narcistic,NOT_IN_CMU_DICT
narcolepsy,LOOK
narrative,WATER
narrow,
narrow-minded,NOT_IN_CMU_DICT
narrowly,LOOK
narwhal,NOT_IN_CMU_DICT
nasa,
nascar,
nasdaq,
nash,
nashville,RAIL
nasopharyngeal,NOT_IN_CMU_DICT
nastier,
nastiest,GET
nasty,
natalie,WATER LOOK
natasha,WATER
nathan,THINK
nation,
national,RAIL
nationally,LOOK
nationwide,
native,WATER
nato,WATER
natural,RAIL RUN
naturally,LOOK RUN
nature,
naturist,NOT_IN_CMU_DICT
naturopath,NOT_IN_CMU_DICT
naughty,WATER
nauru,NOT_IN_CMU_DICT
nauruan,NOT_IN_CMU_DICT
nauseating,WATER TALKING
nausicaa,NOT_IN_CMU_DICT
nautical,WATER RAIL
nautilus,WATER LOOK
nav,
naval,RAIL
navigate,GET
navigation,
navigator,WATER
navy,
nawab,NOT_IN_CMU_DICT
nay,
naysayer,
nazi,
nba,
ncaa,NOT_IN_CMU_DICT
neanderthal,THINK RAIL
neap,NOT_IN_CMU_DICT
near,
near-sighted,NOT_IN_CMU_DICT
nearby,
nearer,
nearest,GET
nearly,LOOK
nearness,NOT_IN_CMU_DICT
nearside,NOT_IN_CMU_DICT
neat,GET
neatly,LOOK
nebraska,RUN
nebuchadnezzar,NOT_IN_CMU_DICT
nec,
necessarily,LOOK
necessary,
necessity,WATER
neck,
neck-ties,NOT_IN_CMU_DICT
neckerchief,NOT_IN_CMU_DICT
necklace,LOOK
neckwear,
nedifugous,NOT_IN_CMU_DICT
need,
needle,RAIL
needlecraft,NOT_IN_CMU_DICT
needlepoint,RAIL GET
needlessly,LOOK
nefarious,
negate,GET
negative,WATER
negev,
neglect,LOOK GET
neglected,LOOK
neglecting,LOOK TALKING
neglects,LOOK
negligee,NOT_IN_CMU_DICT
negligible,LOOK RAIL
negotiable,RAIL
negotiated,WATER
negotiation,
neighbor,
neighborhood,HOUSE
neighbour,
neighbourhood,HOUSE
neil,RAIL
neither,THIS
nelson,RAIL
neo,
neolithic,LOOK THINK
neon,
neoplasms,NOT_IN_CMU_DICT
nepal,RAIL
nepenthe,THINK
nephew,
nephews,
neptune,
nerd,
nerve,
nervous,
nest,GET
nest-egg,
net,GET
netball,NOT_IN_CMU_DICT
nether,THIS
netherlands,THIS LOOK
netherton,THIS WATER
netscape,
network,
neumann,
neural,RAIL
neurobiology,NOT_IN_CMU_DICT
neurology,LOOK
neuropathic,NOT_IN_CMU_DICT
neuroscience,
neutral,RUN RAIL
nevada,
never,
neverland,LOOK
nevertheless,THIS LOOK
new,
newark,
newbie,
newborn,
newcastle,RAIL
newcomer,
newer,
newfangled,TALKING RAIL
newfie,NOT_IN_CMU_DICT
newfoundland,LOOK
newhaven,NOT_IN_CMU_DICT
newly,LOOK
newlywed,LOOK
newlyweds,LOOK
newman,
newmarket,GET
newport,GET
news,
newsagent,NOT_IN_CMU_DICT
newsfeed,NOT_IN_CMU_DICT
newsflash,LOOK
newsLETTER,NOT_IN_CMU_DICT
newspaper,
newspapers,
newspeak,
newsroom,RUN
newton,WATER
next,GET
next-door,NOT_IN_CMU_DICT
nextel,RAIL
neymar,NOT_IN_CMU_DICT
nfl,RAIL
nhs,NOT_IN_CMU_DICT
niagara,RUN
nibble,RAIL
nibelung,NOT_IN_CMU_DICT
nicaragua,
nice,
nicely,LOOK
nicer,
nicest,GET
nicholas,LOOK
nick,
nickel,RAIL
nickname,
nicola,LOOK
nicole,RAIL
nicotine,WATER
nietzsche,
nigel,RAIL
nigella,NOT_IN_CMU_DICT
niger,
niger-congo,NOT_IN_CMU_DICT
nigeria,
nigerian,
nigh,
night,GET
night-time,NOT_IN_CMU_DICT
night-watch,NOT_IN_CMU_DICT
nightclothes,NOT_IN_CMU_DICT
nightclub,LOOK
nighthawk,HOUSE
nightie,NOT_IN_CMU_DICT
nightingale,WATER TALKING RAIL
nightlife,LOOK
nightlight,NOT_IN_CMU_DICT
nightmare,
nightmares,
nike,
nikon,
nil,RAIL
nilo-saharan,NOT_IN_CMU_DICT
nimrod,RUN
nina,
nine,
nintendo,
nipple,RAIL
nirvana,
nissan,
nitrochalk,NOT_IN_CMU_DICT
nitrogen,RUN
nitroglycerin,RUN LOOK
nixdorf,
no,
no-fault,NOT_IN_CMU_DICT
no-frills,NOT_IN_CMU_DICT
no-good,
no-one,
no-show,
no-win,NOT_IN_CMU_DICT
nobel,RAIL
noble,RAIL
nobody,
nod,
nodding,TALKING
node,
nodule,RAIL
noise,
noiseless,NOT_IN_CMU_DICT
noisette,NOT_IN_CMU_DICT
noisy,
nokia,
nolan,LOOK
nomad,
nomenclature,LOOK
nominal,RAIL
nominally,LOOK
nominate,GET
nominate,GET
nominated,WATER
nominates,
nominates,
nominating,WATER TALKING
nomination,
non,
non-commercial,RAIL
none,
nonesuch,
nonetheless,THIS LOOK
nonprofit,RUN GET
nonsense,
noodle,RAIL
nook,
noon,
nootka,NOT_IN_CMU_DICT
nor,
nora,
norah,
norbert,GET
noreen,
norfolk,
norm,
normal,RAIL
normalcy,RAIL
normality,LOOK WATER
normalize,LOOK
normally,LOOK
norman,
normandy,
norovirus,NOT_IN_CMU_DICT
norsemen,
north,THINK
northamptonshire,NOT_IN_CMU_DICT
northanger,NOT_IN_CMU_DICT
northbound,THINK
northcliffe,NOT_IN_CMU_DICT
northeast,THINK GET
northern,THIS
northumberland,NOT_IN_CMU_DICT
northwards,NOT_IN_CMU_DICT
northwest,THINK GET
norton,
norvic,NOT_IN_CMU_DICT
norwalk,
norway,
norwegian,
norwood,
nos,NOT_IN_CMU_DICT
nose,
nosebleed,LOOK
nosedive,
nosey,NOT_IN_CMU_DICT
noshing,NOT_IN_CMU_DICT
nostalgia,RAIL
not,GET
notably,WATER LOOK
notation,WATER
notch,
note,GET
notebook,
notepad,
nothing,THINK TALKING
nothingness,THINK TALKING
notice,WATER
noticeably,WATER LOOK
noticed,WATER GET
notifiable,NOT_IN_CMU_DICT
notification,WATER
notified,WATER
notify,WATER
notion,
notorious,WATER
notre,RUN WATER
nottingham,WATER TALKING HOUSE
notwithstanding,THINK TALKING
nougat,NOT_IN_CMU_DICT
noun,
nouns,
nourishing,TALKING
nourishment,GET
nous,
nova,
novel,RAIL
novelette,NOT_IN_CMU_DICT
novella,LOOK
novelty,RAIL
november,
novice,
novices,
novokuznetsk,NOT_IN_CMU_DICT
novotel,WATER RAIL
now,
nowadays,
nowhere,HOUSE
nowise,NOT_IN_CMU_DICT
noyes,
nozzle,RAIL
nsured,NOT_IN_CMU_DICT
nsw,NOT_IN_CMU_DICT
ntsc,NOT_IN_CMU_DICT
nuance,
nuclear,LOOK
nucleofugal,NOT_IN_CMU_DICT
nucleus,LOOK
nude,
nudge,
nudist,GET
nudity,WATER
nugget,GET
nuisance,
nuke,
null,RAIL
numb,
number,
numbers,
numbest,NOT_IN_CMU_DICT
numeracy,NOT_IN_CMU_DICT
numeral,RAIL
numerals,RAIL
numeric,
numerical,RAIL
numerology,LOOK
numerous,
nun,
nureyev,
nurse,
NURSEnewark,NOT_IN_CMU_DICT
nurseries,
nursery,
nursing,TALKING
nursing-home,NOT_IN_CMU_DICT
nurturing,TALKING
nut,GET
nuthatch,NOT_IN_CMU_DICT
nutmeg,
nutricious,NOT_IN_CMU_DICT
nutrient,RUN GET
nutrition,RUN
nutritional,RUN RAIL
nutten,NOT_IN_CMU_DICT
nvidia,
nyc,NOT_IN_CMU_DICT
nylon,LOOK
oaf,NOT_IN_CMU_DICT
oafish,NOT_IN_CMU_DICT
oak,
oakland,LOOK
oasis,
oath,THINK
oaths,THIS THINK
obama,
oban,NOT_IN_CMU_DICT
obese,
obesity,WATER
obey,
obfuscation,
obi,NOT_IN_CMU_DICT
obituaries,
obituary,
object,GET
objected,
objecting,TALKING
objection,
objectionable,RAIL
objections,
objective,
objects,
obligation,LOOK
obligatory,LOOK WATER
oblige,LOOK
obliged,LOOK
oblique,LOOK
obnoxious,
obscene,
obscene,
obscure,
obscured,
obscurity,WATER
observation,
observatory,WATER
observe,
observed,
observer,
obsess,
obsessed,GET
obsesses,
obsessing,TALKING
obsession,
obsolete,LOOK GET
obstruct,RUN GET
obstructed,RUN
obstructing,RUN TALKING
obstructs,RUN
obtain,
obvious,
obviously,LOOK
ocado,NOT_IN_CMU_DICT
occasion,
occasional,RAIL
occasionally,LOOK
occlusion,LOOK
occupation,
occupational,RAIL
occupied,
occupy,
occur,
occurred,
occurrence,
occurring,TALKING
occurs,
ocean,
oceania,
oceanic,
oceanside,
octane,
octavia,
october,
octothorpe,NOT_IN_CMU_DICT
odd,
oddjob,NOT_IN_CMU_DICT
oddly,LOOK
odds-on,
odell,RAIL
odessa,
odyssey,
oenology,NOT_IN_CMU_DICT
of,
off,
off-licence,NOT_IN_CMU_DICT
off-putting,NOT_IN_CMU_DICT
offence,NOT_IN_CMU_DICT
offend,
offended,
offender,
offending,TALKING
offends,
offense,
offensive,
offer,
offering,TALKING RUN
offers,
offhand,HOUSE
office,
office-bearer,NOT_IN_CMU_DICT
officer,
official,RAIL
officially,LOOK
offline,LOOK
offpeak,NOT_IN_CMU_DICT
offset,GET
offshoot,GET
offshore,
offspring,RUN TALKING
oft,GET
often,
ogilvie,RAIL
ogive,NOT_IN_CMU_DICT
oglethorpe,RAIL THINK
ohio,HOUSE
oi,
oick,NOT_IN_CMU_DICT
oil,RAIL
oil-bearing,NOT_IN_CMU_DICT
oil-fired,NOT_IN_CMU_DICT
oink,NOT_IN_CMU_DICT
ointment,GET
oistrakh,NOT_IN_CMU_DICT
ojibwe,NOT_IN_CMU_DICT
ok,
okapi,NOT_IN_CMU_DICT
okay,
okefenokee,NOT_IN_CMU_DICT
oklahoma,LOOK HOUSE
old,RAIL
older,RAIL
oldfashioned,RAIL
oldham,RAIL
oleoresin,NOT_IN_CMU_DICT
olga,RAIL
olive,LOOK
oliver,LOOK
olympic,LOOK
olympus,LOOK
omaha,HOUSE
oman,
omani,
omar,
ombudsman,
omega,
omission,
omissions,
omitted,WATER
omnium-gatherum,NOT_IN_CMU_DICT
on,
on-air,NOT_IN_CMU_DICT
once,
oncoming,TALKING
one,
one-horse,NOT_IN_CMU_DICT
one-stop,NOT_IN_CMU_DICT
oneself,RAIL
ongoing,TALKING
onion,
online,LOOK
only,LOOK
onondaga,
onrushing,RUN TALKING
onshore,
onslaught,LOOK GET
ontario,
onto,
onus,
onward,
oops,
oops-a-daisy,NOT_IN_CMU_DICT
ooze,
opal,RAIL
opaque,
opel,RAIL
open,
open-air,NOT_IN_CMU_DICT
open-mouthed,NOT_IN_CMU_DICT
openly,LOOK
opera,RUN
opera-house,NOT_IN_CMU_DICT
operate,GET
operated,WATER
operation,
operational,RAIL
operator,WATER
opinion,
opioid,NOT_IN_CMU_DICT
opponent,GET
opportunistic,WATER
opportunity,WATER
oppose,
opposed,
opposes,
opposing,TALKING
opposite,GET
opposition,
oppress,RUN
oppressed,RUN GET
oppresses,RUN
oppressing,RUN TALKING
oppression,RUN
oprah,RUN
opt,GET
optic,
optical,RAIL
optician,
optics,
optimal,RAIL
optimistic,
optimization,
optimize,
optimized,
optimum,
option,
optional,RAIL
optionally,NOT_IN_CMU_DICT
options,
opus,
opuses,NOT_IN_CMU_DICT
oracle,RAIL
oral,RAIL
orality,NOT_IN_CMU_DICT
orange,
orate,NOT_IN_CMU_DICT
orating,NOT_IN_CMU_DICT
oration,
orator,WATER
oratory,WATER
orbicular,NOT_IN_CMU_DICT
orbison,NOT_IN_CMU_DICT
orbit,GET
orbital,WATER RAIL
orchard,
orchestra,RUN
orchestral,RUN RAIL
orchid,
ordained,
ordeal,RAIL
order,
order-form,NOT_IN_CMU_DICT
ordered,
orders,
ordinance,
ordinary,
oregon,
orff,NOT_IN_CMU_DICT
orford,
org,
organ,
organic,
organically,LOOK
organide,NOT_IN_CMU_DICT
organisation,
organisations,
organisations,
organised,NOT_IN_CMU_DICT
organism,
organisms,
organist,GET
organization,
organizational,RAIL
organize,
organized,
organizer,
orgasm,
orgiastic,NOT_IN_CMU_DICT
orgy,
orient,GET
oriental,RAIL
orientate,NOT_IN_CMU_DICT
orientated,WATER
orientates,NOT_IN_CMU_DICT
orientating,NOT_IN_CMU_DICT
orientation,
oriented,
orienting,NOT_IN_CMU_DICT
orients,NOT_IN_CMU_DICT
origami,
origin,
original,RAIL
originally,LOOK
originate,GET
originated,WATER
originated,WATER
originator,WATER
orkney,
orlando,LOOK
orleans,LOOK
ornament,GET
ornate,GET
oropharynx,NOT_IN_CMU_DICT
orphan,
orphanage,
orpheus,
orthodox,THINK
orthogenesis,NOT_IN_CMU_DICT
orthogonal,THINK RAIL
orthographic,NOT_IN_CMU_DICT
orthopaedic,NOT_IN_CMU_DICT
orthopedic,THINK
orthoptera,NOT_IN_CMU_DICT
orville,RAIL
orwell,RAIL
osaka,
osama,
osborne,
oscar,
osgood,
oshkosh,
osiris,NOT_IN_CMU_DICT
osman,
osmond,
osmosis,
osmotherley,NOT_IN_CMU_DICT
osmunda,NOT_IN_CMU_DICT
osteoarthritis,THINK RUN WATER
osteomyelitis,NOT_IN_CMU_DICT
osteopath,NOT_IN_CMU_DICT
osteoporosis,
ostrich,RUN
othello,THINK LOOK
other,THIS
others,THIS
otherwise,THIS
otherworldly,THIS RAIL LOOK
ottawa,WATER
ouabain,NOT_IN_CMU_DICT
ouch,
ought,GET
our,
ourselves,RAIL
ouse,NOT_IN_CMU_DICT
ousted,
out,GET
out-of-pocket,NOT_IN_CMU_DICT
out-trays,NOT_IN_CMU_DICT
outbid,
outboard,
outbreak,RUN
outcast,GET
outclass,LOOK
outcome,
outcry,RUN
outdated,WATER
outdoes,
outdoor,
outgoing,TALKING
outing,WATER TALKING
outlandish,LOOK
outlaws,LOOK
outlet,LOOK GET
outline,LOOK
outlined,LOOK
outlook,LOOK
output,GET
outrage,RUN
outraged,RUN
outrageous,RUN
outreach,RUN
outright,RUN GET
outset,GET
outside,
outsource,
outsourcing,TALKING
outstanding,TALKING
outwear,NOT_IN_CMU_DICT
outweigh,
outweighs,
outwith,NOT_IN_CMU_DICT
ova,
oval,RAIL
ovarian,
ovation,
oven,
over,
over-shadow,NOT_IN_CMU_DICT
overall,RAIL
overarching,TALKING
overbear,NOT_IN_CMU_DICT
overboard,
overcame,
overcareful,NOT_IN_CMU_DICT
overcast,GET
overcharge,
overcoat,GET
overcome,
overcompensation,NOT_IN_CMU_DICT
overdoes,
overdose,
overdraft,RUN GET
overdrive,RUN
overexposure,
overflow,LOOK
overgrown,RUN
overgrowth,RUN THINK
overhang,HOUSE TALKING
overhaul,HOUSE RAIL
overhead,HOUSE
overjoyed,
overlap,LOOK
overload,LOOK
overlong,NOT_IN_CMU_DICT
overlook,LOOK
overlooked,LOOK GET
overlooking,LOOK TALKING
overlooks,LOOK
overly,LOOK
overmuch,NOT_IN_CMU_DICT
overnight,GET
overpressure,NOT_IN_CMU_DICT
overprice,RUN
overpriced,RUN GET
overprices,RUN
overpricing,RUN TALKING
overridden,
override,
overrides,
overriding,TALKING
overrode,
overseas,
overshoe,NOT_IN_CMU_DICT
overshoes,NOT_IN_CMU_DICT
oversteer,NOT_IN_CMU_DICT
overthrew,THINK RUN
overthrow,THINK RUN
overthrust,NOT_IN_CMU_DICT
overtime,WATER
overtone,WATER
overtones,WATER
overture,
overuse,
overvalued,RAIL
overview,
overweight,GET
overwhelm,RAIL HOUSE
overwhelmed,RAIL HOUSE
overwhelming,RAIL TALKING HOUSE
overwhelms,RAIL HOUSE
overwriting,WATER TALKING
overwritten,WATER
ovidian,NOT_IN_CMU_DICT
ovulating,NOT_IN_CMU_DICT
owe,
owed,
owen,
owes,
owl,RAIL
owlet,NOT_IN_CMU_DICT
own,
owner,
ownership,
ox,
oxenford,NOT_IN_CMU_DICT
oxford,
oxide,
oxime,NOT_IN_CMU_DICT
oxygen,
oyster,
oyster-catcher,NOT_IN_CMU_DICT
ozark,
ozone,
pa,
pablo,LOOK
pac,
pace,
pacific,
pacifier,
pacino,
pack,
package,
packaged,
packard,
packet,GET
packhorse,NOT_IN_CMU_DICT
pad,
padishahs,NOT_IN_CMU_DICT
padres,RUN
pagan,
pageant,GET
paged,
pagination,
pahlavi,NOT_IN_CMU_DICT
paid,
paige,
pain,
paine,
painful,RAIL
painfully,LOOK
painless,LOOK
paint,GET
paintball,RAIL
paintbrush,RUN
painting,TALKING
pair,
paired,
pairing,TALKING
pairs,
paish,NOT_IN_CMU_DICT
paisley,LOOK
pajamas,
pakistan,
pakistani,
pal,RAIL
palace,LOOK
palatial,LOOK RAIL
palau,LOOK
pale,RAIL
palestine,LOOK
palestinian,LOOK
palette-knife,NOT_IN_CMU_DICT
palette-knives,NOT_IN_CMU_DICT
pali,NOT_IN_CMU_DICT
pall-bearer,NOT_IN_CMU_DICT
palm,RAIL
palmer,RAIL
palooka,NOT_IN_CMU_DICT
paltrow,NOT_IN_CMU_DICT
pam,
pamela,LOOK
pan,
panama,
panasonic,
pancake,
panda,
panel,RAIL
pangbourne,NOT_IN_CMU_DICT
panic,
panorama,
pant,GET
panther,THINK
panties,
pantomime,
pants,
pantyhose,HOUSE
papa,
papabile,NOT_IN_CMU_DICT
paparazzi,
paper,
paperback,
papers,
paperweight,GET
paperwork,
papistic,NOT_IN_CMU_DICT
papua,
par,
para,
paracetamol,NOT_IN_CMU_DICT
parachute,GET
parade,
paradigm,
paradise,
paradox,
paragraph,RUN
paraguay,
parakeet,GET
parallel,LOOK RAIL
parameter,WATER
paramount,GET
paramour,NOT_IN_CMU_DICT
paramours,NOT_IN_CMU_DICT
paranoia,
paranoid,
paraphrase,RUN
parasol,NOT_IN_CMU_DICT
parathyroid,NOT_IN_CMU_DICT
parboiled,NOT_IN_CMU_DICT
parcel,RAIL
parched,GET
parcheesi,NOT_IN_CMU_DICT
parchment,GET
pardon,
parent,GET
parental,RAIL
parentheses,THINK
parenthesis,THINK
parents,
parfait,
parfitt,GET
paring,TALKING
paris,
parish,
parity,WATER
park,
parka,
parker,
parliament,LOOK GET
parliamentary,LOOK
parlour,LOOK
parmigiano,NOT_IN_CMU_DICT
parnassus,
parnell,RAIL
parochial,RAIL
parody,
parr,
parrot,GET
parsley,LOOK
parslow,LOOK
parsnip,NOT_IN_CMU_DICT
parsons,
part,GET
part-time,
parthenogenesis,NOT_IN_CMU_DICT
parthenon,THINK
partial,RAIL
partially,LOOK
participant,GET
participate,GET
participated,WATER
participation,
particle,RAIL
particular,WATER LOOK
particularly,LOOK WATER
particulate,WATER LOOK GET
partition,
partly,LOOK
partner,
partners,
partnership,
parturient,NOT_IN_CMU_DICT
parturition,NOT_IN_CMU_DICT
party,
parvenus,NOT_IN_CMU_DICT
pascal,RAIL
paschal,RAIL
pasha,
pashto,NOT_IN_CMU_DICT
paso,
pass,
passage,
passata,NOT_IN_CMU_DICT
passenger,
passes,
passion,
passionate,GET
passive,
passport,GET
past,GET
pasta,
paste,GET
pastor,
pastoral,RAIL
pasty,NOT_IN_CMU_DICT
pat,GET
patch,
patches,
patchouli,NOT_IN_CMU_DICT
patchy,
patent,WATER GET
path,THINK
pathetic,THINK WATER
pathfinder,THINK
pathing,NOT_IN_CMU_DICT
pathless,NOT_IN_CMU_DICT
pathological,THINK LOOK RAIL
pathology,THINK LOOK
pathos,THINK
paths,THIS THINK
pathway,THINK
patience,
patient,GET
patiently,LOOK
patio,WATER
patios,WATER
patois,
patricia,RUN
patrick,RUN
patrol,RUN RAIL
patronize,RUN
patronize,RUN
patronized,RUN
patronized,RUN
patronizes,RUN
patronizing,RUN TALKING
pattern,WATER
paua,NOT_IN_CMU_DICT
paucity,WATER
paul,RAIL
paula,LOOK
pauline,LOOK
pauper,
pause,
paused,
pavement,GET
pavilion,RAIL
paving,TALKING
pavlov,LOOK
pavlova,NOT_IN_CMU_DICT
pawnee,
pawpaws,NOT_IN_CMU_DICT
paws,
paxil,NOT_IN_CMU_DICT
pay-claim,NOT_IN_CMU_DICT
payback,
paycheck,
payday,
paye,
payment,GET
payne,
paypal,RAIL
payphone,NOT_IN_CMU_DICT
payroll,RAIL
pays,
paysheet,NOT_IN_CMU_DICT
payslip,NOT_IN_CMU_DICT
pci,NOT_IN_CMU_DICT
pda,NOT_IN_CMU_DICT
pdf,
pdt,NOT_IN_CMU_DICT
pea,
peace,
peaceful,RAIL
peach,
peachey,
peachy,
peacock,
peafowl,RAIL
peak,
peanut,GET
pear,
pearce,
pearl,RAIL
pearmain,NOT_IN_CMU_DICT
pearse,
peart,GET
peas,
peasant,GET
peasants,
peavey,
pebble,RAIL
peculiar,RAIL
pecuniary,
pedal,RAIL
pedant,GET
pedantic,
pedantry,RUN
pedants,
pedestrian,RUN
pedestrians,RUN
pedgogy,NOT_IN_CMU_DICT
pediatric,RUN
pedicure,
pedigree,RUN
pee,
peek,
peep,
peeps,
peer,
peerage,
peering,TALKING
peerless,LOOK
peers,
peg,
peggy,
peirce,
pembrey,NOT_IN_CMU_DICT
pen,
penalty,RAIL
penarth,NOT_IN_CMU_DICT
pence,
pencil,RAIL
pend,NOT_IN_CMU_DICT
pendant,GET
pended,NOT_IN_CMU_DICT
pending,TALKING
pends,NOT_IN_CMU_DICT
penetration,RUN
pengam,NOT_IN_CMU_DICT
penguin,TALKING
penicilin,NOT_IN_CMU_DICT
penicuik,NOT_IN_CMU_DICT
peninsula,LOOK
penis,
penknives,NOT_IN_CMU_DICT
penn,
pennsylvania,RAIL
penny,
penny-farthing,NOT_IN_CMU_DICT
pennyworth,NOT_IN_CMU_DICT
pension,
penthouse,HOUSE
pentium,
peony,
people,RAIL
pepita,WATER
pepper,
pepsi,
per,
peradventure,NOT_IN_CMU_DICT
perceive,
perceived,
perceives,
perceiving,TALKING
percentage,
perception,
perch,
percussion,
perestroika,RUN
perez,
perfect,GET
perfectly,LOOK
perforated,WATER
perforation,
perform,
performance,
performed,
performer,
performing,TALKING
perfume,
perfusion,
pergola,LOOK
pergolesi,NOT_IN_CMU_DICT
perhaps,HOUSE
pericarp,NOT_IN_CMU_DICT
perineal,NOT_IN_CMU_DICT
perineum,NOT_IN_CMU_DICT
period,
periodic,
periodical,RAIL
periodically,LOOK
peripheral,RAIL RUN
perkins,
perks,
perl,RAIL
permabear,NOT_IN_CMU_DICT
permalink,NOT_IN_CMU_DICT
permanent,GET
permanently,LOOK
permissible,RAIL
permission,
permit,GET
permitted,WATER
pernod,
peron,
perpendicular,LOOK
perpetrator,RUN WATER
perpetual,RAIL
perpetuate,GET
perpetuity,WATER
perry,
persecute,GET
persecuted,WATER
persecutes,
persecuting,WATER TALKING
persecution,
persevere,
persevering,TALKING
persia,
persian,
persiflage,NOT_IN_CMU_DICT
persist,GET
persistent,GET
person,
personal,RAIL
personality,LOOK WATER
personalized,LOOK
personally,LOOK
personnel,RAIL
perspective,
persuade,
persuaded,
persuasion,
perth,THINK
perthshire,NOT_IN_CMU_DICT
peru,
perugia,
perugino,NOT_IN_CMU_DICT
perused,
peruvian,
pervasion,NOT_IN_CMU_DICT
pervasive,
perverse,
perversion,
pesach,NOT_IN_CMU_DICT
peshawar,
peso,
pesos,
pest,GET
pet,GET
pete,GET
peter,WATER
peterborough,WATER
peterlee,NOT_IN_CMU_DICT
petersburg,WATER
peterson,WATER
petipa,WATER
petite,WATER GET
petition,WATER
petrol,RUN RAIL
petroleum,RUN LOOK
pettitoes,NOT_IN_CMU_DICT
petty,WATER
pew,
pewter,WATER
pgp,NOT_IN_CMU_DICT
phantasm,
phantasmagoria,
phantom,
pharisee,
pharma,
pharmaceutical,WATER RAIL
pharmacology,LOOK
pharmacy,
pharsalus,NOT_IN_CMU_DICT
phase,
phased,
phd,
phenobarbital,NOT_IN_CMU_DICT
phenomena,
phenomenon,
phentermine,NOT_IN_CMU_DICT
phew,
phil,RAIL
philadelphia,LOOK RAIL
philharmonic,RAIL HOUSE
philip,LOOK
philippa,LOOK
philippe,LOOK
philippines,LOOK
philips,LOOK
philips,LOOK
philips,LOOK
phillips,LOOK
philosopher,LOOK
philosophical,LOOK RAIL
philosophy,LOOK
phlogistic,NOT_IN_CMU_DICT
phoebe,
phoebus,
phoenix,
phoned,
phoneme,
photo,WATER
photo-reconnaissance,NOT_IN_CMU_DICT
photocopy,WATER
photograph,WATER RUN
photographer,WATER RUN
photographers,WATER RUN
photographic,WATER RUN
photography,WATER RUN
photogravure,NOT_IN_CMU_DICT
photonovel,NOT_IN_CMU_DICT
photos,WATER
photoshop,WATER
php,
phrase,RUN
phrased,RUN
phwoar,NOT_IN_CMU_DICT
phylogenetic,NOT_IN_CMU_DICT
phys,NOT_IN_CMU_DICT
physic,NOT_IN_CMU_DICT
physical,RAIL
physically,LOOK
physician,
physicist,GET
physicists,
physics,
physiology,LOOK
physiotherapist,NOT_IN_CMU_DICT
physiotherapy-y,NOT_IN_CMU_DICT
physique,
pi,
piacenza,NOT_IN_CMU_DICT
piaf,NOT_IN_CMU_DICT
piaget,
piagetian,NOT_IN_CMU_DICT
pianist,GET
pianoforte,NOT_IN_CMU_DICT
piazza,
pibroch,NOT_IN_CMU_DICT
pic,
picadors,NOT_IN_CMU_DICT
picasso,
pichunter,NOT_IN_CMU_DICT
pick,
pick-up,
pickup,
picnic,
pictogram,NOT_IN_CMU_DICT
pictorial,RAIL
picture,
picture-galleries,NOT_IN_CMU_DICT
pie,
piebald,RAIL
piece,
pier,
pierce,
piercing,TALKING
piercy,
pierre,
pig,
pigeon,
piggy,
pikachu,NOT_IN_CMU_DICT
pike,
pilates,LOOK WATER
pile,RAIL
piles,RAIL
pill,RAIL
pillow,LOOK
pillow-fight,NOT_IN_CMU_DICT
pillowcase,NOT_IN_CMU_DICT
pillows,LOOK
pillowslip,NOT_IN_CMU_DICT
pilot,LOOK GET
pilot-light,NOT_IN_CMU_DICT
pima,
pin,
pinafore,NOT_IN_CMU_DICT
pinch,
pinched,GET
pinches,NOT_IN_CMU_DICT
pinching,TALKING
pine,
pineapple,RAIL
ping,TALKING
pink,
pinochet,GET
pinpoint,GET
pinstripe,RUN
pint,GET
pinterest,RUN GET
pioneer,
pioneered,
pioneering,TALKING
pipal,NOT_IN_CMU_DICT
pipe,
pipe-organ,NOT_IN_CMU_DICT
pipedream,NOT_IN_CMU_DICT
pipeline,LOOK
piper,
pippa,NOT_IN_CMU_DICT
pipsqueak,NOT_IN_CMU_DICT
pique,
piraeus,
piranha,HOUSE
pirates,
pirit,NOT_IN_CMU_DICT
pisa,
piss,
pistachio,
pit,GET
pitcairn,NOT_IN_CMU_DICT
pitch,
pitch-dark,NOT_IN_CMU_DICT
pitchfork,
pitfall,RAIL
pitfalls,RAIL
pith,THINK
pithy,THINK
pittsburgh,
pity,WATER
pix,
pixar,
pixel,RAIL
pixie,
pizza,
pizzeria,
pizzicato,NOT_IN_CMU_DICT
place,LOOK
placebo,LOOK
placed,LOOK GET
placeseeker,NOT_IN_CMU_DICT
plagiarism,LOOK
plague,LOOK
plagued,LOOK
plaice,NOT_IN_CMU_DICT
plain,LOOK
plain-clothes,NOT_IN_CMU_DICT
plainly,LOOK
plaintiff,LOOK
plaistow,NOT_IN_CMU_DICT
plan,LOOK
plane,LOOK
planet,LOOK GET
planetarium,LOOK WATER
planetary,LOOK WATER
planned,LOOK
planner,LOOK
plant,LOOK GET
plant-louse,NOT_IN_CMU_DICT
plaque,LOOK
plasma,LOOK
plaster,LOOK
plasterboard,LOOK
plasterer,LOOK
plastering,LOOK TALKING
plastic,LOOK
plate,LOOK GET
platform,LOOK
platinum,LOOK WATER
plattdeutsch,NOT_IN_CMU_DICT
plausible,LOOK RAIL
play-reading,NOT_IN_CMU_DICT
playback,LOOK
playbill,NOT_IN_CMU_DICT
playboy,LOOK
playboys,NOT_IN_CMU_DICT
players,LOOK
playfair,NOT_IN_CMU_DICT
playfellow,NOT_IN_CMU_DICT
playford,LOOK
playful,LOOK RAIL
playground,LOOK RUN
playgroup,NOT_IN_CMU_DICT
playhouses,LOOK HOUSE
playlist,LOOK GET
playmate,LOOK GET
playmobil,NOT_IN_CMU_DICT
playpen,LOOK
playroom,LOOK
plays,LOOK
playstation,LOOK
playsuit,NOT_IN_CMU_DICT
playthings,LOOK THINK TALKING
playtime,NOT_IN_CMU_DICT
playwright,LOOK GET
plaza,LOOK
plc,NOT_IN_CMU_DICT
plea,LOOK
plead,LOOK
pleasant,LOOK GET
pleasantly,LOOK
pleased,LOOK
pleasurable,LOOK RAIL
pleasure,LOOK
pleasure-boat,NOT_IN_CMU_DICT
pleasure-grounds,NOT_IN_CMU_DICT
pleated,NOT_IN_CMU_DICT
pledge,LOOK
pledgor,NOT_IN_CMU_DICT
plenty,LOOK
plethora,LOOK THINK
pleydell,NOT_IN_CMU_DICT
plosion,NOT_IN_CMU_DICT
plot,LOOK GET
plotted,LOOK WATER
plotter,LOOK WATER
plough,LOOK
ploughboy,NOT_IN_CMU_DICT
ploughed,LOOK
ploughman,NOT_IN_CMU_DICT
ploughs,LOOK
ploughshares,LOOK
plover,LOOK
plow,LOOK
plowed,LOOK
plowright,LOOK GET
plows,LOOK
ploy,LOOK
plug,LOOK
plug-in,NOT_IN_CMU_DICT
plug-ugly,NOT_IN_CMU_DICT
plugin,LOOK
plugins,LOOK
plum-pudding,NOT_IN_CMU_DICT
plumbing,LOOK TALKING
plural,LOOK RAIL
plus,LOOK
plush,LOOK
plymouth,LOOK THINK
plywood,LOOK
pneumatic,WATER
pneumonia,
pneumothorax,NOT_IN_CMU_DICT
poach,
poblanos,NOT_IN_CMU_DICT
pochette,NOT_IN_CMU_DICT
pocket,GET
pocket-knife,NOT_IN_CMU_DICT
pod,
podcast,GET
podcasts,NOT_IN_CMU_DICT
podcasts,NOT_IN_CMU_DICT
poddy-dodger,NOT_IN_CMU_DICT
podunk,WATER
poem,
poet,GET
poetic,WATER
poetry,RUN
pogey,NOT_IN_CMU_DICT
poignant,GET
poikilothermic,NOT_IN_CMU_DICT
poinsettia,WATER
point,GET
pointless,LOOK
poise,
poison,
poke,
pokemon,
poker,
poland,LOOK
polar,LOOK
polaroid,LOOK
pole,RAIL
pole-vault,NOT_IN_CMU_DICT
police,LOOK
police-station,NOT_IN_CMU_DICT
policeman,LOOK
policy,LOOK
polish,LOOK
polishes,NOT_IN_CMU_DICT
polite,LOOK GET
political,LOOK WATER RAIL
politically,LOOK WATER
politician,LOOK WATER
politicians,LOOK WATER
politics,LOOK WATER
polk,RAIL
poll,RAIL
pollard,LOOK
pollution,LOOK
polo,LOOK
poly,LOOK
polyanthathe,NOT_IN_CMU_DICT
polycarbonate,NOT_IN_CMU_DICT
polycarp,NOT_IN_CMU_DICT
polyester,LOOK
polyethylene,LOOK THINK
polymer,LOOK
polynomial,LOOK RAIL
polyphonic,LOOK
polystyrene,LOOK
polytrauma,NOT_IN_CMU_DICT
pomeroy,
pompeo,
pompey,
pompous,
pond,
pontardulais,NOT_IN_CMU_DICT
pontiac,
poo,
pooch,
poodle,RAIL
pooh-bah,
pool,RAIL
poolside,RAIL
pooper-scooper,NOT_IN_CMU_DICT
poor,
poor-spirited,WATER
poorer,
poorest,GET
poorly,LOOK
pop,
pop-up,NOT_IN_CMU_DICT
popcorn,
pope,
populace,LOOK
popular,LOOK
popularity,LOOK WATER
populate,LOOK GET
populated,LOOK WATER
populates,NOT_IN_CMU_DICT
populating,LOOK WATER TALKING
population,LOOK
porbeagle,NOT_IN_CMU_DICT
porcelain,LOOK
porch,
porcupine,
pore,
pork,
porn,
porno,
pornography,RUN
porous,
porpoise,
porridge,
porsche,
port,GET
portability,LOOK WATER
portable,RAIL
portal,RAIL
porte-cochere,NOT_IN_CMU_DICT
portent,GET
portfolio,LOOK
portia,
portiere,NOT_IN_CMU_DICT
portion,
portland,LOOK
portrait,RUN GET
portray,RUN
portrayed,RUN
portraying,RUN TALKING
portrays,RUN
portsea,NOT_IN_CMU_DICT
portsmouth,THINK
portugal,RAIL
portuguese,
pose,
posed,
poses,
posey,
posh,
position,
positive,WATER
positively,WATER LOOK
positron,RUN
posits,
possess,
possesses,
possession,
possessions,
possibility,LOOK WATER
possible,RAIL
possibly,LOOK
post,GET
postage,
postal,RAIL
postcard,
postcode,NOT_IN_CMU_DICT
poster,
postmaster,
postpone,
postponed,
postpones,
postponing,TALKING
postposted,NOT_IN_CMU_DICT
postscript,RUN GET
postulate,LOOK GET
postulate,LOOK GET
pot,GET
potash,WATER
potato,WATER
potatoes,WATER
potboiler,LOOK
potential,WATER RAIL
potentially,WATER LOOK
potion,
potter,WATER
pottery,WATER
pouch,
pouffes,NOT_IN_CMU_DICT
poultry,RAIL RUN
pound,
pounds,
pour,
poured,
pouring,TALKING
pourparler,NOT_IN_CMU_DICT
poussette,NOT_IN_CMU_DICT
poverty,WATER
pow,
powder,
powderpuff,NOT_IN_CMU_DICT
powell,RAIL
power,
power-point,NOT_IN_CMU_DICT
powerful,RAIL
powerhouse,HOUSE
powerpoint,GET
powerscourt,NOT_IN_CMU_DICT
powerseller,NOT_IN_CMU_DICT
powwow,
powwowed,NOT_IN_CMU_DICT
powwowing,NOT_IN_CMU_DICT
powwows,
pozidriv,NOT_IN_CMU_DICT
practicable,RUN RAIL
practical,RUN RAIL
practically,RUN LOOK
practicals,NOT_IN_CMU_DICT
practice,RUN
practiced,RUN GET
practitioner,RUN
prada,RUN
prado,RUN
pragmatic,RUN WATER
prague,RUN
prairie,RUN
praise,RUN
prakrit,NOT_IN_CMU_DICT
prank,RUN
prato,RUN WATER
prawns,RUN
pray,RUN
prayer-book,NOT_IN_CMU_DICT
prayer-mat,NOT_IN_CMU_DICT
prayer-meeting,NOT_IN_CMU_DICT
prayer-rug,NOT_IN_CMU_DICT
prayer-wheel,NOT_IN_CMU_DICT
prayers,RUN
pre,RUN
preach,RUN
preaches,RUN
precarious,RUN
precaution,RUN
precede,RUN
preceded,RUN
preceded,RUN
precedence,RUN
precedent,RUN GET
preceding,RUN TALKING
precept,RUN GET
precious,RUN
precipitation,RUN WATER
precise,RUN
precisely,RUN LOOK
precision,RUN
precocious,RUN
predecessor,RUN
predecessors,RUN
predict,RUN GET
prediction,RUN
predigested,NOT_IN_CMU_DICT
predominantly,RUN LOOK
prefab,RUN
prefer,RUN
preferably,RUN LOOK
preferably,RUN LOOK
preference,RUN
preferred,RUN
preferring,RUN TALKING
pregnancy,RUN
pregnant,RUN GET
prejudge,RUN
prejudice,RUN
prejudiced,RUN GET
preliminary,RUN LOOK
prelude,RUN LOOK
premature,RUN
prematurely,RUN LOOK
premier,RUN
premiere,RUN
premiered,RUN
premieres,RUN
premise,RUN
premises,RUN
premium,RUN
preoccupy,RUN
prep,RUN
prepaid,RUN
preparation,RUN
prepare,RUN
prepared,RUN
prepares,RUN
preparing,RUN TALKING
prepuce,RUN
prerecord,RUN
prerequisite,RUN GET
prescribe,RUN
prescribed,RUN
prescription,RUN
presence,RUN
presentation,RUN
presently,RUN LOOK
preservation,RUN
preserve,RUN
president,RUN GET
presidential,RUN RAIL
press,RUN
presses,RUN
pressure,RUN
pressure-gauge,NOT_IN_CMU_DICT
prestige,RUN
prestigious,RUN
preston,RUN
presumably,RUN LOOK
presume,RUN
presumed,RUN
presumed,RUN
presupposition,RUN
pretentious,RUN WATER
pretorian,NOT_IN_CMU_DICT
pretty,RUN WATER
prev,NOT_IN_CMU_DICT
prevail,RUN RAIL
prevail,RUN RAIL
prevalent,RUN LOOK GET
prevent,RUN GET
prevention,RUN
preview,RUN
previewed,RUN
previewer,NOT_IN_CMU_DICT
previewing,RUN TALKING
previous,RUN
previously,RUN LOOK
prezi,NOT_IN_CMU_DICT
price,RUN
priced,RUN GET
pricey,RUN
pride,RUN
priest,RUN GET
prima,RUN
primarily,RUN LOOK
primary,RUN
prime,RUN
primitive,RUN WATER
primitives,NOT_IN_CMU_DICT
primrose,RUN
prince,RUN
princess,RUN
princeton,RUN
principal,RUN RAIL
principally,RUN LOOK
principle,RUN RAIL
printout,RUN GET
printouts,RUN
prior,RUN
priority,RUN WATER
priory,RUN
prism,RUN
prison,RUN
prithee,NOT_IN_CMU_DICT
privacy,RUN
private,RUN GET
privately,RUN LOOK
privations,RUN
privatization,RUN WATER
privilege,RUN LOOK
privileged,RUN LOOK
prix,RUN
prize,RUN
prize-money,NOT_IN_CMU_DICT
pro,RUN
probability,RUN LOOK WATER
probable,RUN RAIL
probably,RUN LOOK
probate,RUN GET
probe,RUN
problem,RUN LOOK
problematic,RUN LOOK WATER
problemo,NOT_IN_CMU_DICT
problems,RUN LOOK
proc,NOT_IN_CMU_DICT
procedural,RUN RAIL
procedure,RUN
proceed,RUN
proceeds,RUN
process,RUN
processes,RUN
processor,RUN
proclaim,RUN LOOK
procure,RUN
procurement,RUN GET
prodigiously,RUN LOOK
produce,RUN
produced,RUN GET
producer,RUN
product,RUN GET
production,RUN
productive,RUN
productivity,RUN WATER
products,RUN
profession,RUN
professional,RUN RAIL
professor,RUN
professorial,RUN RAIL
profile,RUN RAIL
profit,RUN GET
profit-margin,NOT_IN_CMU_DICT
profit-sharing,NOT_IN_CMU_DICT
profound,RUN
profusely,RUN LOOK
profusion,RUN
progenitor,RUN WATER
progesterone,RUN
prognosis,RUN
program,RUN
programmable,RUN RAIL
programme,RUN
programmer,RUN
progress,RUN
progresses,RUN
progresses,RUN
progressive,RUN
prohibit,RUN HOUSE GET
prohibited,RUN HOUSE WATER
project,RUN GET
projected,RUN
projected,RUN
projecting,RUN TALKING
projection,RUN
projective,RUN
projector,RUN
projects,RUN
projects,RUN
projects,RUN
projects,RUN
projects,RUN
prokofiev,RUN
prolapse,NOT_IN_CMU_DICT
proliferation,RUN LOOK
prologue,RUN LOOK
prolong,RUN LOOK TALKING
prolonged,RUN LOOK TALKING
prolonging,RUN LOOK TALKING
prolongs,RUN LOOK TALKING
prominent,RUN GET
promise,RUN
promised,RUN GET
promo,RUN
promote,RUN GET
promoted,RUN WATER
promotion,RUN
promotional,RUN RAIL
prompt,RUN GET
promptly,RUN LOOK
prone,RUN
pronoun,RUN
pronounce,RUN
pronounced,RUN GET
pronounces,RUN
pronouncing,RUN TALKING
proof,RUN
proofreading,RUN TALKING
propaganda,RUN
propecia,NOT_IN_CMU_DICT
proper,RUN
properly,RUN LOOK
property,RUN WATER
prophet,RUN GET
proportion,RUN
proportional,RUN RAIL
proposal,RUN RAIL
propose,RUN
proposed,RUN
proposition,RUN
propranolol,NOT_IN_CMU_DICT
proprietary,RUN WATER
propylene,RUN LOOK
prorate,RUN GET
prorogation,NOT_IN_CMU_DICT
prosciutto,RUN WATER
prose,RUN
prosecute,RUN GET
prosecuted,RUN WATER
prosecution,RUN
prosecutor,RUN WATER
prospect,RUN GET
prospective,RUN
prostate,RUN GET
prostitute,RUN WATER GET
prostores,NOT_IN_CMU_DICT
prot,NOT_IN_CMU_DICT
protease,RUN WATER
protect,RUN WATER GET
protection,RUN WATER
protective,RUN WATER
protein,RUN WATER
protest,RUN WATER GET
prothalamion,NOT_IN_CMU_DICT
prothero,RUN THIS
protocol,RUN WATER RAIL
prototype,RUN WATER
protrusion,NOT_IN_CMU_DICT
protuberance,RUN WATER
proud,RUN
proudly,RUN LOOK
prove,RUN
proved,RUN
proven,RUN
provide,RUN
providence,RUN
providentially,NOT_IN_CMU_DICT
provider,RUN
province,RUN
provincial,RUN RAIL
provision,RUN
provisional,RUN RAIL
provocative,RUN WATER
provoke,RUN
provoked,RUN GET
provokes,RUN
provoking,RUN TALKING
prowl,RUN RAIL
proximity,RUN WATER
proxy,RUN
prozac,RUN
prudential,RUN RAIL
prunella,RUN LOOK
pruning-shears,NOT_IN_CMU_DICT
prussia,RUN
pseudo,
pseudo-,NOT_IN_CMU_DICT
pseudonymous,NOT_IN_CMU_DICT
psp,NOT_IN_CMU_DICT
psychiatry,RUN
psychodrama,NOT_IN_CMU_DICT
psychological,LOOK RAIL
psychologist,LOOK GET
psychology,LOOK
psychopath,THINK
psychosis,
psychotherapeutic,THINK WATER
psychotherapist,THINK GET
psychotherapy-y,NOT_IN_CMU_DICT
psychotic,WATER
pub,
puberty,WATER
pubescent,NOT_IN_CMU_DICT
public,LOOK
publication,LOOK
publicity,LOOK WATER
publicize,LOOK
publicized,LOOK
publicizes,NOT_IN_CMU_DICT
publicizing,LOOK TALKING
publicly,LOOK
publish,LOOK
publisher,LOOK
publishes,LOOK
pubmed,NOT_IN_CMU_DICT
puccini,
pudding,TALKING
puddle,RAIL
pudgy,
puerto,
puff,
puff-puff,NOT_IN_CMU_DICT
puffin,
puffy,
pug,
puget,GET
pugilism,LOOK
pugilist,LOOK GET
pugilistic,LOOK
pugnacious,
pugnacity,NOT_IN_CMU_DICT
puke,
pull,RAIL
pulley,LOOK
pullover,NOT_IN_CMU_DICT
pulp,RAIL
pulsar,RAIL
pulsates,NOT_IN_CMU_DICT
pulsating,RAIL WATER TALKING
pulse,RAIL
pulvinar,NOT_IN_CMU_DICT
puma,
pump,
pumpkin,
pumps,
pun,
punch,
punch-drunk,NOT_IN_CMU_DICT
punches,
punctate,GET
punctiliously,NOT_IN_CMU_DICT
punctuate,GET
punctuation,
puncture,
punish,
punished,GET
punishes,
punishing,TALKING
punishment,GET
punjab,
punjabi,NOT_IN_CMU_DICT
punk,
puns,
punt,GET
punts,
puny,
pup,
pupa,
pupate,NOT_IN_CMU_DICT
pupation,NOT_IN_CMU_DICT
pupil,RAIL
pupils,RAIL
puppet,GET
puppy,
purchase,
purchased,GET
purchaser,
pure,
pureblood,NOT_IN_CMU_DICT
purely,LOOK
purgative,NOT_IN_CMU_DICT
purgatory,WATER
purge,
purifier,
puritan,WATER
puritanism,WATER
purity,WATER
purl,NOT_IN_CMU_DICT
purple,RAIL
purport,GET
purpose,
purposeful,RAIL
purpura,NOT_IN_CMU_DICT
purr,
purring,TALKING
purse,
purse-proud,NOT_IN_CMU_DICT
pursuant,GET
pursue,
pursued,
pursuit,GET
purulent,LOOK GET
push,
push-up,
pushchair,NOT_IN_CMU_DICT
pushchairs,NOT_IN_CMU_DICT
pushes,
pushkin,
pushy,
pussy,
pussycat,GET
pussyfoot,GET
put,GET
put-down,NOT_IN_CMU_DICT
put-on,WATER
put-put,NOT_IN_CMU_DICT
put-up,NOT_IN_CMU_DICT
putsch,
putt,GET
putter,WATER
puzzle,RAIL
puzzled,RAIL
pwllheli,NOT_IN_CMU_DICT
pyjamas,NOT_IN_CMU_DICT
pyogenic,NOT_IN_CMU_DICT
pyracantha,NOT_IN_CMU_DICT
pyramid,
pyrenean,NOT_IN_CMU_DICT
pytchley,NOT_IN_CMU_DICT
pythagoras,THINK
pythagorean,THINK
pythagoreanism,NOT_IN_CMU_DICT
python,THINK
pythonesque,NOT_IN_CMU_DICT
pythoness,NOT_IN_CMU_DICT
pyuria,NOT_IN_CMU_DICT
qatar,WATER
qatari,NOT_IN_CMU_DICT
qom,
quaaludes,NOT_IN_CMU_DICT
quad,
quadrangle,NOT_IN_CMU_DICT
quadratic,RUN WATER
quadruple,RUN RAIL
quaker,
qualification,LOOK
qualified,LOOK
qualifier,LOOK
qualify,LOOK
quality,LOOK WATER
quantifiable,RAIL
quantitative,WATER
quantities,WATER
quantities,WATER
quantity,WATER
quantity,WATER
quantum,
quarrel,RAIL
quarry,
quart,GET
quarter,
quarterback,
quarterly,LOOK
quarterstaves,NOT_IN_CMU_DICT
quartz,
quatrain,NOT_IN_CMU_DICT
quatrefoil,NOT_IN_CMU_DICT
quattrocento,NOT_IN_CMU_DICT
que,
quebec,
quebracho,NOT_IN_CMU_DICT
quechua,NOT_IN_CMU_DICT
queen,
queensferry,NOT_IN_CMU_DICT
queensland,LOOK
queer,
queerest,NOT_IN_CMU_DICT
queerly,NOT_IN_CMU_DICT
queerness,NOT_IN_CMU_DICT
query,
quest,GET
question,
questionnaire,
questionnaires,
questions,
queue,
queue-jump,NOT_IN_CMU_DICT
queued,NOT_IN_CMU_DICT
qui,
quibble,RAIL
quick,
quickly,LOOK
quiet,GET
quietly,LOOK
quill-feather,NOT_IN_CMU_DICT
quilt,RAIL GET
quinoa,
quipu,NOT_IN_CMU_DICT
quirky,
quit,GET
quite,GET
quitting,WATER TALKING
quiz,
quizzes,
quoits,NOT_IN_CMU_DICT
quota,WATER
quotas,WATER
quotation,WATER
quotations,WATER
quote,GET
quoted,WATER
quoth,THINK
quotient,GET
quran,NOT_IN_CMU_DICT
qwaqwa,NOT_IN_CMU_DICT
rabbit,RUN GET
rabbit-burrows,NOT_IN_CMU_DICT
rabbit-hutch,NOT_IN_CMU_DICT
rabble-rouser,NOT_IN_CMU_DICT
rabid,RUN
rabid,RUN
rabies,RUN
rabindranath,NOT_IN_CMU_DICT
race,RUN
racecourse,NOT_IN_CMU_DICT
raced,RUN GET
racehorse,RUN HOUSE
racer,RUN
rachael,RUN RAIL
rachel,RUN RAIL
rachelle,RUN RAIL
racial,RUN RAIL
racing,RUN TALKING
racism,RUN
racist,RUN GET
rack,RUN
racket,RUN GET
rada,RUN
radar,RUN
radiation,RUN
radiator,RUN WATER
radical,RUN RAIL
radically,RUN LOOK
radio,RUN
radiograph,NOT_IN_CMU_DICT
radiological,RUN LOOK RAIL
radios,RUN
radius,RUN
raeburn,RUN
raf,RUN
rafa,NOT_IN_CMU_DICT
rafe,RUN
rafflesia,NOT_IN_CMU_DICT
raft,RUN GET
rafters,RUN
rag,RUN
ragamuffin,NOT_IN_CMU_DICT
rage,RUN
ragtime,RUN
rahman,RUN
rahway,RUN
raid,RUN
raif,NOT_IN_CMU_DICT
raik,NOT_IN_CMU_DICT
rail,RUN RAIL
railcard,NOT_IN_CMU_DICT
railings,RUN LOOK TALKING
railroad,RUN RAIL
railway,RUN RAIL
rain,RUN
rainbow,RUN
raindrops,RUN
rainwater,RUN WATER
raise,RUN
raised,RUN
rajpuatana,NOT_IN_CMU_DICT
rake,RUN
raleigh,RUN LOOK
rally,RUN LOOK
ralph,RUN RAIL
ram,RUN
ramada,RUN
ramen,NOT_IN_CMU_DICT
ramirez,RUN
rampage,RUN
rampant,RUN GET
ramsey,RUN
ran,RUN
ranch,RUN
rand,RUN
random,RUN
randomly,RUN LOOK
randy,RUN
ranee,RUN
rang,RUN TALKING
range,RUN
ranged,RUN
ranger,RUN
rank,RUN
ranking,RUN TALKING
rant,RUN GET
ranted,RUN
ranting,RUN TALKING
rants,NOT_IN_CMU_DICT
rap,RUN
rape,RUN
rapeseed,RUN
raphael,RUN RAIL
rapid,RUN
rapidly,RUN LOOK
rapier-thrust,NOT_IN_CMU_DICT
rare,RUN
rarebit,NOT_IN_CMU_DICT
rarely,RUN LOOK
rareness,RUN
rarer,RUN
rarest,RUN GET
rascal,RUN RAIL
rascality,NOT_IN_CMU_DICT
rash,RUN
rashid,RUN
raspberry,RUN
rat,RUN GET
rate,RUN GET
rather,RUN THIS
ratio,RUN
rational,RUN RAIL
rationale,RUN RAIL
rationally,RUN LOOK
ratios,RUN
rattan,RUN WATER
rattle,RUN WATER RAIL
rattled,RUN WATER RAIL
rattles,RUN WATER RAIL
rattling,RUN LOOK TALKING WATER
raucous,RUN
raunchy,RUN
rauschenberg,RUN
rautavaara,NOT_IN_CMU_DICT
rauwolfia,NOT_IN_CMU_DICT
rave,RUN
raved,RUN
raven,RUN
raven-haired,NOT_IN_CMU_DICT
ravenclaw,NOT_IN_CMU_DICT
raw,RUN
ray,RUN
ray-bans,NOT_IN_CMU_DICT
raybould,RUN RAIL
rayburn,RUN
rayleigh,NOT_IN_CMU_DICT
raymond,RUN
rays,RUN
razoo,NOT_IN_CMU_DICT
razor,RUN
rca,
re-education,NOT_IN_CMU_DICT
reach,RUN
reaches,RUN
reactionary,RUN
read,RUN
readable,RUN RAIL
reader,RUN
readership,RUN
readily,RUN LOOK
reads,RUN
reads,RUN
ready,RUN
ready-to-wear,NOT_IN_CMU_DICT
reaffirmation,RUN
reagan,RUN
real,RUN RAIL
real-time,RUN RAIL
realign,RUN LOOK
realistic,RUN LOOK
reality,RUN LOOK WATER
realization,RUN LOOK
realize,RUN LOOK
realized,RUN LOOK
really,RUN LOOK
realm,RUN RAIL
realpolitik,RUN RAIL LOOK WATER
realtor,RUN RAIL
realty,RUN RAIL LOOK WATER
ream,RUN
reap,RUN
rear,RUN
reared,RUN
rearing,RUN TALKING
rearward,NOT_IN_CMU_DICT
reason,RUN
reasonably,RUN LOOK
reassurance,RUN
reassured,RUN
rebate,RUN GET
rebecca,RUN
rebel,RUN RAIL
reboot,RUN GET
reborn,RUN
rebuke,RUN
rebus,RUN
rec,RUN
recap,RUN
receipt,RUN GET
receiver,RUN
recent,RUN GET
recently,RUN LOOK
reception,RUN
receptor,RUN
recession,RUN
rechargeable,RUN RAIL
recife,NOT_IN_CMU_DICT
recipe,RUN
recipient,RUN GET
reckless,RUN LOOK
reckon,RUN
reckoned,RUN
reckoning,RUN TALKING
reckons,RUN
reclaim,RUN LOOK
reclusive,RUN LOOK
recognised,RUN
recognition,RUN
recognizable,RUN RAIL
recognize,RUN
recognized,RUN
recoil,RUN RAIL
recoil,RUN RAIL
recommend,RUN
recommendation,RUN
reconcile,RUN RAIL
reconnoitre,RUN WATER
record,RUN
record-breaking,NOT_IN_CMU_DICT
recovered,RUN
recovering,RUN TALKING
recovery,RUN
recreational,RUN RAIL
recruit,RUN GET
recruiting,RUN WATER TALKING
recruitment,RUN GET
rectangle,RUN TALKING RAIL
rectangular,RUN TALKING LOOK
rectified,RUN
rectifier,RUN
rectifies,RUN
rectify,RUN
rectifying,RUN TALKING
recurrent,RUN GET
recurring,RUN TALKING
recursion,NOT_IN_CMU_DICT
recursive,RUN
recusant,NOT_IN_CMU_DICT
recycled,RUN RAIL
recycling,RUN LOOK TALKING
red-hot,NOT_IN_CMU_DICT
redbourne,NOT_IN_CMU_DICT
redcar,NOT_IN_CMU_DICT
redeem,RUN
redeem,RUN
redeployment,RUN LOOK GET
redhead,RUN HOUSE
redmayne,NOT_IN_CMU_DICT
reduce,RUN
reduced,RUN GET
reduction,RUN
redundancy,RUN
redundant,RUN GET
reebok,RUN
reed,RUN
reef,RUN
reef,RUN
reel,RUN RAIL
reel,RUN RAIL
ref,RUN
refer,RUN
referable,NOT_IN_CMU_DICT
reference,RUN
referenced,RUN GET
referendum,RUN
referral,RUN RAIL
referred,RUN
referring,RUN TALKING
refers,RUN
refine,RUN
refined,RUN
reflect,RUN LOOK GET
reflection,RUN LOOK
reflux,RUN LOOK
reform,RUN
refrain,RUN
refresh,RUN
refreshes,RUN
refrigerator,RUN WATER
refuge,RUN
refugee,RUN
refugees,RUN
refund,RUN
refunds,RUN
refurbished,RUN GET
refusal,RUN RAIL
refuse,RUN
refusing,RUN TALKING
refute,RUN GET
reg,RUN
regal,RUN RAIL
regality,NOT_IN_CMU_DICT
regard,RUN
regarding,RUN TALKING
regardless,RUN LOOK
regatta,RUN WATER
regency,RUN
reggae,RUN
reggaeton,RUN WATER
reggie,RUN
regime,RUN
regiment,RUN GET
region,RUN
regional,RUN RAIL
register,RUN
registrar,RUN
registration,RUN
registry,RUN
regression,RUN
regret,RUN GET
regrets,RUN
regrettably,RUN WATER LOOK
regretted,RUN WATER
regretting,RUN WATER TALKING
regular,RUN LOOK
regularly,RUN LOOK
regulate,RUN LOOK GET
regulated,RUN LOOK WATER
regulation,RUN LOOK
regulations,RUN LOOK
regulator,RUN LOOK WATER
regulatory,RUN LOOK WATER
rehab,RUN HOUSE
rehabilitation,RUN HOUSE LOOK WATER
rehash,RUN HOUSE
reichstag,NOT_IN_CMU_DICT
reid,RUN
reigate,NOT_IN_CMU_DICT
reign,RUN
reiki,RUN
reincarnation,RUN
reindeer,RUN
reinforce,RUN
reinstate,RUN GET
reinstated,RUN WATER
reinstates,NOT_IN_CMU_DICT
reinstating,RUN WATER TALKING
reiterate,RUN WATER GET
reject,RUN GET
rejection,RUN
rejection,RUN
rejoice,RUN
rejoin,RUN
rejuvenate,RUN GET
relate,RUN LOOK GET
relation,RUN LOOK
relationship,RUN LOOK
relative,RUN LOOK WATER
relatively,RUN LOOK WATER
relativity,RUN LOOK WATER
relaunch,RUN LOOK
relax,RUN LOOK
relaxation,RUN LOOK
relaxes,RUN LOOK
released,RUN LOOK GET
relevance,RUN LOOK
relevant,RUN LOOK GET
reliable,RUN LOOK RAIL
reliably,RUN LOOK
reliably,RUN LOOK
reliance,RUN LOOK
relied,RUN LOOK
relied,RUN LOOK
relief,RUN LOOK
relieve,RUN LOOK
relieve,RUN LOOK
relieved,RUN LOOK
relieved,RUN LOOK
relieves,RUN LOOK
relieving,RUN LOOK TALKING
relieving,RUN LOOK TALKING
religion,RUN LOOK
religious,RUN LOOK
relocate,RUN LOOK GET
reluctance,RUN LOOK
reluctance,RUN LOOK
reluctant,RUN LOOK GET
reluctantly,RUN LOOK
rely,RUN LOOK
remain,RUN
remainder,RUN
remake,RUN
remarkable,RUN RAIL
remarkably,RUN LOOK
remarkably,RUN LOOK
remaster,NOT_IN_CMU_DICT
rematch,RUN
remedy,RUN
remember,RUN
reminiscent,RUN GET
remodelled,NOT_IN_CMU_DICT
remorse,RUN
remote,RUN GET
remotely,RUN LOOK
removable,RUN RAIL
removal,RUN RAIL
remove,RUN
remuneration,RUN
renaissance,RUN
rend,NOT_IN_CMU_DICT
render,RUN
rendezvous,RUN
rending,RUN TALKING
rendition,RUN
rends,NOT_IN_CMU_DICT
renegade,RUN
renewal,RUN RAIL
reno,RUN
renovate,RUN GET
rent,RUN GET
rent,RUN GET
rent-a-mob,NOT_IN_CMU_DICT
rental,RUN RAIL
reorganize,RUN
rep,RUN WATER
repagination,NOT_IN_CMU_DICT
repaint,RUN GET
repair,RUN
repairable,RUN RAIL
repaired,RUN
repairer,NOT_IN_CMU_DICT
repairing,RUN TALKING
repairman,RUN
repairs,RUN
repayment,RUN GET
repeat,RUN GET
repeat,RUN GET
repeat,RUN GET
repeatable,RUN WATER RAIL
repeated,RUN WATER
repeated,RUN WATER
repeated,RUN WATER
repeatedly,RUN WATER LOOK
repeating,RUN WATER TALKING
repeating,RUN WATER TALKING
repeats,RUN
repeats,RUN
repent,RUN GET
repercussion,RUN
repertoire,RUN
repetitive,RUN WATER
replace,RUN LOOK
replant,RUN LOOK GET
replica,RUN LOOK
replication,RUN LOOK
replied,RUN LOOK
replies,RUN LOOK
reply,RUN LOOK
report,RUN GET
reportage,RUN
repose,RUN
repository,RUN WATER
represent,RUN GET
representative,RUN WATER
reproach,RUN
reproduce,RUN
reproduction,RUN
reptiles,RUN RAIL
reptilian,RUN RAIL
republic,RUN LOOK
republican,RUN LOOK
repulsive,RUN RAIL
reputable,RUN WATER RAIL
reputation,RUN WATER
require,RUN
required,RUN
requiring,RUN TALKING
requisite,RUN GET
reread,RUN
rereads,NOT_IN_CMU_DICT
rescue,RUN
rescued,RUN
rescues,RUN
research,RUN
resemblance,RUN LOOK
resemblance,RUN LOOK
resemble,RUN RAIL
resembled,RUN RAIL
resembled,RUN RAIL
resembles,RUN RAIL
resembles,RUN RAIL
resembling,RUN LOOK TALKING
resembling,RUN LOOK TALKING
resenthal,NOT_IN_CMU_DICT
reservation,RUN
reservations,RUN
reserve,RUN
reserved,RUN
reservoir,RUN
reset,RUN GET
residence,RUN
resident,RUN GET
residential,RUN RAIL
residual,RUN RAIL
residue,RUN
residues,RUN
resign,RUN
resignation,RUN
resin,RUN
resist,RUN GET
resistance,RUN
resistant,RUN GET
resolute,RUN LOOK GET
resolution,RUN LOOK
resolve,RUN RAIL
resorb,NOT_IN_CMU_DICT
resource,RUN
respect,RUN GET
respective,RUN
respectively,RUN LOOK
respiratory,RUN WATER
respond,RUN
respondent,RUN GET
responds,RUN
responsibility,RUN LOOK WATER
responsible,RUN RAIL
rest,RUN GET
rest-cure,NOT_IN_CMU_DICT
restaurant,RUN GET
restauranteurs,RUN
restaurants,RUN
restaurateur,RUN WATER
restock,RUN
restoration,RUN
restore,RUN
restriction,RUN
restrictive,RUN
restructuring,RUN TALKING
result,RUN RAIL GET
resulted,RUN RAIL
resume,RUN
resumed,RUN
resumed,RUN
resumes,RUN
resurfacing,RUN TALKING
resurrection,RUN
retail,RUN WATER RAIL
retain,RUN WATER
retention,RUN WATER
retire,RUN WATER
retirement,RUN WATER GET
retiring,RUN WATER TALKING
retouch,NOT_IN_CMU_DICT
retreat,RUN GET
retrieval,RUN RAIL
retrieve,RUN
retrieved,RUN
retro,RUN
retrorocket,NOT_IN_CMU_DICT
return,RUN WATER
retweet,NOT_IN_CMU_DICT
reunite,RUN GET
reuse,RUN
reuters,RUN WATER
rev,RUN
revaluation,RUN RAIL
reveal,RUN RAIL
revelation,RUN LOOK
revenge,RUN
revenue,RUN
revenues,RUN
revere,RUN
revered,RUN
revering,RUN TALKING
reverse,RUN
reversion,RUN
revert,RUN GET
revert,RUN GET
review,RUN
reviews,RUN
revise,RUN
revise,RUN
revised,RUN
revises,RUN
revises,RUN
revising,RUN TALKING
revising,RUN TALKING
revisionism,RUN
revive,RUN
revolution,RUN LOOK
revolutionary,RUN LOOK
revue,RUN
reynolds,RUN RAIL
rh-positive,NOT_IN_CMU_DICT
rheims,NOT_IN_CMU_DICT
rhetorical,RUN WATER RAIL
rheumatic,RUN WATER
rheumatoid,RUN WATER
rhode,RUN
rhodes,RUN
rhonda,RUN
rhubarb,RUN
rhumba,NOT_IN_CMU_DICT
rhyme,RUN
rhythm,RUN THIS
rhythmic,RUN THIS
rib,RUN
ribbon,RUN
ribena,NOT_IN_CMU_DICT
riboflavin,NOT_IN_CMU_DICT
rica,RUN
ricci,RUN
rice,RUN
rich,RUN
richard,RUN
richards,RUN
richards,RUN
richardson,RUN
richer,RUN
richey,RUN
richmond,RUN
rick,RUN
ricky,RUN
rico,RUN
ricochet,RUN
ricoh,RUN
rid,RUN
ridden,RUN
ride,RUN
rider,RUN
ridge,RUN
ridiculous,RUN LOOK
ridiculously,RUN LOOK
riefenstal,NOT_IN_CMU_DICT
riff-raff,NOT_IN_CMU_DICT
riffe,RUN
rifle,RUN RAIL
rig,RUN
riga,RUN
right,RUN GET
right-angled,NOT_IN_CMU_DICT
right-minded,NOT_IN_CMU_DICT
right-winger,RUN TALKING
righteous,RUN
righteously,RUN LOOK
righteousness,RUN
rightly,RUN LOOK
rigid,RUN
rigil,NOT_IN_CMU_DICT
rigorous,RUN
rihanna,RUN HOUSE
rikki-tikki-tavi,NOT_IN_CMU_DICT
riley,RUN LOOK
rim,RUN
rime,RUN
ring,RUN TALKING
ringer,RUN TALKING
ringtone,NOT_IN_CMU_DICT
ringtones,NOT_IN_CMU_DICT
ringtones,NOT_IN_CMU_DICT
rio,RUN
riot,RUN GET
rip,RUN
rip-roaring,NOT_IN_CMU_DICT
ripcord,NOT_IN_CMU_DICT
ripe,RUN
rise,RUN
risen,RUN
risk,RUN
risky,RUN
rita,RUN WATER
ritchie,RUN
ritual,RUN RAIL
rival,RUN RAIL
rivals,RUN RAIL
river,RUN
riverside,RUN
riviera,RUN
riyadh,RUN
ro-ro,NOT_IN_CMU_DICT
roach,RUN
road,RUN
roadie,RUN
roadrunner,RUN
roar,RUN
roared,RUN
roaring,RUN TALKING
roath,RUN THINK
rob,RUN
robbie,RUN
robe,RUN
robert,RUN GET
robertson,RUN
robey,RUN
robin,RUN
robinson,RUN
robot,RUN GET
robotic,RUN WATER
robust,RUN GET
rochdale,NOT_IN_CMU_DICT
rochester,RUN
rock-climbing,NOT_IN_CMU_DICT
rocker,RUN
rocket,RUN GET
rocking,RUN TALKING
rocking-chair,NOT_IN_CMU_DICT
rocking-chairs,NOT_IN_CMU_DICT
rocking-horse,NOT_IN_CMU_DICT
rocky,RUN
rod,RUN
rodrigo,RUN
roe,RUN
roebuck,RUN
roedean,NOT_IN_CMU_DICT
roffey,NOT_IN_CMU_DICT
roger,RUN
rogue,RUN
roland,RUN LOOK
role,RUN RAIL
rolex,RUN LOOK
roll,RUN RAIL
rolls-royce,NOT_IN_CMU_DICT
rom,RUN
rom-com,NOT_IN_CMU_DICT
roma,RUN
roman,RUN
romance,RUN
romania,RUN
romanova,NOT_IN_CMU_DICT
romantic,RUN
rome,RUN
romeo,RUN
ron,RUN
ronald,RUN RAIL
roof,RUN
rooftop,RUN
rooibos,NOT_IN_CMU_DICT
rook,RUN
rookie,RUN
room-mate,NOT_IN_CMU_DICT
roomba,NOT_IN_CMU_DICT
roommate,RUN GET
rooster,RUN
root,RUN GET
root,RUN GET
roots,RUN
roots,RUN
rope,RUN
rope-yarn,NOT_IN_CMU_DICT
ropewalk,NOT_IN_CMU_DICT
ropey,NOT_IN_CMU_DICT
rort,NOT_IN_CMU_DICT
rosa,RUN
rosario,RUN
rose,RUN
roseanne,RUN
rosebud,RUN
rosette,RUN GET
rosewarne,NOT_IN_CMU_DICT
rosewater,NOT_IN_CMU_DICT
rosie,RUN
rosin,RUN
ross,RUN
rossetti,RUN WATER
rossi,RUN
roster,RUN
rosyth,NOT_IN_CMU_DICT
rot,RUN GET
rotary,RUN WATER
rotate,RUN WATER GET
rotated,RUN WATER
rotates,RUN WATER
rotating,RUN WATER TALKING
rotation,RUN WATER
rotgut,NOT_IN_CMU_DICT
rothenstein,NOT_IN_CMU_DICT
rotherhithe,NOT_IN_CMU_DICT
rothermere,NOT_IN_CMU_DICT
rothersthorpe,NOT_IN_CMU_DICT
rotherwick,NOT_IN_CMU_DICT
rothko,NOT_IN_CMU_DICT
rothman,RUN THINK
rothschild,RUN THINK RAIL
rotogravure,NOT_IN_CMU_DICT
rotten,RUN WATER
rotterdam,RUN WATER
rottingdean,NOT_IN_CMU_DICT
rouble,RUN RAIL
rouge,RUN
rough,RUN
rough-hewn,NOT_IN_CMU_DICT
rough-spoken,NOT_IN_CMU_DICT
roughly,RUN LOOK
roulade,NOT_IN_CMU_DICT
roulette,RUN LOOK GET
round,RUN
roundabout,RUN GET
roundup,RUN
rourke,RUN
rouse,RUN
rout,RUN GET
route,RUN GET
routed,RUN WATER
routed,RUN WATER
router,RUN WATER
routh,RUN THINK
routine,RUN WATER
routinely,RUN WATER LOOK
routledge,RUN LOOK
routs,NOT_IN_CMU_DICT
rover,RUN
row,RUN
row,RUN
rowdy,RUN
rowed,RUN
rowing-club,NOT_IN_CMU_DICT
rowntree,RUN
rowridge,NOT_IN_CMU_DICT
rows,RUN
roxy,RUN
roy,RUN
royal,RUN RAIL
royalties,RUN RAIL
royalty,RUN RAIL
royston,RUN
royton,NOT_IN_CMU_DICT
roz,RUN
rpm,
rrp,NOT_IN_CMU_DICT
rub,RUN
rubber,RUN
rubbish,RUN
rube,RUN
rubella,RUN LOOK
rubicon,RUN
rubidium,NOT_IN_CMU_DICT
rubric,RUN
ruby,RUN
rudd,RUN
rudder,RUN
ruddy,RUN
rude,RUN
ruefully,RUN LOOK
rues,RUN
ruff,RUN
ruffle,RUN RAIL
rufus,RUN
rug,RUN
rugby,RUN
rugged,RUN
rugosity,NOT_IN_CMU_DICT
ruin,RUN
rule,RUN RAIL
ruled,RUN RAIL
ruler,RUN LOOK
rulers,RUN LOOK
rules,RUN RAIL
rumba,NOT_IN_CMU_DICT
rumor,RUN
rumor-mongers,NOT_IN_CMU_DICT
rumours,RUN
rump-steak,NOT_IN_CMU_DICT
run,RUN
runaway,RUN
runcorn,NOT_IN_CMU_DICT
rung,RUN TALKING
runner,RUN
running,RUN TALKING
runtime,NOT_IN_CMU_DICT
rupee,RUN
rupert,RUN GET
rural,RUN RAIL
rush,RUN
rushes,RUN
rushmore,RUN
rusholme,NOT_IN_CMU_DICT
rushton,RUN
russell,RUN RAIL
russia,RUN
russian,RUN
rusticity,NOT_IN_CMU_DICT
rusty,RUN
ruth,RUN THINK
ruthenia,NOT_IN_CMU_DICT
ruthenian,NOT_IN_CMU_DICT
rutherford,RUN THINK
ruthie,RUN THINK
ruthless,RUN THINK LOOK
rutland,RUN LOOK
ruze,NOT_IN_CMU_DICT
rwanda,RUN
ryan,RUN
ryanair,RUN
saab,
saatchi,
saba,
sabbath,THINK
sable,RAIL
sabotage,WATER
sabre,
sacha,
sachets,NOT_IN_CMU_DICT
sack,
sacked,GET
sacking,TALKING
sacks,
sacramento,RUN
sacred,RUN
sacrifice,RUN
sacrificed,RUN GET
sacrificing,RUN TALKING
sad,
saddam,
sadden,
saddened,
saddening,TALKING
saddens,
saddle,RAIL
sadduccee,NOT_IN_CMU_DICT
sade,NOT_IN_CMU_DICT
sadiq,NOT_IN_CMU_DICT
sadly,LOOK
safari,
safe,
safe-deposit,NOT_IN_CMU_DICT
safeguard,
safeguarding,TALKING
safeguards,
safely,LOOK
safer,
safest,GET
safety,
safety-catch,NOT_IN_CMU_DICT
safety-pins,NOT_IN_CMU_DICT
safety-valve,NOT_IN_CMU_DICT
safeway,
safflower,LOOK
saffron,RUN
saga,
sagacious,NOT_IN_CMU_DICT
sage,
sagebrush,RUN
sagittarius,NOT_IN_CMU_DICT
sahara,HOUSE
said,
saigon,
sail,RAIL
sailor,LOOK
saint,GET
saipan,
saisho,NOT_IN_CMU_DICT
sake,
salaam,LOOK
salad,LOOK
salami,LOOK
salary,LOOK
salbutamol,NOT_IN_CMU_DICT
sale,RAIL
salem,LOOK
salerno,LOOK
salesman,RAIL
salish,NOT_IN_CMU_DICT
saliva,LOOK
sally,LOOK
salmon,
salon,LOOK
saloon,LOOK
salsa,RAIL
salt,RAIL GET
saltash,NOT_IN_CMU_DICT
saltmarsh,RAIL
salute,LOOK GET
salvador,RAIL
salvation,RAIL
sam,
samantha,THINK
samba,
same,
samey,NOT_IN_CMU_DICT
samhain,NOT_IN_CMU_DICT
samoa,
samothrace,NOT_IN_CMU_DICT
sample,RAIL
sampled,RAIL
samsonite,GET
samsung,TALKING
samuel,RAIL
samurai,
sanchez,
sanction,
sand,
sandbank,NOT_IN_CMU_DICT
sandcastle,NOT_IN_CMU_DICT
sandpiper,NOT_IN_CMU_DICT
sandra,RUN
sandstorm,
sandwich,
sandwiches,
sandy,
sane,
sang,TALKING
sangfroid,RUN
sangria,NOT_IN_CMU_DICT
sanitise,NOT_IN_CMU_DICT
sanitizer,NOT_IN_CMU_DICT
sanitorium,NOT_IN_CMU_DICT
sanity,WATER
sank,
sansa,NOT_IN_CMU_DICT
santa,
santiago,
sanyo,
saoirse,NOT_IN_CMU_DICT
sap,
sapphire,
sara,
sarah,
saratoga,WATER
sarcasm,
sarcastic,
sardinia,
sargasso,
sargent,GET
sari,
sark,
sars,
sartorial,RAIL
sasha,
saskatchewan,
sat,GET
satellite,WATER LOOK GET
satiate,NOT_IN_CMU_DICT
satiated,WATER
satin,WATER
satire,WATER
satisfaction,WATER
satisfactorily,WATER RUN LOOK
satisfactory,WATER RUN
satisfied,WATER
satisfy,WATER
satnav,NOT_IN_CMU_DICT
saturday,WATER
saturn,WATER
sauce,
saucer,
saucy,
saudi,
sauerbraten,NOT_IN_CMU_DICT
sauerkraut,RUN GET
sauna,
sauron,NOT_IN_CMU_DICT
sausage,
savage,
savannah,
save,
saved,
saveloys,NOT_IN_CMU_DICT
saver,
savoir-faire,NOT_IN_CMU_DICT
savoir-vivre,NOT_IN_CMU_DICT
savoy,
savvy,
saw,
saw-wort,NOT_IN_CMU_DICT
saward,NOT_IN_CMU_DICT
sawbridge,NOT_IN_CMU_DICT
sawbuck,NOT_IN_CMU_DICT
sawdust,GET
sawfish,NOT_IN_CMU_DICT
sawmill,RAIL
sawn,NOT_IN_CMU_DICT
sawtooth,NOT_IN_CMU_DICT
sawyer,
saxe-coburg-gotha,NOT_IN_CMU_DICT
say,
say-so,NOT_IN_CMU_DICT
says,
sbjct,NOT_IN_CMU_DICT
scabies,NOT_IN_CMU_DICT
scafell,NOT_IN_CMU_DICT
scaffold,RAIL
scale,RAIL
scaled,RAIL
scam,
scampi,NOT_IN_CMU_DICT
scan,
scandal,RAIL
scanned,
scanner,
scanning,TALKING
scar,
scarborough,
scarcely,LOOK
scarcer,
scarcest,NOT_IN_CMU_DICT
scarcity,WATER
scare,
scarecrow,RUN
scared,
scaremonger,NOT_IN_CMU_DICT
scarf,
scarfe,NOT_IN_CMU_DICT
scaring,TALKING
scarlet,LOOK GET
scarlett,LOOK GET
scarpered,NOT_IN_CMU_DICT
scarves,
scary,
scathing,THIS TALKING
scatter,WATER
scatterbrain,NOT_IN_CMU_DICT
scattered,WATER
scattering,WATER TALKING
scatters,NOT_IN_CMU_DICT
scenario,
scenarios,
scene,
scenery,
scenic,
schedule,RAIL
scheduled,RAIL
scheduler,LOOK
schema,
schemata,WATER
scheme,
scherzinger,TALKING
scherzo,NOT_IN_CMU_DICT
schipa,NOT_IN_CMU_DICT
schofield,RAIL
scholar,LOOK
scholarship,LOOK
school,RAIL
schoolboy,RAIL
schoolboys,RAIL
schoolmarm,NOT_IN_CMU_DICT
schoolteacher,RAIL
schtup,NOT_IN_CMU_DICT
schultz,RAIL
schwa,
schwarzenegger,
sci,
sci-fi,
science,
scientific,
scientifically,LOOK
scientist,GET
scirocco,NOT_IN_CMU_DICT
scissor,
scissors,
scoop,
scoot,GET
scooter,WATER
scope,
scorbutic,NOT_IN_CMU_DICT
scorch,
score,
scoreboard,
scorecard,
scored,
scorer,
scorn,
scotch,
scotch-tape,NOT_IN_CMU_DICT
scotia,
scotland,LOOK
scotsman,
scott,GET
scottish,WATER
scourer,NOT_IN_CMU_DICT
scouring,TALKING
scouse,NOT_IN_CMU_DICT
scout,GET
scrap,RUN
scrape,RUN
scrapheap,NOT_IN_CMU_DICT
scrapped,RUN GET
scrapping,RUN TALKING
scraps,RUN
scratch,RUN
scratches,RUN
scream,RUN
screamed,RUN
screaming,RUN TALKING
screams,RUN
screech,RUN
screech-owl,NOT_IN_CMU_DICT
screen,RUN
screensaver,NOT_IN_CMU_DICT
screensavers,NOT_IN_CMU_DICT
screensavers,NOT_IN_CMU_DICT
screenshot,RUN GET
screenshots,RUN
screenshots,RUN
screw,RUN
screwball,RUN RAIL
screwdriver,RUN
screwworm,NOT_IN_CMU_DICT
script,RUN GET
scroll,RUN RAIL
scrooge,RUN
scrub-brush,NOT_IN_CMU_DICT
scrubs,NOT_IN_CMU_DICT
scrum,NOT_IN_CMU_DICT
scrutiny,RUN WATER
scsi,
scuba,
scud,
scuff,
sculpted,RAIL
sculpture,RAIL
scum,
scunthorpe,NOT_IN_CMU_DICT
scythe,THINK
sea,
sea-bathing,NOT_IN_CMU_DICT
sea-level,NOT_IN_CMU_DICT
sea-lion,NOT_IN_CMU_DICT
seabed,
seaboard,
seaborg,NOT_IN_CMU_DICT
seafarer,
seafaring,NOT_IN_CMU_DICT
seafood,
seaforth,NOT_IN_CMU_DICT
seagreen,NOT_IN_CMU_DICT
seagull,RAIL
seaham,NOT_IN_CMU_DICT
seahorse,NOT_IN_CMU_DICT
seal,RAIL
seam,
seamless,LOOK
seamus,
sean,
search,
search-party,NOT_IN_CMU_DICT
searches,
searchlight,LOOK GET
seared,
sears,
seashore,
seaside,
season,
seasonal,RAIL
seat,GET
seattle,WATER RAIL
seaweed,
sebaceous,
sebring,RUN TALKING
sebum,NOT_IN_CMU_DICT
sec,
secluded,LOOK
seclusion,LOOK
second,
second,
second-class,NOT_IN_CMU_DICT
second-hand,NOT_IN_CMU_DICT
secondary,
secondly,LOOK
secret,RUN GET
secretariat,RUN WATER GET
secretary,RUN WATER
secretly,RUN LOOK
sect,GET
section,
sector,
sects,
secular,LOOK
secure,
secured,
securely,LOOK
security,WATER
sedgemoor,NOT_IN_CMU_DICT
see,
see-through,NOT_IN_CMU_DICT
seed,
seeger,
seeing,TALKING
seek,
seem,
seemingly,TALKING LOOK
seen,
seer,
seersucker,NOT_IN_CMU_DICT
seesawed,
seesaws,NOT_IN_CMU_DICT
sega,
segment,GET
segmental,NOT_IN_CMU_DICT
segmented,
seinfeld,RAIL
seize,
seizure,
seldom,RAIL
select,LOOK GET
selection,LOOK
selective,LOOK
selectively,LOOK
self,RAIL
self-absorbed,NOT_IN_CMU_DICT
self-assured,NOT_IN_CMU_DICT
self-congratulatory,NOT_IN_CMU_DICT
self-employment,NOT_IN_CMU_DICT
self-righteous,RAIL RUN
self-sacrificing,NOT_IN_CMU_DICT
self-service,NOT_IN_CMU_DICT
selfie,RAIL
selfish,RAIL
selfsame,NOT_IN_CMU_DICT
selina,LOOK
sell,RAIL
sell-out,LOOK GET
seller,LOOK
sellotape,NOT_IN_CMU_DICT
selma,RAIL
semantic,
semantics,
semaphore,NOT_IN_CMU_DICT
semester,
semi,
semiautomatic,WATER
semiconductor,
seminar,
semiquaver,NOT_IN_CMU_DICT
semivowel,NOT_IN_CMU_DICT
sen,
senate,GET
senator,WATER
send,
sender,
senegal,RAIL
senghenydd,NOT_IN_CMU_DICT
senile,RAIL
senior,
sensation,
sense,
sense-organ,NOT_IN_CMU_DICT
sensible,RAIL
sensibly,LOOK
sensitive,WATER
sensitivity,WATER
sensor,
sensorial,NOT_IN_CMU_DICT
sent,GET
sentence,
sentenced,GET
sentient,NOT_IN_CMU_DICT
sentiment,GET
sentimental,RAIL
sentiments,
separate,GET RUN
separated,WATER
separately,LOOK RUN
separation,
separator,WATER
separators,WATER
sept,GET
september,
septennial,NOT_IN_CMU_DICT
septet,NOT_IN_CMU_DICT
seq,NOT_IN_CMU_DICT
sequel,RAIL
sequence,
sequential,RAIL
sequin,
sequoia,
serape,NOT_IN_CMU_DICT
serbia,
serbo-croat,NOT_IN_CMU_DICT
sere,
serene,
serf,
serge,
sergeant,GET
sergei,
sergey,
serial,RAIL
series,
serious,
seriously,LOOK
sermon,
serpent,GET
serpentine,
serrano,
serum,
servant,GET
serve,
served,
server,
service,
serving,TALKING
session,
set,GET
set-to,NOT_IN_CMU_DICT
set-up,WATER
seth,THINK
setting,WATER TALKING
settings,WATER TALKING
settle,WATER RAIL
settled,WATER RAIL
setup,WATER
seurat,NOT_IN_CMU_DICT
seven,
sevenoaks,NOT_IN_CMU_DICT
seventeen,
seventh,THINK
several,RUN RAIL
severe,
severely,LOOK
severer,
severest,GET
severity,WATER
sew,
sewed,
sewer,
sewing,TALKING
sewn,
sex,
sex-starved,NOT_IN_CMU_DICT
sexcam,NOT_IN_CMU_DICT
sexes,
sexist,GET
sexo,NOT_IN_CMU_DICT
sexploitation,NOT_IN_CMU_DICT
sexual,RAIL
sexuality,LOOK WATER
sexually,LOOK
sexy,
seychelles,RAIL
seymour,
shade,
shadow,
shadows,
shaeffer,
shaft,GET
shaggy,
shah,
shairp,NOT_IN_CMU_DICT
shaka,
shake,
shaken,
shakespeare,
shakira,
shaky,
shall,RAIL
shallow,LOOK
shame,
shampoo,
shan,
shane,
shanghai,TALKING HOUSE
shannon,
shape,
shaped,GET
sharapova,NOT_IN_CMU_DICT
share,
sharecropper,RUN
shared,
shareholder,HOUSE RAIL
shareholders,HOUSE RAIL
shares,
shareware,
sharing,TALKING
sharjah,NOT_IN_CMU_DICT
shark,
sharon,
sharp,
sharpe,
sharpener,NOT_IN_CMU_DICT
sharples,RAIL
sharply,LOOK
sharpshooter,WATER
shatterproof,WATER RUN
shaun,
shave,
shaved,
shaving-brush,NOT_IN_CMU_DICT
shaw,
shawm,NOT_IN_CMU_DICT
shawn,
shawnee,
shawshank,
she,
she-devil,NOT_IN_CMU_DICT
shear,
sheard,
shearling,NOT_IN_CMU_DICT
shearwater,NOT_IN_CMU_DICT
sheba,
sheboygan,
shed,
shed,
shedding,TALKING
sheds,
sheen,
sheep,
sheer,
sheerness,NOT_IN_CMU_DICT
sheet,GET
sheeting,WATER TALKING
sheffield,RAIL
sheik,
sheikh,
sheila,LOOK
shelf,RAIL
shell,RAIL
shelter,RAIL
shelve,RAIL
shelves,RAIL
shemale,NOT_IN_CMU_DICT
shemales,NOT_IN_CMU_DICT
shemozzle,NOT_IN_CMU_DICT
shepherd,
sherborne,
sherbourne,
shere,
sheriff,
sherlock,LOOK
sherman,
sherpa,NOT_IN_CMU_DICT
sherwin,
sherwood,
shibboleth,LOOK THINK
shield,RAIL
shift,GET
shijiazhuang,NOT_IN_CMU_DICT
shillibeer,NOT_IN_CMU_DICT
shine,
shined,
shiny,
ship,
shipped,GET
shipping,TALKING
shipshape,
shiremoor,NOT_IN_CMU_DICT
shirk,
shirker,NOT_IN_CMU_DICT
shirley,LOOK
shirt,GET
shit,GET
shitload,LOOK
shiva,
shock,
shod,
shoe,
shoe-leather,NOT_IN_CMU_DICT
shoeshine,
shogun,
shone,
shook,
shoot,GET
shop,
shop-boys,NOT_IN_CMU_DICT
shophar,NOT_IN_CMU_DICT
shopkeeper,
shopper,
shopzilla,NOT_IN_CMU_DICT
shore,
shoreline,LOOK
short,GET
short-circuit,NOT_IN_CMU_DICT
short-crust,NOT_IN_CMU_DICT
short-lived,LOOK
shortage,
shortcomings,TALKING
shortcut,GET
shortcuts,
shorten,
shortened,
shortening,TALKING
shortens,
shorthand,HOUSE
shortly,LOOK
shoshanna,NOT_IN_CMU_DICT
shoshone,
shot,GET
shotgun,
should,
shoulder,RAIL
shoulder-strap,NOT_IN_CMU_DICT
shout,GET
shouted,WATER
shove,
shovel,RAIL
show,
show-jumping,NOT_IN_CMU_DICT
show-stopping,NOT_IN_CMU_DICT
show-window,NOT_IN_CMU_DICT
showbiz,
showboat,GET
showcase,
showed,
shower,
shower-baths,NOT_IN_CMU_DICT
showgirl,RAIL
showground,NOT_IN_CMU_DICT
showjumping,NOT_IN_CMU_DICT
showman,
shown,
showroom,
shows,
showtimes,NOT_IN_CMU_DICT
shrew-mouse,NOT_IN_CMU_DICT
shrewsbury,RUN
shrink-wrap,NOT_IN_CMU_DICT
shroud,RUN
shrug,RUN
shrunk,RUN
shuffle,RAIL
shufti,NOT_IN_CMU_DICT
shush,NOT_IN_CMU_DICT
shut,GET
shutdown,
shutter,WATER
shuttle,WATER RAIL
shy,
siberian,
sibling,LOOK TALKING
sic,
sick,
sicken,
sickened,
sickening,TALKING
sickens,NOT_IN_CMU_DICT
side,
sideboard,NOT_IN_CMU_DICT
sided,
sidewalk,
sideways,
siegmund,
siemens,
sienna,
sierra,
sig,
sigh,
sighs,
sight,GET
sightseeing,TALKING
sigma,
sign,
signage,
signal,RAIL
signature,
significance,
significant,GET
significantly,LOOK
signifies,
signors,NOT_IN_CMU_DICT
signposted,NOT_IN_CMU_DICT
signup,NOT_IN_CMU_DICT
sigourney,
silence,LOOK
silent,LOOK GET
silicon,LOOK
silicone,LOOK
siliqua,NOT_IN_CMU_DICT
silk,RAIL
silky,RAIL
sillier,LOOK
silliest,LOOK GET
silly,LOOK
silly,LOOK
silver,RAIL
silverman,RAIL
silverstone,RAIL
silverware,RAIL
silvie,RAIL
sim,
simba,
similar,LOOK
similarities,LOOK WATER
similarity,LOOK WATER
similarly,LOOK
simon,
simpler,LOOK
simpler,LOOK
simplest,LOOK GET
simplicity,LOOK WATER
simplified,LOOK
simplistic,LOOK
simply,LOOK
simpson,
simpsons,
simpsons,
simulate,LOOK GET
simulate,LOOK GET
simulated,LOOK WATER
simulates,LOOK
simulating,LOOK WATER TALKING
simulation,LOOK
simultaneous,RAIL
simultaneously,RAIL LOOK
sin,
sinatra,RUN
since,
sincere,
sincerely,LOOK
sinclair,LOOK
sine,
sinead,
sinecure,NOT_IN_CMU_DICT
sinful,RAIL
sing,TALKING
singapore,TALKING
singer,TALKING
singh,TALKING
singular,TALKING LOOK
singularly,TALKING LOOK
sinhala,NOT_IN_CMU_DICT
sinister,
sink,
sip,
siphon,
sir,
siracusa,
sirloin,NOT_IN_CMU_DICT
sirs,
sister,
sistine,
sit,GET
sitcom,
site,GET
sitemap,NOT_IN_CMU_DICT
sitting,WATER TALKING
sittingbourne,NOT_IN_CMU_DICT
situate,GET
situated,WATER
situates,NOT_IN_CMU_DICT
situating,NOT_IN_CMU_DICT
situation,
situationality,NOT_IN_CMU_DICT
six,
sixteen,
sixteen,
sixth,THINK
sixties,
sixty,
size,
sized,
ska,
skateboard,
skating,WATER TALKING
skegness,NOT_IN_CMU_DICT
skeleton,LOOK WATER
skelmanthorpe,NOT_IN_CMU_DICT
skeptical,RAIL
sketch,
sketchers,NOT_IN_CMU_DICT
sketches,
skew,
skew-whiff,NOT_IN_CMU_DICT
skewbald,NOT_IN_CMU_DICT
skewed,
skewer,
ski,
ski-jump,NOT_IN_CMU_DICT
skibob,NOT_IN_CMU_DICT
skies,
skijoring,NOT_IN_CMU_DICT
skill,RAIL
skills,RAIL
skin,
skin-tight,NOT_IN_CMU_DICT
skip,
skirt,GET
skiwear,NOT_IN_CMU_DICT
skull,RAIL
skuzzy,NOT_IN_CMU_DICT
sky,
sky-blue,NOT_IN_CMU_DICT
sky-high,NOT_IN_CMU_DICT
skydiving,TALKING
skyjack,NOT_IN_CMU_DICT
skylab,NOT_IN_CMU_DICT
skylark,LOOK
skylight,LOOK GET
skyline,LOOK
skype,
skyscraper,RUN
skywalker,
skyward,
slade,LOOK
slag,LOOK
slagheap,NOT_IN_CMU_DICT
slang,LOOK TALKING
slapdash,LOOK
slash,LOOK
slather,LOOK THIS
slave,LOOK
slazenger,NOT_IN_CMU_DICT
sleek,LOOK
sleep,LOOK
sleepeezee,NOT_IN_CMU_DICT
sleeper,LOOK
sleeping-bag,NOT_IN_CMU_DICT
sleepwalking,LOOK TALKING
sleepy,LOOK
sleet,LOOK GET
sleeve,LOOK
sleigh-bells,NOT_IN_CMU_DICT
sleight,LOOK GET
sleipnir,NOT_IN_CMU_DICT
slept,LOOK GET
sleuth,LOOK THINK
slice,LOOK
sliced,LOOK GET
slid,LOOK
slide,LOOK
slideshow,NOT_IN_CMU_DICT
slight,LOOK GET
slightly,LOOK
sligo,NOT_IN_CMU_DICT
slim,LOOK
slimmer,LOOK
slinger,LOOK TALKING
slip,LOOK
slip-coach,NOT_IN_CMU_DICT
slipcover,NOT_IN_CMU_DICT
slippery,LOOK RUN
slippery,LOOK RUN
slips,LOOK
slipstream,NOT_IN_CMU_DICT
slithered,NOT_IN_CMU_DICT
sliwa,LOOK
sloe-gin,NOT_IN_CMU_DICT
slog,LOOK
slogan,LOOK
slogging,LOOK TALKING
slope,LOOK
sloppy,LOOK
slot,LOOK GET
slotted,LOOK WATER
slouch,LOOK
slouch-hat,NOT_IN_CMU_DICT
slovak,LOOK
slovakia,LOOK
slovenia,LOOK
slovenly,LOOK
slow,LOOK
slow-motion,NOT_IN_CMU_DICT
slow-worm,NOT_IN_CMU_DICT
slowcoach,NOT_IN_CMU_DICT
slowly,LOOK
slowpoke,LOOK
slows,LOOK
sludge,LOOK
slug,LOOK
slumdog,NOT_IN_CMU_DICT
slur,LOOK
slurry,LOOK
slurs,LOOK
slush,LOOK
slut,LOOK GET
slytherin,NOT_IN_CMU_DICT
small,RAIL
smaller,LOOK
smallish,LOOK
smart,GET
smash,
smashes,
smear,
smear-words,NOT_IN_CMU_DICT
smee,
smell,RAIL
smelly,LOOK
smethwick,NOT_IN_CMU_DICT
smile,RAIL
smiled,RAIL
smilies,NOT_IN_CMU_DICT
smith,THINK
smithereens,THIS
smithsonian,THINK
smithy,NOT_IN_CMU_DICT
smog,
smoke,
smoke-cured,NOT_IN_CMU_DICT
smoked,GET
smoker,
smokers,
smoking,TALKING
smooch,
smooth,THIS
smooth-tongued,NOT_IN_CMU_DICT
smoothly,THIS LOOK
smooths,THIS
smorgasbord,
smother,THIS
sms,
smtp,NOT_IN_CMU_DICT
smudge,
smug,
smuggler,LOOK
smurfs,
smythe,THIS
snack,
snaefell,NOT_IN_CMU_DICT
snafu,
snag,
snail,RAIL
snaith,NOT_IN_CMU_DICT
snake,
snap,
snapdragon,RUN
snape,
snapshot,GET
snare-drum,NOT_IN_CMU_DICT
sneak,
sneaky,
sniff,
sniper,
sno-cat,NOT_IN_CMU_DICT
snobbery,
snoop,
snooze,
snorkel,RAIL
snort,GET
snow,
snow-capped,NOT_IN_CMU_DICT
snow-covered,NOT_IN_CMU_DICT
snow-white,NOT_IN_CMU_DICT
snowboard,
snowden,
snowdonia,NOT_IN_CMU_DICT
snowdrops,NOT_IN_CMU_DICT
snowfall,RAIL
snowfield,NOT_IN_CMU_DICT
snowflake,LOOK
snowman,
snowmelt,NOT_IN_CMU_DICT
snowmobile,RAIL
snowplough,NOT_IN_CMU_DICT
snowplow,LOOK
snows,
snowshoes,
snowstorm,
snuff,
snug,
snuggle,RAIL
so-called,RAIL
so-so,
soa,NOT_IN_CMU_DICT
soak,
soap,
soapsuds,NOT_IN_CMU_DICT
soar,
soaraway,NOT_IN_CMU_DICT
soared,
soaring,TALKING
sober,
soc,NOT_IN_CMU_DICT
soccer,
social,RAIL
socialism,LOOK
socialist,LOOK GET
socialite,LOOK GET
socially,LOOK
society,WATER
sociology,LOOK
sociopath,THINK
sock,
socket,GET
socks,
sod,
soda,
sodium,
sofa,
sofas,
sofia,
soft,GET
soft-boiled,NOT_IN_CMU_DICT
softball,RAIL
software,
soggy,
soil,RAIL
sol,RAIL
solar,LOOK
solaris,LOOK
sold,RAIL
soldering-iron,NOT_IN_CMU_DICT
soldier,RAIL
sole,RAIL
solely,LOOK
solenoid,NOT_IN_CMU_DICT
solicitor,LOOK WATER
solicitors,LOOK WATER
solid,LOOK
solitaire,LOOK WATER
solitude,LOOK WATER
solo,LOOK
solomon,LOOK
solubility,RAIL LOOK WATER
solution,LOOK
solve,RAIL
solved,RAIL
solving,RAIL TALKING
soma,
somali,LOOK
somalia,LOOK RAIL
sombrero,RUN
some,
somebody,
somehow,HOUSE
someone,
someplace,LOOK
somersault,RAIL GET
somerset,GET
somerville,RAIL
something,THINK TALKING
sometime,
sometimes,
somewhat,GET HOUSE
somewhere,
sommelier,NOT_IN_CMU_DICT
son,
sonata,WATER
song,TALKING
songwriter,TALKING RUN WATER
sonic,
sony,
soon,
soot,GET
sooth,NOT_IN_CMU_DICT
soothes,THIS
soothsayer,THINK
sophia,
sophie,
sophisticate,GET
sophisticate,GET
sophisticated,WATER
sophisticates,
sophisticating,NOT_IN_CMU_DICT
sophronia,RUN
sorbet,GET
sorbitol,NOT_IN_CMU_DICT
sorbonne,
sorcerer,
sordid,
sore,
sorghum,
sorrel,RAIL
sorrow,
sorrowful,RAIL
sorry,
sort,GET
sortie,
sotheby,THINK
soubrette,NOT_IN_CMU_DICT
souffle,LOOK
sought,GET
sought-after,NOT_IN_CMU_DICT
soul,RAIL
sound,
soundproofing,NOT_IN_CMU_DICT
soundtrack,RUN
soup,
sour,
source,
sourdine,NOT_IN_CMU_DICT
sourer,NOT_IN_CMU_DICT
souring,TALKING
south,THINK
southall,THINK RAIL
southampton,THINK HOUSE
southbound,THINK
southeast,THINK GET
southeastern,THINK
southeastward,NOT_IN_CMU_DICT
southern,THIS
southerners,THIS
southey,NOT_IN_CMU_DICT
southgate,THINK GET
southpaws,NOT_IN_CMU_DICT
southport,THINK GET
southsea,NOT_IN_CMU_DICT
southward,THINK
southwark,NOT_IN_CMU_DICT
southwell,THINK RAIL
southwest,THINK GET
southwesterly,NOT_IN_CMU_DICT
souvenir,
souvenirs,
souza,
sovereign,RUN
soviet,GET
sow,
sow-bread,NOT_IN_CMU_DICT
sox,
soy,
soya,
soybean,
soyuz,
spa,
space,
space-heater,NOT_IN_CMU_DICT
spaced,GET
spacefarer,NOT_IN_CMU_DICT
spacious,
spaghetti,WATER
spain,
spalding,RAIL TALKING
spam,
span,
spandau,NOT_IN_CMU_DICT
spanish,
spank,
spar,
sparc,
spare,
spared,
sparely,NOT_IN_CMU_DICT
spareness,NOT_IN_CMU_DICT
spares,
sparing,TALKING
spark,
sparkler,NOT_IN_CMU_DICT
sparkling,LOOK TALKING
sparkplug,NOT_IN_CMU_DICT
sparrows,
sparse,
spasticity,NOT_IN_CMU_DICT
spathe,NOT_IN_CMU_DICT
spatial,RAIL
speak,
speaker,
spear,
spears,
spearwort,NOT_IN_CMU_DICT
spec,
special,RAIL
specialist,LOOK GET
speciality,LOOK WATER
specialize,LOOK
specialized,LOOK
specializes,LOOK
specializing,LOOK TALKING
specially,LOOK
specialty,RAIL
specie,NOT_IN_CMU_DICT
species,
specific,
specifically,LOOK
specification,
specified,
specify,
specimen,
spectacle,RAIL
spectacular,LOOK
spectrum,RUN
speculate,LOOK GET
speculation,LOOK
sped,
speech,
speeches,
speed,
speedometer,WATER
speir,
spell,RAIL
spencer,
spend,
spennymoor,NOT_IN_CMU_DICT
spent,GET
sperm,
spew,
spewed,
sphenoidal,NOT_IN_CMU_DICT
sphere,
spice,
spicy,
spider,
spiderweb,NOT_IN_CMU_DICT
spies,
spigot,GET
spike,
spill,RAIL
spin,
spine,
spinoza,
spiral,RAIL
spirit,GET
spiritual,RAIL
spirituality,LOOK WATER
spirograph,NOT_IN_CMU_DICT
spit,GET
spite,GET
spitfire,NOT_IN_CMU_DICT
spits,
spitted,NOT_IN_CMU_DICT
spitting,WATER TALKING
splash,LOOK
splayfoot,NOT_IN_CMU_DICT
splendid,LOOK
split,LOOK GET
sploshing,NOT_IN_CMU_DICT
splurge,LOOK
spoil,RAIL
spoiled,RAIL
spoiler,LOOK
spoiling,LOOK TALKING
spoils,RAIL
spoilt,NOT_IN_CMU_DICT
spoke,
spoken,
spokesman,
spokespeople,RAIL
spokeswoman,
sponsor,
sponsorship,
spontaneous,
spontaneously,LOOK
spoof,
spooky,
spool,RAIL
spoon,
spoor,
spoors,NOT_IN_CMU_DICT
spore,
sport,GET
sportswear,
spot,GET
spot-on,NOT_IN_CMU_DICT
spotlight,LOOK GET
spotting,WATER TALKING
spouse,
spout,GET
sprang,RUN TALKING
spray,RUN
sprays,RUN
spread,RUN
spreadsheet,RUN GET
spring,RUN TALKING
springer,RUN TALKING
springfield,RUN TALKING RAIL
springsteen,RUN TALKING
springy,NOT_IN_CMU_DICT
sprint,RUN GET
spruce,RUN
sprung,RUN TALKING
spuds,
spur,
spur-of-the-moment,NOT_IN_CMU_DICT
spurious,
spurious,
spuriousness,NOT_IN_CMU_DICT
spurs,
spy,
spyglass,LOOK
spyware,
sql,RAIL
squad,
square,
square-shouldered,NOT_IN_CMU_DICT
square-toed,NOT_IN_CMU_DICT
squared,
squarely,LOOK
squareness,NOT_IN_CMU_DICT
squares,
squash,
squashed,GET
squashes,NOT_IN_CMU_DICT
squashing,TALKING
squawk,
squeaky,
squeaky-clean,NOT_IN_CMU_DICT
squeamish,
squeegee,
squeeze,
squeezed,
squeezes,
squeezing,TALKING
squirt,GET
squishy,
src,NOT_IN_CMU_DICT
srebrenica,RUN
stab,
stability,LOOK WATER
stabilize,LOOK
stable,RAIL
staccato,WATER
stacey,
stack,
stacy,
stadium,
staff,
staffing,TALKING
stafford,
staffordshire,
stag,
stage,
stagecoach,
stagger,
stainforth,NOT_IN_CMU_DICT
stainless,LOOK
stair,
stair-carpet,NOT_IN_CMU_DICT
staircase,
stairs,
stairway,
stairwell,RAIL
stake,
stakeholder,HOUSE RAIL
stakeholders,HOUSE RAIL
stale,RAIL
stalin,LOOK
stalking,TALKING
stall,RAIL
stamp,
stan,
stance,
stand,
stand-up,
standard,
standardize,
standardized,
standardizes,NOT_IN_CMU_DICT
standardizing,TALKING
standby,
standee,NOT_IN_CMU_DICT
standpoint,GET
stanford,
stanley,LOOK
stansted,NOT_IN_CMU_DICT
stanza,
staple,RAIL
stapleton,RAIL
star,
star-gazer,NOT_IN_CMU_DICT
star-studded,NOT_IN_CMU_DICT
starboard,
starbucks,
starch,
stardust,GET
stare,
stares,
starfish,
staring,TALKING
stark,
starlet,LOOK GET
starring,TALKING
starship,
starsmerchant,NOT_IN_CMU_DICT
start,GET
startle,RAIL
startled,RAIL
startles,RAIL
startling,LOOK TALKING
startup,
starvation,
starve,
starved,
starveling,NOT_IN_CMU_DICT
starves,
starving,TALKING
starwort,NOT_IN_CMU_DICT
stash,
stat,GET
state,GET
statement,GET
statewide,
statham,THINK
static,WATER
station,
stationary,
stationery,
statistic,WATER
statistical,WATER RAIL
statistics,WATER
statoil,WATER RAIL
statue,
statues,
status,WATER
statute,GET
statutes,
statutory,WATER
stay,
stayed,
stays,
std,NOT_IN_CMU_DICT
steadfast,GET
steadily,LOOK
steady,
steak,
steakhouse,HOUSE
steal,RAIL
steam,
steam-heat,NOT_IN_CMU_DICT
steamer,
steatopygia,NOT_IN_CMU_DICT
steel,RAIL
steep,
steer,
steerage,NOT_IN_CMU_DICT
steering,TALKING
steering-gear,NOT_IN_CMU_DICT
stegosaurus,
steiger,
stella,LOOK
stem,
stendhal,RAIL
stentorian,NOT_IN_CMU_DICT
step,
step,
stepbrother,NOT_IN_CMU_DICT
stepdaughter,WATER
stepfather,THIS
stephanie,
stephen,
stepmother,THIS
stepped,GET
stepping,TALKING
steps,
steps,
stepson,
stereo,
stereotype,WATER
sterling,LOOK TALKING
stern,
steroids,
stethoscope,THINK
steve,
steven,
stevens,
stevens,
stevie,
steward,
stewart,GET
stewed,
stick,
stick-in-the-mud,NOT_IN_CMU_DICT
sticker,
sticky,
stiff,
stigmata,WATER
still,RAIL
still-life,NOT_IN_CMU_DICT
stimulate,LOOK GET
stimulated,LOOK WATER
stimulates,LOOK
stimulating,LOOK WATER TALKING
stimulation,LOOK
stinger,TALKING
stir,
stir-fry,NOT_IN_CMU_DICT
stirrer,NOT_IN_CMU_DICT
stirs,
stitch,
stivichal,NOT_IN_CMU_DICT
stockhausen,HOUSE
stockholm,HOUSE RAIL
stockings,TALKING
stockjobber,NOT_IN_CMU_DICT
stockport,NOT_IN_CMU_DICT
stodgy,
stogey,NOT_IN_CMU_DICT
stoke,
stoke-on-trent,NOT_IN_CMU_DICT
stole,RAIL
stolen,LOOK
stomach,
stone,
stonemason,NOT_IN_CMU_DICT
stood,
stooges,
stool,RAIL
stop,
stopped,GET
stopping,TALKING
stopwatch,
store,
stored,
storehouse,HOUSE
storeroom,RUN
storey,
stork,
storm,
storm-cloud,NOT_IN_CMU_DICT
stormtrooper,NOT_IN_CMU_DICT
stormzy,NOT_IN_CMU_DICT
story,
stourmouth,NOT_IN_CMU_DICT
stout,GET
stove,
stowmarket,NOT_IN_CMU_DICT
str,NOT_IN_CMU_DICT
strachey,NOT_IN_CMU_DICT
stradey,NOT_IN_CMU_DICT
straight,RUN GET
straight-forward,NOT_IN_CMU_DICT
straightedge,RUN WATER
straighten,RUN WATER
straightforward,RUN
strain,RUN
strait,RUN GET
strand,RUN
strange,RUN
strangely,RUN LOOK
stranger,RUN
strangest,RUN GET
strap,RUN
strasbourg,RUN
strategic,RUN WATER
strategies,RUN WATER
strategy,RUN WATER
strathclyde,NOT_IN_CMU_DICT
strathcona,NOT_IN_CMU_DICT
strathmore,NOT_IN_CMU_DICT
strathspey,NOT_IN_CMU_DICT
stratopause,NOT_IN_CMU_DICT
stratosphere,RUN WATER
stratospheres,NOT_IN_CMU_DICT
strauss,RUN
straw,RUN
strawberry,RUN
straws,RUN
stray,RUN
streak,RUN
stream,RUN
streamer,RUN
streamline,RUN LOOK
street,RUN GET
strength,RUN THINK TALKING
strengthen,RUN TALKING THINK
strenuous,RUN
stress,RUN
stress-marks,NOT_IN_CMU_DICT
stresses,RUN
stretch,RUN
stretcher,RUN
stretcher-bearer,RUN
stretches,RUN
stretchy,NOT_IN_CMU_DICT
strict,RUN GET
strictly,RUN LOOK
strike,RUN
striker,RUN
striking,RUN TALKING
stringent,RUN GET
stringer,RUN TALKING
stringy,RUN TALKING
strip,RUN
stripe,RUN
stripes,RUN
strive,RUN
stroke,RUN
stroll,RUN RAIL
strong,RUN TALKING
strongarm,NOT_IN_CMU_DICT
stronger,RUN TALKING
stronghold,RUN TALKING HOUSE RAIL
strongly,RUN TALKING LOOK
strophe,NOT_IN_CMU_DICT
stroud,RUN
strowger,NOT_IN_CMU_DICT
struck,RUN
struct,NOT_IN_CMU_DICT
structural,RUN RAIL
structure,RUN
structured,RUN
struggle,RUN RAIL
struggled,RUN RAIL
struggling,RUN LOOK TALKING
strut,RUN GET
struth,NOT_IN_CMU_DICT
struthers,RUN THIS
stuart,GET
stuck,
stud,
student,GET
studied,
studio,
studios,
study,
stuff,
stuffing,TALKING
stumble,RAIL
stumbled,RAIL
stun,
stunk,
stunned,
stunning,TALKING
stuns,
stunt,GET
stupa,
stupendous,
stupid,
stupidity,WATER
sturdy,
stuttgart,GET
style,RAIL
stylish,LOOK
stylus,LOOK
stymie,
suarez,
sub,
subaqua,NOT_IN_CMU_DICT
subaru,
subassembly,LOOK
subcommittee,WATER
subculture,RAIL
subdivision,
subject,GET
subjective,
sublime,LOOK
submariner,NOT_IN_CMU_DICT
submerge,
submission,
submit,GET
submitted,WATER
submitting,WATER TALKING
suborder,NOT_IN_CMU_DICT
subroutine,RUN WATER
subroutines,NOT_IN_CMU_DICT
subscribe,RUN
subscriber,RUN
subscription,RUN
subsection,
subsequent,GET
subsequently,LOOK
subset,GET
subsidiary,
subsidize,
subsidized,
subsidizes,
subsidizing,TALKING
subsoil,RAIL
substance,
substantial,RAIL
substantially,LOOK
substantiate,GET
substitute,WATER GET
substituted,WATER
substitution,WATER
subterfuge,
subtitles,WATER RAIL
subtle,WATER RAIL
subtleties,WATER RAIL
subtlety,WATER RAIL
subtly,WATER LOOK
subtotal,NOT_IN_CMU_DICT
subtype,
suburban,
subversion,
subway,
succeed,
success,
successful,RAIL
successfully,LOOK
succession,
successive,
successor,
succubus,NOT_IN_CMU_DICT
such,
suck,
sucrose,RUN
sudan,
sudbury,
sudden,
suddenly,LOOK
sudoku,NOT_IN_CMU_DICT
suds,
sue,
sued,
suede,
sues,
suffer,
sufferer,
suffering,TALKING RUN
suffice,
sufficient,GET
sufficiently,LOOK
suffix,
suffolk,
suffusion,NOT_IN_CMU_DICT
sufi,NOT_IN_CMU_DICT
sugar,
sugar-beet,NOT_IN_CMU_DICT
sugarcane,
sugary,
suggest,GET
suggestion,
suicidal,RAIL
suicide,
suing,TALKING
suit,GET
suitability,WATER LOOK
suitable,WATER RAIL
suitably,WATER LOOK
suite,GET
sulawesi,LOOK
sulfur,RAIL
sulfuric,RAIL
sullivan,LOOK
sulpha,NOT_IN_CMU_DICT
sultana,NOT_IN_CMU_DICT
sum,
sumatra,RUN
sumerian,NOT_IN_CMU_DICT
summarize,
summarized,
summarizes,
summarizing,TALKING
summary,
summer,
summit,GET
sumo,
sun,
sun-parlour,NOT_IN_CMU_DICT
sun-porch,NOT_IN_CMU_DICT
sunbathe,THIS
sunbathed,NOT_IN_CMU_DICT
sunbathing,THIS TALKING
sunbeam,
sunbed,NOT_IN_CMU_DICT
sunday,
sunderland,LOOK
sundry,RUN
sunflower,LOOK
sung,TALKING
sunglasses,LOOK
sunk,
sunlight,LOOK GET
sunni,
sunny,
sunrise,RUN
sunroof,RUN
sunset,GET
sunshade,NOT_IN_CMU_DICT
sunshine,
super,
super-imposition,
superb,
superbly,LOOK
supercargo,NOT_IN_CMU_DICT
supercharge,
supercharger,NOT_IN_CMU_DICT
superego,NOT_IN_CMU_DICT
superficial,RAIL
superficially,LOOK
superfluous,RAIL
supergirl,NOT_IN_CMU_DICT
superglue,NOT_IN_CMU_DICT
superhighway,HOUSE
superintendent,GET
superior,
superiority,WATER
superlative,LOOK WATER
supermarket,GET
supernatural,RAIL
supernova,
supersede,
superstar,
superstore,
supervise,
supervised,
supervision,
supervisions,NOT_IN_CMU_DICT
supervisor,
supper,
supplement,LOOK GET
supplemental,LOOK RAIL
supplementary,LOOK RUN
supplementary,LOOK RUN
supplied,LOOK
supplier,LOOK
supplies,LOOK
supply,LOOK
support,GET
supported,
supporters,
suppose,
supposed,
supposedly,LOOK
suppository,NOT_IN_CMU_DICT
suppress,RUN
suppressed,RUN GET
suppresses,RUN
suppressing,RUN TALKING
suppression,RUN
supremacist,RUN GET
supremacy,RUN
supreme,RUN
supremo,NOT_IN_CMU_DICT
suprising,NOT_IN_CMU_DICT
sur,
surbiton,NOT_IN_CMU_DICT
surcharge,
surely,LOOK
surf,
surface,
surface-to-air,NOT_IN_CMU_DICT
surfboard,
surfer,
surfing,TALKING
surge,
surgeon,
surgery,
surgical,RAIL
surly,LOOK
surname,
surpass,
surplus,LOOK
surprise,RUN
surprised,RUN
surprisingly,RUN TALKING LOOK
surreal,RAIL
surrey,
surround,
surrounding,TALKING
surveillance,LOOK
survey,
surveys,
survival,RAIL
survive,
survived,
survivor,
susan,
susceptible,RAIL
suse,NOT_IN_CMU_DICT
sushi,
susie,
suspect,GET
suspend,
suspended,
suspending,TALKING
suspends,
suspension,
suspicion,
suspicious,
suspiciously,LOOK
sussex,
susskind,
sustain,
sustainability,LOOK WATER
sustainable,RAIL
sustained,
sustaining,TALKING
sustains,
sutherland,THIS LOOK
sutton,WATER
suture,
suzanne,
suzie,
suzuki,
svalbard,NOT_IN_CMU_DICT
svengali,NOT_IN_CMU_DICT
swaddling-clothes,NOT_IN_CMU_DICT
swallow,LOOK
swallow,LOOK
swallowed,LOOK
swallowing,LOOK TALKING
swallows,LOOK
swam,
swami,
swamp,
swamp,
swamped,GET
swamping,TALKING
swamps,
swamps,
swanee,
swansea,NOT_IN_CMU_DICT
swap,
swapo,
swaraj,NOT_IN_CMU_DICT
swarajist,NOT_IN_CMU_DICT
swarfega,NOT_IN_CMU_DICT
swarthy,THIS THINK
swatch,
swazi,
swaziland,LOOK
swear,
swearer,NOT_IN_CMU_DICT
swearing,TALKING
swearword,NOT_IN_CMU_DICT
sweat,GET
sweating,WATER TALKING
sweats,
sweden,
swedenborg,NOT_IN_CMU_DICT
swedish,
sweep,
sweeper,
sweet,GET
sweet-talk,NOT_IN_CMU_DICT
sweetheart,HOUSE GET
sweetie,WATER
swept,GET
swift,GET
swim,
swimming,TALKING
swimming-baths,NOT_IN_CMU_DICT
swimming-trunks,NOT_IN_CMU_DICT
swimwear,
swing,TALKING
swing,TALKING
swinger,TALKING
swingers,TALKING
swipe,
swirl,RAIL
swiss,
switch,
switchboard,
switches,
switchgear,NOT_IN_CMU_DICT
switzerland,LOOK
swivel,RAIL
swoop,
swoosh,
sword,
sword-bearer,NOT_IN_CMU_DICT
swore,
sworn,
swum,
sycamore,
sydney,
sykes,
symantec,
symbol,RAIL
symbolic,LOOK
symmetric,RUN
symmetry,RUN
sympathetic,THINK WATER
sympathize,THINK
sympathy,THINK
symphony,
symposium,
symptom,
symptoms,
synagogue,
sync,
syndicate,GET
syndication,
syndrome,RUN
synergy,
synonym,
synonymous,
synonyms,
synopsis,
syntactic,
syntactically,NOT_IN_CMU_DICT
syntax,
synthesis,THINK
synthesizer,THINK
synthetic,THINK WATER
syracuse,
syria,
sys,NOT_IN_CMU_DICT
system,
systematic,WATER
t-junction,NOT_IN_CMU_DICT
tab,
tabitha,THINK
table,RAIL
table-knife,NOT_IN_CMU_DICT
table-talk,NOT_IN_CMU_DICT
tablespoon,RAIL
tablet,LOOK GET
tableware,RAIL
tabloid,LOOK
tabor,
tachograph,NOT_IN_CMU_DICT
tack,
tacked,GET
tacking,TALKING
tackle,RAIL
tackled,RAIL
tacks,
tactic,
tactical,RAIL
tactics,
tactless,LOOK
tadzhik,NOT_IN_CMU_DICT
tadzhikistan,NOT_IN_CMU_DICT
tag,
tagalog,LOOK
tahiti,HOUSE WATER
tahoe,HOUSE
taiga,NOT_IN_CMU_DICT
tail,RAIL
tailgate,RAIL GET
tailor,LOOK
taipei,
taiwan,
taiwanese,
taiyuan,NOT_IN_CMU_DICT
tajik,
tajikistan,
tajine,NOT_IN_CMU_DICT
take,
take-home,NOT_IN_CMU_DICT
take-off,NOT_IN_CMU_DICT
take-up,NOT_IN_CMU_DICT
takeaway,
takeover,
taker,
takers,
tale,RAIL
talebearing,NOT_IN_CMU_DICT
talent,LOOK GET
talgarth,NOT_IN_CMU_DICT
talitha,LOOK THIS
talk,
talkie,
talking-points,NOT_IN_CMU_DICT
tall,RAIL
tallahasee,NOT_IN_CMU_DICT
tallboys,NOT_IN_CMU_DICT
tallulah,LOOK
talmud,RAIL
tambour,NOT_IN_CMU_DICT
tambours,NOT_IN_CMU_DICT
tame,
tamera,NOT_IN_CMU_DICT
tameside,NOT_IN_CMU_DICT
tamil,RAIL
tampa,
tan,
tandoori,
tangent,GET
tangier,NOT_IN_CMU_DICT
tangy,NOT_IN_CMU_DICT
tank,
tannoy,NOT_IN_CMU_DICT
tannoys,NOT_IN_CMU_DICT
tanzania,
tanzanian,
tap,
tape,
tape-measure,NOT_IN_CMU_DICT
taper,
tar,
tarboosh,NOT_IN_CMU_DICT
target,GET
tariff,
tarmac,
tarn,NOT_IN_CMU_DICT
tarnish,
tarp,
tarpaulin,NOT_IN_CMU_DICT
tarpon,
tarshish,NOT_IN_CMU_DICT
tarzan,
task,
task-force,NOT_IN_CMU_DICT
taskmaster,
tasmania,
taste,GET
tasted,
tasteless,LOOK
tasty,
tata,WATER
tatham,THINK
tattoo,WATER
tattooed,WATER
tatum,WATER
tatung,NOT_IN_CMU_DICT
tau,NOT_IN_CMU_DICT
taught,GET
tauromachy,NOT_IN_CMU_DICT
taurus,
tavern,
tavistock,NOT_IN_CMU_DICT
tax,
taxation,
taxes,
taxi,
taxicab,
taxpayer,
taxpayers,
tayberry,NOT_IN_CMU_DICT
taylor,LOOK
tayport,NOT_IN_CMU_DICT
tayside,NOT_IN_CMU_DICT
tba,NOT_IN_CMU_DICT
tcp,NOT_IN_CMU_DICT
tea,
tea-bag,NOT_IN_CMU_DICT
tea-time,NOT_IN_CMU_DICT
tea-towel,NOT_IN_CMU_DICT
teach,
teacher,
teaches,
teague,
teak,
team,
teamed,
teamwork,
teapot,GET
tear,
teardrop,NOT_IN_CMU_DICT
tearful,RAIL
tearing,TALKING
tears,
tearsheet,NOT_IN_CMU_DICT
teary,
teaser,
teaspoon,
tech,
techie,
technically,LOOK
technician,
technicolor,LOOK
technique,
techno,
technological,LOOK RAIL
technology,LOOK
techrepublic,NOT_IN_CMU_DICT
tecumseh,
ted,
teddy,
tedious,
tee,
teeming,TALKING
teen,
teenage,
teenager,
teepee,NOT_IN_CMU_DICT
teeth,THINK
teifi,NOT_IN_CMU_DICT
tel,RAIL
telecast,LOOK GET
telecharger,NOT_IN_CMU_DICT
telecom,LOOK
telecommunications,LOOK
telegraph,LOOK RUN
telemark,NOT_IN_CMU_DICT
telemarketing,LOOK WATER TALKING
telephone,LOOK
telephony,LOOK
telescope,LOOK
television,LOOK
televisual,NOT_IN_CMU_DICT
tell,RAIL
telltale,RAIL
telomeres,LOOK
temp,
temperature,RUN
tempestuous,
tempi,NOT_IN_CMU_DICT
template,LOOK GET
temple,RAIL
temporal,RAIL
temporarily,LOOK
temporary,
tempt,GET
temptation,
tempted,
tempting,TALKING
tempts,
tempura,NOT_IN_CMU_DICT
ten,
tenant,GET
tend,
tendencies,
tendency,
tenderloin,LOOK
teniers,NOT_IN_CMU_DICT
tennessee,
tennis,
tennis-court,NOT_IN_CMU_DICT
tenochtitlan,NOT_IN_CMU_DICT
tense,
tension,
tent,GET
tent-peg,NOT_IN_CMU_DICT
tentative,WATER
tentatively,WATER LOOK
tenth,THINK
teresa,
teriyaki,
term,
termi,NOT_IN_CMU_DICT
terminal,RAIL
terminally,LOOK
terminate,GET
terminated,WATER
terminates,
terminating,WATER TALKING
termination,
terminator,WATER
terminology,LOOK
terpene,NOT_IN_CMU_DICT
terrace,
terrain,
terrestrial,RUN RAIL
terrible,RAIL
terribly,LOOK
terrified,
territorial,WATER RAIL
territoriality,NOT_IN_CMU_DICT
territory,WATER
terror,
terrorism,
terrorist,GET
terry,
terse,
tertiary,
tessa,
test,GET
test-drive,NOT_IN_CMU_DICT
test-tube,NOT_IN_CMU_DICT
testament,GET
testify,
testimonial,RAIL
testimonials,RAIL
testimony,
tether,THIS
teutonic,WATER
tewa,NOT_IN_CMU_DICT
tex,
texas,
text,GET
textbook,
textile,RAIL
textual,RAIL
texture,
tft,NOT_IN_CMU_DICT
thai,
thailand,LOOK
thames,
than,THIS
thank,THINK
thankful,THINK RAIL
thankfully,THINK LOOK
thanks,THINK
thanksgiving,THINK TALKING
that,THIS GET
thatcher,THINK
thaumaturge,NOT_IN_CMU_DICT
thea,THINK
theater,THINK WATER
theatre,THINK WATER
thee,THIS
theft,THINK GET
their,THIS
them,THIS
theme,THINK
themselves,THIS RAIL
then,THIS
theodore,THINK
theologian,THINK LOOK
theological,THINK LOOK RAIL
theology,THINK LOOK
theomorphic,NOT_IN_CMU_DICT
theorem,THINK
theoretical,THINK WATER RAIL
theoretically,THINK WATER LOOK
theory,THINK
therapeutic,THINK WATER
therapist,THINK GET
therapy,THINK
there,THIS
thereabouts,THIS
thereafter,THIS
thereby,THIS
therefore,THIS
therefrom,NOT_IN_CMU_DICT
therein,THIS
thereof,THIS
thereto,THIS
therewith,NOT_IN_CMU_DICT
thermal,THINK RAIL
thermocouple,NOT_IN_CMU_DICT
thermoplastic,THINK LOOK
thermostat,THINK GET
thesaurus,THINK
these,THIS
thesis,THINK
theta,THINK WATER
they,THIS
they're,THIS
thick,THINK
thief,THINK
thieve,THINK
thieves,THINK
thigh,THINK
thigh-highs,NOT_IN_CMU_DICT
thighbone,NOT_IN_CMU_DICT
thighs,THINK
thin,THINK
thing,THINK TALKING
thingamabob,THINK TALKING
thingie,NOT_IN_CMU_DICT
thingy,THINK TALKING
think,THINK
think-tank,NOT_IN_CMU_DICT
thinkpad,THINK
third,THINK
thirst,THINK GET
thirteen,THINK WATER
thirty,THINK WATER
this,THIS
thomas,
thompson,
thomson,
thong,THINK TALKING
thorax,THINK
thorium,THINK
thorn,THINK
thorne,THINK
thornton,THINK
thorough,THINK
thoroughbred,THINK RUN
thoroughfare,THINK
thoroughfares,THINK
thoroughly,THINK LOOK
thorpe,THINK
those,THIS
thoth,NOT_IN_CMU_DICT
thou,THIS
though,THIS
thought,THINK GET
thoughtful,THINK RAIL
THOUGHThypothetical,NOT_IN_CMU_DICT
thousand,THINK
thousands,THINK
thread,THINK RUN
threat,THINK RUN GET
threaten,THINK RUN WATER
threatened,THINK RUN WATER
threatening,THINK RUN WATER TALKING
threatens,THINK RUN WATER
three,THINK RUN
threesome,THINK RUN
threshing-floor,NOT_IN_CMU_DICT
threshold,THINK RUN RAIL
threw,THINK RUN
thriller,THINK RUN LOOK
throat,THINK RUN GET
thrombosis,THINK RUN
throng,THINK RUN TALKING
throttle,THINK RUN WATER RAIL
through,THINK RUN
throughout,THINK RUN GET
throughput,THINK RUN GET
throughway,THINK RUN
throw,THINK RUN
thrown,THINK RUN
throws,THINK RUN
thru,THINK RUN
thrush,THINK RUN
thrust,THINK RUN GET
thrusting,THINK RUN TALKING
thrusts,THINK RUN
thruway,THINK RUN
thucydides,NOT_IN_CMU_DICT
thud,THINK
thug,THINK
thule,NOT_IN_CMU_DICT
thumb,THINK
thumbnail,THINK RAIL
thumbzilla,NOT_IN_CMU_DICT
thunder,THINK
thundercloud,NOT_IN_CMU_DICT
thunderstorm,THINK
thursday,THINK
thus,THIS
thy,THIS
thyroid,THINK
thyroxine,NOT_IN_CMU_DICT
tiberias,NOT_IN_CMU_DICT
tick,
ticket,GET
tide,
tidied,NOT_IN_CMU_DICT
tidies,NOT_IN_CMU_DICT
tidmarsh,NOT_IN_CMU_DICT
tidy,
tidying,NOT_IN_CMU_DICT
tie,
tied,
tied,
tier,
tierce,
tierney,
ties,
tiffany,
tiger,
tiger-lily,NOT_IN_CMU_DICT
tight,GET
tightly,LOOK
tightrope,RUN
tigris,RUN
tijuana,
tiktok,NOT_IN_CMU_DICT
til,RAIL
tile,RAIL
till,RAIL
tim,
timber,
timberlake,LOOK
timberyard,NOT_IN_CMU_DICT
time,
time-exposure,NOT_IN_CMU_DICT
time-lapse,NOT_IN_CMU_DICT
timeline,LOOK
timely,LOOK
timescale,NOT_IN_CMU_DICT
timeshare,
timesharing,NOT_IN_CMU_DICT
timetable,RAIL
timex,
timisoara,
timor,
timothy,THINK
tin,
tina,
tintagel,NOT_IN_CMU_DICT
tiny,
tip,
tiptoed,
tirade,
tirana,
tire,
tired,
tiresome,
tissue,
tissues,
tit,GET
titania,WATER
titanic,WATER
titanium,WATER
titans,WATER
tithe,THIS
tithe-barn,NOT_IN_CMU_DICT
title,WATER RAIL
title-page,NOT_IN_CMU_DICT
titled,WATER RAIL
titmarsh,NOT_IN_CMU_DICT
titmouse,NOT_IN_CMU_DICT
tito,WATER
titten,NOT_IN_CMU_DICT
tnt,NOT_IN_CMU_DICT
to,
to-do,
toad,
toast,GET
toasting-fork,NOT_IN_CMU_DICT
tobacco,
tobago,
tobey,
toby,
toccata,NOT_IN_CMU_DICT
today,
todd,
toddler,LOOK
toe,
toe-rag,NOT_IN_CMU_DICT
toffee,
tofu,
toga,
together,THIS
togetherness,THIS
toggle,RAIL
togo,
toil,RAIL
toilet,LOOK GET
toiletries,LOOK RUN
toilette,NOT_IN_CMU_DICT
tokelau,NOT_IN_CMU_DICT
token,
tokyo,
told,RAIL
tolerance,LOOK
tolerant,LOOK GET
tolerate,LOOK GET
tolerated,LOOK WATER
tolerates,LOOK
tolerating,LOOK WATER TALKING
toll,RAIL
tolled,RAIL
tolstoy,RAIL
tom,
tomato,WATER
tomatoes,WATER
tomb,
tombola,NOT_IN_CMU_DICT
tomboy,
tome,
tomintoul,NOT_IN_CMU_DICT
tommie,
tommy,
tomorrow,
tomtom,NOT_IN_CMU_DICT
ton,
tone,
toneme,NOT_IN_CMU_DICT
tonga,
tongs,TALKING
tongue,TALKING
toni,
tonight,GET
tonsure,NOT_IN_CMU_DICT
tony,
too,
took,
tool,RAIL
toolbar,RAIL
toolbox,RAIL
toolkit,NOT_IN_CMU_DICT
tools,RAIL
tooth,THINK
toothbrush,THINK RUN
toothless,THINK LOOK
toothpaste,THINK GET
toothsome,NOT_IN_CMU_DICT
tooting,NOT_IN_CMU_DICT
tootsie,
top,
top-dog,NOT_IN_CMU_DICT
topaz,
topic,
topical,RAIL
topless,LOOK
topnotch,NOT_IN_CMU_DICT
topsoil,RAIL
torch,
torch-singer,NOT_IN_CMU_DICT
tore,
torment,GET
torn,
tornado,
toronto,
torpedo,
torpoint,NOT_IN_CMU_DICT
torpor,
torque,
torres,
tors,NOT_IN_CMU_DICT
torso,
tort,GET
tortuga,NOT_IN_CMU_DICT
tortuous,
torture,
torturous,
torus,NOT_IN_CMU_DICT
torvalds,NOT_IN_CMU_DICT
torvill,NOT_IN_CMU_DICT
tory,
toshiba,
toss,
total,WATER RAIL
totally,WATER LOOK
tote,GET
toucan,NOT_IN_CMU_DICT
touch,
touch-and-go,NOT_IN_CMU_DICT
touch-screen,NOT_IN_CMU_DICT
touch-tone,NOT_IN_CMU_DICT
touch-typing,NOT_IN_CMU_DICT
touchdown,
touches,
touchpad,NOT_IN_CMU_DICT
touchscreen,NOT_IN_CMU_DICT
touchwood,NOT_IN_CMU_DICT
touchy,
tough,
tougher,
toughie,
toulouse-lautrec,NOT_IN_CMU_DICT
tour,
toured,
touring,TALKING
tourism,
tourist,GET
touristic,NOT_IN_CMU_DICT
touristy,NOT_IN_CMU_DICT
tourmaline,LOOK
tournament,GET
tournedos,
tours,
tout,GET
tow,
toward,
towbar,NOT_IN_CMU_DICT
towed,
towel,RAIL
tower,
town,
townee,NOT_IN_CMU_DICT
township,
townspeople,RAIL
towpath,NOT_IN_CMU_DICT
towpaths,NOT_IN_CMU_DICT
towrope,NOT_IN_CMU_DICT
toxic,
toxoplasmosis,NOT_IN_CMU_DICT
toy,
toy-boy,NOT_IN_CMU_DICT
toyota,WATER
toys,
toyshop,NOT_IN_CMU_DICT
trace,RUN
traced,RUN GET
tracey,RUN
track,RUN
trackback,NOT_IN_CMU_DICT
trackbacks,NOT_IN_CMU_DICT
trackbacks,NOT_IN_CMU_DICT
tracker,RUN
tract,RUN GET
tractor,RUN
tracy,RUN
trade,RUN
traded,RUN
trademark,RUN
trader,RUN
tradesman,NOT_IN_CMU_DICT
tradespeople,NOT_IN_CMU_DICT
tradition,RUN
traditional,RUN RAIL
traditionally,RUN LOOK
traffic,RUN
trafford,RUN
tragedy,RUN
tragic,RUN
trail,RUN RAIL
trailblazer,RUN RAIL LOOK
trailer,RUN LOOK
train,RUN
trainee,RUN
trainer,RUN
trainers,RUN
traipse,RUN
trait,RUN GET
traitor,RUN WATER
tramadol,NOT_IN_CMU_DICT
trance,RUN
tranmere,NOT_IN_CMU_DICT
tranny,NOT_IN_CMU_DICT
trans,RUN
transaction,RUN
transceiver,NOT_IN_CMU_DICT
transcend,RUN
transcendence,RUN
transcendentalist,NOT_IN_CMU_DICT
transcript,RUN GET
transcription,RUN
transept,NOT_IN_CMU_DICT
transexual,NOT_IN_CMU_DICT
transexuales,NOT_IN_CMU_DICT
transfer,RUN
transferability,RUN LOOK WATER
transferable,RUN RAIL
transferase,NOT_IN_CMU_DICT
transference,RUN
transferred,RUN
transferring,RUN TALKING
transfers,RUN
transfiguration,NOT_IN_CMU_DICT
transform,RUN
transformation,RUN
transformed,RUN
transformer,RUN
transformers,RUN
transforming,RUN TALKING
transforms,RUN
transfusion,RUN
transient,RUN GET
transit,RUN GET
transition,RUN
translate,RUN LOOK GET
translated,RUN LOOK WATER
translation,RUN LOOK
translator,RUN LOOK WATER
translucent,RUN LOOK GET
transmigration,NOT_IN_CMU_DICT
transmission,RUN
transmit,RUN GET
transmitted,RUN WATER
transmitter,RUN WATER
transmitters,RUN WATER
transparency,RUN
transparent,RUN GET
transpire,RUN
transplant,RUN LOOK GET
transponder,RUN
transport,RUN GET
transportation,RUN WATER
transposition,NOT_IN_CMU_DICT
transsexual,RUN RAIL
transubstantiation,NOT_IN_CMU_DICT
transvaal,RUN RAIL
transylvania,RUN RAIL
trap,RUN
trap-door,NOT_IN_CMU_DICT
trapdoor,NOT_IN_CMU_DICT
trapezoidal,NOT_IN_CMU_DICT
trash,RUN
trashcan,NOT_IN_CMU_DICT
trashy,RUN
trattoria,NOT_IN_CMU_DICT
trauma,RUN
traumatic,RUN WATER
traumatize,RUN WATER
travel,RUN RAIL
travelers,RUN LOOK
traveller,RUN LOOK
travelling,RUN LOOK TALKING
travelling,RUN LOOK TALKING
travelodge,RUN LOOK
travesti,NOT_IN_CMU_DICT
travis,RUN
travolta,RUN RAIL
tray,RUN
trays,RUN
trayvon,NOT_IN_CMU_DICT
treacherous,RUN
treachery,RUN
tread,RUN
treasure,RUN
treasure-trove,NOT_IN_CMU_DICT
treasurer,RUN
treasury,RUN
treat,RUN GET
treatment,RUN GET
treaty,RUN WATER
treble,RUN RAIL
trebuchet,NOT_IN_CMU_DICT
tree,RUN
trefdraeth,NOT_IN_CMU_DICT
trefoil,NOT_IN_CMU_DICT
trek,RUN
tremble,RUN RAIL
tremendous,RUN
tremendously,RUN LOOK
trend,RUN
trendy,RUN
treo,NOT_IN_CMU_DICT
tressure,NOT_IN_CMU_DICT
tri,RUN
triad,RUN
trial,RUN RAIL
triangle,RUN TALKING RAIL
triathlon,RUN THINK LOOK
tribal,RUN RAIL
tribe,RUN
tribunal,RUN RAIL
tribune,RUN
tributaries,RUN WATER
tribute,RUN GET
triceratops,RUN WATER
tricia,RUN
trick,RUN
tricky,RUN
tried,RUN
tries,RUN
trifecta,RUN
trifle,RUN RAIL
trifoliate,NOT_IN_CMU_DICT
trigeminal,NOT_IN_CMU_DICT
trigger,RUN
triglyceride,RUN LOOK
trigonic,NOT_IN_CMU_DICT
trijet,NOT_IN_CMU_DICT
trijugate,NOT_IN_CMU_DICT
trilogy,RUN LOOK
trim,RUN
trimester,RUN
trinidad,RUN
trinity,RUN WATER
trio,RUN
trip,RUN
tripadvisor,NOT_IN_CMU_DICT
triple,RUN RAIL
tripod,RUN
tripos,NOT_IN_CMU_DICT
trireme,RUN
trishaw,NOT_IN_CMU_DICT
triumph,RUN
triune,NOT_IN_CMU_DICT
trivago,NOT_IN_CMU_DICT
trivalent,NOT_IN_CMU_DICT
trivia,RUN
trivial,RUN RAIL
trivially,NOT_IN_CMU_DICT
triweekly,NOT_IN_CMU_DICT
troika,RUN
trojan,RUN
trolley,RUN LOOK
trolleybus,NOT_IN_CMU_DICT
trombone,RUN
trondheim,NOT_IN_CMU_DICT
troop,RUN
troop-carrier,NOT_IN_CMU_DICT
troops,RUN
trophy,RUN
tropical,RUN RAIL
troth,RUN THINK
troubadour,RUN
trouble,RUN RAIL
troubleshooting,RUN RAIL WATER TALKING
trough,RUN
trouser,RUN
trousers,RUN
trout,RUN GET
trowel,RUN RAIL
troy,RUN
truck,RUN
trudge,RUN
trudgen,RUN
TRUE,NOT_IN_CMU_DICT
truer,RUN
truffle,RUN RAIL
truffles,RUN RAIL
truism,RUN
truly,RUN LOOK
trumpet,RUN GET
truncate,RUN GET
truncated,RUN WATER
trunk,RUN
trunks,RUN
truro,RUN
trust,RUN GET
trusted,RUN
trustee,RUN
trusts,RUN
trustworthy,RUN THIS
trusty,RUN
truth,RUN THINK
truths,RUN THINK
try,RUN
try-out,NOT_IN_CMU_DICT
tryptophan,NOT_IN_CMU_DICT
tsarina,NOT_IN_CMU_DICT
tsunami,
tuareg,NOT_IN_CMU_DICT
tub,
tuba,
tube,
tuber,
tuberculosis,LOOK
tubthumping,NOT_IN_CMU_DICT
tucson,
tue,
tuesday,
tufted,
tug,
tugendhat,NOT_IN_CMU_DICT
tuition,
tulip,LOOK
tulsa,RAIL
tumbleweed,NOT_IN_CMU_DICT
tummy,
tumor,
tumour,NOT_IN_CMU_DICT
tumultuous,RAIL
tuna,
tune,
tuned,
tuner,
tungsten,TALKING
tungusic,NOT_IN_CMU_DICT
tunic,
tuning-fork,NOT_IN_CMU_DICT
tunisia,
tunnel,RAIL
turbine,
turbo,
turbocharge,
turbojets,NOT_IN_CMU_DICT
turbulent,LOOK GET
turf,
turgenev,NOT_IN_CMU_DICT
turkey,
turkish,
turkmenistan,
turks,
turmoil,RAIL
turn,
turn-out,GET
turnaround,
turner,
turning-point,NOT_IN_CMU_DICT
turnover,
turnpike,
turntable,RAIL
turpin,
turquoise,
turret,GET
turtle,WATER RAIL
turtledove,NOT_IN_CMU_DICT
turvey,
tush,
tushie,NOT_IN_CMU_DICT
tuskegee,
tutor,WATER
tutorial,WATER RAIL
tutu,WATER
tuvalu,LOOK
tuxedo,
tv,LOOK
twaites,NOT_IN_CMU_DICT
tweak,
tweed,
tweet,GET
twelve,RAIL
twentieth,THINK
twenty,
twenty-one,
twerking,NOT_IN_CMU_DICT
twice,
twiki,NOT_IN_CMU_DICT
twilight,LOOK GET
twin,
twinks,NOT_IN_CMU_DICT
twist,GET
twitter,WATER
two,
two-by-four,NOT_IN_CMU_DICT
two-tone,NOT_IN_CMU_DICT
two-way,
twofer,NOT_IN_CMU_DICT
twyford,
tycoon,
tying,TALKING
tyler,LOOK
tynemouth,NOT_IN_CMU_DICT
type,
typed,GET
typeset,GET
typesets,NOT_IN_CMU_DICT
typesetting,WATER TALKING
typewriter,RUN WATER
typhoid,
typhoon,
typical,RAIL
typically,LOOK
typo,
typography,RUN
tyrangiel,NOT_IN_CMU_DICT
tyrannosaurus,
tyre,
tyrone,
tzarina,NOT_IN_CMU_DICT
u-boat,NOT_IN_CMU_DICT
uber,
ubiquity,WATER
ubuntu,WATER
uccello,NOT_IN_CMU_DICT
uchimura,NOT_IN_CMU_DICT
udder,NOT_IN_CMU_DICT
uffizi,NOT_IN_CMU_DICT
ufo,
uganda,
ugh,
ugly,LOOK
ugrian,NOT_IN_CMU_DICT
ukraine,RUN
ukulele,LOOK
ulster,RAIL
ulterior,RAIL
ultimate,RAIL GET
ultimately,RAIL LOOK
ultra,RAIL RUN
ultra-,NOT_IN_CMU_DICT
ultrahigh,NOT_IN_CMU_DICT
ultram,NOT_IN_CMU_DICT
uluant,NOT_IN_CMU_DICT
ulysses,LOOK
umami,NOT_IN_CMU_DICT
umbilical,LOOK RAIL
umbrella,RUN LOOK
umlaut,NOT_IN_CMU_DICT
umpire,
umpiring,NOT_IN_CMU_DICT
una,
unacceptable,RAIL
unanimous,
unasked,NOT_IN_CMU_DICT
unauthorized,THINK
unavailable,LOOK RAIL
unaware,
unbearable,RAIL
unbelievable,LOOK RAIL
unbelievably,LOOK
unbiased,GET
uncertainty,WATER
uncharacteristically,LOOK
unclassifiable,NOT_IN_CMU_DICT
uncle,RAIL
unclear,LOOK
unconvincing,TALKING
uncork,
uncouth,THINK
uncovered,
undamaged,
undaunted,
undemocratic,RUN WATER
under,
underage,
underbrush,RUN
undercarriage,
underclothing,NOT_IN_CMU_DICT
undercover,
undercurrent,GET
undercut,GET
underemployment,LOOK GET
underestimate,GET
underestimate,GET
underfloor,NOT_IN_CMU_DICT
undergarments,
undergo,
undergoes,
undergoing,TALKING
undergone,
undergraduate,RUN GET
underground,RUN
underlain,NOT_IN_CMU_DICT
underlay,NOT_IN_CMU_DICT
underlie,LOOK
underlies,LOOK
underline,LOOK
underlined,LOOK
underlines,LOOK
underlining,LOOK TALKING
underlying,LOOK TALKING
underlying,LOOK TALKING
underneath,THINK
underpants,
underpin,
underscored,
undersea,
undershirt,GET
undershoot,NOT_IN_CMU_DICT
undersigned,NOT_IN_CMU_DICT
understand,
understated,WATER
understeer,NOT_IN_CMU_DICT
understood,
understudy,
undertake,WATER
undertaken,WATER
undertook,WATER
undervalue,RAIL
underwater,WATER
underwear,
underwent,GET
underwood,
underworld,RAIL
undo,
undo,
undoes,NOT_IN_CMU_DICT
undoubtedly,WATER LOOK
unduly,LOOK
unearth,THINK
unemployed,LOOK
unemployment,LOOK GET
unerring,NOT_IN_CMU_DICT
unerringly,NOT_IN_CMU_DICT
unesco,
unexpectedly,LOOK
unfair,
unfairly,LOOK
unfairness,
unfaithfulness,NOT_IN_CMU_DICT
unfathomable,THIS RAIL
unforeseen,
unforgettable,WATER RAIL
unforthcoming,NOT_IN_CMU_DICT
unfortunate,GET
unfortunately,LOOK
ungava,NOT_IN_CMU_DICT
ungoverned,NOT_IN_CMU_DICT
uni,
unicef,
unicode,NOT_IN_CMU_DICT
unicorn,
unicycle,RAIL
unified,
unifies,NOT_IN_CMU_DICT
uniform,
uniformly,LOOK
unify,
unifying,TALKING
uninsured,
union,
unique,
uniquely,LOOK
uniroyal,RAIL
unisex,
unison,
unit,GET
unitard,NOT_IN_CMU_DICT
unite,GET
united,WATER
unity,WATER
universal,RAIL
universally,LOOK
universe,
university,WATER
unix,
unjustified,
unlawful,LOOK RAIL
unlikely,LOOK
unmask,
unnecessary,
unpaid,
unpainted,
unparalleled,LOOK RAIL
unplanned,LOOK
unpleasant,LOOK GET
unplugged,LOOK
unpopular,LOOK
unprecedented,RUN
unprepossessing,NOT_IN_CMU_DICT
unpresidential,NOT_IN_CMU_DICT
unpublished,LOOK GET
unpunctuality,NOT_IN_CMU_DICT
unquestioned,
unread,RUN
unreadable,RUN RAIL
unreadable,RUN RAIL
unreliability,RUN LOOK WATER
unrighteous,NOT_IN_CMU_DICT
unrighteously,NOT_IN_CMU_DICT
unruly,RUN LOOK
unsafe,
unsanitary,WATER
unsatisfactory,WATER
unsavory,
unscathed,THIS
unsolicited,LOOK WATER
unspoiled,RAIL
unsubscribe,RUN
unsubscribe,RUN
unsupervised,
unsurpassed,GET
untidy,
until,RAIL
unto,
untouchable,RAIL
untouched,GET
untruths,RUN THINK THIS
unusable,RAIL
unusual,RAIL
unveil,RAIL
unwillingly,LOOK TALKING
unworthy,THIS
up,
upbeat,GET
upbringing,RUN TALKING
upcoming,TALKING
update,GET
upgrade,RUN
upgraded,RUN
upgraded,RUN
upkeep,
upload,LOOK
upon,
upper,
uppsala,NOT_IN_CMU_DICT
upraise,NOT_IN_CMU_DICT
upright,RUN GET
uproar,RUN
uproarious,NOT_IN_CMU_DICT
uproariously,NOT_IN_CMU_DICT
ups,
upset,GET
upside,
upskirt,NOT_IN_CMU_DICT
upspeak,NOT_IN_CMU_DICT
upstairs,
upton,
upward,
upwards,
ural-altaic,NOT_IN_CMU_DICT
uranium,
urban,
urbana,
urbane,
urchin,
urdu,
urethane,THINK
urge,
urged,
urgency,
urgent,GET
urgently,LOOK
uri,
urinary,
urine,
url,RAIL
urogenital,NOT_IN_CMU_DICT
urologist,LOOK GET
urology,LOOK
urticaria,NOT_IN_CMU_DICT
uruguay,
uruguayans,NOT_IN_CMU_DICT
urw,NOT_IN_CMU_DICT
urwin,
us,
usa,
usable,RAIL
usage,
usb,
usborne,NOT_IN_CMU_DICT
usc,NOT_IN_CMU_DICT
usd,NOT_IN_CMU_DICT
use,
used,
useful,RAIL
usefully,LOOK
useless,LOOK
user,
username,
users,
usher,
usps,NOT_IN_CMU_DICT
usr,NOT_IN_CMU_DICT
usual,RAIL
usually,LOOK
usufruct,NOT_IN_CMU_DICT
usurious,NOT_IN_CMU_DICT
usurpers,NOT_IN_CMU_DICT
usury,
utah,WATER
utahan,NOT_IN_CMU_DICT
utc,NOT_IN_CMU_DICT
utensils,WATER RAIL
uther,THINK THIS
uthwatt,NOT_IN_CMU_DICT
utility,WATER LOOK
utilization,WATER LOOK
utilize,WATER LOOK
utilized,WATER LOOK
utils,NOT_IN_CMU_DICT
utmost,GET
utopia,WATER
utter,WATER
utterly,WATER LOOK
uvula,NOT_IN_CMU_DICT
uvular,NOT_IN_CMU_DICT
uvularization,NOT_IN_CMU_DICT
uxorious,NOT_IN_CMU_DICT
uyghur,NOT_IN_CMU_DICT
uzbek,
uzbekistan,
uzi,
uzziah,NOT_IN_CMU_DICT
v-sign,NOT_IN_CMU_DICT
vaal,RAIL
vacancies,
vacancy,
vacation,
vaccine,
vacuum,
vagina,
vagotomy,NOT_IN_CMU_DICT
vague,
vaguely,LOOK
vain,
vainglorious,NOT_IN_CMU_DICT
val,RAIL
vale,RAIL
valentine,LOOK
valerie,LOOK
valid,LOOK
validation,LOOK
validity,LOOK WATER
valium,LOOK
valley,LOOK
valuable,RAIL
valuation,RAIL
value,RAIL
valued,RAIL
values,RAIL
valve,RAIL
vampire,
van,
vancouver,
vandalism,LOOK
vanessa,
vanguard,
vanilla,LOOK
vanish,
vanished,GET
vanishes,
vanishing,TALKING
vape,
vapour,NOT_IN_CMU_DICT
var,NOT_IN_CMU_DICT
variable,RAIL
variance,
variant,GET
variants,
variation,
varied,
variety,WATER
various,
varnish,
varsity,WATER
vary,
vasodilator,NOT_IN_CMU_DICT
vast,GET
vastly,LOOK
vat,GET
vatican,WATER
vaughan,
vault,RAIL GET
vauxhall,HOUSE RAIL
vaz,
vector,
veered,
vega,
vegan,
vegas,
vegetable,RAIL
vegetables,RAIL
vegetarian,WATER
vegetation,WATER
veggie,
vehemence,HOUSE
vehicle,HOUSE RAIL
vehicles,HOUSE RAIL
veil,RAIL
vein,
veloce,NOT_IN_CMU_DICT
velocity,LOOK WATER
velour,LOOK
velvet,RAIL GET
vend,NOT_IN_CMU_DICT
vended,NOT_IN_CMU_DICT
vendee,
vending,TALKING
vendor,
vends,NOT_IN_CMU_DICT
veneer,
venezuela,LOOK
venice,
ventura,
venture,
venue,
ver,
vera,
veranda,
verb,
verbal,RAIL
verbally,LOOK
verbatim,WATER
verbose,NOT_IN_CMU_DICT
verbs,
verde,
verdi,
verdict,GET
verge,
verifiable,RAIL
verification,
verified,
verify,
verizon,
vermeer,
vermont,GET
vernon,
veronica,
verruca,NOT_IN_CMU_DICT
versailles,RAIL
versatile,WATER RAIL
verse,
version,
versus,
vertex,WATER
vertical,WATER RAIL
vertically,WATER LOOK
very,
verzeichnis,NOT_IN_CMU_DICT
vespa,
vespucci,NOT_IN_CMU_DICT
vessel,RAIL
vested,
vet,GET
veteran,WATER RUN
veterinary,RUN
vexatious,
vhs,NOT_IN_CMU_DICT
viable,RAIL
viaduct,GET
viagra,RUN
viber,
vibraharp,NOT_IN_CMU_DICT
vibrant,RUN GET
vibrating,RUN WATER TALKING
vibration,RUN
vibrato,RUN WATER
vibrator,RUN WATER
viburnum,NOT_IN_CMU_DICT
vic,
vicar,
vicarious,
vice,
vice-chairperson,NOT_IN_CMU_DICT
vicenza,NOT_IN_CMU_DICT
viceroy,RUN
vicinity,WATER
vicious,
victim,
victor,
victoria,
victorian,
victorious,
victory,RUN
vid,NOT_IN_CMU_DICT
vidal,RAIL
vide,
video,
videos,
vieira,
vienna,
viennese,
vietnam,
vietnamese,
view,
viewed,
viewing,TALKING
viewpicture,NOT_IN_CMU_DICT
viewpoint,GET
vigilant,LOOK GET
vigo,
vigorously,LOOK
vii,NOT_IN_CMU_DICT
viii,NOT_IN_CMU_DICT
viking,TALKING
vile,RAIL
villa,LOOK
village,LOOK
villas,LOOK
villein,NOT_IN_CMU_DICT
vincent,GET
vintage,
vinyl,RAIL
violate,LOOK GET
violation,LOOK
violence,LOOK
violent,LOOK GET
violently,LOOK
violin,LOOK
vip,
viper,
virago,
viral,RAIL
virgin,
virginia,
virginity,WATER
virgo,
virology,LOOK
virtual,RAIL
virtually,LOOK
virtue,
virtues,
virtuoso,
virus,
viruses,
visa,
viscose,NOT_IN_CMU_DICT
visibility,LOOK WATER
visible,RAIL
vision,
visit,GET
visitor,WATER
visor,
vista,
visual,RAIL
visualization,LOOK
visualize,LOOK
visually,LOOK
vital,WATER RAIL
vitality,WATER LOOK
vitamin,WATER
vitiligo,WATER LOOK
viva,
vivace,NOT_IN_CMU_DICT
vivacious,
vivarium,NOT_IN_CMU_DICT
vivid,
vizier,NOT_IN_CMU_DICT
vladimir,LOOK
vocab,NOT_IN_CMU_DICT
vocabulary,LOOK
vocal,RAIL
vocational,RAIL
vodafone,
vodaphone,NOT_IN_CMU_DICT
vogue,
voice,
voice-over,NOT_IN_CMU_DICT
voicemail,RAIL
void,
voigt,GET
voile,NOT_IN_CMU_DICT
voip,NOT_IN_CMU_DICT
voivode,NOT_IN_CMU_DICT
voivodeship,NOT_IN_CMU_DICT
vol,NOT_IN_CMU_DICT
volcano,RAIL
volga,RAIL
volkswagen,RAIL
volleyball,LOOK RAIL
volt,RAIL GET
voltage,RAIL
voluble,RAIL
volume,RAIL
volumetric,NOT_IN_CMU_DICT
voluntarily,LOOK
voluntary,LOOK
volunteer,LOOK
volunteered,LOOK
volunteers,LOOK
volvo,RAIL
vomit,GET
von,
voodoo,
voracious,
voronezh,NOT_IN_CMU_DICT
vosges,NOT_IN_CMU_DICT
vote,GET
voted,WATER
voter,WATER
voters,WATER
vouch,
voucher,
vouchsafe,NOT_IN_CMU_DICT
vow,
vowed,
vowel,RAIL
vowles,RAIL
vows,
voyager,
voyeur,
voyeurism,
voyeuristic,
voyeurweb,NOT_IN_CMU_DICT
voyuer,NOT_IN_CMU_DICT
vpn,NOT_IN_CMU_DICT
vs,
vulgarity,RAIL WATER
vulnerability,RAIL LOOK WATER
vulnerable,RAIL
vuvuzela,NOT_IN_CMU_DICT
wabash,
wadded,
waddle,RAIL
wade,
waded,
wadi,
wafer,
wafer-thin,NOT_IN_CMU_DICT
waffle,RAIL
wag,
wage,
wagner,
wagnerian,
wagon,
wagstaff,
wah-wah,NOT_IN_CMU_DICT
waif,
wail,RAIL
waist,GET
waist-deep,NOT_IN_CMU_DICT
waist-high,NOT_IN_CMU_DICT
waistband,NOT_IN_CMU_DICT
waistline,LOOK
wait,GET
waiter,WATER
waitress,RUN
waitrose,NOT_IN_CMU_DICT
waiver,
wake,
waked,NOT_IN_CMU_DICT
waldorf,RAIL
wales,RAIL
walk,
walk-in,
walkabout,NOT_IN_CMU_DICT
walker,
walkie-talkie,NOT_IN_CMU_DICT
walkway,
wall,RAIL
wallace,LOOK
wallet,LOOK GET
wallflower,RAIL LOOK
wallpaper,RAIL
walmart,RAIL GET
walmesley,NOT_IN_CMU_DICT
walnut,RAIL GET
walrus,RAIL RUN
walsall,NOT_IN_CMU_DICT
walt,RAIL GET
waltz,RAIL
wan,
wander,
wandered,
wandering,TALKING
wanderlust,LOOK GET
wanders,
wandsworth,NOT_IN_CMU_DICT
wang,TALKING
wanna,
want,GET
wanting,TALKING
war,
war-torn,NOT_IN_CMU_DICT
warcraft,RUN GET
ward,
wardell,RAIL
warden,
wardrobe,RUN
ware,
warehouse,HOUSE
warehouses,HOUSE
warehousing,HOUSE TALKING
wares,
warfare,
warfarin,NOT_IN_CMU_DICT
warhorse,NOT_IN_CMU_DICT
waring,TALKING
warlike,LOOK
warlock,LOOK
warlord,LOOK
warm,
warm-up,NOT_IN_CMU_DICT
warmer,
warming,TALKING
warmonger,TALKING
warmth,THINK
warn,
warned,
warner,
warning,TALKING
warns,
warp,
warrant,GET
warrantors,NOT_IN_CMU_DICT
warranty,
warren,
warrior,
wars,
warsaw,
wart,GET
wartime,
warwidow,NOT_IN_CMU_DICT
wary,
was,
wasabi,NOT_IN_CMU_DICT
wash,
washbasin,
washes,
washing-machine,NOT_IN_CMU_DICT
washington,TALKING
wasn't,GET
wasn't,GET
wasp,
waste,GET
wasted,
wasteful,RAIL
watch,
watchband,NOT_IN_CMU_DICT
watchdog,
watches,
watchfully,NOT_IN_CMU_DICT
water,WATER
water-bottle,NOT_IN_CMU_DICT
water-buffalo,NOT_IN_CMU_DICT
water-closet,NOT_IN_CMU_DICT
water-tower,NOT_IN_CMU_DICT
watercolor,WATER LOOK
watercolour,NOT_IN_CMU_DICT
watercourse,NOT_IN_CMU_DICT
watercraft,NOT_IN_CMU_DICT
waterfall,WATER RAIL
waterfoul,NOT_IN_CMU_DICT
waterfront,WATER RUN GET
watergate,WATER GET
waterloo,WATER LOOK
watermain,NOT_IN_CMU_DICT
waterproof,WATER RUN
watershed,WATER
waterspout,NOT_IN_CMU_DICT
waterways,WATER
watson,
watt,GET
wav,NOT_IN_CMU_DICT
wave,
wavelength,LOOK TALKING THINK
wawa,NOT_IN_CMU_DICT
wax,
way,
way-out,NOT_IN_CMU_DICT
waybill,NOT_IN_CMU_DICT
wayfarer,NOT_IN_CMU_DICT
wayfaring,NOT_IN_CMU_DICT
wayne,
ways,
wayside,
wayward,
weak,
weaknesses,
wealth,RAIL THINK
wealthy,RAIL THINK
wean,
weapon,
weapons,
wear,
wearable,RAIL
wearer,
weariest,NOT_IN_CMU_DICT
wearing,TALKING
wears,
weary,
weasel,RAIL
weasels,RAIL
weather,THIS
weather-chart,NOT_IN_CMU_DICT
weather-map,NOT_IN_CMU_DICT
weatherby,THIS
web,
webb,
webber,
webcam,NOT_IN_CMU_DICT
webcams,NOT_IN_CMU_DICT
webcams,NOT_IN_CMU_DICT
webcast,NOT_IN_CMU_DICT
weber,
weblog,NOT_IN_CMU_DICT
weblogs,NOT_IN_CMU_DICT
weblogs,NOT_IN_CMU_DICT
webmaster,
webmasters,
webmasters,
webpage,
webshots,NOT_IN_CMU_DICT
website,GET
websites,
websites,
webster,
wed,
wedding,TALKING
wedge,
wedgwood,
wednesday,
wee,
weed,
week,
weekday,
weekend,
weekenders,NOT_IN_CMU_DICT
weekly,LOOK
weep,
weigela,NOT_IN_CMU_DICT
weigh,
weighbridge,NOT_IN_CMU_DICT
weighed,
weighs,
weight,GET
weightwatchers,NOT_IN_CMU_DICT
weir,
weird,
welcome,RAIL
welcomed,RAIL
welding,RAIL TALKING
welfare,RAIL
well,RAIL
well-being,RAIL TALKING
well-known,RAIL
well-meaning,NOT_IN_CMU_DICT
well-nigh,NOT_IN_CMU_DICT
well-worn,NOT_IN_CMU_DICT
wellington,LOOK TALKING
welsh,RAIL
weltschmerz,NOT_IN_CMU_DICT
wendy,
went,GET
wentworth,THINK
were,
werewolf,RAIL
wesley,LOOK
west,GET
west-end,NOT_IN_CMU_DICT
westbourne,NOT_IN_CMU_DICT
western,HOUSE
westminster,
wet,GET
wetherby,THINK
wetherspoon,NOT_IN_CMU_DICT
weymouth,THINK
whale,RAIL HOUSE
wharf,HOUSE
wharfedale,NOT_IN_CMU_DICT
wharves,NOT_IN_CMU_DICT
what,GET HOUSE
whatever,WATER HOUSE
whatsapp,
whatsoever,HOUSE
wheat,GET HOUSE
wheatear,NOT_IN_CMU_DICT
wheel,RAIL HOUSE
wheelbarrow,RAIL HOUSE
wheelchair,RAIL HOUSE
wheelchairs,RAIL HOUSE
when,HOUSE
whence,HOUSE
whenever,HOUSE
where,HOUSE
whereabouts,HOUSE
whereas,HOUSE
whereby,HOUSE
wherefore,
wheresoever,NOT_IN_CMU_DICT
whereto,NOT_IN_CMU_DICT
whereupon,HOUSE
wherever,HOUSE
wherewith,NOT_IN_CMU_DICT
wherewithall,NOT_IN_CMU_DICT
whether,THIS HOUSE
whew,HOUSE
which,HOUSE
whichever,HOUSE
while,RAIL HOUSE
whilst,RAIL GET
whim,HOUSE
whiplash,LOOK HOUSE
whirlpool,RAIL HOUSE
whiskey,HOUSE
whisper,HOUSE
whistle,RAIL HOUSE
whistles,RAIL HOUSE
whitbread,RUN HOUSE
white,GET HOUSE
whitebeard,NOT_IN_CMU_DICT
whitechapel,NOT_IN_CMU_DICT
whitefriars,NOT_IN_CMU_DICT
whitehall,HOUSE RAIL
whitehead,HOUSE
whitehorse,HOUSE
whitey,WATER HOUSE
who,HOUSE
whoever,HOUSE
whole,HOUSE RAIL
wholeheartedly,HOUSE RAIL LOOK
wholesale,HOUSE RAIL
wholly,HOUSE LOOK
whom,HOUSE
whoop,HOUSE
whoopee,HOUSE
whoopi,HOUSE
whoops,HOUSE
whoosh,HOUSE
whore,HOUSE
whose,HOUSE
why,HOUSE
wi-fi,
wichita,WATER
wicked,
widdershins,NOT_IN_CMU_DICT
widdowson,
wide,
wide-body,NOT_IN_CMU_DICT
widely,LOOK
wider,
widescreen,NOT_IN_CMU_DICT
widespread,RUN
widest,GET
widget,GET
widows,
width,THINK
wiesbaden,
wife,
wifi,
wig,
wight,GET
wiki,
wikileaks,NOT_IN_CMU_DICT
wikipedia,
wilberforce,RAIL
wild,RAIL
wilde,RAIL
wilderness,RAIL
wildfire,RAIL
wildfoul,NOT_IN_CMU_DICT
wildlife,RAIL LOOK
wildly,RAIL LOOK
wiley,LOOK
wilhemshaven,NOT_IN_CMU_DICT
will,RAIL
william,RAIL
willingly,LOOK TALKING
willow,LOOK
willow-wren,NOT_IN_CMU_DICT
willows,LOOK
willpower,RAIL
wilson,RAIL
wimborne,NOT_IN_CMU_DICT
win,
wind,
windcheater,NOT_IN_CMU_DICT
winded,
winded,
windermere,NOT_IN_CMU_DICT
windfall,RAIL
winding,TALKING
window-shop,NOT_IN_CMU_DICT
windows,
windowsill,NOT_IN_CMU_DICT
windrush,NOT_IN_CMU_DICT
winds,
windscreen,NOT_IN_CMU_DICT
windsor,
windswept,GET
wine,
wing,TALKING
winger,TALKING
wingnut,NOT_IN_CMU_DICT
winnepesaukee,NOT_IN_CMU_DICT
winner,
winning,TALKING
winnipeg,
winston,
winter,
wipe,
wiped,GET
wipers,
wire,
wire-cutters,NOT_IN_CMU_DICT
wired,
wiredrawn,NOT_IN_CMU_DICT
wireless,LOOK
wiring,TALKING
wirth,THINK
wisbech,NOT_IN_CMU_DICT
wisconsin,
wisdom,
wise,
wiseacre,NOT_IN_CMU_DICT
wiser,
wisest,GET
wish,
wishes,
wishlist,LOOK GET
wit,GET
witch,
witch-haze,NOT_IN_CMU_DICT
witchcraft,RUN GET
with,THIS THINK
withal,NOT_IN_CMU_DICT
withdraw,THIS RUN THINK
withdrawal,THIS RUN RAIL THINK
withdrawing,THINK RUN TALKING THIS
withdrawn,THINK RUN THIS
withdraws,THIS RUN THINK
withdrew,THINK RUN THIS
withers,THIS
witherspoon,THIS
within,THIS THINK
without,THINK GET THIS
withstood,THINK
witnesses,
witty,WATER
wive,NOT_IN_CMU_DICT
wives,
wizard,
wma,NOT_IN_CMU_DICT
wo,HOUSE
woburn,
woe,
woeful,RAIL
woke,
woken,
wolf,RAIL
wolff,RAIL
wolfgang,RAIL TALKING
wolseley,NOT_IN_CMU_DICT
wolstenholme,RAIL HOUSE
wolverhampton,NOT_IN_CMU_DICT
wolverine,RAIL
woman,
wombat,GET
womenfolk,NOT_IN_CMU_DICT
womens,NOT_IN_CMU_DICT
womens,NOT_IN_CMU_DICT
won,
won't,GET
won't,GET
wonder,
wonderful,RAIL
wonderfully,LOOK
wonderfully,LOOK
wonderwall,NOT_IN_CMU_DICT
wondrous,RUN
wonga,NOT_IN_CMU_DICT
wont,GET
wood,
wood-pulp,NOT_IN_CMU_DICT
woodcraft,NOT_IN_CMU_DICT
wooden,
woodruff,RUN
woodstock,
woodwind,
woof,
woofer,
wooferton,NOT_IN_CMU_DICT
wool,RAIL
woolgatherer,NOT_IN_CMU_DICT
woolgathering,NOT_IN_CMU_DICT
woolwich,NOT_IN_CMU_DICT
woomera,NOT_IN_CMU_DICT
woops,NOT_IN_CMU_DICT
woos,
wooster,
wootton,WATER
worcester,
worcestershire,
word,
wordpress,RUN
wordsworth,THINK
wordsworthian,NOT_IN_CMU_DICT
wore,
work,
work-sharing,NOT_IN_CMU_DICT
work-study,NOT_IN_CMU_DICT
workbasket,NOT_IN_CMU_DICT
worker,
workflow,LOOK
workforce,
workhorse,HOUSE
working-class,NOT_IN_CMU_DICT
workload,LOOK
workout,GET
workplace,LOOK
workshop,
workstation,
world,RAIL
world-weary,NOT_IN_CMU_DICT
worldcat,NOT_IN_CMU_DICT
worldsex,NOT_IN_CMU_DICT
worldwide,RAIL
worm,
worm-gear,NOT_IN_CMU_DICT
worn,
worried,
worries,
worry,
worrying,TALKING
worrywart,NOT_IN_CMU_DICT
worse,
worship,
worshipped,GET
worshippers,
worst,GET
worth,THINK
worthiest,THIS GET
worthily,NOT_IN_CMU_DICT
worthiness,THIS
worthing,THINK TALKING
worthington,THIS TALKING
worthless,THINK LOOK
worthwhile,THINK RAIL
worthy,THIS
wotcha,NOT_IN_CMU_DICT
would,
wouldn't,GET
wound,
woven,
wow,
wraith,NOT_IN_CMU_DICT
wraiths,NOT_IN_CMU_DICT
wrap,RUN
wrapped,RUN GET
wrapper,RUN
wrappers,RUN
wrapping,RUN TALKING
wreak,RUN
wreck,RUN
wrecked,RUN GET
wrecker,RUN
wrecking,RUN TALKING
wrecks,RUN
wren,RUN
wrestling,RUN LOOK TALKING
wretched,RUN
wright,RUN GET
wringer,RUN TALKING
wrist,RUN GET
wristwatch,RUN
write,RUN GET
writer,RUN WATER
writhe,RUN THINK
written,RUN WATER
wroclaw,RUN LOOK
wrong,RUN TALKING
wrongly,RUN TALKING LOOK
wrote,RUN GET
wroth,NOT_IN_CMU_DICT
wrought,RUN GET
wrythe,NOT_IN_CMU_DICT
wuppertal,NOT_IN_CMU_DICT
wuss,
wuthering,THIS TALKING
www,NOT_IN_CMU_DICT
wych,NOT_IN_CMU_DICT
wyoming,TALKING
wysiwyg,NOT_IN_CMU_DICT
x-rays,RUN
xanax,
xanthe,THIS
xbox,
xenogears,NOT_IN_CMU_DICT
xenosaga,NOT_IN_CMU_DICT
xerox,
xhosa,
xml,RAIL
xxx,NOT_IN_CMU_DICT
yacht,GET
yacht-club,NOT_IN_CMU_DICT
yahoo,HOUSE
yahoos,HOUSE
yahweh,
yale,RAIL
yamaha,HOUSE
yang,TALKING
yankee,
yard,
yard-measure,NOT_IN_CMU_DICT
yardarm,NOT_IN_CMU_DICT
yarmouth,NOT_IN_CMU_DICT
yarn,
yarwood,
yawn,
yawp,NOT_IN_CMU_DICT
yea,
yeadon,
yeah,
year,
yearling,LOOK TALKING
yearlong,LOOK TALKING
yearly,LOOK
years,
yeas,
yeast,GET
yell,RAIL
yellow,LOOK
yellow-flag,NOT_IN_CMU_DICT
yellowknife,LOOK
yellows,LOOK
yellowstone,LOOK
yellowwood,NOT_IN_CMU_DICT
yemen,
yen,
yeovil,NOT_IN_CMU_DICT
yer,
yes,
yesterday,
yesteryear,
yet,GET
yeti,WATER
yew,
yield,RAIL
yippee,
ymca,NOT_IN_CMU_DICT
yo,
yoga,
yogi,
yoichi,
yoicks,NOT_IN_CMU_DICT
yokohama,HOUSE
yolanda,LOOK
yolk,
york,
yorkie,NOT_IN_CMU_DICT
yorkshire,
yoruba,
you,
you're,
young,TALKING
younger,TALKING
youngest,TALKING GET
younghusband,NOT_IN_CMU_DICT
youngster,TALKING
your,
yours,
yourself,RAIL
yourselves,RAIL
yourselves,RAIL
youth,THINK
youths,THIS THINK
youtube,
yowl,NOT_IN_CMU_DICT
ythan,NOT_IN_CMU_DICT
yugoslav,LOOK
yugoslavia,LOOK
yukon,
yule,RAIL
yussuf,NOT_IN_CMU_DICT
zageb,NOT_IN_CMU_DICT
zagreb,RUN
zambezi,NOT_IN_CMU_DICT
zambia,
Zamboni,NOT_IN_CMU_DICT
zanzibar,
zapata,WATER
zaporozhye,NOT_IN_CMU_DICT
zappa,
zara,
zarzuela,NOT_IN_CMU_DICT
zealand,LOOK
zebra,RUN
zeebrugge,RUN
zeinab,
zeitgeist,GET
zelda,RAIL
zellweger,NOT_IN_CMU_DICT
zen,
zenith,THINK
zero,
zero-rated,NOT_IN_CMU_DICT
zeroth,NOT_IN_CMU_DICT
zeta,WATER
zeugma,NOT_IN_CMU_DICT
zhirkov,NOT_IN_CMU_DICT
zhivago,
zhuzh,NOT_IN_CMU_DICT
zhuzhed,NOT_IN_CMU_DICT
zhuzhes,NOT_IN_CMU_DICT
zhuzhing,NOT_IN_CMU_DICT
zigzag,
zimbabwe,
zimmerman,
zinc,
zip,
zipped,GET
zither,THIS
zizzi,NOT_IN_CMU_DICT
zoloft,LOOK GET
zombie,
zone,
zoo,
zoom,
zoophilia,NOT_IN_CMU_DICT
zope,NOT_IN_CMU_DICT
zshops,NOT_IN_CMU_DICT
zucchini,
zulu,LOOK
zulus,LOOK
zum,NOT_IN_CMU_DICT
zurich,
zwieback,NOT_IN_CMU_DICT
zygoma,NOT_IN_CMU_DICT
zygopteran,NOT_IN_CMU_DICT
zygosis,NOT_IN_CMU_DICT