Word,Sets,Source,Checks,Score,Homonyms,Generated,Added
non,LOT,10000 list,3,0,False,False,2025-09-08
electronic,DRESS LOT,10000 list,3,0,False,False,2025-09-08
Com,LOT,10000 list,3,0,False,False,2025-09-08
our,MOUTH,10000 list,3,0,False,False,2025-09-08
well,DRESS,10000 list,3,0,False,False,2025-09-08
example,BATH,10000 list,3,0,False,False,2025-09-08
given,KIT,10000 list,3,0,False,False,2025-09-08
france,BATH,10000 list,3,0,False,False,2025-09-08
entry,DRESS HAPPY,10000 list,3,0,False,False,2025-09-08
stay,FACE,10000 list,3,0,False,False,2025-09-08
king,KIT,10000 list,3,0,False,False,2025-09-08
bay,FACE,10000 list,3,0,False,False,2025-09-08
engine,DRESS KIT,10000 list,3,0,False,False,2025-09-08
regional,FLEECE KIT,10000 list,3,0,False,False,2025-09-08
institute,KIT GOOSE,10000 list,3,0,False,False,2025-09-08
build,KIT,10000 list,3,0,False,False,2025-09-08
season,FLEECE,10000 list,3,0,False,False,2025-09-08
anything,DRESS HAPPY KIT,10000 list,3,0,False,False,2025-09-08
effective,DRESS KIT,10000 list,3,0,False,False,2025-09-08
effect,DRESS,10000 list,3,0,False,False,2025-09-08
eur,CURE,10000 list,3,0,False,False,2025-09-08
selection,DRESS,10000 list,3,0,False,False,2025-09-08
pdf,FLEECE DRESS,10000 list,3,0,False,False,2025-09-08
usr,GOOSE DRESS START,10000 list,3,0,False,False,2025-09-08
jewelry,GOOSE (LETTER) HAPPY,10000 list,3,0,False,False,2025-09-08
fine,PRICE,10000 list,3,0,False,False,2025-09-08
homepage,GOAT FACE,10000 list,3,0,False,False,2025-09-08
military,KIT (SQUARE) HAPPY,10000 list,3,0,False,False,2025-09-08
rental,DRESS,10000 list,3,0,False,False,2025-09-08
leave,FLEECE,10000 list,3,0,False,False,2025-09-08
british,KIT,10000 list,3,0,False,False,2025-09-08
pre,FLEECE,10000 list,3,0,False,False,2025-09-08
zip,KIT,10000 list,3,0,False,False,2025-09-08
tuesday,GOOSE FACE,10000 list,3,0,False,False,2025-09-08
client,PRICE,10000 list,3,0,False,False,2025-09-08
sample,TRAP,10000 list,3,0,False,False,2025-09-08
band,TRAP,10000 list,3,0,False,False,2025-09-08
george,NORTH,10000 list,3,0,False,False,2025-09-08
went,DRESS,10000 list,3,0,False,False,2025-09-08
registration,DRESS KIT FACE,10000 list,3,0,False,False,2025-09-08
fri,PRICE,10000 list,3,0,False,False,2025-09-08
washington,CLOTH KIT,10000 list,3,0,False,False,2025-09-08
foreign,LOT/NORTH KIT,10000 list,3,0,False,False,2025-09-08
law,THOUGHT,10000 list,3,0,False,False,2025-09-08
war,NORTH,10000 list,3,0,False,False,2025-09-08
holiday,LOT FACE,10000 list,3,0,False,False,2025-09-08
corporation,NORTH FACE,10000 list,3,0,False,False,2025-09-08
channel,TRAP,10000 list,3,0,False,False,2025-09-08
fund,STRUT,10000 list,3,0,False,False,2025-09-08
custom,STRUT,10000 list,3,0,False,False,2025-09-08
located,GOAT FACE,10000 list,3,0,False,False,2025-09-08
asian,FACE,10000 list,3,0,False,False,2025-09-08
inn,KIT,10000 list,3,0,False,False,2025-09-08
cnet,,10000 list,3,0,False,False,2025-09-08
ltd,KIT,10000 list,3,0,False,False,2025-09-08
late,FACE,10000 list,3,0,False,False,2025-09-08
fall,THOUGHT,10000 list,3,0,False,False,2025-09-08
featured,FLEECE NURSE,10000 list,3,0,False,False,2025-09-08
responsible,KIT LOT,10000 list,3,0,False,False,2025-09-08
inc,KIT,10000 list,3,0,False,False,2025-09-08
win,KIT,10000 list,3,0,False,False,2025-09-08
reason,FLEECE,10000 list,3,0,False,False,2025-09-08
tool,GOOSE,10000 list,3,0,False,False,2025-09-08
spring,KIT,10000 list,3,0,False,False,2025-09-08
mon,STRUT,10000 list,3,0,False,False,2025-09-08
com,LOT,10000 list,3,0,False,False,2025-09-08
answer,BATH lettER,10000 list,3,0,False,False,2025-09-08
friendly,DRESS happY,10000 list,3,0,False,False,2025-09-08
independent,KIT DRESS,10000 list,3,0,False,False,2025-09-08
deal,FLEECE,10000 list,3,0,False,False,2025-09-08
tue,GOOSE,10000 list,3,0,False,False,2025-09-08
thank,TRAP,10000 list,3,0,False,False,2025-09-08
animal,TRAP KIT,10000 list,3,0,False,False,2025-09-08
mexico,DRESS GOAT,10000 list,3,0,False,False,2025-09-08
simply,KIT HAPPY,10000 list,3,0,False,False,2025-09-08
christian,KIT,10000 list,3,0,False,False,2025-09-08
favorite,FACE KIT,10000 list,3,0,False,False,2025-09-08
option,LOT,10000 list,3,0,False,False,2025-09-08
recently,FLEECE happY,10000 list,3,0,False,False,2025-09-08
built,KIT,10000 list,3,0,False,False,2025-09-08
connection,DRESS,10000 list,3,0,False,False,2025-09-08
anti,TRAP FLEECE/PRICE,10000 list,3,0,False,False,2025-09-08
nokia,GOAT/LOT FLEECE,10000 list,3,0,False,False,2025-09-08
tel,DRESS,10000 list,3,0,False,False,2025-09-08
carolina,TRAP/SQUARE PRICE,10000 list,3,0,False,False,2025-09-08
hospital,CLOTH,10000 list,3,0,False,False,2025-09-08
disease,KIT FLEECE,10000 list,3,0,False,False,2025-09-08
kit,KIT,10000 list,3,0,False,False,2025-09-08
command,BATH,10000 list,3,0,False,False,2025-09-08
express,DRESS,10000 list,3,0,False,False,2025-09-08
anal,FACE,10000 list,3,0,False,False,2025-09-08
award,NORTH,10000 list,3,0,False,False,2025-09-08
tree,FLEECE,10000 list,3,0,False,False,2025-09-08
ensure,CURE,10000 list,3,0,False,False,2025-09-08
involved,KIT LOT,10000 list,3,0,False,False,2025-09-08
pussy,FOOT happY,10000 list,3,0,False,False,2025-09-08
directly,(PRICE) DRESS happY,10000 list,3,0,False,False,2025-09-08
rule,GOOSE,10000 list,3,0,False,False,2025-09-08
mac,TRAP,10000 list,3,0,False,False,2025-09-08
iii,PRICE,10000 list,3,0,False,False,2025-09-08
gmt,FLEECE DRESS,10000 list,3,0,False,False,2025-09-08
catalog,TRAP LOT,10000 list,3,0,False,False,2025-09-08
searches,NURSE,10000 list,3,0,False,False,2025-09-08
xml,DRESS,10000 list,3,0,False,False,2025-09-08
bin,KIT,10000 list,3,0,False,False,2025-09-08
sexy,DRESS HAPPY,10000 list,3,0,False,False,2025-09-08
grand,BATH,10000 list,3,0,False,False,2025-09-08
trial,PRICE,10000 list,3,0,False,False,2025-09-08
canadian,FACE FLEECE,10000 list,3,0,False,False,2025-09-08
normal,NORTH,10000 list,3,0,False,False,2025-09-08
educational,DRESS FACE,10000 list,3,0,False,False,2025-09-08
abstract,TRAP,10000 list,3,0,False,False,2025-09-08
responsibility,LOT KIT HAPPY,10000 list,3,0,False,False,2025-09-08
guest,DRESS,10000 list,3,0,False,False,2025-09-08
multi,STRUT PRICE/FLEECE,10000 list,3,0,False,False,2025-09-08
vacation,FACE,10000 list,3,0,False,False,2025-09-08
academic,TRAP DRESS KIT,10000 list,3,0,False,False,2025-09-08
completed,FLEECE,10000 list,3,0,False,False,2025-09-08
skin,KIT,10000 list,3,0,False,False,2025-09-08
indian,KIT FLEECE,10000 list,3,0,False,False,2025-09-08
prev,FLEECE,10000 list,3,0,False,False,2025-09-08
ring,KIT,10000 list,3,0,False,False,2025-09-08
filter,KIT lettER,10000 list,3,0,False,False,2025-09-08
vehicle,FLEECE (KIT),10000 list,3,0,False,False,2025-09-08
int,KIT,10000 list,3,0,False,False,2025-09-08
panel,TRAP,10000 list,3,0,False,False,2025-09-08
german,NURSE,10000 list,3,0,False,False,2025-09-08
plant,BATH,10000 list,3,0,False,False,2025-09-08
faculty,TRAP HAPPY,10000 list,3,0,False,False,2025-09-08
sense,DRESS,10000 list,3,0,False,False,2025-09-08
released,FLEECE,10000 list,3,0,False,False,2025-09-08
approved,GOOSE,10000 list,3,0,False,False,2025-09-08
usb,GOOSE DRESS FLEECE,10000 list,3,0,False,False,2025-09-08
php,FLEECE,10000 list,3,0,False,False,2025-09-08
phentermine,DRESS NURSE KIT,10000 list,3,0,False,False,2025-09-08
etc,DRESS NURSE,10000 list,3,0,False,False,2025-09-08
battery,TRAP HAPPY,10000 list,3,0,False,False,2025-09-08
youth,GOOSE,10000 list,3,0,False,False,2025-09-08
submitted,STRUT KIT,10000 list,3,0,False,False,2025-09-08
debt,DRESS,10000 list,3,0,False,False,2025-09-08
dance,BATH,10000 list,3,0,False,False,2025-09-08
msn,DRESS,10000 list,3,0,False,False,2025-09-08
itself,KIT DRESS,10000 list,3,0,False,False,2025-09-08
defined,PRICE,10000 list,3,0,False,False,2025-09-08
fee,FLEECE,10000 list,3,0,False,False,2025-09-08
studio,GOOSE FLEECE GOAT,10000 list,3,0,False,False,2025-09-08
min,KIT,10000 list,3,0,False,False,2025-09-08
aid,FACE,10000 list,3,0,False,False,2025-09-08
minimum,KIT,10000 list,3,0,False,False,2025-09-08
isbn,PRICE DRESS FLEECE,10000 list,3,0,False,False,2025-09-08
block,LOT,10000 list,3,0,False,False,2025-09-08
increased,KIT FLEECE,10000 list,3,0,False,False,2025-09-08
steel,FLEECE,10000 list,3,0,False,False,2025-09-08
classes,BATH,10000 list,3,0,False,False,2025-09-08
ohio,GOAT PRICE,10000 list,3,0,False,False,2025-09-08
electric,DRESS KIT,10000 list,3,0,False,False,2025-09-08
saw,THOUGHT,10000 list,3,0,False,False,2025-09-08
businesses,KIT,10000 list,3,0,False,False,2025-09-08
respect,DRESS,10000 list,3,0,False,False,2025-09-08
xxx,DRESS,10000 list,3,0,False,False,2025-09-08
farm,START,10000 list,3,0,False,False,2025-09-08
peace,FLEECE,10000 list,3,0,False,False,2025-09-08
campus,TRAP,10000 list,3,0,False,False,2025-09-08
benefit,DRESS KIT,10000 list,3,0,False,False,2025-09-08
grant,BATH,10000 list,3,0,False,False,2025-09-08
fiction,KIT,10000 list,3,0,False,False,2025-09-08
watches,LOT KIT,10000 list,3,0,False,False,2025-09-08
fan,TRAP,10000 list,3,0,False,False,2025-09-08
ten,DRESS,10000 list,3,0,False,False,2025-09-08
respective,DRESS KIT,10000 list,3,0,False,False,2025-09-08
parent,SQUARE,10000 list,3,0,False,False,2025-09-08
michigan,KIT,10000 list,3,0,False,False,2025-09-08
columbia,STRUT FLEECE,10000 list,3,0,False,False,2025-09-08
stand,TRAP,10000 list,3,0,False,False,2025-09-08
helpful,DRESS,10000 list,3,0,False,False,2025-09-08
critical,KIT,10000 list,3,0,False,False,2025-09-08
musical,GOOSE KIT,10000 list,3,0,False,False,2025-09-08
angeles,TRAP DRESS/FLEECE,10000 list,3,0,False,False,2025-09-08
australian,CLOTH FACE FLEECE,10000 list,3,0,False,False,2025-09-08
chief,FLEECE,10000 list,3,0,False,False,2025-09-08
bottom,LOT commA,10000 list,3,0,False,False,2025-09-08
francisco,TRAP KIT GOAT,10000 list,3,0,False,False,2025-09-08
changed,FACE,10000 list,3,0,False,False,2025-09-08
begin,KIT,10000 list,3,0,False,False,2025-09-08
african,TRAP KIT,10000 list,3,0,False,False,2025-09-08
guidelines,PRICE,10000 list,3,0,False,False,2025-09-08
dev,DRESS,10000 list,3,0,False,False,2025-09-08
applied,PRICE,10000 list,3,0,False,False,2025-09-08
weekly,FLEECE HAPPY,10000 list,3,0,False,False,2025-09-08
vol,LOT,10000 list,3,0,False,False,2025-09-08
described,PRICE,10000 list,3,0,False,False,2025-09-08
demand,BATH,10000 list,3,0,False,False,2025-09-08
vegas,FACE,10000 list,3,0,False,False,2025-09-08
chris,KIT,10000 list,3,0,False,False,2025-09-08
advance,BATH,10000 list,3,0,False,False,2025-09-08
lee,FLEECE,10000 list,3,0,False,False,2025-09-08
difference,KIT,10000 list,3,0,False,False,2025-09-08
correct,DRESS,10000 list,3,0,False,False,2025-09-08
nation,FACE,10000 list,3,0,False,False,2025-09-08
piece,FLEECE,10000 list,3,0,False,False,2025-09-08
species,FLEECE,10000 list,3,0,False,False,2025-09-08
module,LOT GOOSE/commA,10000 list,3,0,False,False,2025-09-08
facility,KIT HAPPY,10000 list,3,0,False,False,2025-09-08
random,TRAP,10000 list,3,0,False,False,2025-09-08
documentation,LOT GOOSE DRESS FACE,10000 list,3,0,False,False,2025-09-08
chance,BATH,10000 list,3,0,False,False,2025-09-08
automotive,THOUGHT GOAT KIT,10000 list,3,0,False,False,2025-09-08
successful,DRESS STRUT,10000 list,3,0,False,False,2025-09-08
clinical,KIT,10000 list,3,0,False,False,2025-09-08
determine,NURSE KIT,10000 list,3,0,False,False,2025-09-08
milf,KIT,10000 list,3,0,False,False,2025-09-08
palm,PALM,10000 list,3,0,False,False,2025-09-08
commerce,LOT NURSE,10000 list,3,0,False,False,2025-09-08
fit,KIT,10000 list,3,0,False,False,2025-09-08
amateur,TRAP NURSE,10000 list,3,0,False,False,2025-09-08
www,STRUT GOOSE,10000 list,3,0,False,False,2025-09-08
cum,STRUT,10000 list,3,0,False,False,2025-09-08
steve,FLEECE,10000 list,3,0,False,False,2025-09-08
easily,FLEECE HAPPY,10000 list,3,0,False,False,2025-09-08
functional,STRUT,10000 list,3,0,False,False,2025-09-08
closed,GOAT,10000 list,3,0,False,False,2025-09-08
pink,KIT,10000 list,3,0,False,False,2025-09-08
zealand,FLEECE,10000 list,3,0,False,False,2025-09-08
balance,TRAP,10000 list,3,0,False,False,2025-09-08
shot,LOT,10000 list,3,0,False,False,2025-09-08
initial,KIT,10000 list,3,0,False,False,2025-09-08
scott,LOT,10000 list,3,0,False,False,2025-09-08
llc,DRESS FLEECE,10000 list,3,0,False,False,2025-09-08
sec,DRESS,10000 list,3,0,False,False,2025-09-08
canon,TRAP,10000 list,3,0,False,False,2025-09-08
optional,LOT,10000 list,3,0,False,False,2025-09-08
dictionary,KIT (SQUARE) HAPPY,10000 list,3,0,False,False,2025-09-08
context,LOT DRESS,10000 list,3,0,False,False,2025-09-08
apparel,TRAP/SQUARE,10000 list,3,0,False,False,2025-09-08
generally,DRESS HAPPY,10000 list,3,0,False,False,2025-09-08
count,MOUTH,10000 list,3,0,False,False,2025-09-08
breast,DRESS,10000 list,3,0,False,False,2025-09-08
ibm,PRICE FLEECE DRESS,10000 list,3,0,False,False,2025-09-08
johnson,LOT,10000 list,3,0,False,False,2025-09-08
quickly,KIT HAPPY,10000 list,3,0,False,False,2025-09-08
claim,FACE,10000 list,3,0,False,False,2025-09-08
kansas,TRAP,10000 list,3,0,False,False,2025-09-08
chemical,DRESS KIT,10000 list,3,0,False,False,2025-09-08
doctor,LOT,10000 list,3,0,False,False,2025-09-08
himself,KIT DRESS,10000 list,3,0,False,False,2025-09-08
component,GOAT,10000 list,3,0,False,False,2025-09-08
santa,TRAP,10000 list,3,0,False,False,2025-09-08
diamond,PRICE,10000 list,3,0,False,False,2025-09-08
israel,KIT FACE,10000 list,3,0,False,False,2025-09-08
jones,GOAT,10000 list,3,0,False,False,2025-09-08
arizona,TRAP KIT GOAT,10000 list,3,0,False,False,2025-09-08
keyword,FLEECE NURSE,10000 list,3,0,False,False,2025-09-08
username,GOOSE NURSE FACE,10000 list,3,0,False,False,2025-09-08
fuck,STRUT,10000 list,3,0,False,False,2025-09-08
produced,GOOSE,10000 list,3,0,False,False,2025-09-08
produce,GOAT GOOSE,10000 list,3,0,False,False,2025-09-08
pocket,LOT,10000 list,3,0,False,False,2025-09-08
jim,KIT,10000 list,3,0,False,False,2025-09-08
factor,TRAP LETTER,10000 list,3,0,False,False,2025-09-08
generated,DRESS LETTER FACE,10000 list,3,0,False,False,2025-09-08
administrative,TRAP KIT,10000 list,3,0,False,False,2025-09-08
administrate,TRAP KIT FACE,10000 list,3,0,False,False,2025-09-08
limit,KIT,10000 list,3,0,False,False,2025-09-08
began,(FLEECE) TRAP,10000 list,3,0,False,False,2025-09-08
louis,GOOSE KIT/FLEECE,10000 list,3,0,False,False,2025-09-08
bondage,LOT,10000 list,3,0,False,False,2025-09-08
del,DRESS,10000 list,3,0,False,False,2025-09-08
essential,DRESS,10000 list,3,0,False,False,2025-09-08
immediately,KIT FLEECE,10000 list,3,0,False,False,2025-09-08
admin,TRAP KIT,10000 list,3,0,False,False,2025-09-08
defense,(FLEECE) DRESS,10000 list,3,0,False,False,2025-09-08
designated,DRESS KIT FACE,10000 list,3,0,False,False,2025-09-08
joe,GOAT,10000 list,3,0,False,False,2025-09-08
integrated,KIT FACE,10000 list,3,0,False,False,2025-09-08
configuration,LOT KIT NURSE FACE,10000 list,3,0,False,False,2025-09-08
cock,LOT,10000 list,3,0,False,False,2025-09-08
comprehensive,LOT FLEECE DRESS,10000 list,3,0,False,False,2025-09-08
expert,DRESS NURSE,10000 list,3,0,False,False,2025-09-08
protect,DRESS,10000 list,3,0,False,False,2025-09-08
compliance,PRICE,10000 list,3,0,False,False,2025-09-08
prevent,DRESS,10000 list,3,0,False,False,2025-09-08
pennsylvania,DRESS FACE (FLEECE),10000 list,3,0,False,False,2025-09-08
spirit,(FLEECE) KIT,10000 list,3,0,False,False,2025-09-08
porno,NORTH GOAT,10000 list,3,0,False,False,2025-09-08
acceptance,DRESS,10000 list,3,0,False,False,2025-09-08
election,DRESS,10000 list,3,0,False,False,2025-09-08
branch,BATH,10000 list,3,0,False,False,2025-09-08
serve,NURSE,10000 list,3,0,False,False,2025-09-08
certified,NURSE PRICE,10000 list,3,0,False,False,2025-09-08
manage,TRAP,10000 list,3,0,False,False,2025-09-08
element,DRESS,10000 list,3,0,False,False,2025-09-08
interactive,KIT NURSE TRAP,10000 list,3,0,False,False,2025-09-08
quarter,THOUGHT LETTER,10000 list,3,0,False,False,2025-09-08
define,PRICE,10000 list,3,0,False,False,2025-09-08
religious,(FLEECE) KIT,10000 list,3,0,False,False,2025-09-08
breakfast,DRESS,10000 list,3,0,False,False,2025-09-08
kong,CLOTH,10000 list,3,0,False,False,2025-09-08
column,LOT,10000 list,3,0,False,False,2025-09-08
approximately,LOT HAPPY,10000 list,3,0,False,False,2025-09-08
domestic,DRESS KIT,10000 list,3,0,False,False,2025-09-08
sitemap,PRICE TRAP,10000 list,3,0,False,False,2025-09-08
moved,GOOSE,10000 list,3,0,False,False,2025-09-08
houston,GOOSE,10000 list,3,0,False,False,2025-09-08
comparison,LOT TRAP/SQUARE KIT,10000 list,3,0,False,False,2025-09-08
mental,DRESS,10000 list,3,0,False,False,2025-09-08
inch,KIT,10000 list,3,0,False,False,2025-09-08
damage,TRAP,10000 list,3,0,False,False,2025-09-08
gamma,TRAP,10000 list,3,0,False,False,2025-09-08
placed,FACE,10000 list,3,0,False,False,2025-09-08
failure,FACE NURSE,10000 list,3,0,False,False,2025-09-08
camp,TRAP,10000 list,3,0,False,False,2025-09-08
automatically,THOUGHT TRAP KIT HAPPY,10000 list,3,0,False,False,2025-09-08
auto,THOUGHT GOAT,10000 list,3,0,False,False,2025-09-08
minnesota,KIT GOAT,10000 list,3,0,False,False,2025-09-08
fill,KIT,10000 list,3,0,False,False,2025-09-08
jesus,FLEECE,10000 list,3,0,False,False,2025-09-08
profit,LOT KIT,10000 list,3,0,False,False,2025-09-08
expect,DRESS,10000 list,3,0,False,False,2025-09-08
extension,DRESS,10000 list,3,0,False,False,2025-09-08
seattle,FLEECE TRAP,10000 list,3,0,False,False,2025-09-08
golden,GOAT,10000 list,3,0,False,False,2025-09-08
completely,LOT FLEECE,10000 list,3,0,False,False,2025-09-08
senate,DRESS KIT/commA,10000 list,3,0,False,False,2025-09-08
funny,STRUT HAPPY,10000 list,3,0,False,False,2025-09-08
gene,FLEECE,10000 list,3,0,False,False,2025-09-08
electrical,DRESS KIT,10000 list,3,0,False,False,2025-09-08
applicable,TRAP KIT,10000 list,3,0,False,False,2025-09-08
disc,KIT,10000 list,3,0,False,False,2025-09-08
hentai,DRESS PRICE,10000 list,3,0,False,False,2025-09-08
warranty,CLOTH commA HAPPY,10000 list,3,0,False,False,2025-09-08
dedicated,DRESS FACE,10000 list,3,0,False,False,2025-09-08
indiana,KIT FLEECE TRAP,10000 list,3,0,False,False,2025-09-08
direction,NURSE/PRICE DRESS,10000 list,3,0,False,False,2025-09-08
delete,FLEECE,10000 list,3,0,False,False,2025-09-08
taxes,TRAP,10000 list,3,0,False,False,2025-09-08
criminal,KIT,10000 list,3,0,False,False,2025-09-08
wisconsin,KIT LOT,10000 list,3,0,False,False,2025-09-08
felt,DRESS,10000 list,3,0,False,False,2025-09-08
identified,PRICE DRESS KIT,10000 list,3,0,False,False,2025-09-08
pic,KIT,10000 list,3,0,False,False,2025-09-08
decided,KIT PRICE,10000 list,3,0,False,False,2025-09-08
graphic,TRAP KIT,10000 list,3,0,False,False,2025-09-08
atom,TRAP,10000 list,3,0,False,False,2025-09-08
estimated,DRESS FACE,10000 list,3,0,False,False,2025-09-08
brief,FLEECE,10000 list,3,0,False,False,2025-09-08
served,NURSE,10000 list,3,0,False,False,2025-09-08
miscellaneous,KIT FACE FLEECE,10000 list,3,0,False,False,2025-09-08
dining,PRICE KIT,10000 list,3,0,False,False,2025-09-08
integration,KIT FACE,10000 list,3,0,False,False,2025-09-08
disk,KIT,10000 list,3,0,False,False,2025-09-08
fix,KIT,10000 list,3,0,False,False,2025-09-08
handle,TRAP,10000 list,3,0,False,False,2025-09-08
desk,DRESS,10000 list,3,0,False,False,2025-09-08
pubmed,STRUT DRESS,10000 list,3,0,False,False,2025-09-08
diego,FLEECE FACE/DRESS GOAT,10000 list,3,0,False,False,2025-09-08
hong,CLOTH,10000 list,3,0,False,False,2025-09-08
behavior,FLEECE FACE NURSE,10000 list,3,0,False,False,2025-09-08
ray,FACE,10000 list,3,0,False,False,2025-09-08
frequently,FLEECE HAPPY,10000 list,3,0,False,False,2025-09-08
gain,FACE,10000 list,3,0,False,False,2025-09-08
laboratory,TRAP (NORTH) HAPPY,10000 list,3,0,False,False,2025-09-08
lack,TRAP,10000 list,3,0,False,False,2025-09-08
depth,DRESS,10000 list,3,0,False,False,2025-09-08
exactly,TRAP,10000 list,3,0,False,False,2025-09-08
dry,PRICE,10000 list,3,0,False,False,2025-09-08
maryland,SQUARE (FLEECE),10000 list,3,0,False,False,2025-09-08
eligible,DRESS KIT,10000 list,3,0,False,False,2025-09-08
forgot,LOT,10000 list,3,0,False,False,2025-09-08
billion,KIT (FLEECE),10000 list,3,0,False,False,2025-09-08
destination,DRESS KIT FACE,10000 list,3,0,False,False,2025-09-08
intelligence,KIT DRESS,10000 list,3,0,False,False,2025-09-08
dallas,TRAP,10000 list,3,0,False,False,2025-09-08
bought,THOUGHT,10000 list,3,0,False,False,2025-09-08
con,LOT,10000 list,3,0,False,False,2025-09-08
route,GOOSE/MOUTH,10000 list,3,0,False,False,2025-09-08
residential,DRESS,10000 list,3,0,False,False,2025-09-08
anime,TRAP KIT FACE,10000 list,3,0,False,False,2025-09-08
expression,DRESS,10000 list,3,0,False,False,2025-09-08
equity,DRESS KIT HAPPY,10000 list,3,0,False,False,2025-09-08
shared,SQUARE,10000 list,3,0,False,False,2025-09-08
spam,TRAP,10000 list,3,0,False,False,2025-09-08
acid,TRAP KIT,10000 list,3,0,False,False,2025-09-08
cent,DRESS,10000 list,3,0,False,False,2025-09-08
forced,FORCE,10000 list,3,0,False,False,2025-09-08
compatible,TRAP KIT,10000 list,3,0,False,False,2025-09-08
filed,PRICE,10000 list,3,0,False,False,2025-09-08
managed,TRAP,10000 list,3,0,False,False,2025-09-08
kelly,DRESS,10000 list,3,0,False,False,2025-09-08
toronto,LOT GOAT,10000 list,3,0,False,False,2025-09-08
theater,FLEECE lettER,10000 list,3,0,False,False,2025-09-08
var,START,10000 list,3,0,False,False,2025-09-08
font,LOT,10000 list,3,0,False,False,2025-09-08
injury,KIT NURSE HAPPY,10000 list,3,0,False,False,2025-09-08
ministry,KIT HAPPY,10000 list,3,0,False,False,2025-09-08
married,TRAP HAPPY,10000 list,3,0,False,False,2025-09-08
philadelphia,KIT DRESS FLEECE,10000 list,3,0,False,False,2025-09-08
portal,FORCE,10000 list,3,0,False,False,2025-09-08
fail,FACE,10000 list,3,0,False,False,2025-09-08
gratis,TRAP KIT,10000 list,3,0,False,False,2025-09-08
toward,FORCE,10000 list,3,0,False,False,2025-09-08
slightly,PRICE HAPPY,10000 list,3,0,False,False,2025-09-08
shemale,FLEECE FACE,10000 list,3,0,False,False,2025-09-08
doc,LOT,10000 list,3,0,False,False,2025-09-08
tennessee,DRESS FLEECE,10000 list,3,0,False,False,2025-09-08
combined,PRICE,10000 list,3,0,False,False,2025-09-08
representative,DRESS (FLEECE) KIT,10000 list,3,0,False,False,2025-09-08
frequency,FLEECE HAPPY,10000 list,3,0,False,False,2025-09-08
introduced,KIT GOOSE,10000 list,3,0,False,False,2025-09-08
reduced,(FLEECE) GOOSE,10000 list,3,0,False,False,2025-09-08
physics,KIT,10000 list,3,0,False,False,2025-09-08
spent,DRESS,10000 list,3,0,False,False,2025-09-08
daniel,TRAP,10000 list,3,0,False,False,2025-09-08
administrator,TRAP KIT FACE lettER,10000 list,3,0,False,False,2025-09-08
usd,GOOSE DRESS FLEECE,10000 list,3,0,False,False,2025-09-08
creation,FLEECE FACE commA,10000 list,3,0,False,False,2025-09-08
addresses,DRESS,10000 list,3,0,False,False,2025-09-08
crystal,KIT,10000 list,3,0,False,False,2025-09-08
writer,PRICE lettER,10000 list,3,0,False,False,2025-09-08
drink,KIT,10000 list,3,0,False,False,2025-09-08
gender,DRESS LETTER,10000 list,3,0,False,False,2025-09-08
dell,DRESS,10000 list,3,0,False,False,2025-09-08
practical,TRAP KIT,10000 list,3,0,False,False,2025-09-08
originally,KIT HAPPY,10000 list,3,0,False,False,2025-09-08
ann,TRAP,10000 list,3,0,False,False,2025-09-08
secondary,DRESS (SQUARE) HAPPY,10000 list,3,0,False,False,2025-09-08
henry,DRESS HAPPY,10000 list,3,0,False,False,2025-09-08
guess,DRESS,10000 list,3,0,False,False,2025-09-08
prevention,DRESS,10000 list,3,0,False,False,2025-09-08
presence,DRESS,10000 list,3,0,False,False,2025-09-08
instant,KIT,10000 list,3,0,False,False,2025-09-08
christ,PRICE,10000 list,3,0,False,False,2025-09-08
dan,TRAP,10000 list,3,0,False,False,2025-09-08
combination,LOT KIT FACE,10000 list,3,0,False,False,2025-09-08
devel,DRESS,10000 list,3,0,False,False,2025-09-08
guaranteed,TRAP FLEECE,10000 list,3,0,False,False,2025-09-08
inches,KIT,10000 list,3,0,False,False,2025-09-08
convention,LOT DRESS,10000 list,3,0,False,False,2025-09-08
cisco,KIT GOAT,10000 list,3,0,False,False,2025-09-08
bonus,GOAT,10000 list,3,0,False,False,2025-09-08
certification,NURSE KIT FACE,10000 list,3,0,False,False,2025-09-08
previously,FLEECE STRUT HAPPY,10000 list,3,0,False,False,2025-09-08
hey,FACE,10000 list,3,0,False,False,2025-09-08
disney,KIT HAPPY,10000 list,3,0,False,False,2025-09-08
bbc,FLEECE,10000 list,3,0,False,False,2025-09-08
improved,GOOSE,10000 list,3,0,False,False,2025-09-08
avg,TRAP,10000 list,3,0,False,False,2025-09-08
dress,DRESS,10000 list,3,0,False,False,2025-09-08
contemporary,DRESS (SQUARE) HAPPY,10000 list,3,0,False,False,2025-09-08
carried,TRAP HAPPY,10000 list,3,0,False,False,2025-09-08
happen,TRAP,10000 list,3,0,False,False,2025-09-08
panasonic,TRAP LOT KIT,10000 list,3,0,False,False,2025-09-08
permalink,NURSE KIT,10000 list,3,0,False,False,2025-09-08
gambling,TRAP KIT,10000 list,3,0,False,False,2025-09-08
caused,THOUGHT,10000 list,3,0,False,False,2025-09-08
indeed,KIT FLEECE,10000 list,3,0,False,False,2025-09-08
slow,GOAT,10000 list,3,0,False,False,2025-09-08
removal,(FLEECE) GOOSE,10000 list,3,0,False,False,2025-09-08
easier,FLEECE lettER,10000 list,3,0,False,False,2025-09-08
src,DRESS START FLEECE,10000 list,3,0,False,False,2025-09-08
liability,PRICE KIT HAPPY,10000 list,3,0,False,False,2025-09-08
kentucky,STRUT HAPPY,10000 list,3,0,False,False,2025-09-08
mostly,GOAT HAPPY,10000 list,3,0,False,False,2025-09-08
eric,DRESS KIT,10000 list,3,0,False,False,2025-09-08
spot,LOT,10000 list,3,0,False,False,2025-09-08
trackback,TRAP,10000 list,3,0,False,False,2025-09-08
spend,DRESS,10000 list,3,0,False,False,2025-09-08
factory,TRAP HAPPY,10000 list,3,0,False,False,2025-09-08
revised,PRICE,10000 list,3,0,False,False,2025-09-08
optical,LOT KIT,10000 list,3,0,False,False,2025-09-08
relative,DRESS KIT,10000 list,3,0,False,False,2025-09-08
clock,LOT,10000 list,3,0,False,False,2025-09-08
serial,NEAR FLEECE,10000 list,3,0,False,False,2025-09-08
relief,FLEECE,10000 list,3,0,False,False,2025-09-08
pda,FLEECE FACE,10000 list,3,0,False,False,2025-09-08
importance,KIT NORTH,10000 list,3,0,False,False,2025-09-08
dsl,FLEECE DRESS,10000 list,3,0,False,False,2025-09-08
planet,TRAP,10000 list,3,0,False,False,2025-09-08
webmaster,DRESS BATH,10000 list,3,0,False,False,2025-09-08
zum,STRUT,10000 list,3,0,False,False,2025-09-08
dna,FLEECE DRESS FACE,10000 list,3,0,False,False,2025-09-08
diff,KIT,10000 list,3,0,False,False,2025-09-08
prescription,KIT,10000 list,3,0,False,False,2025-09-08
empty,DRESS HAPPY,10000 list,3,0,False,False,2025-09-08
instance,KIT,10000 list,3,0,False,False,2025-09-08
licensed,PRICE,10000 list,3,0,False,False,2025-09-08
specifically,KIT HAPPY,10000 list,3,0,False,False,2025-09-08
tim,KIT,10000 list,3,0,False,False,2025-09-08
maine,FACE,10000 list,3,0,False,False,2025-09-08
sql,DRESS GOOSE,10000 list,3,0,False,False,2025-09-08
don,LOT,10000 list,3,0,False,False,2025-09-08
stress,DRESS,10000 list,3,0,False,False,2025-09-08
yeah,TRAP,10000 list,3,0,False,False,2025-09-08
sexo,DRESS GOAT,10000 list,3,0,False,False,2025-09-08
boxes,LOT,10000 list,3,0,False,False,2025-09-08
louisiana,GOOSE FLEECE TRAP,10000 list,3,0,False,False,2025-09-08
marketplace,START KIT FACE,10000 list,3,0,False,False,2025-09-08
evil,FLEECE (kit),10000 list,3,0,False,False,2025-09-08
wilson,KIT,10000 list,3,0,False,False,2025-09-08
evolution,DRESS GOOSE,10000 list,3,0,False,False,2025-09-08
acc,FACE FLEECE,10000 list,3,0,False,False,2025-09-08
generic,DRESS KIT,10000 list,3,0,False,False,2025-09-08
encyclopedia,PRICE GOAT FLEECE,10000 list,3,0,False,False,2025-09-08
ink,KIT,10000 list,3,0,False,False,2025-09-08
census,DRESS,10000 list,3,0,False,False,2025-09-08
competitive,DRESS KIT,10000 list,3,0,False,False,2025-09-08
exist,KIT,10000 list,3,0,False,False,2025-09-08
wheel,FLEECE,10000 list,3,0,False,False,2025-09-08
transit,TRAP KIT,10000 list,3,0,False,False,2025-09-08
dick,KIT,10000 list,3,0,False,False,2025-09-08
compact,LOT TRAP,10000 list,3,0,False,False,2025-09-08
poetry,GOAT HAPPY,10000 list,3,0,False,False,2025-09-08
bell,DRESS,10000 list,3,0,False,False,2025-09-08
matches,TRAP,10000 list,3,0,False,False,2025-09-08
width,KIT,10000 list,3,0,False,False,2025-09-08
array,FACE,10000 list,3,0,False,False,2025-09-08
accurate,TRAP NURSE KIT,10000 list,3,0,False,False,2025-09-08
stephen,FLEECE/DRESS,10000 list,3,0,False,False,2025-09-08
pin,KIT,10000 list,3,0,False,False,2025-09-08
annotation,TRAP FACE,10000 list,3,0,False,False,2025-09-08
raw,THOUGHT,10000 list,3,0,False,False,2025-09-08
establish,TRAP KIT,10000 list,3,0,False,False,2025-09-08
extent,DRESS,10000 list,3,0,False,False,2025-09-08
ben,DRESS,10000 list,3,0,False,False,2025-09-08
kill,KIT,10000 list,3,0,False,False,2025-09-08
aol,FACE GOAT DRESS,10000 list,3,0,False,False,2025-09-08
sweden,FLEECE,10000 list,3,0,False,False,2025-09-08
conflict,LOT KIT,10000 list,3,0,False,False,2025-09-08
mississippi,KIT HAPPY,10000 list,3,0,False,False,2025-09-08
connecticut,DRESS KIT STRUT,10000 list,3,0,False,False,2025-09-08
immediate,KIT FLEECE,10000 list,3,0,False,False,2025-09-08
agricultural,TRAP KIT STRUT NURSE,10000 list,3,0,False,False,2025-09-08
expand,TRAP,10000 list,3,0,False,False,2025-09-08
jordan,NORTH,10000 list,3,0,False,False,2025-09-08
participate,START KIT FACE,10000 list,3,0,False,False,2025-09-08
experienced,NEAR FLEECE,10000 list,3,0,False,False,2025-09-08
raised,FACE/PRICE,10000 list,3,0,False,False,2025-09-08
hat,TRAP,10000 list,3,0,False,False,2025-09-08
perl,NURSE,10000 list,3,0,False,False,2025-09-08
lib,KIT,10000 list,3,0,False,False,2025-09-08
indicate,KIT FACE,10000 list,3,0,False,False,2025-09-08
blonde,LOT,10000 list,3,0,False,False,2025-09-08
transmission,TRAP KIT,10000 list,3,0,False,False,2025-09-08
utc,GOOSE FLEECE,10000 list,3,0,False,False,2025-09-08
der,DRESS,10000 list,3,0,False,False,2025-09-08
extremely,FLEECE HAPPY,10000 list,3,0,False,False,2025-09-08
verzeichnis,NURSE PRICE KIT,10000 list,3,0,False,False,2025-09-08
equivalent,KIT,10000 list,3,0,False,False,2025-09-08
chemistry,DRESS HAPPY,10000 list,3,0,False,False,2025-09-08
neighborhood,FACE LETTER FOOT,10000 list,3,0,False,False,2025-09-08
advisory,PRICE NURSE HAPPY,10000 list,3,0,False,False,2025-09-08
cam,TRAP,10000 list,3,0,False,False,2025-09-08
curriculum,KIT STRUT,10000 list,3,0,False,False,2025-09-08
logic,LOT KIT,10000 list,3,0,False,False,2025-09-08
template,DRESS FACE/KIT,10000 list,3,0,False,False,2025-09-08
prince,KIT,10000 list,3,0,False,False,2025-09-08
investor,KIT DRESS lettER,10000 list,3,0,False,False,2025-09-08
identification,KIT/PRICE DRESS FACE,10000 list,3,0,False,False,2025-09-08
ram,TRAP,10000 list,3,0,False,False,2025-09-08
elementary,DRESS HAPPY,10000 list,3,0,False,False,2025-09-08
fox,LOT,10000 list,3,0,False,False,2025-09-08
respond,FLEECE/KIT LOT,10000 list,3,0,False,False,2025-09-08
exit,DRESS KIT,10000 list,3,0,False,False,2025-09-08
costa,CLOTH,10000 list,3,0,False,False,2025-09-08
belgium,DRESS STRUT,10000 list,3,0,False,False,2025-09-08
mesh,DRESS,10000 list,3,0,False,False,2025-09-08
trail,FACE,10000 list,3,0,False,False,2025-09-08
enforcement,DRESS FORCE,10000 list,3,0,False,False,2025-09-08
symbol,KIT,10000 list,3,0,False,False,2025-09-08
observed,LOT NURSE,10000 list,3,0,False,False,2025-09-08
setup,DRESS STRUT,10000 list,3,0,False,False,2025-09-08
glossary,CLOTH HAPPY,10000 list,3,0,False,False,2025-09-08
fiscal,KIT,10000 list,3,0,False,False,2025-09-08
denver,DRESS lettER,10000 list,3,0,False,False,2025-09-08
bond,LOT,10000 list,3,0,False,False,2025-09-08
ericsson,DRESS KIT,10000 list,3,0,False,False,2025-09-08
appendix,DRESS KIT,10000 list,3,0,False,False,2025-09-08
portion,NORTH,10000 list,3,0,False,False,2025-09-08
hampshire,TRAP NEAR/NURSE,10000 list,3,0,False,False,2025-09-08
cotton,LOT,10000 list,3,0,False,False,2025-09-08
controlled,LOT GOAT,10000 list,3,0,False,False,2025-09-08
dental,DRESS,10000 list,3,0,False,False,2025-09-08
border,FORCE lettER,10000 list,3,0,False,False,2025-09-08
arkansas,START THOUGHT,10000 list,3,0,False,False,2025-09-08
disabled,KIT FACE,10000 list,3,0,False,False,2025-09-08
authorized,THOUGHT LETTER PRICE,10000 list,3,0,False,False,2025-09-08
britain,KIT,10000 list,3,0,False,False,2025-09-08
retirement,PRICE LETTER,10000 list,3,0,False,False,2025-09-08
efficiency,KIT HAPPY,10000 list,3,0,False,False,2025-09-08
efficient,KIT,10000 list,3,0,False,False,2025-09-08
weblog,DRESS CLOTH,10000 list,3,0,False,False,2025-09-08
linear,KIT NEAT LETTER,10000 list,3,0,False,False,2025-09-08
specialty,DRESS HAPPY,10000 list,3,0,False,False,2025-09-08
jean,FLEECE,10000 list,3,0,False,False,2025-09-08
hop,LOT,10000 list,3,0,False,False,2025-09-08
carrier,TRAP FLEECE lettER,10000 list,3,0,False,False,2025-09-08
jewish,GOOSE KIT,10000 list,3,0,False,False,2025-09-08
portland,NORTH,10000 list,3,0,False,False,2025-09-08
gun,STRUT,10000 list,3,0,False,False,2025-09-08
reflect,(FLEECE) DRESS,10000 list,3,0,False,False,2025-09-08
pure,CURE,10000 list,3,0,False,False,2025-09-08
hell,DRESS,10000 list,3,0,False,False,2025-09-08
discovery,KIT STRUT LETTER HAPPY,10000 list,3,0,False,False,2025-09-08
draw,THOUGHT,10000 list,3,0,False,False,2025-09-08
confidence,LOT KIT,10000 list,3,0,False,False,2025-09-08
warm,NORTH,10000 list,3,0,False,False,2025-09-08
lewis,GOOSE KIT,10000 list,3,0,False,False,2025-09-08
consistent,LOT KIT,10000 list,3,0,False,False,2025-09-08
clearance,NEAR,10000 list,3,0,False,False,2025-09-08
inventory,KIT (NORTH) HAPPY,10000 list,3,0,False,False,2025-09-08
suck,STRUT,10000 list,3,0,False,False,2025-09-08
organisation,NORTH PRICE FACE,10000 list,3,0,False,False,2025-09-08
blowjob,GOAT LOT,10000 list,3,0,False,False,2025-09-08
indicated,KIT FACE,10000 list,3,0,False,False,2025-09-08
allen,TRAP,10000 list,3,0,False,False,2025-09-08
pdt,FLEECE,10000 list,3,0,False,False,2025-09-08
relation,FACE,10000 list,3,0,False,False,2025-09-08
enabled,FACE,10000 list,3,0,False,False,2025-09-08
montana,LOT TRAP,10000 list,3,0,False,False,2025-09-08
enhance,BATH,10000 list,3,0,False,False,2025-09-08
exact,TRAP,10000 list,3,0,False,False,2025-09-08
bound,MOUTH,10000 list,3,0,False,False,2025-09-08
parameter,TRAP lettER,10000 list,3,0,False,False,2025-09-08
adapter,TRAP lettER,10000 list,3,0,False,False,2025-09-08
formal,NORTH,10000 list,3,0,False,False,2025-09-08
contribute,LOT KIT GOOSE,10000 list,3,0,False,False,2025-09-08
lock,LOT,10000 list,3,0,False,False,2025-09-08
micro,PRICE GOAT,10000 list,3,0,False,False,2025-09-08
mile,PRICE,10000 list,3,0,False,False,2025-09-08
bowl,GOAT,10000 list,3,0,False,False,2025-09-08
submission,STRUT KIT,10000 list,3,0,False,False,2025-09-08
estimate,DRESS KIT,10000 list,3,0,False,False,2025-09-08
kid,KIT,10000 list,3,0,False,False,2025-09-08
regulatory,DRESS GOOSE FACE/NORTH HAPPY,10000 list,3,0,False,False,2025-09-08
inspection,KIT DRESS,10000 list,3,0,False,False,2025-09-08
cancel,TRAP,10000 list,3,0,False,False,2025-09-08
territory,DRESS KIT (NORTH) HAPPY,10000 list,3,0,False,False,2025-09-08
transaction,TRAP,10000 list,3,0,False,False,2025-09-08
delay,FACE,10000 list,3,0,False,False,2025-09-08
continuous,LOT KIT GOOSE STRUT,10000 list,3,0,False,False,2025-09-08
czech,DRESS,10000 list,3,0,False,False,2025-09-08
initiative,KIT,10000 list,3,0,False,False,2025-09-08
novel,LOT commA,10000 list,3,0,False,False,2025-09-08
pan,TRAP,10000 list,3,0,False,False,2025-09-08
disability,KIT HAPPY,10000 list,3,0,False,False,2025-09-08
idaho,PRICE GOAT,10000 list,3,0,False,False,2025-09-08
contractor,(LOT) TRAP lettER,10000 list,3,0,False,False,2025-09-08
examination,TRAP FACE,10000 list,3,0,False,False,2025-09-08
potter,LOT lettER,10000 list,3,0,False,False,2025-09-08
dish,KIT,10000 list,3,0,False,False,2025-09-08
committed,KIT,10000 list,3,0,False,False,2025-09-08
extensive,KIT DRESS,10000 list,3,0,False,False,2025-09-08
universe,GOOSE NURSE,10000 list,3,0,False,False,2025-09-08
candidate,TRAP KIT (FACE),10000 list,3,0,False,False,2025-09-08
patent,FACE/TRAP,10000 list,3,0,False,False,2025-09-08
slot,LOT,10000 list,3,0,False,False,2025-09-08
psp,FLEECE DRESS,10000 list,3,0,False,False,2025-09-08
planned,TRAP,10000 list,3,0,False,False,2025-09-08
lodge,LOT,10000 list,3,0,False,False,2025-09-08
consideration,KIT LETTER FACE,10000 list,3,0,False,False,2025-09-08
kernel,NURSE,10000 list,3,0,False,False,2025-09-08
gray,FACE,10000 list,3,0,False,False,2025-09-08
antonio,TRAP GOAT FLEECE,10000 list,3,0,False,False,2025-09-08
charged,START,10000 list,3,0,False,False,2025-09-08
demo,DRESS GOAT,10000 list,3,0,False,False,2025-09-08
greece,FLEECE,10000 list,3,0,False,False,2025-09-08
swiss,KIT,10000 list,3,0,False,False,2025-09-08
liquid,KIT,10000 list,3,0,False,False,2025-09-08
nebraska,BATH,10000 list,3,0,False,False,2025-09-08
nfl,DRESS,10000 list,3,0,False,False,2025-09-08
twenty,DRESS HAPPY,10000 list,3,0,False,False,2025-09-08
expansion,TRAP,10000 list,3,0,False,False,2025-09-08
lincoln,KIT,10000 list,3,0,False,False,2025-09-08
premier,KIT/DRESS FLEECE lettER,10000 list,3,0,False,False,2025-09-08
milk,KIT,10000 list,3,0,False,False,2025-09-08
decide,KIT PRICE,10000 list,3,0,False,False,2025-09-08
consent,LOT DRESS,10000 list,3,0,False,False,2025-09-08
contest,DRESS,10000 list,3,0,False,False,2025-09-08
boot,GOOSE,10000 list,3,0,False,False,2025-09-08
dildo,KIT GOAT,10000 list,3,0,False,False,2025-09-08
chamber,FACE lettER,10000 list,3,0,False,False,2025-09-08
iso,PRICE GOAT,10000 list,3,0,False,False,2025-09-08
implement,KIT DRESS,10000 list,3,0,False,False,2025-09-08
scheduled,DRESS GOOSE,10000 list,3,0,False,False,2025-09-08
sum,STRUT,10000 list,3,0,False,False,2025-09-08
misc,KIT,10000 list,3,0,False,False,2025-09-08
calculator,TRAP FACE lettER,10000 list,3,0,False,False,2025-09-08
significantly,KIT happY,10000 list,3,0,False,False,2025-09-08
chicken,KIT,10000 list,3,0,False,False,2025-09-08
holdem,GOAT,10000 list,3,0,False,False,2025-09-08
shell,DRESS,10000 list,3,0,False,False,2025-09-08
province,LOT KIT,10000 list,3,0,False,False,2025-09-08
governor,STRUT lettER,10000 list,3,0,False,False,2025-09-08
spyware,PRICE SQUARE,10000 list,3,0,False,False,2025-09-08
constitution,LOT KIT GOOSE,10000 list,3,0,False,False,2025-09-08
consultation,LOT STRUT FACE,10000 list,3,0,False,False,2025-09-08
classroom,BATH GOOSE,10000 list,3,0,False,False,2025-09-08
democracy,LOT HAPPY,10000 list,3,0,False,False,2025-09-08
kim,KIT,10000 list,3,0,False,False,2025-09-08
resistance,KIT,10000 list,3,0,False,False,2025-09-08
symptoms,KIT,10000 list,3,0,False,False,2025-09-08
visitor,KIT lettER,10000 list,3,0,False,False,2025-09-08
twin,KIT,10000 list,3,0,False,False,2025-09-08
baltimore,THOUGHT NORTH,10000 list,3,0,False,False,2025-09-08
gateway,FACE,10000 list,3,0,False,False,2025-09-08
dont,GOAT,10000 list,3,0,False,False,2025-09-08
biological,PRICE LOT KIT,10000 list,3,0,False,False,2025-09-08
transition,BATH KIT commA,10000 list,3,0,False,False,2025-09-08
instrument,KIT commA,10000 list,3,0,False,False,2025-09-08
bruce,GOOSE,10000 list,3,0,False,False,2025-09-08
heaven,DRESS commA,10000 list,3,0,False,False,2025-09-08
classification,BATH KIT commA FACE,10000 list,3,0,False,False,2025-09-08
wikipedia,KIT commA FLEECE,10000 list,3,0,False,False,2025-09-08
cellular,DRESS GOOSE lettER,10000 list,3,0,False,False,2025-09-08
diabetes,PRICE commA FLEECE HAPPY,10000 list,3,0,False,False,2025-09-08
chip,KIT,10000 list,3,0,False,False,2025-09-08
flexible,DRESS commA,10000 list,3,0,False,False,2025-09-08
loved,STRUT,10000 list,3,0,False,False,2025-09-08
relatively,DRESS HAPPY,10000 list,3,0,False,False,2025-09-08
char,START,10000 list,3,0,False,False,2025-09-08
pittsburgh,KIT NURSE,10000 list,3,0,False,False,2025-09-08
saved,FACE,10000 list,3,0,False,False,2025-09-08
interaction,KIT NURSE TRAP,10000 list,3,0,False,False,2025-09-08
effectively,DRESS KIT HAPPY,10000 list,3,0,False,False,2025-09-08
outlook,MOUTH FOOT,10000 list,3,0,False,False,2025-09-08
echo,DRESS GOAT,10000 list,3,0,False,False,2025-09-08
que,GOOSE,10000 list,3,0,False,False,2025-09-08
grid,KIT,10000 list,3,0,False,False,2025-09-08
experimental,SQUARE DRESS,10000 list,3,0,False,False,2025-09-08
puerto,SQUARE GOAT,10000 list,3,0,False,False,2025-09-08
consolidation,LOT KIT FACE,10000 list,3,0,False,False,2025-09-08
voip,CHOICE,10000 list,3,0,False,False,2025-09-08
dependent,KIT DRESS,10000 list,3,0,False,False,2025-09-08
mechanical,TRAP KIT,10000 list,3,0,False,False,2025-09-08
delaware,DRESS SQUARE,10000 list,3,0,False,False,2025-09-08
banner,TRAP lettER,10000 list,3,0,False,False,2025-09-08
applicant,TRAP KIT,10000 list,3,0,False,False,2025-09-08
fig,KIT,10000 list,3,0,False,False,2025-09-08
cooperation,GOAT LOT LETTER FACE,10000 list,3,0,False,False,2025-09-08
acquisition,TRAP KIT,10000 list,3,0,False,False,2025-09-08
hairy,FACE HAPPY,10000 list,3,0,False,False,2025-09-08
cleveland,FLEECE,10000 list,3,0,False,False,2025-09-08
deposit,KIT LOT,10000 list,3,0,False,False,2025-09-08
sexcam,DRESS TRAP,10000 list,3,0,False,False,2025-09-08
sensitive,DRESS KIT,10000 list,3,0,False,False,2025-09-08
router,GOOSE/MOUTH lettER,10000 list,3,0,False,False,2025-09-08
completion,LOT FLEECE,10000 list,3,0,False,False,2025-09-08
milfhunter,KIT STRUT lettER,10000 list,3,0,False,False,2025-09-08
specification,DRESS KIT FACE,10000 list,3,0,False,False,2025-09-08
accident,TRAP KIT,10000 list,3,0,False,False,2025-09-08
resident,DRESS KIT,10000 list,3,0,False,False,2025-09-08
plot,LOT,10000 list,3,0,False,False,2025-09-08
possibly,LOT KIT HAPPY,10000 list,3,0,False,False,2025-09-08
typically,KIT HAPPY,10000 list,3,0,False,False,2025-09-08
regard,START,10000 list,3,0,False,False,2025-09-08
smooth,GOOSE,10000 list,3,0,False,False,2025-09-08
beastiality,FLEECE TRAP KIT happY,10000 list,3,0,False,False,2025-09-08
strike,PRICE,10000 list,3,0,False,False,2025-09-08
consumption,LOT STRUT,10000 list,3,0,False,False,2025-09-08
controller,GOAT lettER,10000 list,3,0,False,False,2025-09-08
ownership,GOAT NURSE KIT,10000 list,3,0,False,False,2025-09-08
penis,FLEECE KIT,10000 list,3,0,False,False,2025-09-08
legislative,DRESS KIT (FACE),10000 list,3,0,False,False,2025-09-08
anne,TRAP,10000 list,3,0,False,False,2025-09-08
bio,PRICE GOAT,10000 list,3,0,False,False,2025-09-08
molecular,DRESS GOOSE lettER,10000 list,3,0,False,False,2025-09-08
upskirt,STRUT NURSE,10000 list,3,0,False,False,2025-09-08
stored,FORCE,10000 list,3,0,False,False,2025-09-08
exam,TRAP,10000 list,3,0,False,False,2025-09-08
density,DRESS KIT HAPPY,10000 list,3,0,False,False,2025-09-08
hundred,STRUT,10000 list,3,0,False,False,2025-09-08
statistical,KIT,10000 list,3,0,False,False,2025-09-08
mention,DRESS commA,10000 list,3,0,False,False,2025-09-08
grey,FACE,10000 list,3,0,False,False,2025-09-08
operate,LOT NURSE FACE,10000 list,3,0,False,False,2025-09-08
bold,GOAT,10000 list,3,0,False,False,2025-09-08
von,LOT,10000 list,3,0,False,False,2025-09-08
scan,TRAP,10000 list,3,0,False,False,2025-09-08
blank,TRAP,10000 list,3,0,False,False,2025-09-08
enhanced,BATH,10000 list,3,0,False,False,2025-09-08
generate,DRESS NURSE FACE,10000 list,3,0,False,False,2025-09-08
humor,GOOSE lettER,10000 list,3,0,False,False,2025-09-08
exception,DRESS,10000 list,3,0,False,False,2025-09-08
lived,KIT,10000 list,3,0,False,False,2025-09-08
duration,CURE FACE commA,10000 list,3,0,False,False,2025-09-08
successfully,STRUT DRESS FOOT happY,10000 list,3,0,False,False,2025-09-08
sci,PRICE,10000 list,3,0,False,False,2025-09-08
fabric,TRAP KIT,10000 list,3,0,False,False,2025-09-08
edit,DRESS KIT,10000 list,3,0,False,False,2025-09-08
primarily,PRICE SQUARE KIT happY,10000 list,3,0,False,False,2025-09-08
recruitment,(FLEECE) GOOSE,10000 list,3,0,False,False,2025-09-08
sin,KIT,10000 list,3,0,False,False,2025-09-08
berlin,NURSE KIT,10000 list,3,0,False,False,2025-09-08
organized,FORCE PRICE,10000 list,3,0,False,False,2025-09-08
siemens,PRICE,10000 list,3,0,False,False,2025-09-08
adoption,LOT,10000 list,3,0,False,False,2025-09-08
expensive,KIT DRESS,10000 list,3,0,False,False,2025-09-08
meant,DRESS,10000 list,3,0,False,False,2025-09-08
expertise,DRESS NURSE FLEECE,10000 list,3,0,False,False,2025-09-08
mechanism,DRESS commA KIT,10000 list,3,0,False,False,2025-09-08
jewellery,GOOSE FLEECE,10000 list,3,0,False,False,2025-09-08
eventually,DRESS (GOOSE) happY,10000 list,3,0,False,False,2025-09-08
measured,DRESS NURSE,10000 list,3,0,False,False,2025-09-08
medline,DRESS PRICE,10000 list,3,0,False,False,2025-09-08
bottle,LOT,10000 list,3,0,False,False,2025-09-08
thousand,MOUTH commA,10000 list,3,0,False,False,2025-09-08
susan,GOOSE commA,10000 list,3,0,False,False,2025-09-08
monster,LOT lettER,10000 list,3,0,False,False,2025-09-08
bone,GOAT,10000 list,3,0,False,False,2025-09-08
collaboration,TRAP LETTER FACE,10000 list,3,0,False,False,2025-09-08
detection,commA DRESS,10000 list,3,0,False,False,2025-09-08
ftp,DRESS FLEECE,10000 list,3,0,False,False,2025-09-08
med,DRESS,10000 list,3,0,False,False,2025-09-08
entity,DRESS KIT happY,10000 list,3,0,False,False,2025-09-08
gate,FACE,10000 list,3,0,False,False,2025-09-08
moderator,LOT LETTER FACE,10000 list,3,0,False,False,2025-09-08
erotic,LOT KIT,10000 list,3,0,False,False,2025-09-08
collectables,DRESS,10000 list,3,0,False,False,2025-09-08
ethics,DRESS KIT,10000 list,3,0,False,False,2025-09-08
forever,DRESS lettER,10000 list,3,0,False,False,2025-09-08
leg,DRESS,10000 list,3,0,False,False,2025-09-08
neck,DRESS,10000 list,3,0,False,False,2025-09-08
wing,KIT,10000 list,3,0,False,False,2025-09-08
abc,FACE FLEECE,10000 list,3,0,False,False,2025-09-08
stereo,SQUARE FLEECE GOAT,10000 list,3,0,False,False,2025-09-08
commit,KIT,10000 list,3,0,False,False,2025-09-08
operational,LOT LETTER FACE,10000 list,3,0,False,False,2025-09-08
livecam,PRICE TRAP,10000 list,3,0,False,False,2025-09-08
jay,FACE,10000 list,3,0,False,False,2025-09-08
corresponding,NORTH LOT,10000 list,3,0,False,False,2025-09-08
belt,DRESS,10000 list,3,0,False,False,2025-09-08
jacket,TRAP,10000 list,3,0,False,False,2025-09-08
determination,NURSE KIT FACE,10000 list,3,0,False,False,2025-09-08
animation,TRAP KIT FACE,10000 list,3,0,False,False,2025-09-08
oracle,LOT/NORTH,10000 list,3,0,False,False,2025-09-08
lease,FLEECE,10000 list,3,0,False,False,2025-09-08
excess,DRESS,10000 list,3,0,False,False,2025-09-08
telecommunications,DRESS GOOSE KIT FACE,10000 list,3,0,False,False,2025-09-08
achieved,FLEECE,10000 list,3,0,False,False,2025-09-08
shipped,KIT,10000 list,3,0,False,False,2025-09-08
bestiality,FLEECE/DRESS FLEECE TRAP KIT HAPPY,10000 list,3,0,False,False,2025-09-08
approaches,GOAT KIT,10000 list,3,0,False,False,2025-09-08
voltage,GOAT,10000 list,3,0,False,False,2025-09-08
anthony,TRAP HAPPY,10000 list,3,0,False,False,2025-09-08
nintendo,KIT DRESS GOAT,10000 list,3,0,False,False,2025-09-08
franklin,TRAP KIT,10000 list,3,0,False,False,2025-09-08
angle,TRAP,10000 list,3,0,False,False,2025-09-08
vinyl,PRICE,10000 list,3,0,False,False,2025-09-08
ongoing,LOT GOAT KIT,10000 list,3,0,False,False,2025-09-08
blackjack,TRAP,10000 list,3,0,False,False,2025-09-08
convert,NURSE,10000 list,3,0,False,False,2025-09-08
possibility,CLOTH KIT HAPPY,10000 list,3,0,False,False,2025-09-08
analyst,TRAP KIT,10000 list,3,0,False,False,2025-09-08
gcc,FLEECE,10000 list,3,0,False,False,2025-09-08
respectively,DRESS KIT HAPPY,10000 list,3,0,False,False,2025-09-08
finland,KIT,10000 list,3,0,False,False,2025-09-08
derived,PRICE,10000 list,3,0,False,False,2025-09-08
asp,TRAP,10000 list,3,0,False,False,2025-09-08
oriented,NORTH FLEECE DRESS,10000 list,3,0,False,False,2025-09-08
pants,TRAP,10000 list,3,0,False,False,2025-09-08
columbus,STRUT,10000 list,3,0,False,False,2025-09-08
appointment,CHOICE,10000 list,3,0,False,False,2025-09-08
postage,GOAT,10000 list,3,0,False,False,2025-09-08
dial,PRICE,10000 list,3,0,False,False,2025-09-08
cheese,FLEECE,10000 list,3,0,False,False,2025-09-08
comic,LOT KIT,10000 list,3,0,False,False,2025-09-08
carefully,SQUARE STRUT,10000 list,3,0,False,False,2025-09-08
crack,TRAP,10000 list,3,0,False,False,2025-09-08
semester,DRESS LETTER,10000 list,3,0,False,False,2025-09-08
calculated,TRAP FACE,10000 list,3,0,False,False,2025-09-08
cumshot,STRUT LOT,10000 list,3,0,False,False,2025-09-08
fetish,DRESS KIT,10000 list,3,0,False,False,2025-09-08
incorporated,KIT NORTH FACE,10000 list,3,0,False,False,2025-09-08
fellow,DRESS GOAT,10000 list,3,0,False,False,2025-09-08
blind,PRICE,10000 list,3,0,False,False,2025-09-08
semi,DRESS HAPPY/PRICE,10000 list,3,0,False,False,2025-09-08
strongly,LOT HAPPY,10000 list,3,0,False,False,2025-09-08
cafe,TRAP FACE,10000 list,3,0,False,False,2025-09-08
hilton,KIT,10000 list,3,0,False,False,2025-09-08
ken,DRESS,10000 list,3,0,False,False,2025-09-08
exp,FLEECE DRESS,10000 list,3,0,False,False,2025-09-08
familiar,KIT NURSE,10000 list,3,0,False,False,2025-09-08
debian,DRESS FLEECE,10000 list,3,0,False,False,2025-09-08
till,KIT,10000 list,3,0,False,False,2025-09-08
pen,DRESS,10000 list,3,0,False,False,2025-09-08
epson,DRESS,10000 list,3,0,False,False,2025-09-08
sand,TRAP,10000 list,3,0,False,False,2025-09-08
madison,TRAP KIT,10000 list,3,0,False,False,2025-09-08
cpu,FLEECE GOOSE,10000 list,3,0,False,False,2025-09-08
ran,TRAP,10000 list,3,0,False,False,2025-09-08
actor,TRAP,10000 list,3,0,False,False,2025-09-08
seal,FLEECE,10000 list,3,0,False,False,2025-09-08
FACEallocated,TRAP,10000 list,3,0,False,False,2025-09-08
jon,LOT,10000 list,3,0,False,False,2025-09-08
substance,STRUT,10000 list,3,0,False,False,2025-09-08
prohibited,KIT,10000 list,3,0,False,False,2025-09-08
lecture,DRESS NURSE,10000 list,3,0,False,False,2025-09-08
simulation,KIT GOOSE FACE,10000 list,3,0,False,False,2025-09-08
ill,KIT,10000 list,3,0,False,False,2025-09-08
concentration,LOT FACE,10000 list,3,0,False,False,2025-09-08
lay,FACE,10000 list,3,0,False,False,2025-09-08
deck,DRESS,10000 list,3,0,False,False,2025-09-08
bankruptcy,TRAP STRUT HAPPY,10000 list,3,0,False,False,2025-09-08
optimization,LOT KIT FACE,10000 list,3,0,False,False,2025-09-08
temple,DRESS,10000 list,3,0,False,False,2025-09-08
genetic,DRESS KIT,10000 list,3,0,False,False,2025-09-08
promise,LOT,10000 list,3,0,False,False,2025-09-08
thin,KIT,10000 list,3,0,False,False,2025-09-08
mph,PRICE NURSE MOUTH,10000 list,3,0,False,False,2025-09-08
dose,GOAT,10000 list,3,0,False,False,2025-09-08
evaluate,TRAP GOOSE FACE,10000 list,3,0,False,False,2025-09-08
tiffany,KIT HAPPY,10000 list,3,0,False,False,2025-09-08
tropical,LOT KIT,10000 list,3,0,False,False,2025-09-08
collect,DRESS,10000 list,3,0,False,False,2025-09-08
bet,DRESS,10000 list,3,0,False,False,2025-09-08
composition,LOT KIT,10000 list,3,0,False,False,2025-09-08
vector,DRESS,10000 list,3,0,False,False,2025-09-08
shaved,FACE,10000 list,3,0,False,False,2025-09-08
existence,Kit,10000 list,3,0,False,False,2025-09-08
commentary,LOT (SQUARE) HAPPY,10000 list,3,0,False,False,2025-09-08
larry,SQUARE/TRAP,10000 list,3,0,False,False,2025-09-08
limousines,KIT FLEECE,10000 list,3,0,False,False,2025-09-08
def,DRESS,10000 list,3,0,False,False,2025-09-08
immigration,KIT FACE,10000 list,3,0,False,False,2025-09-08
necessarily,DRESS SQUARE,10000 list,3,0,False,False,2025-09-08
syntax,KIT TRAP,10000 list,3,0,False,False,2025-09-08
skill,KIT,10000 list,3,0,False,False,2025-09-08
everyday,DRESS HAPPY FACE,10000 list,3,0,False,False,2025-09-08
ethernet,FLEECE LETTER DRESS,10000 list,3,0,False,False,2025-09-08
trend,DRESS,10000 list,3,0,False,False,2025-09-08
postposted,GOAT,10000 list,3,0,False,False,2025-09-08
rhode,GOAT,10000 list,3,0,False,False,2025-09-08
nba,DRESS FLEECE FACE,10000 list,3,0,False,False,2025-09-08
busty,STRUT,10000 list,3,0,False,False,2025-09-08
coordinator,NORTH FACE LETTER,10000 list,3,0,False,False,2025-09-08
obviously,LOT FLEECE HAPPY,10000 list,3,0,False,False,2025-09-08
steven,FLEECE,10000 list,3,0,False,False,2025-09-08
handbook,TRAP FOOT,10000 list,3,0,False,False,2025-09-08
greg,DRESS,10000 list,3,0,False,False,2025-09-08
navigate,TRAP,10000 list,3,0,False,False,2025-09-08
epa,FLEECE FACE,10000 list,3,0,False,False,2025-09-08
fundamental,STRUT DRESS,10000 list,3,0,False,False,2025-09-08
receiver,FLEECE LETTER,10000 list,3,0,False,False,2025-09-08
progressive,DRESS KIT,10000 list,3,0,False,False,2025-09-08
cialis,FLEECE TRAP KIT,10000 list,3,0,False,False,2025-09-08
glance,BATH,10000 list,3,0,False,False,2025-09-08
scottish,LOT KIT,10000 list,3,0,False,False,2025-09-08
arcade,START FACE,10000 list,3,0,False,False,2025-09-08
richmond,Kit,10000 list,3,0,False,False,2025-09-08
sacramento,TRAP DRESS GOAT,10000 list,3,0,False,False,2025-09-08
ron,LOT,10000 list,3,0,False,False,2025-09-08
fiber,PRICE LETTER,10000 list,3,0,False,False,2025-09-08
depression,DRESS,10000 list,3,0,False,False,2025-09-08
platinum,TRAP STRUT,10000 list,3,0,False,False,2025-09-08
testimonials,DRESS GOAT,10000 list,3,0,False,False,2025-09-08
memorabilia,DRESS LETTER FLEECE,10000 list,3,0,False,False,2025-09-08
clinton,KIT,10000 list,3,0,False,False,2025-09-08
cartridge,START,10000 list,3,0,False,False,2025-09-08
alberta,TRAP/PALM NURSE,10000 list,3,0,False,False,2025-09-08
explanation,DRESS FACE,10000 list,3,0,False,False,2025-09-08
org,NORTH,10000 list,3,0,False,False,2025-09-08
cincinnati,KIT TRAP,10000 list,3,0,False,False,2025-09-08
subsection,STRUT DRESS,10000 list,3,0,False,False,2025-09-08
electricity,DRESS KIT HAPPY,10000 list,3,0,False,False,2025-09-08
spectrum,DRESS,10000 list,3,0,False,False,2025-09-08
pottery,LOT LETTER HAPPY,10000 list,3,0,False,False,2025-09-08
emphasis,DRESS KIT,10000 list,3,0,False,False,2025-09-08
aspect,TRAP DRESS,10000 list,3,0,False,False,2025-09-08
mexican,DRESS KIT,10000 list,3,0,False,False,2025-09-08
priced,PRICE,10000 list,3,0,False,False,2025-09-08
hist,KIT,10000 list,3,0,False,False,2025-09-08
lift,KIT,10000 list,3,0,False,False,2025-09-08
desired,PRICE,10000 list,3,0,False,False,2025-09-08
infection,KIT DRESS,10000 list,3,0,False,False,2025-09-08
firefox,PRICE LOT,10000 list,3,0,False,False,2025-09-08
expense,DRESS,10000 list,3,0,False,False,2025-09-08
eligibility,DRESS KIT HAPPY,10000 list,3,0,False,False,2025-09-08
venture,DRESS NURSE,10000 list,3,0,False,False,2025-09-08
clinic,KIT,10000 list,3,0,False,False,2025-09-08
healing,FLEECE KIT,10000 list,3,0,False,False,2025-09-08
princess,KIT,10000 list,3,0,False,False,2025-09-08
packet,TRAP,10000 list,3,0,False,False,2025-09-08
spray,FACE,10000 list,3,0,False,False,2025-09-08
thompson,LOT,10000 list,3,0,False,False,2025-09-08
extend,DRESS,10000 list,3,0,False,False,2025-09-08
subsequent,STRUT DRESS,10000 list,3,0,False,False,2025-09-08
pat,TRAP,10000 list,3,0,False,False,2025-09-08
fell,DRESS,10000 list,3,0,False,False,2025-09-08
nelson,DRESS,10000 list,3,0,False,False,2025-09-08
arrived,PRICE,10000 list,3,0,False,False,2025-09-08
mayor,FACE LETTER,10000 list,3,0,False,False,2025-09-08
adequate,TRAP KIT,10000 list,3,0,False,False,2025-09-08
senator,DRESS,10000 list,3,0,False,False,2025-09-08
yield,FLEECE,10000 list,3,0,False,False,2025-09-08
dust,STRUT,10000 list,3,0,False,False,2025-09-08
hence,DRESS,10000 list,3,0,False,False,2025-09-08
losses,CLOTH,10000 list,3,0,False,False,2025-09-08
stopped,LOT,10000 list,3,0,False,False,2025-09-08
citysearch,KIT NURSE,10000 list,3,0,False,False,2025-09-08
closely,GOAT HAPPY,10000 list,3,0,False,False,2025-09-08
seriously,FLEECE STRUT HAPPY,10000 list,3,0,False,False,2025-09-08
kent,DRESS,10000 list,3,0,False,False,2025-09-08
nsw,DRESS STRUT,10000 list,3,0,False,False,2025-09-08
pci,FLEECE PRICE,10000 list,3,0,False,False,2025-09-08
pollution,GOOSE,10000 list,3,0,False,False,2025-09-08
guestbook,DRESS FOOT,10000 list,3,0,False,False,2025-09-08
shock,LOT,10000 list,3,0,False,False,2025-09-08
demonstrate,DRESS FACE,10000 list,3,0,False,False,2025-09-08
beast,FLEECE,10000 list,3,0,False,False,2025-09-08
operated,LOT LETTER FACE,10000 list,3,0,False,False,2025-09-08
experiment,SQUARE,10000 list,3,0,False,False,2025-09-08
counsel,MOUTH,10000 list,3,0,False,False,2025-09-08
federation,DRESS FACE,10000 list,3,0,False,False,2025-09-08
gordon,FORCE,10000 list,3,0,False,False,2025-09-08
mod,LOT,10000 list,3,0,False,False,2025-09-08
cluster,STRUT LETTER,10000 list,3,0,False,False,2025-09-08
lamp,TRAP,10000 list,3,0,False,False,2025-09-08
rico,FLEECE GOAT,10000 list,3,0,False,False,2025-09-08
phil,KIT,10000 list,3,0,False,False,2025-09-08
cst,FLEECE DRESS,10000 list,3,0,False,False,2025-09-08
http,FACE FLEECE,10000 list,3,0,False,False,2025-09-08
ceo,FLEECE GOAT,10000 list,3,0,False,False,2025-09-08
simpson,KIT,10000 list,3,0,False,False,2025-09-08
twiki,KIT FLEECE,10000 list,3,0,False,False,2025-09-08
satisfied,TRAP KIT PRICE,10000 list,3,0,False,False,2025-09-08
glad,TRAP,10000 list,3,0,False,False,2025-09-08
copper,LOT,10000 list,3,0,False,False,2025-09-08
rack,TRAP,10000 list,3,0,False,False,2025-09-08
medication,DRESS KIT FACE,10000 list,3,0,False,False,2025-09-08
rep,DRESS,10000 list,3,0,False,False,2025-09-08
dicke,KIT HAPPY,10000 list,3,0,False,False,2025-09-08
receipt,FLEECE,10000 list,3,0,False,False,2025-09-08
ordinary,NORTH (SQUARE) HAPPY,10000 list,3,0,False,False,2025-09-08
ghost,GOAT,10000 list,3,0,False,False,2025-09-08
violation,PRICE FACE,10000 list,3,0,False,False,2025-09-08
configure,KIT NURSE,10000 list,3,0,False,False,2025-09-08
mit,KIT,10000 list,3,0,False,False,2025-09-08
boss,CLOTH,10000 list,3,0,False,False,2025-09-08
institutional,KIT GOOSE,10000 list,3,0,False,False,2025-09-08
expectations,DRESS FACE,10000 list,3,0,False,False,2025-09-08
independence,KIT DRESS,10000 list,3,0,False,False,2025-09-08
metabolism,TRAP KIT,10000 list,3,0,False,False,2025-09-08
keith,FLEECE,10000 list,3,0,False,False,2025-09-08
cloudy,MOUTH,10000 list,3,0,False,False,2025-09-08
ross,CLOTH,10000 list,3,0,False,False,2025-09-08
chile,FLEECE/KIT FACE/FLEECE,10000 list,3,0,False,False,2025-09-08
plenty,DRESS,10000 list,3,0,False,False,2025-09-08
sentence,DRESS,10000 list,3,0,False,False,2025-09-08
excellence,DRESS,10000 list,3,0,False,False,2025-09-08
wealth,DRESS,10000 list,3,0,False,False,2025-09-08
recognize,DRESS PRICE,10000 list,3,0,False,False,2025-09-08
survival,NURSE PRICE,10000 list,3,0,False,False,2025-09-08
quest,DRESS,10000 list,3,0,False,False,2025-09-08
trans,REAP/BATH,10000 list,3,0,False,False,2025-09-08
api,FACE FLEECE PRICE,10000 list,3,0,False,False,2025-09-08
acrobat,TRAP,10000 list,3,0,False,False,2025-09-08
venue,DRESS GOOSE,10000 list,3,0,False,False,2025-09-08
athletic,TRAP DRESS KIT,10000 list,3,0,False,False,2025-09-08
coastal,GOAT,10000 list,3,0,False,False,2025-09-08
config,LOT KIT,10000 list,3,0,False,False,2025-09-08
intelligent,KIT DRESS,10000 list,3,0,False,False,2025-09-08
excel,DRESS,10000 list,3,0,False,False,2025-09-08
urw,GOOSE START STRUT,10000 list,3,0,False,False,2025-09-08
regardless,START,10000 list,3,0,False,False,2025-09-08
lan,FLEECE,10000 list,3,0,False,False,2025-09-08
enemy,DRESS HAPPY,10000 list,3,0,False,False,2025-09-08
wishlist,KIT,10000 list,3,0,False,False,2025-09-08
shit,KIT,10000 list,3,0,False,False,2025-09-08
republican,STRUT,10000 list,3,0,False,False,2025-09-08
latter,TRAP,10000 list,3,0,False,False,2025-09-08
thick,KIT,10000 list,3,0,False,False,2025-09-08
penalty,DRESS HAPPY,10000 list,3,0,False,False,2025-09-08
drum,STRUT,10000 list,3,0,False,False,2025-09-08
glasses,BATH,10000 list,3,0,False,False,2025-09-08
nec,DRESS,10000 list,3,0,False,False,2025-09-08
iraqi,KIT TRAP/PALM FLEECE,10000 list,3,0,False,False,2025-09-08
foto,GOAT,10000 list,3,0,False,False,2025-09-08
ease,FLEECE,10000 list,3,0,False,False,2025-09-08
amsterdam,TRAP LETTER,10000 list,3,0,False,False,2025-09-08
pupils,GOOSE,10000 list,3,0,False,False,2025-09-08
appreciate,FLEECE FACE,10000 list,3,0,False,False,2025-09-08
jerry,DRESS,10000 list,3,0,False,False,2025-09-08
troops,GOOSE,10000 list,3,0,False,False,2025-09-08
bulgaria,SQUARE FLEECE,10000 list,3,0,False,False,2025-09-08
broker,GOAT LETTER,10000 list,3,0,False,False,2025-09-08
believed,FLEECE,10000 list,3,0,False,False,2025-09-08
pine,PRICE,10000 list,3,0,False,False,2025-09-08
tend,DRESS,10000 list,3,0,False,False,2025-09-08
rick,KIT,10000 list,3,0,False,False,2025-09-08
partly,START HAPPY,10000 list,3,0,False,False,2025-09-08
nikon,KIT/PRICE LOT,10000 list,3,0,False,False,2025-09-08
customize,STRUT PRICE,10000 list,3,0,False,False,2025-09-08
tradition,KIT,10000 list,3,0,False,False,2025-09-08
candy,TRAP,10000 list,3,0,False,False,2025-09-08
donald,LOT,10000 list,3,0,False,False,2025-09-08
telecom,DRESS LOT,10000 list,3,0,False,False,2025-09-08
hunt,STRUT,10000 list,3,0,False,False,2025-09-08
complaint,FACE,10000 list,3,0,False,False,2025-09-08
scholarship,LOT LETTER KIT,10000 list,3,0,False,False,2025-09-08
mill,KIT,10000 list,3,0,False,False,2025-09-08
chronic,LOT KIT,10000 list,3,0,False,False,2025-09-08
tranny,TRAP,10000 list,3,0,False,False,2025-09-08
catering,FACE LETTER KIT,10000 list,3,0,False,False,2025-09-08
aud,THOUGHT,10000 list,3,0,False,False,2025-09-08
pound,MOUTH,10000 list,3,0,False,False,2025-09-08
burn,NURSE,10000 list,3,0,False,False,2025-09-08
bread,DRESS,10000 list,3,0,False,False,2025-09-08
tobacco,TRAP GOAT,10000 list,3,0,False,False,2025-09-08
incident,KIT,10000 list,3,0,False,False,2025-09-08
gonna,STRUT,10000 list,3,0,False,False,2025-09-08
crm,FLEECE START DRESS,10000 list,3,0,False,False,2025-09-08
decrease,FLEECE,10000 list,3,0,False,False,2025-09-08
pension,DRESS,10000 list,3,0,False,False,2025-09-08
billy,KIT,10000 list,3,0,False,False,2025-09-08
emerging,NURSE,10000 list,3,0,False,False,2025-09-08
bukkake,GOOSE PALM happY,10000 list,3,0,False,False,2025-09-08
capability,FACE KIT HAPPY,10000 list,3,0,False,False,2025-09-08
craig,DRESS/FACE,10000 list,3,0,False,False,2025-09-08
herself,NURSE DRESS,10000 list,3,0,False,False,2025-09-08
churches,NURSE,10000 list,3,0,False,False,2025-09-08
contributed,KIT GOOSE,10000 list,3,0,False,False,2025-09-08
solve,LOT,10000 list,3,0,False,False,2025-09-08
minority,PRICE/KIT CLOTH/NORTH KIT HAPPY,10000 list,3,0,False,False,2025-09-08
diverse,PRICE NURSE,10000 list,3,0,False,False,2025-09-08
amp,TRAP,10000 list,3,0,False,False,2025-09-08
ingredients,KIT FLEECE,10000 list,3,0,False,False,2025-09-08
johnny,LOT HAPPY,10000 list,3,0,False,False,2025-09-08
nancy,TRAP HAPPY,10000 list,3,0,False,False,2025-09-08
rehabilitation,FLEECE KIT FACE,10000 list,3,0,False,False,2025-09-08
clay,FACE,10000 list,3,0,False,False,2025-09-08
patches,TRAP,10000 list,3,0,False,False,2025-09-08
usc,GOOSE DRESS FLEECE,10000 list,3,0,False,False,2025-09-08
tremble,DRESS,10000 list,3,0,False,False,2025-09-08
divided,PRICE,10000 list,3,0,False,False,2025-09-08
blvd,STRUT START,10000 list,3,0,False,False,2025-09-08
amd,FACE DRESS FLEECE,10000 list,3,0,False,False,2025-09-08
correctly,DRESS HAPPY,10000 list,3,0,False,False,2025-09-08
insider,PRICE LETTER,10000 list,3,0,False,False,2025-09-08
geography,FLEECE LOT HAPPY,10000 list,3,0,False,False,2025-09-08
discrimination,KIT FACE,10000 list,3,0,False,False,2025-09-08
eve,FLEECE,10000 list,3,0,False,False,2025-09-08
marc,START,10000 list,3,0,False,False,2025-09-08
pleased,FLEECE,10000 list,3,0,False,False,2025-09-08
vitamin,KIT/PRICE,10000 list,3,0,False,False,2025-09-08
widely,PRICE HAPPY,10000 list,3,0,False,False,2025-09-08
implications,KIT FACE,10000 list,3,0,False,False,2025-09-08
functionality,STRUT TRAP HAPPY,10000 list,3,0,False,False,2025-09-08
emotional,GOAT,10000 list,3,0,False,False,2025-09-08
leaf,FLEECE,10000 list,3,0,False,False,2025-09-08
diesel,FLEECE,10000 list,3,0,False,False,2025-09-08
exceed,FLEECE BATH/TRAP KIT geographic FLEECE,10000 list,3,0,False,False,2025-09-08
rod,LOT,10000 list,3,0,False,False,2025-09-08
saudi,MOUTH HAPPY,10000 list,3,0,False,False,2025-09-08
fault,THOUGHT,10000 list,3,0,False,False,2025-09-08
preliminary,KIT (SQUARE) HAPPY,10000 list,3,0,False,False,2025-09-08
silk,KIT,10000 list,3,0,False,False,2025-09-08
promotional,GOAT,10000 list,3,0,False,False,2025-09-08
chevrolet,DRESS FACE,10000 list,3,0,False,False,2025-09-08
compiled,PRICE,10000 list,3,0,False,False,2025-09-08
generator,DRESS FACE LETTER,10000 list,3,0,False,False,2025-09-08
albert,TRAP NURSE,10000 list,3,0,False,False,2025-09-08
examine,TRAP KIT,10000 list,3,0,False,False,2025-09-08
graham,FACE,10000 list,3,0,False,False,2025-09-08
suspension,DRESS,10000 list,3,0,False,False,2025-09-08
bristol,KIT,10000 list,3,0,False,False,2025-09-08
correction,DRESS,10000 list,3,0,False,False,2025-09-08
communicate,GOOSE KIT FACE,10000 list,3,0,False,False,2025-09-08
showtimes,GOAT PRICE,10000 list,3,0,False,False,2025-09-08
cal,TRAP,10000 list,3,0,False,False,2025-09-08
infant,KIT,10000 list,3,0,False,False,2025-09-08
fluid,GOOSE KIT,10000 list,3,0,False,False,2025-09-08
kick,KIT,10000 list,3,0,False,False,2025-09-08
meal,FLEECE,10000 list,3,0,False,False,2025-09-08
machinery,FLEECE HAPPY,10000 list,3,0,False,False,2025-09-08
bandwidth,TRAP KIT,10000 list,3,0,False,False,2025-09-08
probability,LOT KIT HAPPY,10000 list,3,0,False,False,2025-09-08
pot,LOT,10000 list,3,0,False,False,2025-09-08
dimension,DRESS,10000 list,3,0,False,False,2025-09-08
img,KIT,10000 list,3,0,False,False,2025-09-08
barry,SQUARE/TRAP HAPPY,10000 list,3,0,False,False,2025-09-08
proven,GOOSE,10000 list,3,0,False,False,2025-09-08
cached,TRAP/FACE,10000 list,3,0,False,False,2025-09-08
slip,KIT,10000 list,3,0,False,False,2025-09-08
studied,STRUT FLEECE,10000 list,3,0,False,False,2025-09-08
rpm,START FLEECE DRESS,10000 list,3,0,False,False,2025-09-08
devil,DRESS,10000 list,3,0,False,False,2025-09-08
comply,PRICE,10000 list,3,0,False,False,2025-09-08
marie,FLEECE,10000 list,3,0,False,False,2025-09-08
illustrated,KIT FACE,10000 list,3,0,False,False,2025-09-08
cherry,DRESS/SQUARE HAPPY,10000 list,3,0,False,False,2025-09-08
continental,LOT DRESS,10000 list,3,0,False,False,2025-09-08
deutsch,CHOICE,10000 list,3,0,False,False,2025-09-08
kenya,DRESS,10000 list,3,0,False,False,2025-09-08
nutten,STRUT,10000 list,3,0,False,False,2025-09-08
earrings,FLEECE KIT,10000 list,3,0,False,False,2025-09-08
automated,THOUGHT FACE,10000 list,3,0,False,False,2025-09-08
quebec,DRESS,10000 list,3,0,False,False,2025-09-08
dennis,DRESS KIT,10000 list,3,0,False,False,2025-09-08
francis,BATH KIT,10000 list,3,0,False,False,2025-09-08
sized,PRICE,10000 list,3,0,False,False,2025-09-08
noticed,GOAT KIT,10000 list,3,0,False,False,2025-09-08
socket,LOT,10000 list,3,0,False,False,2025-09-08
literary,KIT (SQUARE) HAPPY,10000 list,3,0,False,False,2025-09-08
pill,KIT,10000 list,3,0,False,False,2025-09-08
childhood,PRICE FOOT,10000 list,3,0,False,False,2025-09-08
lat,TRAP,10000 list,3,0,False,False,2025-09-08
meta,DRESS,10000 list,3,0,False,False,2025-09-08
flexibility,DRESS KIT HAPPY,10000 list,3,0,False,False,2025-09-08
boundary,MOUTH HAPPY,10000 list,3,0,False,False,2025-09-08
mint,KIT,10000 list,3,0,False,False,2025-09-08
packard,TRAP,10000 list,3,0,False,False,2025-09-08
philip,KIT,10000 list,3,0,False,False,2025-09-08
spin,KIT,10000 list,3,0,False,False,2025-09-08
swedish,FLEECE KIT,10000 list,3,0,False,False,2025-09-08
deadline,DRESS PRICE,10000 list,3,0,False,False,2025-09-08
collins,LOT KIT,10000 list,3,0,False,False,2025-09-08
equipped,KIT,10000 list,3,0,False,False,2025-09-08
sur,NURSE,10000 list,3,0,False,False,2025-09-08
broadway,THOUGHT FACE,10000 list,3,0,False,False,2025-09-08
acquired,PRICE,10000 list,3,0,False,False,2025-09-08
entrance,DRESS,10000 list,3,0,False,False,2025-09-08
gnome,GOAT,10000 list,3,0,False,False,2025-09-08
declaration,DRESS FACE,10000 list,3,0,False,False,2025-09-08
gadgets,TRAP,10000 list,3,0,False,False,2025-09-08
automation,THOUGHT FACE,10000 list,3,0,False,False,2025-09-08
rev,DRESS,10000 list,3,0,False,False,2025-09-08
gospel,CLOTH,10000 list,3,0,False,False,2025-09-08
induced,KIT GOOSE,10000 list,3,0,False,False,2025-09-08
islamic,BATH KIT,10000 list,3,0,False,False,2025-09-08
ieee,PRICE FLEECE,10000 list,3,0,False,False,2025-09-08
pending,DRESS KIT,10000 list,3,0,False,False,2025-09-08
corp,NORTH,10000 list,3,0,False,False,2025-09-08
kennedy,DRESS HAPPY,10000 list,3,0,False,False,2025-09-08
triple,KIT,10000 list,3,0,False,False,2025-09-08
nyc,DRESS PRICE FLEECE,10000 list,3,0,False,False,2025-09-08
vincent,KIT,10000 list,3,0,False,False,2025-09-08
secured,GOOSE,10000 list,3,0,False,False,2025-09-08
destruction,STRUT,10000 list,3,0,False,False,2025-09-08
increasingly,KIT FLEECE HAPPY,10000 list,3,0,False,False,2025-09-08
disorder,KIT NORTH LETTER,10000 list,3,0,False,False,2025-09-08
toolbar,GOOSE START,10000 list,3,0,False,False,2025-09-08
basically,FACE HAPPY,10000 list,3,0,False,False,2025-09-08
conventional,DRESS,10000 list,3,0,False,False,2025-09-08
titans,PRICE,10000 list,3,0,False,False,2025-09-08
axis,TRAP KIT,10000 list,3,0,False,False,2025-09-08
sought,THOUGHT,10000 list,3,0,False,False,2025-09-08
firewall,PRICE THOUGHT,10000 list,3,0,False,False,2025-09-08
median,FLEECE,10000 list,3,0,False,False,2025-09-08
scanner,TRAP LETTER,10000 list,3,0,False,False,2025-09-08
herein,FLEECE KIT,10000 list,3,0,False,False,2025-09-08
occupational,LOT GOOSE FACE,10000 list,3,0,False,False,2025-09-08
animated,TRAP KIT FACE,10000 list,3,0,False,False,2025-09-08
rio,FLEECE GOAT,10000 list,3,0,False,False,2025-09-08
integer,KIT LETTER,10000 list,3,0,False,False,2025-09-08
bachelor,TRAP LETTER,10000 list,3,0,False,False,2025-09-08
engaged,FACE,10000 list,3,0,False,False,2025-09-08
montreal,LOT FLEECE,10000 list,3,0,False,False,2025-09-08
struct,STRUT,10000 list,3,0,False,False,2025-09-08
lenses,DRESS,10000 list,3,0,False,False,2025-09-08
binary,PRICE HAPPY,10000 list,3,0,False,False,2025-09-08
difficulty,KIT HAPPY,10000 list,3,0,False,False,2025-09-08
collective,DRESS KIT,10000 list,3,0,False,False,2025-09-08
coalition,GOAT KIT,10000 list,3,0,False,False,2025-09-08
dropped,LOT,10000 list,3,0,False,False,2025-09-08
enrollment,GOAT,10000 list,3,0,False,False,2025-09-08
collector,DRESS LETTER,10000 list,3,0,False,False,2025-09-08
arc,START,10000 list,3,0,False,False,2025-09-08
atlas,TRAP,10000 list,3,0,False,False,2025-09-08
carl,START,10000 list,3,0,False,False,2025-09-08
deleted,FLEECE,10000 list,3,0,False,False,2025-09-08
coat,GOAT,10000 list,3,0,False,False,2025-09-08
mitchell,KIT,10000 list,3,0,False,False,2025-09-08
rica,FLEECE,10000 list,3,0,False,False,2025-09-08
restoration,FACE,10000 list,3,0,False,False,2025-09-08
convenience,FLEECE,10000 list,3,0,False,False,2025-09-08
ralph,TRAP,10000 list,3,0,False,False,2025-09-08
defendant,DRESS,10000 list,3,0,False,False,2025-09-08
app,TRAP,10000 list,3,0,False,False,2025-09-08
embedded,DRESS,10000 list,3,0,False,False,2025-09-08
brochure,GOOSE,10000 list,3,0,False,False,2025-09-08
bestsellers,DRESS LETTER,10000 list,3,0,False,False,2025-09-08
petition,KIT,10000 list,3,0,False,False,2025-09-08
eminem,DRESS,10000 list,3,0,False,False,2025-09-08
antenna,DRESS,10000 list,3,0,False,False,2025-09-08
assumed,GOOSE,10000 list,3,0,False,False,2025-09-08
minneapolis,KIT TRAP KIT,10000 list,3,0,False,False,2025-09-08
belief,FLEECE,10000 list,3,0,False,False,2025-09-08
memphis,DRESS,10000 list,3,0,False,False,2025-09-08
decor,DRESS,10000 list,3,0,False,False,2025-09-08
ion,PRICE LOT,10000 list,3,0,False,False,2025-09-08
diameter,PRICE TRAP LETTER,10000 list,3,0,False,False,2025-09-08
ottawa,LOT,10000 list,3,0,False,False,2025-09-08
tit,KIT,10000 list,3,0,False,False,2025-09-08
bidder,KIT LETTER,10000 list,3,0,False,False,2025-09-08
evans,DRESS,10000 list,3,0,False,False,2025-09-08
herald,SQUARE,10000 list,3,0,False,False,2025-09-08
literacy,KIT HAPPY,10000 list,3,0,False,False,2025-09-08
fed,DRESS,10000 list,3,0,False,False,2025-09-08
plugin,STRUT KIT,10000 list,3,0,False,False,2025-09-08
modification,LOT KIT FACE,10000 list,3,0,False,False,2025-09-08
alice,TRAP KIT,10000 list,3,0,False,False,2025-09-08
suppose,GOAT,10000 list,3,0,False,False,2025-09-08
opposite,LOT,10000 list,3,0,False,False,2025-09-08
rapidly,TRAP KIT HAPPY,10000 list,3,0,False,False,2025-09-08
dealtime,FLEECE PRICE,10000 list,3,0,False,False,2025-09-08
ban,TRAP,10000 list,3,0,False,False,2025-09-08
temp,DRESS,10000 list,3,0,False,False,2025-09-08
intro,KIT GOAT,10000 list,3,0,False,False,2025-09-08
clerk,NURSE (START),10000 list,3,0,False,False,2025-09-08
vast,BATH,10000 list,3,0,False,False,2025-09-08
tramadol,TRAP LOT,10000 list,3,0,False,False,2025-09-08
holland,LOT,10000 list,3,0,False,False,2025-09-08
compilation,LOT KIT FACE,10000 list,3,0,False,False,2025-09-08
verification,SQUARE KIT FACE,10000 list,3,0,False,False,2025-09-08
odd,LOT,10000 list,3,0,False,False,2025-09-08
favor,FACE,10000 list,3,0,False,False,2025-09-08
attractive,TRAP KIT,10000 list,3,0,False,False,2025-09-08
jefferson,DRESS LETTER,10000 list,3,0,False,False,2025-09-08
ext,DRESS,10000 list,3,0,False,False,2025-09-08
arrive,PRICE,10000 list,3,0,False,False,2025-09-08
minimal,KIT,10000 list,3,0,False,False,2025-09-08
polyphonic,LOT HAPPY,10000 list,3,0,False,False,2025-09-08
lottery,LOT LETTER HAPPY,10000 list,3,0,False,False,2025-09-08
framed,FACE,10000 list,3,0,False,False,2025-09-08
outsourcing,MOUTH FORCE,10000 list,3,0,False,False,2025-09-08
licence,PRICE,10000 list,3,0,False,False,2025-09-08
allocation,TRAP FACE,10000 list,3,0,False,False,2025-09-08
discipline,KIT,10000 list,3,0,False,False,2025-09-08
demonstrated,DRESS FACE,10000 list,3,0,False,False,2025-09-08
alphabetical,TRAP DRESS,10000 list,3,0,False,False,2025-09-08
handheld,TRAP DRESS,10000 list,3,0,False,False,2025-09-08
trace,FACE,10000 list,3,0,False,False,2025-09-08
disposal,KIT GOAT commA,10000 list,3,0,False,False,2025-09-08
switches,KIT commA,10000 list,3,0,False,False,2025-09-08
voluntary,LOT SQUAR happY,10000 list,3,0,False,False,2025-09-08
ncaa,DRESS FLEECE STRUT FACE,10000 list,3,0,False,False,2025-09-08
consult,(LOT) STRUT,10000 list,3,0,False,False,2025-09-08
phd,FLEECE FACE,10000 list,3,0,False,False,2025-09-08
mask,BATH,10000 list,3,0,False,False,2025-09-08
inform,KIT NORTH,10000 list,3,0,False,False,2025-09-08
turkish,NURSE KIT,10000 list,3,0,False,False,2025-09-08
coal,GOAT,10000 list,3,0,False,False,2025-09-08
cry,PRICE,10000 list,3,0,False,False,2025-09-08
pentium,DRESS FLEECE,10000 list,3,0,False,False,2025-09-08
quantum,CLOTH STRUT,10000 list,3,0,False,False,2025-09-08
intent,KIT DRESS,10000 list,3,0,False,False,2025-09-08
largely,START happY,10000 list,3,0,False,False,2025-09-08
announce,commA MOUTH,10000 list,3,0,False,False,2025-09-08
aka,FACE,10000 list,3,0,False,False,2025-09-08
arrow,TRAP GOAT,10000 list,3,0,False,False,2025-09-08
inspired,KIT PRICE lettER,10000 list,3,0,False,False,2025-09-08
blade,FACE,10000 list,3,0,False,False,2025-09-08
oxygen,LOT KIT commA,10000 list,3,0,False,False,2025-09-08
canyon,TRAP,10000 list,3,0,False,False,2025-09-08
goto,GOAT GOOSE,10000 list,3,0,False,False,2025-09-08
passes,BATH commA,10000 list,3,0,False,False,2025-09-08
bibliography,KIT LOT FLEECE happY,10000 list,3,0,False,False,2025-09-08
compatibility,TRAP KIT happY,10000 list,3,0,False,False,2025-09-08
cooperative,GOAT/GOOSE LOT KIT,10000 list,3,0,False,False,2025-09-08
muslim,STRUT/GOOSE commA,10000 list,3,0,False,False,2025-09-08
neil,FLEECE commA,10000 list,3,0,False,False,2025-09-08
sleeve,FLEECE,10000 list,3,0,False,False,2025-09-08
netscape,DRESS FACE,10000 list,3,0,False,False,2025-09-08
beef,FLEECE,10000 list,3,0,False,False,2025-09-08
township,MOUTH KIT,10000 list,3,0,False,False,2025-09-08
cad,TRAP,10000 list,3,0,False,False,2025-09-08
robinson,LOT commA,10000 list,3,0,False,False,2025-09-08
jacksonville,TRAP commA KIT,10000 list,3,0,False,False,2025-09-08
tcp,FLEECE,10000 list,3,0,False,False,2025-09-08
olympic,KIT,10000 list,3,0,False,False,2025-09-08
dir,DRESS LETTER,10000 list,3,0,False,False,2025-09-08
roulette,GOOSE DRESS,10000 list,3,0,False,False,2025-09-08
decline,PRICE,10000 list,3,0,False,False,2025-09-08
medicare,DRESS KIT SQUARE,10000 list,3,0,False,False,2025-09-08
facilitate,KIT FACE,10000 list,3,0,False,False,2025-09-08
subscriber,STRUT PRICE lettER,10000 list,3,0,False,False,2025-09-08
valve,TRAP,10000 list,3,0,False,False,2025-09-08
val,TRAP,10000 list,3,0,False,False,2025-09-08
hewlett,GOOSE,10000 list,3,0,False,False,2025-09-08
proceed,commA/GOAT FLEECE,10000 list,3,0,False,False,2025-09-08
flickr,KIT,10000 list,3,0,False,False,2025-09-08
shelf,DRESS,10000 list,3,0,False,False,2025-09-08
liked,PRICE,10000 list,3,0,False,False,2025-09-08
denied,PRICE,10000 list,3,0,False,False,2025-09-08
freeware,FLEECE SQUARE,10000 list,3,0,False,False,2025-09-08
donation,GOAT FACE,10000 list,3,0,False,False,2025-09-08
katrina,FLEECE,10000 list,3,0,False,False,2025-09-08
cited,PRICE,10000 list,3,0,False,False,2025-09-08
lite,PRICE,10000 list,3,0,False,False,2025-09-08
organizational,NORTH PRICE FACE,10000 list,3,0,False,False,2025-09-08
realized,FLEECE PRICE,10000 list,3,0,False,False,2025-09-08
twelve,DRESS,10000 list,3,0,False,False,2025-09-08
gamecube,FACE GOOSE,10000 list,3,0,False,False,2025-09-08
portuguese,FORCE GOOSE FLEECE,10000 list,3,0,False,False,2025-09-08
titten,KIT,10000 list,3,0,False,False,2025-09-08
adverse,NURSE,10000 list,3,0,False,False,2025-09-08
excerpt,(DRESS) NURSE,10000 list,3,0,False,False,2025-09-08
discharge,KIT START,10000 list,3,0,False,False,2025-09-08
halloween,TRAP/PALM FLEECE,10000 list,3,0,False,False,2025-09-08
sing,KIT,10000 list,3,0,False,False,2025-09-08
albany,TRAP/THOUGHT HAPPY,10000 list,3,0,False,False,2025-09-08
hazardous,TRAP LETTER STRUT,10000 list,3,0,False,False,2025-09-08
stack,TRAP,10000 list,3,0,False,False,2025-09-08
housewares,MOUTH SQUARE,10000 list,3,0,False,False,2025-09-08
resistant,KIT,10000 list,3,0,False,False,2025-09-08
gbp,FLEECE,10000 list,3,0,False,False,2025-09-08
creator,FLEECE FACE LETTER,10000 list,3,0,False,False,2025-09-08
amber,TRAP LETTER,10000 list,3,0,False,False,2025-09-08
slideshow,PRICE GOAT,10000 list,3,0,False,False,2025-09-08
passage,TRAP,10000 list,3,0,False,False,2025-09-08
damn,TRAP,10000 list,3,0,False,False,2025-09-08
pierre,FLEECE SQUARE,10000 list,3,0,False,False,2025-09-08
jelsoft,DRESS CLOTH,10000 list,3,0,False,False,2025-09-08
oakland,GOAT,10000 list,3,0,False,False,2025-09-08
colombia,LOT STRUT FLEECE,10000 list,3,0,False,False,2025-09-08
camel,TRAP,10000 list,3,0,False,False,2025-09-08
KITunderlying,STRUT LETTER PRICE,10000 list,3,0,False,False,2025-09-08
wrestling,DRESS KIT,10000 list,3,0,False,False,2025-09-08
archived,START PRICE,10000 list,3,0,False,False,2025-09-08
arabia,FACE FLEECE,10000 list,3,0,False,False,2025-09-08
projection,DRESS,10000 list,3,0,False,False,2025-09-08
mathematical,TRAP,10000 list,3,0,False,False,2025-09-08
extract,(DRESS) TRAP,10000 list,3,0,False,False,2025-09-08
diagnostic,PRICE CLOTH KIT,10000 list,3,0,False,False,2025-09-08
indianapolis,KIT TRAP,10000 list,3,0,False,False,2025-09-08
courtesy,NURSE HAPPY,10000 list,3,0,False,False,2025-09-08
criticism,KIT,10000 list,3,0,False,False,2025-09-08
automobile,THOUGHT (GOAT) FLEECE,10000 list,3,0,False,False,2025-09-08
confidential,LOT DRESS,10000 list,3,0,False,False,2025-09-08
nissan,KIT/FLEECE TRAP/PALM,10000 list,3,0,False,False,2025-09-08
bracelet,FACE,10000 list,3,0,False,False,2025-09-08
injection,KIT DRESS,10000 list,3,0,False,False,2025-09-08
protective,DRESS KIT,10000 list,3,0,False,False,2025-09-08
cassette,DRESS,10000 list,3,0,False,False,2025-09-08
initially,KIT happY,10000 list,3,0,False,False,2025-09-08
indicator,KIT FACE lettER,10000 list,3,0,False,False,2025-09-08
norton,NORTH,10000 list,3,0,False,False,2025-09-08
eliminate,KIT FACE,10000 list,3,0,False,False,2025-09-08
mineral,KIT,10000 list,3,0,False,False,2025-09-08
sunglasses,STRUT BATH,10000 list,3,0,False,False,2025-09-08
canvas,TRAP,10000 list,3,0,False,False,2025-09-08
threshold,DRESS (GOAT),10000 list,3,0,False,False,2025-09-08
cemetery,DRESS (SQUARE) HAPPY,10000 list,3,0,False,False,2025-09-08
exploration,DRESS FACE,10000 list,3,0,False,False,2025-09-08
stem,DRESS,10000 list,3,0,False,False,2025-09-08
proxy,LOT,10000 list,3,0,False,False,2025-09-08
gangbang,TRAP,10000 list,3,0,False,False,2025-09-08
astronomy,LOT happY,10000 list,3,0,False,False,2025-09-08
lanka,TRAP,10000 list,3,0,False,False,2025-09-08
opt,LOT,10000 list,3,0,False,False,2025-09-08
drew,GOOSE,10000 list,3,0,False,False,2025-09-08
flu,GOOSE,10000 list,3,0,False,False,2025-09-08
translate,TRAP/BATH FACE,10000 list,3,0,False,False,2025-09-08
voted,GOAT,10000 list,3,0,False,False,2025-09-08
rap,TRAP,10000 list,3,0,False,False,2025-09-08
bishop,KIT,10000 list,3,0,False,False,2025-09-08
shaped,FACE,10000 list,3,0,False,False,2025-09-08
compression,DRESS,10000 list,3,0,False,False,2025-09-08
seasonal,FLEECE,10000 list,3,0,False,False,2025-09-08
constitutional,LOT KIT GOOSE,10000 list,3,0,False,False,2025-09-08
perfectly,NURSE HAPPY,10000 list,3,0,False,False,2025-09-08
tin,KIT,10000 list,3,0,False,False,2025-09-08
instantly,KIT happY,10000 list,3,0,False,False,2025-09-08
examined,KIT TRAP,10000 list,3,0,False,False,2025-09-08
trek,DRESS,10000 list,3,0,False,False,2025-09-08
encoding,GOAT,10000 list,3,0,False,False,2025-09-08
litigation,KIT FACE,10000 list,3,0,False,False,2025-09-08
lycos,LOT KIT/PRICE,10000 list,3,0,False,False,2025-09-08
horizontal,LOT/NORTH KIT LOT,10000 list,3,0,False,False,2025-09-08
artwork,START NURSE,10000 list,3,0,False,False,2025-09-08
terrorist,KIT,10000 list,3,0,False,False,2025-09-08
informational,KIT FACE,10000 list,3,0,False,False,2025-09-08
ecommerce,FLEECE LOT LETTER,10000 list,3,0,False,False,2025-09-08
rat,TRAP,10000 list,3,0,False,False,2025-09-08
prospective,DRESS KIT,10000 list,3,0,False,False,2025-09-08
equally,FLEECE happY,10000 list,3,0,False,False,2025-09-08
artificial,START KIT,10000 list,3,0,False,False,2025-09-08
coordination,GOAT FORCE KIT FACE,10000 list,3,0,False,False,2025-09-08
connector,DRESS lettER,10000 list,3,0,False,False,2025-09-08
combo,LOT GOAT,10000 list,3,0,False,False,2025-09-08
guilty,KIT HAPPY,10000 list,3,0,False,False,2025-09-08
activation,TRAP KIT FACE,10000 list,3,0,False,False,2025-09-08
naturally,TRAP happY,10000 list,3,0,False,False,2025-09-08
violent,PRICE,10000 list,3,0,False,False,2025-09-08
basin,FACE KIT,10000 list,3,0,False,False,2025-09-08
potentially,DRESS happY,10000 list,3,0,False,False,2025-09-08
dimensional,PRICE/KIT DRESS,10000 list,3,0,False,False,2025-09-08
cottage,LOT,10000 list,3,0,False,False,2025-09-08
mozilla,LOT KIT,10000 list,3,0,False,False,2025-09-08
byte,PRICE,10000 list,3,0,False,False,2025-09-08
latex,FACE DRESS,10000 list,3,0,False,False,2025-09-08
branches,BATH,10000 list,3,0,False,False,2025-09-08
delhi,DRESS FLEECE,10000 list,3,0,False,False,2025-09-08
locator,GOAT FACE,10000 list,3,0,False,False,2025-09-08
pantyhose,TRAP happY GOAT,10000 list,3,0,False,False,2025-09-08
nepal,(FACE) THOUGHT,10000 list,3,0,False,False,2025-09-08
juan,LOT/TRAP,10000 list,3,0,False,False,2025-09-08
complexity,DRESS KIT happY,10000 list,3,0,False,False,2025-09-08
constantly,LOT happY,10000 list,3,0,False,False,2025-09-08
presidential,DRESS,10000 list,3,0,False,False,2025-09-08
cod,LOT,10000 list,3,0,False,False,2025-09-08
moscow,CLOTH GOAT/MOUTH,10000 list,3,0,False,False,2025-09-08
thesis,FLEECE KIT,10000 list,3,0,False,False,2025-09-08
thru,GOOSE,10000 list,3,0,False,False,2025-09-08
jews,GOOSE,10000 list,3,0,False,False,2025-09-08
palestinian,TRAP KIT,10000 list,3,0,False,False,2025-09-08
trim,KIT,10000 list,3,0,False,False,2025-09-08
ceiling,FLEECE KIT,10000 list,3,0,False,False,2025-09-08
hispanic,KIT TRAP,10000 list,3,0,False,False,2025-09-08
hospitality,CLOTH KIT TRAP happY,10000 list,3,0,False,False,2025-09-08
gen,DRESS,10000 list,3,0,False,False,2025-09-08
procurement,CURE,10000 list,3,0,False,False,2025-09-08
bunch,STRUT,10000 list,3,0,False,False,2025-09-08
theoretical,FLEECE DRESS KIT,10000 list,3,0,False,False,2025-09-08
optimal,LOT KIT,10000 list,3,0,False,False,2025-09-08
quit,KIT,10000 list,3,0,False,False,2025-09-08
distinct,KIT,10000 list,3,0,False,False,2025-09-08
hopefully,GOAT STRUT happY,10000 list,3,0,False,False,2025-09-08
brilliant,KIT (FLEECE),10000 list,3,0,False,False,2025-09-08
gel,DRESS,10000 list,3,0,False,False,2025-09-08
todd,LOT,10000 list,3,0,False,False,2025-09-08
spoken,GOAT commA,10000 list,3,0,False,False,2025-09-08
evaluated,(FLEECE) TRAP GOOSE FACE,10000 list,3,0,False,False,2025-09-08
civic,KIT,10000 list,3,0,False,False,2025-09-08
thereof,DRESS,10000 list,3,0,False,False,2025-09-08
grill,KIT,10000 list,3,0,False,False,2025-09-08
grain,FACE,10000 list,3,0,False,False,2025-09-08
wanna,LOT,10000 list,3,0,False,False,2025-09-08
wishes,KIT,10000 list,3,0,False,False,2025-09-08
montgomery,(LOT) STRUT HAPPY,10000 list,3,0,False,False,2025-09-08
architectural,START KIT DRESS NURSE,10000 list,3,0,False,False,2025-09-08
louisville,GOOSE FLEECE KIT,10000 list,3,0,False,False,2025-09-08
virtually,NURSE STRUT HAPPY,10000 list,3,0,False,False,2025-09-08
cole,GOAT,10000 list,3,0,False,False,2025-09-08
candle,TRAP,10000 list,3,0,False,False,2025-09-08
authorization,THOUGHT LETTER PRICE FACE,10000 list,3,0,False,False,2025-09-08
lynn,KIT,10000 list,3,0,False,False,2025-09-08
formerly,FORCE LETTER happY,10000 list,3,0,False,False,2025-09-08
projector,DRESS,10000 list,3,0,False,False,2025-09-08
comparative,TRAP KIT,10000 list,3,0,False,False,2025-09-08
std,DRESS FLEECE,10000 list,3,0,False,False,2025-09-08
strictly,KIT happY,10000 list,3,0,False,False,2025-09-08
stanley,TRAP happY,10000 list,3,0,False,False,2025-09-08
surprised,PRICE,10000 list,3,0,False,False,2025-09-08
elegant,DRESS,10000 list,3,0,False,False,2025-09-08
vid,KIT,10000 list,3,0,False,False,2025-09-08
genealogy,FLEECE LOT HAPPY,10000 list,3,0,False,False,2025-09-08
opposed,GOAT,10000 list,3,0,False,False,2025-09-08
expenditure,DRESS KIT NURSE,10000 list,3,0,False,False,2025-09-08
panties,TRAP HAPPY,10000 list,3,0,False,False,2025-09-08
critics,KIT,10000 list,3,0,False,False,2025-09-08
solely,GOAT happY,10000 list,3,0,False,False,2025-09-08
salon,(TRAP) LOT,10000 list,3,0,False,False,2025-09-08
fda,DRESS FLEECE FACE,10000 list,3,0,False,False,2025-09-08
turbo,NURSE GOAT,10000 list,3,0,False,False,2025-09-08
voters,GOAT LETTER,10000 list,3,0,False,False,2025-09-08
phillips,KIT,10000 list,3,0,False,False,2025-09-08
bomb,LOT,10000 list,3,0,False,False,2025-09-08
investigate,KIT DRESS FACE,10000 list,3,0,False,False,2025-09-08
thy,PRICE,10000 list,3,0,False,False,2025-09-08
tongue,STRUT,10000 list,3,0,False,False,2025-09-08
tri,PRICE,10000 list,3,0,False,False,2025-09-08
danish,FACE KIT,10000 list,3,0,False,False,2025-09-08
pal,TRAP,10000 list,3,0,False,False,2025-09-08
proportion,FORCE,10000 list,3,0,False,False,2025-09-08
filename,PRICE FACE,10000 list,3,0,False,False,2025-09-08
florence,FORCE,10000 list,3,0,False,False,2025-09-08
invest,KIT DRESS,10000 list,3,0,False,False,2025-09-08
analyses,TRAP FLEECE,10000 list,3,0,False,False,2025-09-08
significance,KIT,10000 list,3,0,False,False,2025-09-08
scenario,START/SQUARE FLEECE GOAT,10000 list,3,0,False,False,2025-09-08
atomic,LOT KIT,10000 list,3,0,False,False,2025-09-08
approx,LOT,10000 list,3,0,False,False,2025-09-08
symposium,KIT GOAT FLEECE STRUT,10000 list,3,0,False,False,2025-09-08
arabic,TRAP/SQUARE KIT,10000 list,3,0,False,False,2025-09-08
faced,FACE,10000 list,3,0,False,False,2025-09-08
mat,TRAP,10000 list,3,0,False,False,2025-09-08
rachel,FACE,10000 list,3,0,False,False,2025-09-08
transmitted,BATH/TRAP KIT,10000 list,3,0,False,False,2025-09-08
ted,DRESS,10000 list,3,0,False,False,2025-09-08
intensive,DRESS KIT,10000 list,3,0,False,False,2025-09-08
kingston,KIT,10000 list,3,0,False,False,2025-09-08
sixth,KIT,10000 list,3,0,False,False,2025-09-08
deviant,FLEECE,10000 list,3,0,False,False,2025-09-08
noon,GOOSE,10000 list,3,0,False,False,2025-09-08
quoted,GOAT,10000 list,3,0,False,False,2025-09-08
correspondence,NORTH,10000 list,3,0,False,False,2025-09-08
bronze,LOT,10000 list,3,0,False,False,2025-09-08
sandy,TRAP HAPPY,10000 list,3,0,False,False,2025-09-08
separation,DRESS LETTER FACE,10000 list,3,0,False,False,2025-09-08
testimony,DRESS KIT HAPPY,10000 list,3,0,False,False,2025-09-08
macro,TRAP GOAT,10000 list,3,0,False,False,2025-09-08
mandatory,TRAP (FORCE) HAPPY,10000 list,3,0,False,False,2025-09-08
syndication,KIT FACE,10000 list,3,0,False,False,2025-09-08
gym,KIT,10000 list,3,0,False,False,2025-09-08
celebration,DRESS FACE,10000 list,3,0,False,False,2025-09-08
kde,FACE FLEECE,10000 list,3,0,False,False,2025-09-08
exotic,LOT KIT,10000 list,3,0,False,False,2025-09-08
signup,PRICE STRUT,10000 list,3,0,False,False,2025-09-08
damaged,TRAP,10000 list,3,0,False,False,2025-09-08
receptor,DRESS LETTER,10000 list,3,0,False,False,2025-09-08
piss,KIT,10000 list,3,0,False,False,2025-09-08
joel,GOAT,10000 list,3,0,False,False,2025-09-08
surgical,NURSE KIT,10000 list,3,0,False,False,2025-09-08
citation,PRICE FACE,10000 list,3,0,False,False,2025-09-08
proved,GOOSE,10000 list,3,0,False,False,2025-09-08
dozen,STRUT,10000 list,3,0,False,False,2025-09-08
benjamin,DRESS KIT,10000 list,3,0,False,False,2025-09-08
teeth,FLEECE,10000 list,3,0,False,False,2025-09-08
cloth,CLOTH,10000 list,3,0,False,False,2025-09-08
stamp,TRAP,10000 list,3,0,False,False,2025-09-08
salmon,TRAP,10000 list,3,0,False,False,2025-09-08
olympus,(GOAT) KIT,10000 list,3,0,False,False,2025-09-08
separated,DRESS FACE,10000 list,3,0,False,False,2025-09-08
proc,LOT,10000 list,3,0,False,False,2025-09-08
tan,TRAP,10000 list,3,0,False,False,2025-09-08
directive,(PRICE) DRESS (KIT),10000 list,3,0,False,False,2025-09-08
weapon,DRESS,10000 list,3,0,False,False,2025-09-08
isle,PRICE,10000 list,3,0,False,False,2025-09-08
stylish,PRICE (KIT),10000 list,3,0,False,False,2025-09-08
slim,KIT,10000 list,3,0,False,False,2025-09-08
luke,GOOSE,10000 list,3,0,False,False,2025-09-08
governing,STRUT lettER KIT,10000 list,3,0,False,False,2025-09-08
depot,DRESS/FLEECE GOAT,10000 list,3,0,False,False,2025-09-08
kenneth,DRESS,10000 list,3,0,False,False,2025-09-08
comp,LOT,10000 list,3,0,False,False,2025-09-08
alt,THOUGHT/TRAP,10000 list,3,0,False,False,2025-09-08
pie,PRICE,10000 list,3,0,False,False,2025-09-08
blend,DRESS,10000 list,3,0,False,False,2025-09-08
emission,KIT,10000 list,3,0,False,False,2025-09-08
pete,FLEECE,10000 list,3,0,False,False,2025-09-08
spec,DRESS,10000 list,3,0,False,False,2025-09-08
realty,FLEECE happY,10000 list,3,0,False,False,2025-09-08
janet,TRAP,10000 list,3,0,False,False,2025-09-08
penn,DRESS,10000 list,3,0,False,False,2025-09-08
recruiting,(FLEECE) GOOSE KIT,10000 list,3,0,False,False,2025-09-08
apparent,SQUARE/TRAP,10000 list,3,0,False,False,2025-09-08
instructional,KIT STRUT,10000 list,3,0,False,False,2025-09-08
excited,PRICE,10000 list,3,0,False,False,2025-09-08
helen,DRESS,10000 list,3,0,False,False,2025-09-08
balanced,TRAP,10000 list,3,0,False,False,2025-09-08
prescribed,PRICE,10000 list,3,0,False,False,2025-09-08
timely,PRICE happY,10000 list,3,0,False,False,2025-09-08
debug,FLEECE STRUT,10000 list,3,0,False,False,2025-09-08
chuck,STRUT,10000 list,3,0,False,False,2025-09-08
hon,STRUT,10000 list,3,0,False,False,2025-09-08
explicit,KIT,10000 list,3,0,False,False,2025-09-08
calculation,TRAP (GOOSE) FACE,10000 list,3,0,False,False,2025-09-08
ebook,FLEECE FOOT,10000 list,3,0,False,False,2025-09-08
consolidated,LOT (KIT) FACE,10000 list,3,0,False,False,2025-09-08
boob,GOOSE,10000 list,3,0,False,False,2025-09-08
newton,GOOSE,10000 list,3,0,False,False,2025-09-08
sept,DRESS,10000 list,3,0,False,False,2025-09-08
exceptional,DRESS,10000 list,3,0,False,False,2025-09-08
bingo,KIT GOAT,10000 list,3,0,False,False,2025-09-08
whilst,PRICE,10000 list,3,0,False,False,2025-09-08
ceramic,TRAP KIT,10000 list,3,0,False,False,2025-09-08
annually,TRAP GOOSE happY,10000 list,3,0,False,False,2025-09-08
atm,FACE FLEECE DRESS,10000 list,3,0,False,False,2025-09-08
xanax,TRAP TRAP/DRESS,10000 list,3,0,False,False,2025-09-08
cox,LOT,10000 list,3,0,False,False,2025-09-08
sunny,STRUT happY,10000 list,3,0,False,False,2025-09-08
queensland,FLEECE (TRAP),10000 list,3,0,False,False,2025-09-08
necklace,DRESS,10000 list,3,0,False,False,2025-09-08
composite,LOT KIT,10000 list,3,0,False,False,2025-09-08
cedar,FLEECE lettER,10000 list,3,0,False,False,2025-09-08
arranged,FACE,10000 list,3,0,False,False,2025-09-08
advocacy,TRAP happY,10000 list,3,0,False,False,2025-09-08
raleigh,TRAP/PALM happY,10000 list,3,0,False,False,2025-09-08
fold,GOAT,10000 list,3,0,False,False,2025-09-08
essentially,DRESS happY,10000 list,3,0,False,False,2025-09-08
mason,FACE,10000 list,3,0,False,False,2025-09-08
diagram,PRICE TRAP,10000 list,3,0,False,False,2025-09-08
slut,STRUT,10000 list,3,0,False,False,2025-09-08
ejaculation,TRAP (GOOSE) FACE,10000 list,3,0,False,False,2025-09-08
vic,KIT,10000 list,3,0,False,False,2025-09-08
victor,KIT lettER,10000 list,3,0,False,False,2025-09-08
utils,GOOSE KIT,10000 list,3,0,False,False,2025-09-08
advised,PRICE,10000 list,3,0,False,False,2025-09-08
brunswick,STRUT (KIT),10000 list,3,0,False,False,2025-09-08
spider,PRICE lettER,10000 list,3,0,False,False,2025-09-08
phys,KIT,10000 list,3,0,False,False,2025-09-08
calgary,TRAP LETTER HAPPY,10000 list,3,0,False,False,2025-09-08
interim,KIT NURSE,10000 list,3,0,False,False,2025-09-08
divine,PRICE,10000 list,3,0,False,False,2025-09-08
approve,GOOSE,10000 list,3,0,False,False,2025-09-08
intensity,KIT DRESS happY,10000 list,3,0,False,False,2025-09-08
technological,DRESS LOT,10000 list,3,0,False,False,2025-09-08
syndicate,KIT,10000 list,3,0,False,False,2025-09-08
dialog,PRICE LOT,10000 list,3,0,False,False,2025-09-08
calcium,TRAP,10000 list,3,0,False,False,2025-09-08
antivirus,TRAP happY/PRICE PRICE,10000 list,3,0,False,False,2025-09-08
shield,FLEECE,10000 list,3,0,False,False,2025-09-08
prague,PALM,10000 list,3,0,False,False,2025-09-08
bangladesh,TRAP DRESS,10000 list,3,0,False,False,2025-09-08
locally,GOAT happY,10000 list,3,0,False,False,2025-09-08
concluded,(LOT) GOOSE,10000 list,3,0,False,False,2025-09-08
pickup,KIT STRUT,10000 list,3,0,False,False,2025-09-08
desperate,DRESS,10000 list,3,0,False,False,2025-09-08
nascar,TRAP START,10000 list,3,0,False,False,2025-09-08
demonstration,DRESS FACE,10000 list,3,0,False,False,2025-09-08
governmental,STRUT lettER DRESS,10000 list,3,0,False,False,2025-09-08
manufactured,TRAP GOOSE TRAP lettER,10000 list,3,0,False,False,2025-09-08
graduation,TRAP GOOSE FACE,10000 list,3,0,False,False,2025-09-08
bend,DRESS,10000 list,3,0,False,False,2025-09-08
addiction,KIT,10000 list,3,0,False,False,2025-09-08
morocco,LOT GOAT,10000 list,3,0,False,False,2025-09-08
tommy,LOT HAPPY,10000 list,3,0,False,False,2025-09-08
springfield,KIT FLEECE,10000 list,3,0,False,False,2025-09-08
refused,GOOSE,10000 list,3,0,False,False,2025-09-08
exterior,(DRESS) NEAR FLEECE lettER,10000 list,3,0,False,False,2025-09-08
greeting,FLEECE KIT,10000 list,3,0,False,False,2025-09-08
ecology,(FLEECE) LOT happY,10000 list,3,0,False,False,2025-09-08
congo,CLOTH GOAT,10000 list,3,0,False,False,2025-09-08
glen,DRESS,10000 list,3,0,False,False,2025-09-08
nav,TRAP,10000 list,3,0,False,False,2025-09-08
verizon,PRICE,10000 list,3,0,False,False,2025-09-08
scored,FORCE,10000 list,3,0,False,False,2025-09-08
clone,GOAT,10000 list,3,0,False,False,2025-09-08
velocity,CLOTH happY,10000 list,3,0,False,False,2025-09-08
composed,GOAT,10000 list,3,0,False,False,2025-09-08
baseline,FACE PRICE,10000 list,3,0,False,False,2025-09-08
silicon,KIT,10000 list,3,0,False,False,2025-09-08
brazilian,KIT,10000 list,3,0,False,False,2025-09-08
identical,PRICE DRESS KIT,10000 list,3,0,False,False,2025-09-08
petroleum,GOAT FLEECE,10000 list,3,0,False,False,2025-09-08
compete,FLEECE,10000 list,3,0,False,False,2025-09-08
ist,KIT,10000 list,3,0,False,False,2025-09-08
honolulu,LOT GOOSE,10000 list,3,0,False,False,2025-09-08
retention,(FLEECE) DRESS,10000 list,3,0,False,False,2025-09-08
pond,LOT,10000 list,3,0,False,False,2025-09-08
thomson,LOT,10000 list,3,0,False,False,2025-09-08
daddy,TRAP,10000 list,3,0,False,False,2025-09-08
ferry,SQUARE,10000 list,3,0,False,False,2025-09-08
profession,DRESS,10000 list,3,0,False,False,2025-09-08
dam,TRAP,10000 list,3,0,False,False,2025-09-08
cnn,FLEECE DRESS,10000 list,3,0,False,False,2025-09-08
separately,DRESS happY,10000 list,3,0,False,False,2025-09-08
physiology,KIT FLEECE LOT happY,10000 list,3,0,False,False,2025-09-08
lil,KIT,10000 list,3,0,False,False,2025-09-08
participant,(START) KIT,10000 list,3,0,False,False,2025-09-08
recreational,DRESS FLEECE FACE,10000 list,3,0,False,False,2025-09-08
dominican,KIT,10000 list,3,0,False,False,2025-09-08
chad,TRAP,10000 list,3,0,False,False,2025-09-08
electron,(FLEECE) DRESS LOT,10000 list,3,0,False,False,2025-09-08
friendship,DRESS KIT,10000 list,3,0,False,False,2025-09-08
sys,KIT,10000 list,3,0,False,False,2025-09-08
rally,TRAP happY,10000 list,3,0,False,False,2025-09-08
provincial,KIT,10000 list,3,0,False,False,2025-09-08
rely,(FLEECE) PRICE,10000 list,3,0,False,False,2025-09-08
rochester,LOT DRESS lettER,10000 list,3,0,False,False,2025-09-08
dying,PRICE (KIT),10000 list,3,0,False,False,2025-09-08
encryption,KIT,10000 list,3,0,False,False,2025-09-08
imposed,KIT GOAT,10000 list,3,0,False,False,2025-09-08
scsi,DRESS FLEECE PRICE,10000 list,3,0,False,False,2025-09-08
focuses,GOATS,10000 list,3,0,False,False,2025-09-08
possession,DRESS,10000 list,3,0,False,False,2025-09-08
lemon,DRESS,10000 list,3,0,False,False,2025-09-08
toxic,LOT KIT,10000 list,3,0,False,False,2025-09-08
dns,FLEECE DRESS,10000 list,3,0,False,False,2025-09-08
nail,FACE,10000 list,3,0,False,False,2025-09-08
bizrate,KIT FACE,10000 list,3,0,False,False,2025-09-08
implied,(KIT) PRICE,10000 list,3,0,False,False,2025-09-08
span,TRAP,10000 list,3,0,False,False,2025-09-08
stanford,TRAP lettER,10000 list,3,0,False,False,2025-09-08
sox,LOT,10000 list,3,0,False,False,2025-09-08
stockings,LOT (KIT),10000 list,3,0,False,False,2025-09-08
respondent,(KIT) LOT,10000 list,3,0,False,False,2025-09-08
statute,TRAP GOOSE,10000 list,3,0,False,False,2025-09-08
shelter,DRESS lettER,10000 list,3,0,False,False,2025-09-08
chapel,TRAP,10000 list,3,0,False,False,2025-09-08
gamespot,FACE LOT,10000 list,3,0,False,False,2025-09-08
wordpress,NURSE DRESS,10000 list,3,0,False,False,2025-09-08
guided,PRICE,10000 list,3,0,False,False,2025-09-08
vulnerability,STRUT KIT happY,10000 list,3,0,False,False,2025-09-08
accountability,MOUTH KIT happY,10000 list,3,0,False,False,2025-09-08
accredited,DRESS (KIT),10000 list,3,0,False,False,2025-09-08
compressed,(LOT) DRESS,10000 list,3,0,False,False,2025-09-08
mixture,KIT lettER,10000 list,3,0,False,False,2025-09-08
zoophilia,GOOSE (KIT) FLEECE,10000 list,3,0,False,False,2025-09-08
bench,DRESS,10000 list,3,0,False,False,2025-09-08
hampton,TRAP,10000 list,3,0,False,False,2025-09-08
impressive,DRESS,10000 list,3,0,False,False,2025-09-08
accordingly,NORTH KIT happY,10000 list,3,0,False,False,2025-09-08
architect,START (KIT) DRESS,10000 list,3,0,False,False,2025-09-08
railroad,FACE GOAT,10000 list,3,0,False,False,2025-09-08
ash,TRAP,10000 list,3,0,False,False,2025-09-08
travesti,TRAP FLEECE,10000 list,3,0,False,False,2025-09-08
stuart,GOOSE lettER,10000 list,3,0,False,False,2025-09-08
ali,(TRAP) FLEECE,10000 list,3,0,False,False,2025-09-08
salad,TRAP,10000 list,3,0,False,False,2025-09-08
foam,GOAT,10000 list,3,0,False,False,2025-09-08
discretion,(KIT) DRESS,10000 list,3,0,False,False,2025-09-08
tft,FLEECE DRESS,10000 list,3,0,False,False,2025-09-08
jvc,FACE FLEECE,10000 list,3,0,False,False,2025-09-08
poem,GOAT,10000 list,3,0,False,False,2025-09-08
vibrator,PRICE FACE lettER,10000 list,3,0,False,False,2025-09-08
repository,CLOTH KIT (NORTH) happY,10000 list,3,0,False,False,2025-09-08
venice,DRESS (KIT),10000 list,3,0,False,False,2025-09-08
christianity,KIT FLEECE TRAP happY,10000 list,3,0,False,False,2025-09-08
veteran,DRESS (LETTER),10000 list,3,0,False,False,2025-09-08
executed,DRESS GOOSE,10000 list,3,0,False,False,2025-09-08
cgi,FLEECE PRICE,10000 list,3,0,False,False,2025-09-08
integral,KIT (DRESS),10000 list,3,0,False,False,2025-09-08
relax,(FLEECE) TRAP,10000 list,3,0,False,False,2025-09-08
namibia,KIT FLEECE,10000 list,3,0,False,False,2025-09-08
christina,KIT FLEECE,10000 list,3,0,False,False,2025-09-08
congressional,(LOT) DRESS,10000 list,3,0,False,False,2025-09-08
synopsis,KIT LOT,10000 list,3,0,False,False,2025-09-08
hardly,START happY,10000 list,3,0,False,False,2025-09-08
ecuador,DRESS FORCE,10000 list,3,0,False,False,2025-09-08
pixel,KIT,10000 list,3,0,False,False,2025-09-08
colin,LOT,10000 list,3,0,False,False,2025-09-08
bias,PRICE,10000 list,3,0,False,False,2025-09-08
bubble,STRUT,10000 list,3,0,False,False,2025-09-08
acquire,PRICE lettER,10000 list,3,0,False,False,2025-09-08
millennium,DRESS FLEECE,10000 list,3,0,False,False,2025-09-08
vessel,DRESS,10000 list,3,0,False,False,2025-09-08
viruses,PRICE,10000 list,3,0,False,False,2025-09-08
admitted,(TRAP) KIT,10000 list,3,0,False,False,2025-09-08
mem,DRESS,10000 list,3,0,False,False,2025-09-08
fancy,TRAP happY,10000 list,3,0,False,False,2025-09-08
equality,(FLEECE) LOT happY,10000 list,3,0,False,False,2025-09-08
samoa,(PALM) GOAT,10000 list,3,0,False,False,2025-09-08
fisheries,KIT lettER FLEECE,10000 list,3,0,False,False,2025-09-08
lauren,NORTH/LOT,10000 list,3,0,False,False,2025-09-08
macromedia,TRAP GOAT FLEECE,10000 list,3,0,False,False,2025-09-08
companion,TRAP,10000 list,3,0,False,False,2025-09-08
squad,LOT,10000 list,3,0,False,False,2025-09-08
analyze,TRAP PRICE,10000 list,3,0,False,False,2025-09-08
scroll,GOAT,10000 list,3,0,False,False,2025-09-08
swim,KIT,10000 list,3,0,False,False,2025-09-08
additionally,KIT happY,10000 list,3,0,False,False,2025-09-08
nano,TRAP GOAT,10000 list,3,0,False,False,2025-09-08
invalid,,10000 list,3,0,False,False,2025-09-08
retain,(FLEECE) FACE,10000 list,3,0,False,False,2025-09-08
tunnel,STRUT,10000 list,3,0,False,False,2025-09-08
chaos,FACE LOT,10000 list,3,0,False,False,2025-09-08
lithuania,KIT GOOSE FACE FLEECE,10000 list,3,0,False,False,2025-09-08
wheat,FLEECE,10000 list,3,0,False,False,2025-09-08
beaver,FLEECE,10000 list,3,0,False,False,2025-09-08
decorative,DRESS (KIT),10000 list,3,0,False,False,2025-09-08
confused,(LOT) GOOSE,10000 list,3,0,False,False,2025-09-08
compiler,(LOT) PRICE lettER,10000 list,3,0,False,False,2025-09-08
vii,DRESS,10000 list,3,0,False,False,2025-09-08
unity,GOOSE (KIT) happY,10000 list,3,0,False,False,2025-09-08
conjunction,(LOT) STRUT,10000 list,3,0,False,False,2025-09-08
indigenous,KIT,10000 list,3,0,False,False,2025-09-08
begun,(FLEECE) FOOT,10000 list,3,0,False,False,2025-09-08
cfr,FLEECE DRESS START,10000 list,3,0,False,False,2025-09-08
anchor,TRAP lettER,10000 list,3,0,False,False,2025-09-08
socks,LOT,10000 list,3,0,False,False,2025-09-08
validation,TRAP (KIT) FACE,10000 list,3,0,False,False,2025-09-08
stat,TRAP,10000 list,3,0,False,False,2025-09-08
essex,DRESS (KIT),10000 list,3,0,False,False,2025-09-08
differential,KIT (LETTER) DRESS,10000 list,3,0,False,False,2025-09-08
beaches,FLEECE,10000 list,3,0,False,False,2025-09-08
cruz,GOOSE,10000 list,3,0,False,False,2025-09-08
pendant,DRESS,10000 list,3,0,False,False,2025-09-08
dresses,DRESS,10000 list,3,0,False,False,2025-09-08
baptist,TRAP (KIT),10000 list,3,0,False,False,2025-09-08
scientist,PRICE (KIT),10000 list,3,0,False,False,2025-09-08
starsmerchant,START NURSE,10000 list,3,0,False,False,2025-09-08
arthritis,START PRICE (KIT),10000 list,3,0,False,False,2025-09-08
wallace,LOT,10000 list,3,0,False,False,2025-09-08
taxation,TRAP FACE,10000 list,3,0,False,False,2025-09-08
cuisine,(KIT) FLEECE,10000 list,3,0,False,False,2025-09-08
surely,CURE happY,10000 list,3,0,False,False,2025-09-08
myspace,PRICE FACE,10000 list,3,0,False,False,2025-09-08
theorem,FLEECE,10000 list,3,0,False,False,2025-09-08
inflation,KIT FACE,10000 list,3,0,False,False,2025-09-08
pray,FACE,10000 list,3,0,False,False,2025-09-08
topless,LOT,10000 list,3,0,False,False,2025-09-08
structured,STRUT (LETTER),10000 list,3,0,False,False,2025-09-08
reasonably,FLEECE happY,10000 list,3,0,False,False,2025-09-08
cattle,TRAP,10000 list,3,0,False,False,2025-09-08
flame,FACE,10000 list,3,0,False,False,2025-09-08
levitra,DRESS (KIT/FLEECE),10000 list,3,0,False,False,2025-09-08
monetary,LOT/STRUT SQUARE/DRESS HAPPY,10000 list,3,0,False,False,2025-09-08
pit,KIT,10000 list,3,0,False,False,2025-09-08
arlington,START KIT,10000 list,3,0,False,False,2025-09-08
mono,LOT GOAT,10000 list,3,0,False,False,2025-09-08
extraordinary,DRESS NORTH KIT SQUARE/DRESS happY,10000 list,3,0,False,False,2025-09-08
bolivia,KIT FLEECE,10000 list,3,0,False,False,2025-09-08
spell,DRESS,10000 list,3,0,False,False,2025-09-08
hottest,LOT (KIT),10000 list,3,0,False,False,2025-09-08
coordinate,GOOSE/GOAT NORTH FACE,10000 list,3,0,False,False,2025-09-08
exclusively,(DRESS) GOOSE (KIT) happY,10000 list,3,0,False,False,2025-09-08
emily,DRESS KIT happY,10000 list,3,0,False,False,2025-09-08
limitation,KIT FACE,10000 list,3,0,False,False,2025-09-08
widescreen,PRICE FLEECE,10000 list,3,0,False,False,2025-09-08
compile,(LOT) PRICE,10000 list,3,0,False,False,2025-09-08
illustration,KIT FACE,10000 list,3,0,False,False,2025-09-08
bridal,PRICE,10000 list,3,0,False,False,2025-09-08
inspiration,KIT FACE,10000 list,3,0,False,False,2025-09-08
curious,CURE FLEECE,10000 list,3,0,False,False,2025-09-08
rebate,FLEECE FACE,10000 list,3,0,False,False,2025-09-08
meetup,FLEECE STRUT,10000 list,3,0,False,False,2025-09-08
eclipse,(DRESS/FLEECE) KIT,10000 list,3,0,False,False,2025-09-08
rec,DRESS,10000 list,3,0,False,False,2025-09-08
aggregate,TRAP (FACE),10000 list,3,0,False,False,2025-09-08
detect,DRESS,10000 list,3,0,False,False,2025-09-08
actively,TRAP (KIT) happY,10000 list,3,0,False,False,2025-09-08
ampland,TRAP,10000 list,3,0,False,False,2025-09-08
complicated,LOT FACE,10000 list,3,0,False,False,2025-09-08
chem,DRESS,10000 list,3,0,False,False,2025-09-08
shopzilla,LOT KIT,10000 list,3,0,False,False,2025-09-08
injured,KIT NURSE,10000 list,3,0,False,False,2025-09-08
decorating,DRESS FACE KIT,10000 list,3,0,False,False,2025-09-08
ton,STRUT,10000 list,3,0,False,False,2025-09-08
collapse,TRAP,10000 list,3,0,False,False,2025-09-08
twinks,KIT,10000 list,3,0,False,False,2025-09-08
gif,KIT,10000 list,3,0,False,False,2025-09-08
techno,DRESS GOAT,10000 list,3,0,False,False,2025-09-08
beverage,DRESS,10000 list,3,0,False,False,2025-09-08
wired,PRICE,10000 list,3,0,False,False,2025-09-08
elvis,DRESS (KIT),10000 list,3,0,False,False,2025-09-08
latvia,TRAP/PALM FLEECE,10000 list,3,0,False,False,2025-09-08
forestry,NORTH/LOT happY,10000 list,3,0,False,False,2025-09-08
cant,BATH,10000 list,3,0,False,False,2025-09-08
infected,KIT DRESS,10000 list,3,0,False,False,2025-09-08
genesis,DRESS (KIT),10000 list,3,0,False,False,2025-09-08
barrier,TRAP/SQUARE FLEECE lettER,10000 list,3,0,False,False,2025-09-08
incorrect,KIT DRESS,10000 list,3,0,False,False,2025-09-08
furnishings,NURSE KIT,10000 list,3,0,False,False,2025-09-08
arise,PRICE,10000 list,3,0,False,False,2025-09-08
celtic,DRESS KIT,10000 list,3,0,False,False,2025-09-08
perception,DRESS,10000 list,3,0,False,False,2025-09-08
advise,PRICE,10000 list,3,0,False,False,2025-09-08
renaissance,DRESS (FACE) PALM,10000 list,3,0,False,False,2025-09-08
ordinance,NORTH KIT,10000 list,3,0,False,False,2025-09-08
hughes,GOOSE,10000 list,3,0,False,False,2025-09-08
chess,DRESS,10000 list,3,0,False,False,2025-09-08
brisbane,KIT,10000 list,3,0,False,False,2025-09-08
configured,KIT (NURSE),10000 list,3,0,False,False,2025-09-08
duck,STRUT,10000 list,3,0,False,False,2025-09-08
reveal,FLEECE,10000 list,3,0,False,False,2025-09-08
canal,TRAP,10000 list,3,0,False,False,2025-09-08
analytical,TRAP KIT,10000 list,3,0,False,False,2025-09-08
watson,LOT,10000 list,3,0,False,False,2025-09-08
lying,PRICE KIT,10000 list,3,0,False,False,2025-09-08
strict,KIT,10000 list,3,0,False,False,2025-09-08
saddam,PALM/TRAP,10000 list,3,0,False,False,2025-09-08
circulation,NURSE FACE,10000 list,3,0,False,False,2025-09-08
drill,KIT,10000 list,3,0,False,False,2025-09-08
offense,(LOT) DRESS,10000 list,3,0,False,False,2025-09-08
threesome,FLEECE (STRUT),10000 list,3,0,False,False,2025-09-08
bryan,PRICE,10000 list,3,0,False,False,2025-09-08
handjob,TRAP LOT,10000 list,3,0,False,False,2025-09-08
assumption,STRUT,10000 list,3,0,False,False,2025-09-08
transexuales,TRAP DRESS GOOSE,10000 list,3,0,False,False,2025-09-08
invention,KIT DRESS,10000 list,3,0,False,False,2025-09-08
nickname,KIT FACE,10000 list,3,0,False,False,2025-09-08
technician,DRESS KIT,10000 list,3,0,False,False,2025-09-08
inline,KIT PRICE,10000 list,3,0,False,False,2025-09-08
trick,KIT,10000 list,3,0,False,False,2025-09-08
enquiry,DRESS PRICE happY,10000 list,3,0,False,False,2025-09-08
timber,KIT lettER,10000 list,3,0,False,False,2025-09-08
volt,GOAT,10000 list,3,0,False,False,2025-09-08
intense,KIT DRESS,10000 list,3,0,False,False,2025-09-08
playlist,FACE KIT,10000 list,3,0,False,False,2025-09-08
supporters,FORCE lettER,10000 list,3,0,False,False,2025-09-08
steady,DRESS happY,10000 list,3,0,False,False,2025-09-08
dirt,NURSE,10000 list,3,0,False,False,2025-09-08
myers,PRICE lettER,10000 list,3,0,False,False,2025-09-08
saskatchewan,TRAP (GOOSE) (LOT),10000 list,3,0,False,False,2025-09-08
cancellation,TRAP FACE,10000 list,3,0,False,False,2025-09-08
enrolled,(DRESS) GOAT,10000 list,3,0,False,False,2025-09-08
publicly,STRUT KIT happY,10000 list,3,0,False,False,2025-09-08
hourly,MOUTH happY,10000 list,3,0,False,False,2025-09-08
veterinary,DRESS KIT SQUARE/DRESS happY,10000 list,3,0,False,False,2025-09-08
prostores,GOAT FORCE,10000 list,3,0,False,False,2025-09-08
intake,KIT FACE,10000 list,3,0,False,False,2025-09-08
relevance,DRESS,10000 list,3,0,False,False,2025-09-08
incentive,KIT DRESS,10000 list,3,0,False,False,2025-09-08
mechanics,TRAP (KIT),10000 list,3,0,False,False,2025-09-08
heavily,DRESS happY,10000 list,3,0,False,False,2025-09-08
swingers,KIT lettER,10000 list,3,0,False,False,2025-09-08
reflection,DRESS,10000 list,3,0,False,False,2025-09-08
sink,KIT,10000 list,3,0,False,False,2025-09-08
accompanied,STRUT FLEECE/happY,10000 list,3,0,False,False,2025-09-08
invitation,KIT FACE,10000 list,3,0,False,False,2025-09-08
devoted,GOAT,10000 list,3,0,False,False,2025-09-08
princeton,KIT,10000 list,3,0,False,False,2025-09-08
randy,TRAP HAPPY,10000 list,3,0,False,False,2025-09-08
hormone,NORTH GOAT,10000 list,3,0,False,False,2025-09-08
proprietary,PRICE (DRESS/SQUARE) happY,10000 list,3,0,False,False,2025-09-08
brick,KIT,10000 list,3,0,False,False,2025-09-08
grip,KIT,10000 list,3,0,False,False,2025-09-08
thumbzilla,STRUT KIT,10000 list,3,0,False,False,2025-09-08
medieval,(DRESS/KIT) FLEECE,10000 list,3,0,False,False,2025-09-08
pichunter,KIT STRUT lettER,10000 list,3,0,False,False,2025-09-08
captured,TRAP NURSE,10000 list,3,0,False,False,2025-09-08
watt,LOT,10000 list,3,0,False,False,2025-09-08
thehun,,10000 list,3,0,False,False,2025-09-08
decent,FLEECE,10000 list,3,0,False,False,2025-09-08
dayton,FACE,10000 list,3,0,False,False,2025-09-08
translated,TRAP FACE,10000 list,3,0,False,False,2025-09-08
shortly,NORTH happY,10000 list,3,0,False,False,2025-09-08
columnists,LOT (STRUT) (KIT),10000 list,3,0,False,False,2025-09-08
cabin,TRAP (KIT),10000 list,3,0,False,False,2025-09-08
innocent,KIT,10000 list,3,0,False,False,2025-09-08
bdsm,FLEECE DRESS,10000 list,3,0,False,False,2025-09-08
consensus,DRESS,10000 list,3,0,False,False,2025-09-08
valium,TRAP (happY),10000 list,3,0,False,False,2025-09-08
cordless,NORTH (DRESS),10000 list,3,0,False,False,2025-09-08
fired,PRICE,10000 list,3,0,False,False,2025-09-08
prot,LOT,10000 list,3,0,False,False,2025-09-08
trivia,KIT,10000 list,3,0,False,False,2025-09-08
adidas,(TRAP) KIT/FLEECE,10000 list,3,0,False,False,2025-09-08
intention,KIT DRESS,10000 list,3,0,False,False,2025-09-08
syria,(KIT) FLEECE,10000 list,3,0,False,False,2025-09-08
disagree,KIT FLEECE,10000 list,3,0,False,False,2025-09-08
klein,PRICE,10000 list,3,0,False,False,2025-09-08
undertaken,STRUT lettER FACE,10000 list,3,0,False,False,2025-09-08
leo,FLEECE GOAT,10000 list,3,0,False,False,2025-09-08
livesex,PRICE DRESS,10000 list,3,0,False,False,2025-09-08
statewide,FACE PRICE,10000 list,3,0,False,False,2025-09-08
semiconductor,DRESS happY/PRICE STRUT lettER,10000 list,3,0,False,False,2025-09-08
boolean,GOOSE (FLEECE),10000 list,3,0,False,False,2025-09-08
circular,NURSE lettER,10000 list,3,0,False,False,2025-09-08
mainland,FACE (TRAP),10000 list,3,0,False,False,2025-09-08
interact,KIT TRAP,10000 list,3,0,False,False,2025-09-08
happiness,TRAP HAPPY,10000 list,3,0,False,False,2025-09-08
substantially,STRUT TRAP happY,10000 list,3,0,False,False,2025-09-08
glenn,DRESS,10000 list,3,0,False,False,2025-09-08
identifier,PRICE DRESS KIT lettER,10000 list,3,0,False,False,2025-09-08
geo,FLEECE GOAT,10000 list,3,0,False,False,2025-09-08
worldsex,NURSE DRESS,10000 list,3,0,False,False,2025-09-08
doe,GOAT,10000 list,3,0,False,False,2025-09-08
startup,START STRUT,10000 list,3,0,False,False,2025-09-08
handy,TRAP,10000 list,3,0,False,False,2025-09-08
swap,LOT,10000 list,3,0,False,False,2025-09-08
exempt,DRESS,10000 list,3,0,False,False,2025-09-08
geometry,FLEECE LOT happY,10000 list,3,0,False,False,2025-09-08
flip,KIT,10000 list,3,0,False,False,2025-09-08
guild,KIT,10000 list,3,0,False,False,2025-09-08
correlation,NORTH FACE,10000 list,3,0,False,False,2025-09-08
gorgeous,NORTH,10000 list,3,0,False,False,2025-09-08
sim,KIT,10000 list,3,0,False,False,2025-09-08
dishes,KIT,10000 list,3,0,False,False,2025-09-08
chrysler,PRICE lettER,10000 list,3,0,False,False,2025-09-08
mcdonald,LOT,10000 list,3,0,False,False,2025-09-08
tribe,PRICE,10000 list,3,0,False,False,2025-09-08
rid,KIT,10000 list,3,0,False,False,2025-09-08
trinity,KIT happY,10000 list,3,0,False,False,2025-09-08
charleston,START,10000 list,3,0,False,False,2025-09-08
handled,TRAP,10000 list,3,0,False,False,2025-09-08
calm,PALM,10000 list,3,0,False,False,2025-09-08
davidson,FACE (KIT),10000 list,3,0,False,False,2025-09-08
copied,LOT happY,10000 list,3,0,False,False,2025-09-08
scotia,LOT GOAT happY,10000 list,3,0,False,False,2025-09-08
gibson,KIT,10000 list,3,0,False,False,2025-09-08
appreciated,FLEECE/KIT FACE,10000 list,3,0,False,False,2025-09-08
nicole,(KIT) GOAT,10000 list,3,0,False,False,2025-09-08
latino,(TRAP) FLEECE GOAT,10000 list,3,0,False,False,2025-09-08
albuquerque,TRAP NURSE happY,10000 list,3,0,False,False,2025-09-08
distinguished,KIT,10000 list,3,0,False,False,2025-09-08
asthma,TRAP,10000 list,3,0,False,False,2025-09-08
shareholders,SQUARE GOAT lettER,10000 list,3,0,False,False,2025-09-08
developmental,DRESS,10000 list,3,0,False,False,2025-09-08
zope,GOAT,10000 list,3,0,False,False,2025-09-08
regulated,DRESS (GOOSE) FACE,10000 list,3,0,False,False,2025-09-08
amend,DRESS,10000 list,3,0,False,False,2025-09-08
anticipated,TRAP KIT FACE,10000 list,3,0,False,False,2025-09-08
oriental,NORTH DRESS,10000 list,3,0,False,False,2025-09-08
zambia,TRAP happY,10000 list,3,0,False,False,2025-09-08
hydrogen,PRICE,10000 list,3,0,False,False,2025-09-08
webshots,DRESS LOT,10000 list,3,0,False,False,2025-09-08
sprint,KIT,10000 list,3,0,False,False,2025-09-08
comparable,SQUARE,10000 list,3,0,False,False,2025-09-08
chick,KIT,10000 list,3,0,False,False,2025-09-08
advocate,TRAP,10000 list,3,0,False,False,2025-09-08
tray,FACE,10000 list,3,0,False,False,2025-09-08
genome,FLEECE GOAT,10000 list,3,0,False,False,2025-09-08
medal,DRESS,10000 list,3,0,False,False,2025-09-08
coaches,GOAT,10000 list,3,0,False,False,2025-09-08
sol,GOAT,10000 list,3,0,False,False,2025-09-08
eco,FLEECE GOAT,10000 list,3,0,False,False,2025-09-08
arrange,FACE,10000 list,3,0,False,False,2025-09-08
bat,TRAP,10000 list,3,0,False,False,2025-09-08
booth,GOOSE,10000 list,3,0,False,False,2025-09-08
unified,GOOSE (KIT) PRICE,10000 list,3,0,False,False,2025-09-08
breed,FLEECE,10000 list,3,0,False,False,2025-09-08
detector,(FLEECE) DRESS lettER,10000 list,3,0,False,False,2025-09-08
ignored,NORTH,10000 list,3,0,False,False,2025-09-08
polar,GOAT,10000 list,3,0,False,False,2025-09-08
fallen,THOUGHT,10000 list,3,0,False,False,2025-09-08
respiratory,(DRESS) (NEAR) (FORCE) happY,10000 list,3,0,False,False,2025-09-08
transexual,TRAP/BATH DRESS GOOSE,10000 list,3,0,False,False,2025-09-08
subcommittee,STRUT KIT happY,10000 list,3,0,False,False,2025-09-08
sap,TRAP,10000 list,3,0,False,False,2025-09-08
suse,GOOSE,10000 list,3,0,False,False,2025-09-08
alfred,TRAP,10000 list,3,0,False,False,2025-09-08
colonial,GOAT FLEECE,10000 list,3,0,False,False,2025-09-08
embassy,DRESS happY,10000 list,3,0,False,False,2025-09-08
danny,TRAP happY,10000 list,3,0,False,False,2025-09-08
wool,FOOT,10000 list,3,0,False,False,2025-09-08
arrest,commA DRESS,10000 list,3,0,False,False,2025-09-08
horizon,PRICE,10000 list,3,0,False,False,2025-09-08
deeply,FLEECE happY,10000 list,3,0,False,False,2025-09-08
bosnia,LOT FLEECE,10000 list,3,0,False,False,2025-09-08
decreased,FLEECE,10000 list,3,0,False,False,2025-09-08
patio,TRAP FLEECE GOAT,10000 list,3,0,False,False,2025-09-08
tolerance,LOT LETTER,10000 list,3,0,False,False,2025-09-08
optics,LOT KIT,10000 list,3,0,False,False,2025-09-08
lightning,PRICE (KIT),10000 list,3,0,False,False,2025-09-08
eyed,PRICE,10000 list,3,0,False,False,2025-09-08
quotations,GOAT FACE (KIT),10000 list,3,0,False,False,2025-09-08
inspector,KIT DRESS lettER,10000 list,3,0,False,False,2025-09-08
brighton,PRICE,10000 list,3,0,False,False,2025-09-08
ellis,DRESS (KIT),10000 list,3,0,False,False,2025-09-08
succeed,STRUT FLEECE,10000 list,3,0,False,False,2025-09-08
leonard,DRESS lettER,10000 list,3,0,False,False,2025-09-08
lending,DRESS (KIT),10000 list,3,0,False,False,2025-09-08
nipple,KIT,10000 list,3,0,False,False,2025-09-08
behavioral,(FLEECE) FACE STRUT/CURE,10000 list,3,0,False,False,2025-09-08
initiated,KIT happY FACE,10000 list,3,0,False,False,2025-09-08
midwest,KIT DRESS,10000 list,3,0,False,False,2025-09-08
karaoke,TRAP/SQUARE GOAT happY,10000 list,3,0,False,False,2025-09-08
trap,TRAP,10000 list,3,0,False,False,2025-09-08
lonely,GOAT happY,10000 list,3,0,False,False,2025-09-08
nonprofit,LOT CLOTH,10000 list,3,0,False,False,2025-09-08
suspended,DRESS,10000 list,3,0,False,False,2025-09-08
hereby,NEAR PRICE,10000 list,3,0,False,False,2025-09-08
julia,GOOSE HAPPY,10000 list,3,0,False,False,2025-09-08
collar,LOT lettER,10000 list,3,0,False,False,2025-09-08
simultaneously,PRICE/KIT STRUT FACE happY,10000 list,3,0,False,False,2025-09-08
integrate,KIT FACE,10000 list,3,0,False,False,2025-09-08
confident,LOT,10000 list,3,0,False,False,2025-09-08
retrieved,(KIT) FLEECE,10000 list,3,0,False,False,2025-09-08
officially,(GOAT) KIT happY,10000 list,3,0,False,False,2025-09-08
bacteria,TRAP NEAR HAPPY,10000 list,3,0,False,False,2025-09-08
replied,(FLEECE) PRICE,10000 list,3,0,False,False,2025-09-08
rrp,START FLEECE,10000 list,3,0,False,False,2025-09-08
safely,FACE happY,10000 list,3,0,False,False,2025-09-08
finite,PRICE,10000 list,3,0,False,False,2025-09-08
kidney,KIT happY,10000 list,3,0,False,False,2025-09-08
periodically,NEAR HAPPY LOT happY,10000 list,3,0,False,False,2025-09-08
fixes,KIT,10000 list,3,0,False,False,2025-09-08
durable,CURE,10000 list,3,0,False,False,2025-09-08
allied,TRAP PRICE,10000 list,3,0,False,False,2025-09-08
roster,CLOTH lettER,10000 list,3,0,False,False,2025-09-08
symantec,(KIT) TRAP,10000 list,3,0,False,False,2025-09-08
wichita,KIT,10000 list,3,0,False,False,2025-09-08
nasdaq,TRAP,10000 list,3,0,False,False,2025-09-08
gotten,LOT,10000 list,3,0,False,False,2025-09-08
educators,DRESS GOOSE FACE lettER,10000 list,3,0,False,False,2025-09-08
vegetable,DRESS,10000 list,3,0,False,False,2025-09-08
independently,KIT DRESS happY,10000 list,3,0,False,False,2025-09-08
launches,THOUGHT,10000 list,3,0,False,False,2025-09-08
masturbating,BATH lettER FACE KIT,10000 list,3,0,False,False,2025-09-08
henderson,DRESS lettER,10000 list,3,0,False,False,2025-09-08
britannica,KIT TRAP,10000 list,3,0,False,False,2025-09-08
ellen,DRESS,10000 list,3,0,False,False,2025-09-08
competitors,(LOT) DRESS (KIT) lettER,10000 list,3,0,False,False,2025-09-08
rocket,LOT,10000 list,3,0,False,False,2025-09-08
aye,PRICE,10000 list,3,0,False,False,2025-09-08
bullet,FOOT,10000 list,3,0,False,False,2025-09-08
visibility,KIT happY,10000 list,3,0,False,False,2025-09-08
tumor,GOOSE lettER,10000 list,3,0,False,False,2025-09-08
beverly,DRESS lettER happY,10000 list,3,0,False,False,2025-09-08
mistress,KIT,10000 list,3,0,False,False,2025-09-08
encounter,(DRESS) MOUTH lettER,10000 list,3,0,False,False,2025-09-08
duncan,STRUT,10000 list,3,0,False,False,2025-09-08
ment,DRESS,10000 list,3,0,False,False,2025-09-08
forty,FORCE happY,10000 list,3,0,False,False,2025-09-08
priest,FLEECE,10000 list,3,0,False,False,2025-09-08
ronald,LOT/PALM,10000 list,3,0,False,False,2025-09-08
trance,BATH,10000 list,3,0,False,False,2025-09-08
nicholas,KIT,10000 list,3,0,False,False,2025-09-08
bundle,STRUT,10000 list,3,0,False,False,2025-09-08
witnesses,KIT,10000 list,3,0,False,False,2025-09-08
administered,(TRAP) KIT LETTER,10000 list,3,0,False,False,2025-09-08
arctic,START KIT,10000 list,3,0,False,False,2025-09-08
beneath,(KIT) FLEECE,10000 list,3,0,False,False,2025-09-08
strengthen,DRESS,10000 list,3,0,False,False,2025-09-08
frederick,DRESS (LETTER) KIT,10000 list,3,0,False,False,2025-09-08
treo,FLEECE GOAT,10000 list,3,0,False,False,2025-09-08
infrared,KIT DRESS,10000 list,3,0,False,False,2025-09-08
seventh,DRESS,10000 list,3,0,False,False,2025-09-08
welsh,DRESS,10000 list,3,0,False,False,2025-09-08
belly,DRESS happY,10000 list,3,0,False,False,2025-09-08
tex,DRESS,10000 list,3,0,False,False,2025-09-08
cia,FLEECE PRICE FACE,10000 list,3,0,False,False,2025-09-08
sublime,STRUT PRICE,10000 list,3,0,False,False,2025-09-08
disturbed,KIT NURSE,10000 list,3,0,False,False,2025-09-08
poly,LOT HAPPY,10000 list,3,0,False,False,2025-09-08
dod,LOT,10000 list,3,0,False,False,2025-09-08
fist,KIT,10000 list,3,0,False,False,2025-09-08
neo,FLEECE GOAT,10000 list,3,0,False,False,2025-09-08
motivation,GOAT (KIT) FACE,10000 list,3,0,False,False,2025-09-08
pharmacology,START LOT happY,10000 list,3,0,False,False,2025-09-08
fixtures,KIT lettER,10000 list,3,0,False,False,2025-09-08
petersburg,FLEECE LETTER NURSE,10000 list,3,0,False,False,2025-09-08
consistently,(LOT) KIT happY,10000 list,3,0,False,False,2025-09-08
powerpoint,MOUTH LETTER CHOICE,10000 list,3,0,False,False,2025-09-08
elder,DRESS lettER,10000 list,3,0,False,False,2025-09-08
sonic,LOT KIT,10000 list,3,0,False,False,2025-09-08
obituaries,(GOAT) KIT (GOOSE SQUARE) happY,10000 list,3,0,False,False,2025-09-08
punishment,STRUT KIT,10000 list,3,0,False,False,2025-09-08
appreciation,FLEECE FACE,10000 list,3,0,False,False,2025-09-08
belarus,DRESS GOOSE,10000 list,3,0,False,False,2025-09-08
restriction,KIT,10000 list,3,0,False,False,2025-09-08
incorporate,KIT NORTH FACE,10000 list,3,0,False,False,2025-09-08
essence,DRESS,10000 list,3,0,False,False,2025-09-08
mighty,PRICE happY,10000 list,3,0,False,False,2025-09-08
athletes,TRAP FLEECE,10000 list,3,0,False,False,2025-09-08
complications,LOT FACE,10000 list,3,0,False,False,2025-09-08
synthetic,KIT DRESS,10000 list,3,0,False,False,2025-09-08
shaw,THOUGHT,10000 list,3,0,False,False,2025-09-08
testament,DRESS,10000 list,3,0,False,False,2025-09-08
expo,DRESS GOAT,10000 list,3,0,False,False,2025-09-08
dominant,LOT (KIT),10000 list,3,0,False,False,2025-09-08
partially,START HAPPY,10000 list,3,0,False,False,2025-09-08
buried,NURSE/DRESS/SQUARE happY,10000 list,3,0,False,False,2025-09-08
minimize,KIT PRICE,10000 list,3,0,False,False,2025-09-08
deny,(KIT) PRICE,10000 list,3,0,False,False,2025-09-08
judy,GOOSE happY,10000 list,3,0,False,False,2025-09-08
headphones,DRESS GOAT,10000 list,3,0,False,False,2025-09-08
fraction,TRAP,10000 list,3,0,False,False,2025-09-08
defects,(FLEECE) DRESS,10000 list,3,0,False,False,2025-09-08
uncertainty,STRUT NURSE happY,10000 list,3,0,False,False,2025-09-08
milton,KIT,10000 list,3,0,False,False,2025-09-08
subsidiary,STRUT KIT (FLEECE) (SQUARE) happY,10000 list,3,0,False,False,2025-09-08
clarity,TRAP KIT happY,10000 list,3,0,False,False,2025-09-08
furnished,NURSE (KIT),10000 list,3,0,False,False,2025-09-08
settled,DRESS,10000 list,3,0,False,False,2025-09-08
emirates,DRESS,10000 list,3,0,False,False,2025-09-08
beneficial,DRESS KIT,10000 list,3,0,False,False,2025-09-08
belize,DRESS FLEECE,10000 list,3,0,False,False,2025-09-08
crap,TRAP,10000 list,3,0,False,False,2025-09-08
viewpicture,GOOSE KIT lettER,10000 list,3,0,False,False,2025-09-08
promised,LOT,10000 list,3,0,False,False,2025-09-08
volvo,(LOT) GOAT,10000 list,3,0,False,False,2025-09-08
penny,DRESS happY,10000 list,3,0,False,False,2025-09-08
threatened,DRESS,10000 list,3,0,False,False,2025-09-08
minolta,KIT GOAT,10000 list,3,0,False,False,2025-09-08
discusses,KIT STRUT,10000 list,3,0,False,False,2025-09-08
ver,NURSE,10000 list,3,0,False,False,2025-09-08
rim,KIT,10000 list,3,0,False,False,2025-09-08
zen,DRESS,10000 list,3,0,False,False,2025-09-08
alpine,TRAP PRICE,10000 list,3,0,False,False,2025-09-08
prediction,KIT,10000 list,3,0,False,False,2025-09-08
andale,TRAP FACE,10000 list,3,0,False,False,2025-09-08
alias,FACE FLEECE,10000 list,3,0,False,False,2025-09-08
individually,KIT (GOOSE) happY,10000 list,3,0,False,False,2025-09-08
battlefield,TRAP FLEECE,10000 list,3,0,False,False,2025-09-08
literally,KIT (LETTER) happY,10000 list,3,0,False,False,2025-09-08
kay,FACE,10000 list,3,0,False,False,2025-09-08
implies,KIT PRICE,10000 list,3,0,False,False,2025-09-08
periodic,FLEECE LOT KIT,10000 list,3,0,False,False,2025-09-08
geographical,FLEECE TRAP KIT,10000 list,3,0,False,False,2025-09-08
donor,GOAT lettER,10000 list,3,0,False,False,2025-09-08
tension,DRESS,10000 list,3,0,False,False,2025-09-08
manor,TRAP lettER,10000 list,3,0,False,False,2025-09-08
diane,PRICE TRAP,10000 list,3,0,False,False,2025-09-08
homeland,GOAT (TRAP),10000 list,3,0,False,False,2025-09-08
excluded,(KIT/DRESS) GOOSE,10000 list,3,0,False,False,2025-09-08
andrea,TRAP/PALM FACE,10000 list,3,0,False,False,2025-09-08
disco,KIT GOAT,10000 list,3,0,False,False,2025-09-08
emotions,(FLEECE) GOAT,10000 list,3,0,False,False,2025-09-08
wellington,DRESS (KIT),10000 list,3,0,False,False,2025-09-08
lexmark,DRESS START,10000 list,3,0,False,False,2025-09-08
eternal,(FLEECE) NURSE,10000 list,3,0,False,False,2025-09-08
cashiers,(TRAP) NEAR,10000 list,3,0,False,False,2025-09-08
cite,PRICE,10000 list,3,0,False,False,2025-09-08
aboriginal,TRAP KIT,10000 list,3,0,False,False,2025-09-08
nam,PALM/TRAP,10000 list,3,0,False,False,2025-09-08
productive,STRUT (KIT),10000 list,3,0,False,False,2025-09-08
gdp,FLEECE,10000 list,3,0,False,False,2025-09-08
metric,DRESS KIT,10000 list,3,0,False,False,2025-09-08
compliant,(LOT) PRICE,10000 list,3,0,False,False,2025-09-08
minus,PRICE (KIT/STRUT),10000 list,3,0,False,False,2025-09-08
bennett,DRESS,10000 list,3,0,False,False,2025-09-08
hotmail,LOT FACE,10000 list,3,0,False,False,2025-09-08
joshua,LOT GOOSE,10000 list,3,0,False,False,2025-09-08
varied,SQUARE happY,10000 list,3,0,False,False,2025-09-08
grande,PALM/TRAP,10000 list,3,0,False,False,2025-09-08
closest,GOAT,10000 list,3,0,False,False,2025-09-08
activated,TRAP FACE,10000 list,3,0,False,False,2025-09-08
actress,TRAP (KIT),10000 list,3,0,False,False,2025-09-08
mess,DRESS,10000 list,3,0,False,False,2025-09-08
armstrong,START CLOTH,10000 list,3,0,False,False,2025-09-08
politicians,LOT KIT,10000 list,3,0,False,False,2025-09-08
lit,KIT,10000 list,3,0,False,False,2025-09-08
accommodate,LOT FACE,10000 list,3,0,False,False,2025-09-08
premiere,(DRESS) NEAR,10000 list,3,0,False,False,2025-09-08
lender,DRESS LETTER,10000 list,3,0,False,False,2025-09-08
chorus,FORCE,10000 list,3,0,False,False,2025-09-08
christine,KIT FLEECE,10000 list,3,0,False,False,2025-09-08
digit,KIT,10000 list,3,0,False,False,2025-09-08
dietary,PRICE (SQUARE) HAPPY,10000 list,3,0,False,False,2025-09-08
symphony,KIT happY,10000 list,3,0,False,False,2025-09-08
clarke,START,10000 list,3,0,False,False,2025-09-08
precipitation,KIT FACE,10000 list,3,0,False,False,2025-09-08
marilyn,TRAP/SQUARE KIT,10000 list,3,0,False,False,2025-09-08
lyric,(FLEECE) KIT,10000 list,3,0,False,False,2025-09-08
isolation,PRICE FACE,10000 list,3,0,False,False,2025-09-08
sustained,STRUT FACE,10000 list,3,0,False,False,2025-09-08
carroll,TRAP/SQUARE,10000 list,3,0,False,False,2025-09-08
rational,TRAP,10000 list,3,0,False,False,2025-09-08
programmer,GOAT TRAP lettER,10000 list,3,0,False,False,2025-09-08
dump,STRUT,10000 list,3,0,False,False,2025-09-08
inherited,KIT DRESS,10000 list,3,0,False,False,2025-09-08
incomplete,KIT (LOT) FLEECE,10000 list,3,0,False,False,2025-09-08
chronicle,LOT (KIT),10000 list,3,0,False,False,2025-09-08
fountain,MOUTH,10000 list,3,0,False,False,2025-09-08
chubby,STRUT HAPPY,10000 list,3,0,False,False,2025-09-08
legitimate,KIT,10000 list,3,0,False,False,2025-09-08
foo,GOOSE,10000 list,3,0,False,False,2025-09-08
investigator,KIT DRESS FACE LETTER,10000 list,3,0,False,False,2025-09-08
gba,FLEECE FACE,10000 list,3,0,False,False,2025-09-08
plaintiff,FACE (KIT),10000 list,3,0,False,False,2025-09-08
finnish,KIT,10000 list,3,0,False,False,2025-09-08
gentle,DRESS,10000 list,3,0,False,False,2025-09-08
hose,GOAT,10000 list,3,0,False,False,2025-09-08
footage,FOOT (KIT),10000 list,3,0,False,False,2025-09-08
howto,MOUTH GOOSE,10000 list,3,0,False,False,2025-09-08
sig,KIT,10000 list,3,0,False,False,2025-09-08
freelance,FLEECE BATH,10000 list,3,0,False,False,2025-09-08
duo,GOOSE GOAT,10000 list,3,0,False,False,2025-09-08
excessive,DRESS (KIT),10000 list,3,0,False,False,2025-09-08
screensaver,FLEECE FACE,10000 list,3,0,False,False,2025-09-08
characteristic,TRAP/SQUARE lettER KIT,10000 list,3,0,False,False,2025-09-08
marion,TRAP/SQUARE happY,10000 list,3,0,False,False,2025-09-08
egyptian,KIT,10000 list,3,0,False,False,2025-09-08
metallica,TRAP KIT,10000 list,3,0,False,False,2025-09-08
outlined,MOUTH PRICE,10000 list,3,0,False,False,2025-09-08
consequently,LOT (DRESS) HAPPY,10000 list,3,0,False,False,2025-09-08
punch,STRUT,10000 list,3,0,False,False,2025-09-08
str,DRESS FLEECE START,10000 list,3,0,False,False,2025-09-08
gotta,LOT,10000 list,3,0,False,False,2025-09-08
narrative,TRAP/SQUARE KIT,10000 list,3,0,False,False,2025-09-08
bahrain,PALM/TRAP FACE,10000 list,3,0,False,False,2025-09-08
enormous,NORTH STRUT,10000 list,3,0,False,False,2025-09-08
consist,(LOT) KIT,10000 list,3,0,False,False,2025-09-08
betty,DRESS happY,10000 list,3,0,False,False,2025-09-08
quantitative,LOT (FACE) KIT,10000 list,3,0,False,False,2025-09-08
lucas,GOOSE,10000 list,3,0,False,False,2025-09-08
vip,FLEECE PRICE,10000 list,3,0,False,False,2025-09-08
distinction,KIT,10000 list,3,0,False,False,2025-09-08
insured,KIT CURE,10000 list,3,0,False,False,2025-09-08
mardi,START happY,10000 list,3,0,False,False,2025-09-08
exemption,DRESS,10000 list,3,0,False,False,2025-09-08
tenant,DRESS,10000 list,3,0,False,False,2025-09-08
happYsustainability,STRUT FACE KIT,10000 list,3,0,False,False,2025-09-08
algebra,TRAP,10000 list,3,0,False,False,2025-09-08
holly,LOT happY,10000 list,3,0,False,False,2025-09-08
happYsilly,KIT,10000 list,3,0,False,False,2025-09-08
nutritional,GOOSE KIT,10000 list,3,0,False,False,2025-09-08
yea,TRAP,10000 list,3,0,False,False,2025-09-08
hartford,START lettER,10000 list,3,0,False,False,2025-09-08
freely,FLEECE happY,10000 list,3,0,False,False,2025-09-08
marcus,START STRUT,10000 list,3,0,False,False,2025-09-08
mild,PRICE,10000 list,3,0,False,False,2025-09-08
nicaragua,KIT PALM/TRAP,10000 list,3,0,False,False,2025-09-08
readily,DRESS happY,10000 list,3,0,False,False,2025-09-08
affiliation,KIT happY FACE,10000 list,3,0,False,False,2025-09-08
soc,LOT,10000 list,3,0,False,False,2025-09-08
fence,DRESS,10000 list,3,0,False,False,2025-09-08
nudist,GOOSE (KIT),10000 list,3,0,False,False,2025-09-08
infinite,KIT,10000 list,3,0,False,False,2025-09-08
lindsay,KIT happY,10000 list,3,0,False,False,2025-09-08
clan,TRAP,10000 list,3,0,False,False,2025-09-08
legally,FLEECE happY,10000 list,3,0,False,False,2025-09-08
satisfactory,TRAP (KIT) (LETTER) happY,10000 list,3,0,False,False,2025-09-08
revolutionary,DRESS GOOSE (SQUARE) HAPPY,10000 list,3,0,False,False,2025-09-08
sync,KIT,10000 list,3,0,False,False,2025-09-08
civilian,KIT,10000 list,3,0,False,False,2025-09-08
telephony,DRESS GOAT/LOT happY,10000 list,3,0,False,False,2025-09-08
fatal,FACE,10000 list,3,0,False,False,2025-09-08
remedy,DRESS happY,10000 list,3,0,False,False,2025-09-08
briefly,FLEECE happY,10000 list,3,0,False,False,2025-09-08
graphical,TRAP (KIT),10000 list,3,0,False,False,2025-09-08
genius,FLEECE,10000 list,3,0,False,False,2025-09-08
flesh,DRESS,10000 list,3,0,False,False,2025-09-08
adapted,TRAP,10000 list,3,0,False,False,2025-09-08
shortcuts,NORTH STRUT,10000 list,3,0,False,False,2025-09-08
voyeurweb,CHOICE lettER DRESS,10000 list,3,0,False,False,2025-09-08
jesse,DRESS happY,10000 list,3,0,False,False,2025-09-08
logitech,CLOTH (KIT) DRESS,10000 list,3,0,False,False,2025-09-08
belkin,DRESS (KIT),10000 list,3,0,False,False,2025-09-08
dem,DRESS,10000 list,3,0,False,False,2025-09-08
accreditation,DRESS (KIT) FACE,10000 list,3,0,False,False,2025-09-08
wav,FACE,10000 list,3,0,False,False,2025-09-08
blackberry,TRAP SQUARE/DRESS happY,10000 list,3,0,False,False,2025-09-08
highland,PRICE (TRAP),10000 list,3,0,False,False,2025-09-08
meditation,DRESS (KIT) FACE,10000 list,3,0,False,False,2025-09-08
modular,LOT (GOOSE) lettER,10000 list,3,0,False,False,2025-09-08
brandon,TRAP,10000 list,3,0,False,False,2025-09-08
instrumental,KIT DRESS,10000 list,3,0,False,False,2025-09-08
winston,KIT,10000 list,3,0,False,False,2025-09-08
memo,DRESS GOAT,10000 list,3,0,False,False,2025-09-08
ham,TRAP,10000 list,3,0,False,False,2025-09-08
solved,LOT,10000 list,3,0,False,False,2025-09-08
tide,PRICE,10000 list,3,0,False,False,2025-09-08
hawaiian,PRICE,10000 list,3,0,False,False,2025-09-08
invisible,KIT,10000 list,3,0,False,False,2025-09-08
gratuit,GOOSE FLEECE,10000 list,3,0,False,False,2025-09-08
funk,STRUT,10000 list,3,0,False,False,2025-09-08
fbi,DRESS FLEECE PRICE,10000 list,3,0,False,False,2025-09-08
commodity,LOT (KIT) happY,10000 list,3,0,False,False,2025-09-08
wang,TRAP,10000 list,3,0,False,False,2025-09-08
kilometers,(KIT) LOT lettER,10000 list,3,0,False,False,2025-09-08
bind,PRICE,10000 list,3,0,False,False,2025-09-08
thanksgiving,TRAP KIT,10000 list,3,0,False,False,2025-09-08
rand,TRAP,10000 list,3,0,False,False,2025-09-08
hopkins,LOT (KIT),10000 list,3,0,False,False,2025-09-08
gothic,CLOTH,10000 list,3,0,False,False,2025-09-08
cylinder,KIT lettER,10000 list,3,0,False,False,2025-09-08
buck,STRUT,10000 list,3,0,False,False,2025-09-08
indication,KIT FACE,10000 list,3,0,False,False,2025-09-08
tba,FLEECE FACE,10000 list,3,0,False,False,2025-09-08
cohen,GOAT,10000 list,3,0,False,False,2025-09-08
surround,MOUTH,10000 list,3,0,False,False,2025-09-08
revenge,(FLEECE) DRESS,10000 list,3,0,False,False,2025-09-08
expires,(DRESS) PRICE,10000 list,3,0,False,False,2025-09-08
chen,DRESS,10000 list,3,0,False,False,2025-09-08
patrol,GOAT,10000 list,3,0,False,False,2025-09-08
smell,DRESS,10000 list,3,0,False,False,2025-09-08
pest,DRESS,10000 list,3,0,False,False,2025-09-08
italiano,KIT TRAP HAPPY PALM GOAT,10000 list,3,0,False,False,2025-09-08
rca,START FLEECE FACE,10000 list,3,0,False,False,2025-09-08
physically,KIT happY,10000 list,3,0,False,False,2025-09-08
divide,(KIT) PRICE,10000 list,3,0,False,False,2025-09-08
stakeholders,FACE GOAT lettER,10000 list,3,0,False,False,2025-09-08
hydrocodone,PRICE GOAT (LOT),10000 list,3,0,False,False,2025-09-08
gst,FLEECE DRESS,10000 list,3,0,False,False,2025-09-08
cornell,NORTH DRESS,10000 list,3,0,False,False,2025-09-08
satin,TRAP KIT,10000 list,3,0,False,False,2025-09-08
bon,LOT,10000 list,3,0,False,False,2025-09-08
mailto,FACE GOOSE,10000 list,3,0,False,False,2025-09-08
promo,GOAT,10000 list,3,0,False,False,2025-09-08
chan,TRAP,10000 list,3,0,False,False,2025-09-08
worried,STRUT/NURSE FLEECE,10000 list,3,0,False,False,2025-09-08
bradford,TRAP LETTER,10000 list,3,0,False,False,2025-09-08
len,DRESS,10000 list,3,0,False,False,2025-09-08
kai,PRICE,10000 list,3,0,False,False,2025-09-08
boring,NORTH,10000 list,3,0,False,False,2025-09-08
reynolds,DRESS,10000 list,3,0,False,False,2025-09-08
dom,LOT,10000 list,3,0,False,False,2025-09-08
jill,KIT,10000 list,3,0,False,False,2025-09-08
accurately,TRAP STRUT happY,10000 list,3,0,False,False,2025-09-08
speeches,FLEECE,10000 list,3,0,False,False,2025-09-08
reaches,FLEECE,10000 list,3,0,False,False,2025-09-08
schema,FLEECE,10000 list,3,0,False,False,2025-09-08
vacancies,FACE HAPPY,10000 list,3,0,False,False,2025-09-08
quizzes,KIT,10000 list,3,0,False,False,2025-09-08
parliamentary,START DRESS happY,10000 list,3,0,False,False,2025-09-08
savannah,TRAP,10000 list,3,0,False,False,2025-09-08
barrel,TRAP,10000 list,3,0,False,False,2025-09-08
deficit,DRESS KIT,10000 list,3,0,False,False,2025-09-08
boulder,GOAT LETTER,10000 list,3,0,False,False,2025-09-08
coupled,STRUT,10000 list,3,0,False,False,2025-09-08
viii,FACE,10000 list,3,0,False,False,2025-09-08
metadata,DRESS FACE/TRAP,10000 list,3,0,False,False,2025-09-08
harold,TRAP,10000 list,3,0,False,False,2025-09-08
floppy,LOT happY,10000 list,3,0,False,False,2025-09-08
texture,DRESS lettER,10000 list,3,0,False,False,2025-09-08
handbags,TRAP,10000 list,3,0,False,False,2025-09-08
acknowledge,(TRAP) LOT,10000 list,3,0,False,False,2025-09-08
nottingham,LOT KIT (TRAP),10000 list,3,0,False,False,2025-09-08
thunder,STRUT lettER,10000 list,3,0,False,False,2025-09-08
tent,DRESS,10000 list,3,0,False,False,2025-09-08
qualification,LOT (KIT) FACE,10000 list,3,0,False,False,2025-09-08
namely,FACE happY,10000 list,3,0,False,False,2025-09-08
dept,START,10000 list,3,0,False,False,2025-09-08
hack,TRAP,10000 list,3,0,False,False,2025-09-08
interstate,KIT lettER FACE,10000 list,3,0,False,False,2025-09-08
consequence,LOT,10000 list,3,0,False,False,2025-09-08
systematic,KIT TRAP,10000 list,3,0,False,False,2025-09-08
perceived,lettER FLEECE,10000 list,3,0,False,False,2025-09-08
hired,PRICE LETTER,10000 list,3,0,False,False,2025-09-08
makeup,FACE STRUT,10000 list,3,0,False,False,2025-09-08
lamb,TRAP,10000 list,3,0,False,False,2025-09-08
indexes,KIT DRESS,10000 list,3,0,False,False,2025-09-08
pac,TRAP,10000 list,3,0,False,False,2025-09-08
erp,NURSE,10000 list,3,0,False,False,2025-09-08
richardson,KIT lettER,10000 list,3,0,False,False,2025-09-08
hindu,KIT GOOSE,10000 list,3,0,False,False,2025-09-08
vocabulary,(GOAT) TRAP SQUARE/DRESS/LETTER HAPPY,10000 list,3,0,False,False,2025-09-08
licking,KIT,10000 list,3,0,False,False,2025-09-08
vpn,FLEECE DRESS,10000 list,3,0,False,False,2025-09-08
fundraising,STRUT FACE KIT,10000 list,3,0,False,False,2025-09-08
fcc,DRESS FLEECE,10000 list,3,0,False,False,2025-09-08
albania,TRAP FACE HAPPY,10000 list,3,0,False,False,2025-09-08
geological,FLEECE (GOAT) CLOTH (KIT),10000 list,3,0,False,False,2025-09-08
wicked,KIT,10000 list,3,0,False,False,2025-09-08
roommate,GOOSE/FOOT FACE,10000 list,3,0,False,False,2025-09-08
computational,LOT GOOSE FACE,10000 list,3,0,False,False,2025-09-08
participated,START KIT FACE,10000 list,3,0,False,False,2025-09-08
wax,TRAP,10000 list,3,0,False,False,2025-09-08
lucy,GOOSE happY,10000 list,3,0,False,False,2025-09-08
hans,TRAP/PALM,10000 list,3,0,False,False,2025-09-08
impressed,(KIT) DRESS,10000 list,3,0,False,False,2025-09-08
poet,GOAT,10000 list,3,0,False,False,2025-09-08
theology,FLEECE LOT happY,10000 list,3,0,False,False,2025-09-08
evident,DRESS (KIT),10000 list,3,0,False,False,2025-09-08
saturn,TRAP lettER,10000 list,3,0,False,False,2025-09-08
organizer,NORTH PRICE lettER,10000 list,3,0,False,False,2025-09-08
preceding,FLEECE KIT,10000 list,3,0,False,False,2025-09-08
merit,DRESS (KIT),10000 list,3,0,False,False,2025-09-08
zshops,FLEECE LOT,10000 list,3,0,False,False,2025-09-08
edmonton,DRESS,10000 list,3,0,False,False,2025-09-08
tackle,TRAP,10000 list,3,0,False,False,2025-09-08
condo,LOT GOAT,10000 list,3,0,False,False,2025-09-08
pokemon,GOAT (FLEECE) LOT,10000 list,3,0,False,False,2025-09-08
ambien,TRAP FLEECE,10000 list,3,0,False,False,2025-09-08
retrieve,FLEECE,10000 list,3,0,False,False,2025-09-08
lexington,DRESS KIT,10000 list,3,0,False,False,2025-09-08
vernon,NURSE,10000 list,3,0,False,False,2025-09-08
worldcat,NURSE TRAP,10000 list,3,0,False,False,2025-09-08
bye,PRICE,10000 list,3,0,False,False,2025-09-08
cdt,FLEECE,10000 list,3,0,False,False,2025-09-08
occasional,FACE,10000 list,3,0,False,False,2025-09-08
casio,TRAP FLEECE GOAT,10000 list,3,0,False,False,2025-09-08
deutsche,CHOICE,10000 list,3,0,False,False,2025-09-08
ana,PALM/TRAP,10000 list,3,0,False,False,2025-09-08
kitty,KIT happY,10000 list,3,0,False,False,2025-09-08
drain,FACE,10000 list,3,0,False,False,2025-09-08
monte,LOT FACE/happY,10000 list,3,0,False,False,2025-09-08
luis,GOOSE KIT/FLEECE,10000 list,3,0,False,False,2025-09-08
potato,FACE GOAT,10000 list,3,0,False,False,2025-09-08
panic,TRAP,10000 list,3,0,False,False,2025-09-08
explicitly,(DRESS) KIT happY,10000 list,3,0,False,False,2025-09-08
leone,FLEECE GOAT,10000 list,3,0,False,False,2025-09-08
transsexual,TRAP/BATH DRESS GOOSE,10000 list,3,0,False,False,2025-09-08
citizenship,KIT,10000 list,3,0,False,False,2025-09-08
onion,STRUT,10000 list,3,0,False,False,2025-09-08
strand,TRAP,10000 list,3,0,False,False,2025-09-08
sandwich,TRAP (KIT),10000 list,3,0,False,False,2025-09-08
informative,KIT NORTH,10000 list,3,0,False,False,2025-09-08
bloomberg,GOOSE LETTER,10000 list,3,0,False,False,2025-09-08
cheque,DRESS,10000 list,3,0,False,False,2025-09-08
hierarchy,PRICE START happY,10000 list,3,0,False,False,2025-09-08
influenced,KIT GOOSE,10000 list,3,0,False,False,2025-09-08
abandoned,TRAP,10000 list,3,0,False,False,2025-09-08
italic,KIT TRAP,10000 list,3,0,False,False,2025-09-08
merry,SQUARE/DRESS happY,10000 list,3,0,False,False,2025-09-08
mil,KIT,10000 list,3,0,False,False,2025-09-08
complement,LOT,10000 list,3,0,False,False,2025-09-08
dash,TRAP,10000 list,3,0,False,False,2025-09-08
passive,TRAP KIT,10000 list,3,0,False,False,2025-09-08
mauritius,THOUGHT KIT,10000 list,3,0,False,False,2025-09-08
checklist,DRESS KIT,10000 list,3,0,False,False,2025-09-08
bangbus,TRAP STRUT,10000 list,3,0,False,False,2025-09-08
lauderdale,THOUGHT lettER FACE,10000 list,3,0,False,False,2025-09-08
extraction,(DRESS) TRAP,10000 list,3,0,False,False,2025-09-08
elevation,DRESS FACE,10000 list,3,0,False,False,2025-09-08
coleman,GOAT,10000 list,3,0,False,False,2025-09-08
hugh,GOOSE,10000 list,3,0,False,False,2025-09-08
lap,TRAP,10000 list,3,0,False,False,2025-09-08
utilization,GOOSE PRICE FACE,10000 list,3,0,False,False,2025-09-08
calibration,TRAP FACE,10000 list,3,0,False,False,2025-09-08
eval,FLEECE TRAP,10000 list,3,0,False,False,2025-09-08
efficiently,KIT happY,10000 list,3,0,False,False,2025-09-08
ping,KIT,10000 list,3,0,False,False,2025-09-08
textbook,DRESS FOOT,10000 list,3,0,False,False,2025-09-08
dried,PRICE,10000 list,3,0,False,False,2025-09-08
entertaining,DRESS LETTER FACE,10000 list,3,0,False,False,2025-09-08
prerequisite,FLEECE DRESS KIT,10000 list,3,0,False,False,2025-09-08
frontier,STRUT NEAR,10000 list,3,0,False,False,2025-09-08
settle,DRESS,10000 list,3,0,False,False,2025-09-08
refugees,DRESS FLEECE,10000 list,3,0,False,False,2025-09-08
flux,STRUT,10000 list,3,0,False,False,2025-09-08
peaceful,FLEECE,10000 list,3,0,False,False,2025-09-08
pontiac,LOT FLEECE TRAP,10000 list,3,0,False,False,2025-09-08
regression,DRESS,10000 list,3,0,False,False,2025-09-08
doctrine,LOT KIT,10000 list,3,0,False,False,2025-09-08
muze,GOOSE,10000 list,3,0,False,False,2025-09-08
intersection,KIT LETTER DRESS,10000 list,3,0,False,False,2025-09-08
sewing,GOAT KIT,10000 list,3,0,False,False,2025-09-08
consistency,KIT happY,10000 list,3,0,False,False,2025-09-08
recognised,DRESS PRICE,10000 list,3,0,False,False,2025-09-08
munich,GOOSE KIT,10000 list,3,0,False,False,2025-09-08
celebs,DRESS,10000 list,3,0,False,False,2025-09-08
propose,GOAT,10000 list,3,0,False,False,2025-09-08
prix,FLEECE,10000 list,3,0,False,False,2025-09-08
astrology,LOT happY,10000 list,3,0,False,False,2025-09-08
tactics,TRAP KIT,10000 list,3,0,False,False,2025-09-08
supplemental,STRUT DRESS,10000 list,3,0,False,False,2025-09-08
pillow,KIT GOAT,10000 list,3,0,False,False,2025-09-08
derek,DRESS,10000 list,3,0,False,False,2025-09-08
precisely,PRICE happY,10000 list,3,0,False,False,2025-09-08
harley,START happY,10000 list,3,0,False,False,2025-09-08
steal,FLEECE,10000 list,3,0,False,False,2025-09-08
refined,PRICE,10000 list,3,0,False,False,2025-09-08
fifteen,KIT FLEECE,10000 list,3,0,False,False,2025-09-08
incidence,KIT,10000 list,3,0,False,False,2025-09-08
acrylic,KIT,10000 list,3,0,False,False,2025-09-08
tuner,GOOSE lettER,10000 list,3,0,False,False,2025-09-08
avon,FACE (LOT),10000 list,3,0,False,False,2025-09-08
peterson,FLEECE LETTER,10000 list,3,0,False,False,2025-09-08
shannon,TRAP,10000 list,3,0,False,False,2025-09-08
flavor,FACE lettER,10000 list,3,0,False,False,2025-09-08
alike,PRICE,10000 list,3,0,False,False,2025-09-08
walt,THOUGHT,10000 list,3,0,False,False,2025-09-08
homeless,GOAT,10000 list,3,0,False,False,2025-09-08
acne,TRAP happY,10000 list,3,0,False,False,2025-09-08
listprice,KIT PRICE,10000 list,3,0,False,False,2025-09-08
atmospheric,TRAP NEAR/DRESS KIT,10000 list,3,0,False,False,2025-09-08
knowledgestorm,LOT NORTH,10000 list,3,0,False,False,2025-09-08
dana,FACE,10000 list,3,0,False,False,2025-09-08
curtis,NURSE KIT,10000 list,3,0,False,False,2025-09-08
referenced,DRESS,10000 list,3,0,False,False,2025-09-08
publicity,STRUT KIT happY,10000 list,3,0,False,False,2025-09-08
ant,TRAP,10000 list,3,0,False,False,2025-09-08
proposition,LOT KIT,10000 list,3,0,False,False,2025-09-08
gasoline,TRAP FLEECE,10000 list,3,0,False,False,2025-09-08
apt,TRAP,10000 list,3,0,False,False,2025-09-08
exec,DRESS,10000 list,3,0,False,False,2025-09-08
dealt,DRESS,10000 list,3,0,False,False,2025-09-08
niagara,PRICE TRAP,10000 list,3,0,False,False,2025-09-08
warcraft,NORTH BATH,10000 list,3,0,False,False,2025-09-08
catalyst,TRAP KIT,10000 list,3,0,False,False,2025-09-08
trader,FACER lettER,10000 list,3,0,False,False,2025-09-08
denial,PRICE,10000 list,3,0,False,False,2025-09-08
designation,DRESS KIT FACE,10000 list,3,0,False,False,2025-09-08
gem,DRESS,10000 list,3,0,False,False,2025-09-08
duplicate,GOOSE KIT,10000 list,3,0,False,False,2025-09-08
electro,DRESS GOAT,10000 list,3,0,False,False,2025-09-08
criterion,PRICE NEAR HAPPY,10000 list,3,0,False,False,2025-09-08
wrist,KIT,10000 list,3,0,False,False,2025-09-08
civilization,KIT PRICE FACE,10000 list,3,0,False,False,2025-09-08
analyzed,TRAP PRICE,10000 list,3,0,False,False,2025-09-08
heath,FLEECE,10000 list,3,0,False,False,2025-09-08
tremendous,DRESS,10000 list,3,0,False,False,2025-09-08
ballot,TRAP,10000 list,3,0,False,False,2025-09-08
lexus,DRESS STRUT,10000 list,3,0,False,False,2025-09-08
validity,KIT happY,10000 list,3,0,False,False,2025-09-08
trustee,STRUT FLEECE,10000 list,3,0,False,False,2025-09-08
maui,MOUTH happY,10000 list,3,0,False,False,2025-09-08
squirt,NURSE,10000 list,3,0,False,False,2025-09-08
realm,DRESS,10000 list,3,0,False,False,2025-09-08
jenny,DRESS happY,10000 list,3,0,False,False,2025-09-08
helmet,DRESS,10000 list,3,0,False,False,2025-09-08
elephant,DRESS,10000 list,3,0,False,False,2025-09-08
yemen,DRESS,10000 list,3,0,False,False,2025-09-08
scholar,LOT lettER,10000 list,3,0,False,False,2025-09-08
nickel,KIT,10000 list,3,0,False,False,2025-09-08
internationally,KIT TRAP happY,10000 list,3,0,False,False,2025-09-08
buses,STRUT (KIT),10000 list,3,0,False,False,2025-09-08
expedia,DRESS FLEECE,10000 list,3,0,False,False,2025-09-08
geology,FLEECE LOT happY,10000 list,3,0,False,False,2025-09-08
wallet,CLOTH KIT,10000 list,3,0,False,False,2025-09-08
smilies,KIT FLEECE,10000 list,3,0,False,False,2025-09-08
accomplish,LOT KIT,10000 list,3,0,False,False,2025-09-08
drainage,FACE,10000 list,3,0,False,False,2025-09-08
yeast,FLEECE,10000 list,3,0,False,False,2025-09-08
investigated,KIT DRESS FACE,10000 list,3,0,False,False,2025-09-08
ambassador,TRAP lettER,10000 list,3,0,False,False,2025-09-08
intend,KIT DRESS,10000 list,3,0,False,False,2025-09-08
vegetation,DRESS FACE,10000 list,3,0,False,False,2025-09-08
findarticles,PRICE START KIT,10000 list,3,0,False,False,2025-09-08
louise,GOOSE FLEECE,10000 list,3,0,False,False,2025-09-08
kenny,DRESS happY,10000 list,3,0,False,False,2025-09-08
specially,DRESS happY,10000 list,3,0,False,False,2025-09-08
owen,GOAT,10000 list,3,0,False,False,2025-09-08
yukon,GOOSE LOT,10000 list,3,0,False,False,2025-09-08
bite,PRICE,10000 list,3,0,False,False,2025-09-08
aquatic,THOUGHT KIT,10000 list,3,0,False,False,2025-09-08
reliance,PRICE,10000 list,3,0,False,False,2025-09-08
habits,TRAP KIT,10000 list,3,0,False,False,2025-09-08
infectious,KIT DRESS,10000 list,3,0,False,False,2025-09-08
singh,KIT,10000 list,3,0,False,False,2025-09-08
gilbert,KIT NURSE,10000 list,3,0,False,False,2025-09-08
continuity,KIT GOOSE happY,10000 list,3,0,False,False,2025-09-08
insulin,KIT GOOSE/STRUT,10000 list,3,0,False,False,2025-09-08
biblical,KIT,10000 list,3,0,False,False,2025-09-08
conscious,LOT,10000 list,3,0,False,False,2025-09-08
accent,TRAP DRESS,10000 list,3,0,False,False,2025-09-08
mysimon,PRICE,10000 list,3,0,False,False,2025-09-08
eleven,DRESS,10000 list,3,0,False,False,2025-09-08
ambient,TRAP HAPPY,10000 list,3,0,False,False,2025-09-08
prostate,CLOTH FACE,10000 list,3,0,False,False,2025-09-08
adaptor,TRAP lettER,10000 list,3,0,False,False,2025-09-08
nitrogen,PRICE,10000 list,3,0,False,False,2025-09-08
dice,PRICE,10000 list,3,0,False,False,2025-09-08
softball,CLOTH THOUGHT,10000 list,3,0,False,False,2025-09-08
quad,LOT,10000 list,3,0,False,False,2025-09-08
dock,LOT,10000 list,3,0,False,False,2025-09-08
differently,KIT happY,10000 list,3,0,False,False,2025-09-08
firewire,PRICE,10000 list,3,0,False,False,2025-09-08
nextel,DRESS,10000 list,3,0,False,False,2025-09-08
organised,NORTH PRICE,10000 list,3,0,False,False,2025-09-08
hint,KIT,10000 list,3,0,False,False,2025-09-08
liz,KIT,10000 list,3,0,False,False,2025-09-08
charitable,TRAP KIT,10000 list,3,0,False,False,2025-09-08
annotated,TRAP FACE,10000 list,3,0,False,False,2025-09-08
convinced,KIT,10000 list,3,0,False,False,2025-09-08
acknowledged,LOT,10000 list,3,0,False,False,2025-09-08
nudity,GOOSE KIT happY,10000 list,3,0,False,False,2025-09-08
granny,TRAP happY,10000 list,3,0,False,False,2025-09-08
equilibrium,FLEECE KIT HAPPY,10000 list,3,0,False,False,2025-09-08
inquire,KIT PRICE,10000 list,3,0,False,False,2025-09-08
characterized,TRAP LETTER PRICE,10000 list,3,0,False,False,2025-09-08
merge,NURSE,10000 list,3,0,False,False,2025-09-08
edgar,DRESS LETTER,10000 list,3,0,False,False,2025-09-08
dubai,GOOSE PRICE,10000 list,3,0,False,False,2025-09-08
estimation,DRESS KIT FACE,10000 list,3,0,False,False,2025-09-08
fleece,FLEECE,10000 list,3,0,False,False,2025-09-08
pediatric,FLEECE TRAP KIT,10000 list,3,0,False,False,2025-09-08
fare,SQUARE,10000 list,3,0,False,False,2025-09-08
allan,TRAP,10000 list,3,0,False,False,2025-09-08
techrepublic,DRESS STRUT KIT,10000 list,3,0,False,False,2025-09-08
sperm,NURSE,10000 list,3,0,False,False,2025-09-08
bald,THOUGHT,10000 list,3,0,False,False,2025-09-08
filme,KIT,10000 list,3,0,False,False,2025-09-08
fuji,GOOSE FLEECE,10000 list,3,0,False,False,2025-09-08
mold,GOAT,10000 list,3,0,False,False,2025-09-08
sally,TRAP,10000 list,3,0,False,False,2025-09-08
yacht,THOUGHT,10000 list,3,0,False,False,2025-09-08
tracy,FACE,10000 list,3,0,False,False,2025-09-08
herb,NURSE,10000 list,3,0,False,False,2025-09-08
alot,LOT,10000 list,3,0,False,False,2025-09-08
appropriations,GOAT HAPPY FACE,10000 list,3,0,False,False,2025-09-08
bedford,DRESS,10000 list,3,0,False,False,2025-09-08
idle,PRICE,10000 list,3,0,False,False,2025-09-08
antibody,TRAP (PRICE) LOT happY,10000 list,3,0,False,False,2025-09-08
competent,LOT,10000 list,3,0,False,False,2025-09-08
momentum,GOAT DRESS,10000 list,3,0,False,False,2025-09-08
fin,KIT,10000 list,3,0,False,False,2025-09-08
calvin,TRAP KIT,10000 list,3,0,False,False,2025-09-08
grateful,FACE,10000 list,3,0,False,False,2025-09-08
emerald,DRESS,10000 list,3,0,False,False,2025-09-08
gradually,TRAP (GOOSE) happY,10000 list,3,0,False,False,2025-09-08
cliff,KIT,10000 list,3,0,False,False,2025-09-08
tract,TRAP,10000 list,3,0,False,False,2025-09-08
ballet,TRAP FACE,10000 list,3,0,False,False,2025-09-08
bumper,STRUT lettER,10000 list,3,0,False,False,2025-09-08
webpage,DRESS FACE,10000 list,3,0,False,False,2025-09-08
senegal,DRESS THOUGHT,10000 list,3,0,False,False,2025-09-08
wendy,DRESS happY,10000 list,3,0,False,False,2025-09-08
cove,GOAT,10000 list,3,0,False,False,2025-09-08
ozone,GOAT,10000 list,3,0,False,False,2025-09-08
tariff,TRAP KIT,10000 list,3,0,False,False,2025-09-08
nvidia,KIT FLEECE,10000 list,3,0,False,False,2025-09-08
simplified,KIT PRICE,10000 list,3,0,False,False,2025-09-08
serum,NEAR STRUT,10000 list,3,0,False,False,2025-09-08
wrapped,TRAP,10000 list,3,0,False,False,2025-09-08
runtime,STRUT PRICE,10000 list,3,0,False,False,2025-09-08
focal,GOAT,10000 list,3,0,False,False,2025-09-08
bibliographic,KIT HAPPY TRAP/BATH,10000 list,3,0,False,False,2025-09-08
vagina,PRICE,10000 list,3,0,False,False,2025-09-08
eden,FLEECE,10000 list,3,0,False,False,2025-09-08
distant,KIT,10000 list,3,0,False,False,2025-09-08
decimal,DRESS KIT,10000 list,3,0,False,False,2025-09-08
deviation,FLEECE FACE,10000 list,3,0,False,False,2025-09-08
superintendent,GOOSE LETTER DRESS,10000 list,3,0,False,False,2025-09-08
propecia,FLEECE,10000 list,3,0,False,False,2025-09-08
dip,KIT,10000 list,3,0,False,False,2025-09-08
hostel,CLOTH,10000 list,3,0,False,False,2025-09-08
magical,TRAP KIT,10000 list,3,0,False,False,2025-09-08
manually,TRAP happY,10000 list,3,0,False,False,2025-09-08
hydraulic,PRICE LOT KIT,10000 list,3,0,False,False,2025-09-08
robertson,LOT LETTER,10000 list,3,0,False,False,2025-09-08
flex,DRESS,10000 list,3,0,False,False,2025-09-08
penetration,DRESS FACE,10000 list,3,0,False,False,2025-09-08
belle,DRESS,10000 list,3,0,False,False,2025-09-08
rosa,GOAT,10000 list,3,0,False,False,2025-09-08
conviction,KIT,10000 list,3,0,False,False,2025-09-08
hash,TRAP,10000 list,3,0,False,False,2025-09-08
hamburg,TRAP NURSE,10000 list,3,0,False,False,2025-09-08
retrieval,FLEECE,10000 list,3,0,False,False,2025-09-08
cindy,KIT happY,10000 list,3,0,False,False,2025-09-08
carb,START,10000 list,3,0,False,False,2025-09-08
lined,PRICE,10000 list,3,0,False,False,2025-09-08
dow,MOUTH,10000 list,3,0,False,False,2025-09-08
importantly,NORTH happY,10000 list,3,0,False,False,2025-09-08
apparatus,TRAP (FACE) STRUT,10000 list,3,0,False,False,2025-09-08
yen,DRESS,10000 list,3,0,False,False,2025-09-08
nomination,KIT FACE,10000 list,3,0,False,False,2025-09-08
empirical,(NEAR) KIT,10000 list,3,0,False,False,2025-09-08
rotary,GOAT happY,10000 list,3,0,False,False,2025-09-08
worm,NURSE,10000 list,3,0,False,False,2025-09-08
dependence,DRESS,10000 list,3,0,False,False,2025-09-08
discrete,KIT FLEECE,10000 list,3,0,False,False,2025-09-08
beginner,KIT lettER,10000 list,3,0,False,False,2025-09-08
sexuality,DRESS GOOSE TRAP KIT happY,10000 list,3,0,False,False,2025-09-08
deaf,DRESS,10000 list,3,0,False,False,2025-09-08
kinase,PRICE FACE,10000 list,3,0,False,False,2025-09-08
remainder,FACE lettER,10000 list,3,0,False,False,2025-09-08
specializing,DRESS PRICE KIT,10000 list,3,0,False,False,2025-09-08
sheriff,DRESS KIT,10000 list,3,0,False,False,2025-09-08
griffin,KIT,10000 list,3,0,False,False,2025-09-08
declined,PRICE,10000 list,3,0,False,False,2025-09-08
guyana,PRICE PALM/TRAP,10000 list,3,0,False,False,2025-09-08
spies,PRICE,10000 list,3,0,False,False,2025-09-08
mime,PRICE,10000 list,3,0,False,False,2025-09-08
elect,DRESS,10000 list,3,0,False,False,2025-09-08
thinkpad,KIT TRAP,10000 list,3,0,False,False,2025-09-08
concentrate,LOT FACE,10000 list,3,0,False,False,2025-09-08
intimate,KIT (FACE),10000 list,3,0,False,False,2025-09-08
preston,DRESS,10000 list,3,0,False,False,2025-09-08
deadly,DRESS happY,10000 list,3,0,False,False,2025-09-08
cunt,STRUT,10000 list,3,0,False,False,2025-09-08
bunny,STRUT happY,10000 list,3,0,False,False,2025-09-08
chevy,DRESS happY,10000 list,3,0,False,False,2025-09-08
molecules,LOT GOOSE,10000 list,3,0,False,False,2025-09-08
dentists,DRESS KIT,10000 list,3,0,False,False,2025-09-08
exclusion,(DRESS) GOOSE,10000 list,3,0,False,False,2025-09-08
workstation,NURSE FACE,10000 list,3,0,False,False,2025-09-08
peas,FLEECE,10000 list,3,0,False,False,2025-09-08
dosage,GOAT,10000 list,3,0,False,False,2025-09-08
customise,STRUT PRICE,10000 list,3,0,False,False,2025-09-08
disposition,KIT,10000 list,3,0,False,False,2025-09-08
navigator,TRAP KIT FACE lettER,10000 list,3,0,False,False,2025-09-08
computed,GOOSE,10000 list,3,0,False,False,2025-09-08
til,KIT,10000 list,3,0,False,False,2025-09-08
invision,KIT,10000 list,3,0,False,False,2025-09-08
sticky,KIT happY,10000 list,3,0,False,False,2025-09-08
destiny,DRESS KIT happY,10000 list,3,0,False,False,2025-09-08
generous,DRESS STRUT,10000 list,3,0,False,False,2025-09-08
emacs,FLEECE TRAP,10000 list,3,0,False,False,2025-09-08
climb,PRICE,10000 list,3,0,False,False,2025-09-08
fascinating,TRAP KIT FACE,10000 list,3,0,False,False,2025-09-08
lafayette,TRAP PRICE DRESS,10000 list,3,0,False,False,2025-09-08
jackie,TRAP HAPPY,10000 list,3,0,False,False,2025-09-08
computation,LOT GOOSE FACE,10000 list,3,0,False,False,2025-09-08
hay,FACE,10000 list,3,0,False,False,2025-09-08
sparc,START,10000 list,3,0,False,False,2025-09-08
cardiac,START HAPPY TRAP,10000 list,3,0,False,False,2025-09-08
dover,GOAT lettER,10000 list,3,0,False,False,2025-09-08
accompanying,STRUT FLEECE KIT,10000 list,3,0,False,False,2025-09-08
vatican,TRAP KIT,10000 list,3,0,False,False,2025-09-08
learners,NURSE lettER,10000 list,3,0,False,False,2025-09-08
selective,DRESS KIT,10000 list,3,0,False,False,2025-09-08
arbitration,START KIT FACE,10000 list,3,0,False,False,2025-09-08
zinc,KIT,10000 list,3,0,False,False,2025-09-08
removable,(FLEECE) GOOSE,10000 list,3,0,False,False,2025-09-08
convergence,NURSE,10000 list,3,0,False,False,2025-09-08
gibraltar,KIT THOUGHT LETTER,10000 list,3,0,False,False,2025-09-08
numeric,GOOSE SQUARE KIT,10000 list,3,0,False,False,2025-09-08
anthropology,TRAP LOT happY,10000 list,3,0,False,False,2025-09-08
skating,FACE KIT,10000 list,3,0,False,False,2025-09-08
grad,TRAP,10000 list,3,0,False,False,2025-09-08
malpractice,TRAP KIT,10000 list,3,0,False,False,2025-09-08
dylan,KIT,10000 list,3,0,False,False,2025-09-08
educated,DRESS (GOOSE) FACE,10000 list,3,0,False,False,2025-09-08
proudly,MOUTH happY,10000 list,3,0,False,False,2025-09-08
pix,KIT,10000 list,3,0,False,False,2025-09-08
necessity,DRESS KIT happY,10000 list,3,0,False,False,2025-09-08
mic,PRICE,10000 list,3,0,False,False,2025-09-08
basename,FACE,10000 list,3,0,False,False,2025-09-08
vertex,NURSE DRESS,10000 list,3,0,False,False,2025-09-08
hepatitis,DRESS PRICE KIT,10000 list,3,0,False,False,2025-09-08
nationally,TRAP happY,10000 list,3,0,False,False,2025-09-08
tomato,BATH/FACE GOAT,10000 list,3,0,False,False,2025-09-08
expired,(DRESS) PRICE,10000 list,3,0,False,False,2025-09-08
humanitarian,GOOSE TRAP SQUARE HAPPY,10000 list,3,0,False,False,2025-09-08
delight,PRICE,10000 list,3,0,False,False,2025-09-08
survivor,PRICE lettER,10000 list,3,0,False,False,2025-09-08
cingular,KIT lettER,10000 list,3,0,False,False,2025-09-08
alexandria,TRAP BATH HAPPY,10000 list,3,0,False,False,2025-09-08
bacterial,TRAP NEAR HAPPY,10000 list,3,0,False,False,2025-09-08
moses,GOAT KIT,10000 list,3,0,False,False,2025-09-08
undertake,STRUT LETTER FACE,10000 list,3,0,False,False,2025-09-08
continuously,KIT GOOSE STRUT HAPPY,10000 list,3,0,False,False,2025-09-08
teddy,DRESS HAPPY,10000 list,3,0,False,False,2025-09-08
ata,TRAP,10000 list,3,0,False,False,2025-09-08
teaches,FLEECE KIT,10000 list,3,0,False,False,2025-09-08
nil,KIT,10000 list,3,0,False,False,2025-09-08
nest,DRESS,10000 list,3,0,False,False,2025-09-08
pam,TRAP,10000 list,3,0,False,False,2025-09-08
painful,FACE STRUT,10000 list,3,0,False,False,2025-09-08
velvet,DRESS,10000 list,3,0,False,False,2025-09-08
ruled,GOOSE,10000 list,3,0,False,False,2025-09-08
nato,FACE GOAT,10000 list,3,0,False,False,2025-09-08
cop,LOT,10000 list,3,0,False,False,2025-09-08
adolescent,TRAP DRESS,10000 list,3,0,False,False,2025-09-08
dim,KIT,10000 list,3,0,False,False,2025-09-08
lately,FACE HAPPY,10000 list,3,0,False,False,2025-09-08
cancelled,TRAP,10000 list,3,0,False,False,2025-09-08
mattress,TRAP,10000 list,3,0,False,False,2025-09-08
introductory,KIT STRUT HAPPY,10000 list,3,0,False,False,2025-09-08
stan,TRAP,10000 list,3,0,False,False,2025-09-08
idol,PRICE,10000 list,3,0,False,False,2025-09-08
bloody,STRUT HAPPY,10000 list,3,0,False,False,2025-09-08
sbjct,STRUT DRESS,10000 list,3,0,False,False,2025-09-08
demographic,DRESS TRAP/BATH KIT,10000 list,3,0,False,False,2025-09-08
mai,FACE,10000 list,3,0,False,False,2025-09-08
disciplinary,KIT LETTER/SQUARE HAPPY,10000 list,3,0,False,False,2025-09-08
disclose,KIT GOAT,10000 list,3,0,False,False,2025-09-08
beside,PRICE,10000 list,3,0,False,False,2025-09-08
mentor,DRESS NORTH,10000 list,3,0,False,False,2025-09-08
interpreted,NURSE KIT,10000 list,3,0,False,False,2025-09-08
baghdad,TRAP,10000 list,3,0,False,False,2025-09-08
elimination,KIT FACE,10000 list,3,0,False,False,2025-09-08
metres,FLEECE,10000 list,3,0,False,False,2025-09-08
THOUGHThypothetical,PRICE DRESS KIT,10000 list,3,0,False,False,2025-09-08
immigrants,KIT,10000 list,3,0,False,False,2025-09-08
complimentary,LOT DRESS HAPPY,10000 list,3,0,False,False,2025-09-08
pencil,DRESS,10000 list,3,0,False,False,2025-09-08
freeze,FLEECE,10000 list,3,0,False,False,2025-09-08
abu,TRAP GOOSE,10000 list,3,0,False,False,2025-09-08
titled,PRICE,10000 list,3,0,False,False,2025-09-08
powerseller,MOUTH LETTER DRESS,10000 list,3,0,False,False,2025-09-08
moss,CLOTH,10000 list,3,0,False,False,2025-09-08
graduated,TRAP GOOSE FACE,10000 list,3,0,False,False,2025-09-08
endorsed,NORTH,10000 list,3,0,False,False,2025-09-08
lance,BATH,10000 list,3,0,False,False,2025-09-08
ladder,TRAP LETTER,10000 list,3,0,False,False,2025-09-08
italia,KIT TRAP FLEECE,10000 list,3,0,False,False,2025-09-08
dramatically,TRAP KIT HAPPY,10000 list,3,0,False,False,2025-09-08
maximize,TRAP KIT PRICE,10000 list,3,0,False,False,2025-09-08
hansen,TRAP,10000 list,3,0,False,False,2025-09-08
yugoslavia,GOOSE PALM/TRAP FLEECE,10000 list,3,0,False,False,2025-09-08
bleeding,FLEECE,10000 list,3,0,False,False,2025-09-08
characterization,TRAP LETTER PRICE FACE,10000 list,3,0,False,False,2025-09-08
likelihood,PRICE HAPPY FOOT,10000 list,3,0,False,False,2025-09-08
contamination,TRAP KIT FACE,10000 list,3,0,False,False,2025-09-08
mtv,DRESS FLEECE,10000 list,3,0,False,False,2025-09-08
endangered,FACE LETTER,10000 list,3,0,False,False,2025-09-08
compromise,LOT PRICE,10000 list,3,0,False,False,2025-09-08
masturbation,BATH NURSE FACE,10000 list,3,0,False,False,2025-09-08
optimize,LOT PRICE,10000 list,3,0,False,False,2025-09-08
dome,GOAT,10000 list,3,0,False,False,2025-09-08
leu,GOOSE,10000 list,3,0,False,False,2025-09-08
expiration,DRESS LETTER FACE,10000 list,3,0,False,False,2025-09-08
namespace,FACE,10000 list,3,0,False,False,2025-09-08
peripheral,KIT LETTER,10000 list,3,0,False,False,2025-09-08
bless,DRESS,10000 list,3,0,False,False,2025-09-08
negotiation,GOAT FLEECE FACE,10000 list,3,0,False,False,2025-09-08
nominated,LOT FACE,10000 list,3,0,False,False,2025-09-08
confidentiality,LOT DRESS FLEECE TRAP HAPPY,10000 list,3,0,False,False,2025-09-08
electoral,DRESS FORCE,10000 list,3,0,False,False,2025-09-08
changelog,FACE LOT,10000 list,3,0,False,False,2025-09-08
welding,DRESS KIT,10000 list,3,0,False,False,2025-09-08
deferred,NURSE,10000 list,3,0,False,False,2025-09-08
alternatively,THOUGHT LETTER KIT HAPPY,10000 list,3,0,False,False,2025-09-08
heel,FLEECE,10000 list,3,0,False,False,2025-09-08
yang,TRAP,10000 list,3,0,False,False,2025-09-08
gently,DRESS HAPPY,10000 list,3,0,False,False,2025-09-08
greensboro,FLEECE (GOAT),10000 list,3,0,False,False,2025-09-08
casey,FACE HAPPY,10000 list,3,0,False,False,2025-09-08
fridge,KIT,10000 list,3,0,False,False,2025-09-08
blanket,TRAP,10000 list,3,0,False,False,2025-09-08
lou,GOOSE,10000 list,3,0,False,False,2025-09-08
elliott,DRESS FLEECE,10000 list,3,0,False,False,2025-09-08
pgp,FLEECE,10000 list,3,0,False,False,2025-09-08
frontpage,STRUT FACE,10000 list,3,0,False,False,2025-09-08
tahoe,TRAP/PALM GOAT,10000 list,3,0,False,False,2025-09-08
defensive,DRESS KIT,10000 list,3,0,False,False,2025-09-08
sip,KIT,10000 list,3,0,False,False,2025-09-08
flashers,TRAP LETTER,10000 list,3,0,False,False,2025-09-08
subaru,GOOSE,10000 list,3,0,False,False,2025-09-08
deutschland,CHOICE TRAP,10000 list,3,0,False,False,2025-09-08
picnic,KIT,10000 list,3,0,False,False,2025-09-08
spank,TRAP,10000 list,3,0,False,False,2025-09-08
motivated,GOAT KIT FACE,10000 list,3,0,False,False,2025-09-08
dumb,STRUT,10000 list,3,0,False,False,2025-09-08
smithsonian,KIT GOAT FLEECE,10000 list,3,0,False,False,2025-09-08
hollow,LOT GOAT,10000 list,3,0,False,False,2025-09-08
securely,CURE HAPPY,10000 list,3,0,False,False,2025-09-08
fioricet,,10000 list,3,0,False,False,2025-09-08
revelation,FACE DRESS,10000 list,3,0,False,False,2025-09-08
delegation,DRESS FACE,10000 list,3,0,False,False,2025-09-08
dee,FLEECE,10000 list,3,0,False,False,2025-09-08
endless,DRESS,10000 list,3,0,False,False,2025-09-08
figured,KIT NURSE,10000 list,3,0,False,False,2025-09-08
niger,PRICE LETTER,10000 list,3,0,False,False,2025-09-08
colony,LOT HAPPY,10000 list,3,0,False,False,2025-09-08
cannon,TRAP,10000 list,3,0,False,False,2025-09-08
promoted,GOAT,10000 list,3,0,False,False,2025-09-08
mae,FACE,10000 list,3,0,False,False,2025-09-08
mel,DRESS,10000 list,3,0,False,False,2025-09-08
descending,DRESS,10000 list,3,0,False,False,2025-09-08
paxil,TRAP,10000 list,3,0,False,False,2025-09-08
spine,PRICE,10000 list,3,0,False,False,2025-09-08
enclosed,GOAT,10000 list,3,0,False,False,2025-09-08
temporarily,DRESS SQUARE/TRAP HAPPY,10000 list,3,0,False,False,2025-09-08
ntsc,DRESS FLEECE,10000 list,3,0,False,False,2025-09-08
transmit,BATH/TRAP KIT,10000 list,3,0,False,False,2025-09-08
apnic,TRAP KIT,10000 list,3,0,False,False,2025-09-08
fatty,TRAP,10000 list,3,0,False,False,2025-09-08
gerald,SQUARE,10000 list,3,0,False,False,2025-09-08
scanned,TRAP,10000 list,3,0,False,False,2025-09-08
sic,KIT,10000 list,3,0,False,False,2025-09-08
municipality,GOOSE KIT TRAP HAPPY,10000 list,3,0,False,False,2025-09-08
usps,GOOSE DRESS FLEECE,10000 list,3,0,False,False,2025-09-08
detective,DRESS,10000 list,3,0,False,False,2025-09-08
fireplace,PRICE LETTER FACE,10000 list,3,0,False,False,2025-09-08
missile,KIT PRICE,10000 list,3,0,False,False,2025-09-08
DRESSintranet,KIT,10000 list,3,0,False,False,2025-09-08
seq,FLEECE,10000 list,3,0,False,False,2025-09-08
persistent,NURSE KIT,10000 list,3,0,False,False,2025-09-08
conf,LOT,10000 list,3,0,False,False,2025-09-08
marco,START GOAT,10000 list,3,0,False,False,2025-09-08
LETTERauditor,THOUGHT,10000 list,3,0,False,False,2025-09-08
wma,STRUT GOOSE DRESS FACE,10000 list,3,0,False,False,2025-09-08
aquarium,SQUARE FLEECE STRUT,10000 list,3,0,False,False,2025-09-08
violin,PRICE KIT,10000 list,3,0,False,False,2025-09-08
prophet,CLOTH,10000 list,3,0,False,False,2025-09-08
cir,NURSE,10000 list,3,0,False,False,2025-09-08
bracket,TRAP,10000 list,3,0,False,False,2025-09-08
looksmart,FOOT START,10000 list,3,0,False,False,2025-09-08
isaac,PRICE KIT,10000 list,3,0,False,False,2025-09-08
oxide,LOT PRICE,10000 list,3,0,False,False,2025-09-08
erik,DRESS KIT,10000 list,3,0,False,False,2025-09-08
promptly,LOT HAPPY,10000 list,3,0,False,False,2025-09-08
harmful,START STRUT,10000 list,3,0,False,False,2025-09-08
paintball,FACE THOUGHT,10000 list,3,0,False,False,2025-09-08
prozac,GOAT TRAP,10000 list,3,0,False,False,2025-09-08
sexually,DRESS HAPPY,10000 list,3,0,False,False,2025-09-08
acm,FACE FLEECE DRESS,10000 list,3,0,False,False,2025-09-08
dividend,KIT DRESS,10000 list,3,0,False,False,2025-09-08
NURSEnewark,GOOSE,10000 list,3,0,False,False,2025-09-08
paso,TRAP/PALM GOAT,10000 list,3,0,False,False,2025-09-08
phantom,TRAP,10000 list,3,0,False,False,2025-09-08
westminster,DRESS KIT LETTER,10000 list,3,0,False,False,2025-09-08
absorption,NORTH,10000 list,3,0,False,False,2025-09-08
neural,CURE,10000 list,3,0,False,False,2025-09-08
fossil,CLOTH (KIT),10000 list,3,0,False,False,2025-09-08
hometown,GOAT MOUTH,10000 list,3,0,False,False,2025-09-08
badly,TRAP HAPPY,10000 list,3,0,False,False,2025-09-08
apollo,LOT,10000 list,3,0,False,False,2025-09-08
wan,LOT,10000 list,3,0,False,False,2025-09-08
continually,KIT (GOOSE) HAPPY,10000 list,3,0,False,False,2025-09-08
collectible,DRESS,10000 list,3,0,False,False,2025-09-08
handmade,TRAP FACE,10000 list,3,0,False,False,2025-09-08
greene,FLEECE,10000 list,3,0,False,False,2025-09-08
keno,FLEECE GOAT,10000 list,3,0,False,False,2025-09-08
gtk,FLEECE FACE,10000 list,3,0,False,False,2025-09-08
mailman,FACE,10000 list,3,0,False,False,2025-09-08
sanyo,TRAP/PALM GOAT,10000 list,3,0,False,False,2025-09-08
excitement,PRICE,10000 list,3,0,False,False,2025-09-08
movers,GOOSE LETTER,10000 list,3,0,False,False,2025-09-08
blink,KIT,10000 list,3,0,False,False,2025-09-08
presently,DRESS HAPPY,10000 list,3,0,False,False,2025-09-08
carlo,START GOAT,10000 list,3,0,False,False,2025-09-08
workflow,NURSE GOAT,10000 list,3,0,False,False,2025-09-08
mysterious,KIT NEAR FLEECE STRUT,10000 list,3,0,False,False,2025-09-08
novelty,LOT HAPPY,10000 list,3,0,False,False,2025-09-08
bryant,PRICE,10000 list,3,0,False,False,2025-09-08
voyuer,CHOICE NURSE,10000 list,3,0,False,False,2025-09-08
tamil,TRAP/PALM,10000 list,3,0,False,False,2025-09-08
garmin,START KIT,10000 list,3,0,False,False,2025-09-08
pose,GOAT,10000 list,3,0,False,False,2025-09-08
indonesian,KIT FLEECE,10000 list,3,0,False,False,2025-09-08
grams,TRAP,10000 list,3,0,False,False,2025-09-08
therapist,DRESS KIT,10000 list,3,0,False,False,2025-09-08
mrna,DRESS KIT START FACE,10000 list,3,0,False,False,2025-09-08
toolkit,GOOSE KIT,10000 list,3,0,False,False,2025-09-08
goat,GOAT,10000 list,3,0,False,False,2025-09-08
render,DRESS LETTER,10000 list,3,0,False,False,2025-09-08
ira,PRICE FACE,10000 list,3,0,False,False,2025-09-08
sen,DRESS,10000 list,3,0,False,False,2025-09-08
thereafter,SQUARE BATH LETTER,10000 list,3,0,False,False,2025-09-08
hardwood,START FOOT,10000 list,3,0,False,False,2025-09-08
erotica,LOT KIT,10000 list,3,0,False,False,2025-09-08
temporal,DRESS (FORCE),10000 list,3,0,False,False,2025-09-08
dense,DRESS,10000 list,3,0,False,False,2025-09-08
impose,KIT GOAT,10000 list,3,0,False,False,2025-09-08
organisms,NORTH KIT,10000 list,3,0,False,False,2025-09-08
telescope,DRESS GOAT,10000 list,3,0,False,False,2025-09-08
asbestos,DRESS STRUT/CLOTH,10000 list,3,0,False,False,2025-09-08
portsmouth,FORCE,10000 list,3,0,False,False,2025-09-08
cdna,FLEECE DRESS FACE,10000 list,3,0,False,False,2025-09-08
meyer,FACE/PRICE LETTER,10000 list,3,0,False,False,2025-09-08
pod,LOT,10000 list,3,0,False,False,2025-09-08
harassment,TRAP,10000 list,3,0,False,False,2025-09-08
willow,KIT GOAT,10000 list,3,0,False,False,2025-09-08
gage,FACE,10000 list,3,0,False,False,2025-09-08
wagon,TRAP,10000 list,3,0,False,False,2025-09-08
dat,TRAP,10000 list,3,0,False,False,2025-09-08
soa,GOAT,10000 list,3,0,False,False,2025-09-08
urge,NURSE,10000 list,3,0,False,False,2025-09-08
smtp,DRESS DRESS,10000 list,3,0,False,False,2025-09-08
thorough,STRUT (GOAT),10000 list,3,0,False,False,2025-09-08
replication,DRESS FACE,10000 list,3,0,False,False,2025-09-08
inexpensive,KIT DRESS,10000 list,3,0,False,False,2025-09-08
optimum,LOT STRUT,10000 list,3,0,False,False,2025-09-08
quilt,KIT,10000 list,3,0,False,False,2025-09-08
internship,KIT NURSE,10000 list,3,0,False,False,2025-09-08
lone,GOAT,10000 list,3,0,False,False,2025-09-08
aluminium,(TRAP) GOOSE KIT STRUT,10000 list,3,0,False,False,2025-09-08
beastality,FLEECE TRAP HAPPY,10000 list,3,0,False,False,2025-09-08
webcast,DRESS BATH,10000 list,3,0,False,False,2025-09-08
michel,(FLEECE) DRESS,10000 list,3,0,False,False,2025-09-08
evanescence,DRESS,10000 list,3,0,False,False,2025-09-08
coordinated,GOAT NORTH KIT FACE,10000 list,3,0,False,False,2025-09-08
notre,GOAT,10000 list,3,0,False,False,2025-09-08
maldives,LOT FLEECE/PRICE,10000 list,3,0,False,False,2025-09-08
stripes,PRICE,10000 list,3,0,False,False,2025-09-08
shepherd,DRESS NURSE,10000 list,3,0,False,False,2025-09-08
canberra,TRAP SQUARE,10000 list,3,0,False,False,2025-09-08
chancellor,BATH LETTER,10000 list,3,0,False,False,2025-09-08
mambo,TRAP/PALM GOAT,10000 list,3,0,False,False,2025-09-08
bool,GOOSE,10000 list,3,0,False,False,2025-09-08
choir,PRICE LETTER,10000 list,3,0,False,False,2025-09-08
beautifully,GOOSE HAPPY,10000 list,3,0,False,False,2025-09-08
blond,LOT,10000 list,3,0,False,False,2025-09-08
cho,GOAT,10000 list,3,0,False,False,2025-09-08
polymer,LOT KIT LETTER,10000 list,3,0,False,False,2025-09-08
wit,KIT,10000 list,3,0,False,False,2025-09-08
poultry,GOAT HAPPY,10000 list,3,0,False,False,2025-09-08
burst,NURSE,10000 list,3,0,False,False,2025-09-08
mandate,TRAP FACE,10000 list,3,0,False,False,2025-09-08
wiley,PRICE HAPPY,10000 list,3,0,False,False,2025-09-08
departmental,(FLEECE) START DRESS,10000 list,3,0,False,False,2025-09-08
ind,KIT,10000 list,3,0,False,False,2025-09-08
corpus,NORTH STRUT,10000 list,3,0,False,False,2025-09-08
johnston,LOT,10000 list,3,0,False,False,2025-09-08
terminology,NURSE LOT HAPPY,10000 list,3,0,False,False,2025-09-08
gentleman,DRESS,10000 list,3,0,False,False,2025-09-08
convicted,KIT,10000 list,3,0,False,False,2025-09-08
indices,KIT FLEECE,10000 list,3,0,False,False,2025-09-08
adware,TRAP SQUARE,10000 list,3,0,False,False,2025-09-08
qui,FLEECE,10000 list,3,0,False,False,2025-09-08
intl,KIT DRESS,10000 list,3,0,False,False,2025-09-08
threatening,DRESS KIT,10000 list,3,0,False,False,2025-09-08
spokesman,GOAT,10000 list,3,0,False,False,2025-09-08
zoloft,GOAT CLOTH,10000 list,3,0,False,False,2025-09-08
activists,TRAP KIT,10000 list,3,0,False,False,2025-09-08
frankfurt,TRAP NURSE,10000 list,3,0,False,False,2025-09-08
halifax,TRAP,10000 list,3,0,False,False,2025-09-08
ultram,STRUT,10000 list,3,0,False,False,2025-09-08
cursor,NURSE lettER,10000 list,3,0,False,False,2025-09-08
assembled,DRESS,10000 list,3,0,False,False,2025-09-08
donated,GOAT FACE,10000 list,3,0,False,False,2025-09-08
restructuring,FLEECE STRUT NURSE,10000 list,3,0,False,False,2025-09-08
insects,KIT DRESS,10000 list,3,0,False,False,2025-09-08
morrison,CLOTH KIT,10000 list,3,0,False,False,2025-09-08
sufficiently,STRUT KIT HAPPY,10000 list,3,0,False,False,2025-09-08
myrtle,NURSE,10000 list,3,0,False,False,2025-09-08
cleanup,FLEECE STRUT,10000 list,3,0,False,False,2025-09-08
knit,KIT,10000 list,3,0,False,False,2025-09-08
conditional,KIT,10000 list,3,0,False,False,2025-09-08
crossword,CLOTH NURSE,10000 list,3,0,False,False,2025-09-08
budapest,GOOSE DRESS,10000 list,3,0,False,False,2025-09-08
conceptual,DRESS GOOSE,10000 list,3,0,False,False,2025-09-08
liechtenstein,KIT PRICE/FLEECE,10000 list,3,0,False,False,2025-09-08
compute,GOOSE,10000 list,3,0,False,False,2025-09-08
translator,TRAP/BATH FACE LETTER,10000 list,3,0,False,False,2025-09-08
tractor,TRAP LETTER,10000 list,3,0,False,False,2025-09-08
allah,PALM/TRAP,10000 list,3,0,False,False,2025-09-08
continent,LOT,10000 list,3,0,False,False,2025-09-08
challenged,TRAP,10000 list,3,0,False,False,2025-09-08
telecharger,KIT START LETTER,10000 list,3,0,False,False,2025-09-08
instrumentation,KIT FACE,10000 list,3,0,False,False,2025-09-08
hugo,GOOSE GOAT,10000 list,3,0,False,False,2025-09-08
wagner,TRAP/PALM LETTER,10000 list,3,0,False,False,2025-09-08
constraint,FACE,10000 list,3,0,False,False,2025-09-08
groundwater,MOUTH THOUGHT LETTER,10000 list,3,0,False,False,2025-09-08
cologne,GOAT,10000 list,3,0,False,False,2025-09-08
gzip,KIT,10000 list,3,0,False,False,2025-09-08
ranger,FACE lettER,10000 list,3,0,False,False,2025-09-08
insulation,KIT (GOOSE) FACE,10000 list,3,0,False,False,2025-09-08
newman,GOOSE,10000 list,3,0,False,False,2025-09-08
ricky,KIT HAPPY,10000 list,3,0,False,False,2025-09-08
ctrl,GOAL,10000 list,3,0,False,False,2025-09-08
theta,FLEECE/FACE,10000 list,3,0,False,False,2025-09-08
infringement,KIT,10000 list,3,0,False,False,2025-09-08
bent,DRESS,10000 list,3,0,False,False,2025-09-08
subjective,STRUT DRESS KIT,10000 list,3,0,False,False,2025-09-08
lightbox,PRICE LOT,10000 list,3,0,False,False,2025-09-08
robbie,LOT HAPPY,10000 list,3,0,False,False,2025-09-08
cocktail,LOT FACE,10000 list,3,0,False,False,2025-09-08
arbor,START LETTER,10000 list,3,0,False,False,2025-09-08
mediawiki,FLEECE KIT,10000 list,3,0,False,False,2025-09-08
million,KIT COMMA,Armstrong,1,0,False,False,2025-09-08
millionaire,SQUARE,Armstrong,1,0,False,False,2025-09-08
millwall,THOUGHT,Armstrong,1,0,False,False,2025-09-08
milord,NORTH,Armstrong,1,0,False,False,2025-09-08
milwaukee,THOUGHT HAPPY,Armstrong,1,0,False,False,2025-09-08
mimi,FLEECE,Armstrong,1,0,False,False,2025-09-08
mincemeat,FLEECE,Armstrong,1,0,False,False,2025-09-08
mind,PRICE,Armstrong,1,0,False,False,2025-09-08
mine,PRICE,Armstrong,1,0,False,False,2025-09-08
minecraft,BATH,Armstrong,1,0,False,False,2025-09-08
miner,PRICE LETTER,Armstrong,1,0,False,False,2025-09-08
minerva,COMMA NURSE,Armstrong,1,0,False,False,2025-09-08
mini,HAPPY,Armstrong,1,0,False,False,2025-09-08
miniature,KIT,Armstrong,1,0,False,False,2025-09-08
minibus,STRUT,Armstrong,1,0,False,False,2025-09-08
minicab,TRAP,Armstrong,1,0,False,False,2025-09-08
miniseries,NEAR,Armstrong,1,0,False,False,2025-09-08
minister,LETTER,Armstrong,1,0,False,False,2025-09-08
minnie,HAPPY,Armstrong,1,0,False,False,2025-09-08
minogue,GOAT,Armstrong,1,0,False,False,2025-09-08
minor,PRICE LETTER,Armstrong,1,0,False,False,2025-09-08
minuet,GOOSE,Armstrong,1,0,False,False,2025-09-08
minutia,GOOSE,Armstrong,1,0,False,False,2025-09-08
miquelon,LOT,Armstrong,1,0,False,False,2025-09-08
miracle,KIT COMMA,Armstrong,1,0,False,False,2025-09-08
miranda,COMMA,Armstrong,1,0,False,False,2025-09-08
mirror,KIT LETTER,Armstrong,1,0,False,False,2025-09-08
mirth,NURSE,Armstrong,1,0,False,False,2025-09-08
mirthful,NURSE,Armstrong,1,0,False,False,2025-09-08
mirthless,NURSE,Armstrong,1,0,False,False,2025-09-08
misconduct,STRUT,Armstrong,1,0,False,False,2025-09-08
miserable,KIT,Armstrong,1,0,False,False,2025-09-08
misere,SQUARE,Armstrong,1,0,False,False,2025-09-08
mishmash,TRAP,Armstrong,1,0,False,False,2025-09-08
misinterpreted,NURSE,Armstrong,1,0,False,False,2025-09-08
misjudge,STRUT,Armstrong,1,0,False,False,2025-09-08
misleading,FLEECE,Armstrong,1,0,False,False,2025-09-08
mismatch,TRAP,Armstrong,1,0,False,False,2025-09-08
miss,KIT,Armstrong,1,0,False,False,2025-09-08
mission,KIT,Armstrong,1,0,False,False,2025-09-08
mississauga,THOUGHT COMMA,Armstrong,1,0,False,False,2025-09-08
missouri,CURE HAPPY,Armstrong,1,0,False,False,2025-09-08
missourian,CURE,Armstrong,1,0,False,False,2025-09-08
missus,KIT,Armstrong,1,0,False,False,2025-09-08
mistake,FACE,Armstrong,1,0,False,False,2025-09-08
mister,KIT,Armstrong,1,0,False,False,2025-09-08
misunderstand,STRUT,Armstrong,1,0,False,False,2025-09-08
misuse,GOOSE,Armstrong,1,0,False,False,2025-09-08
mithril,KIT,Armstrong,1,0,False,False,2025-09-08
mitsubishi,HAPPY,Armstrong,1,0,False,False,2025-09-08
mitzvah,COMMA,Armstrong,1,0,False,False,2025-09-08
mix,KIT,Armstrong,1,0,False,False,2025-09-08
mo,GOAT,Armstrong,1,0,False,False,2025-09-08
moab,TRAP,Armstrong,1,0,False,False,2025-09-08
mobbed,LOT,Armstrong,1,0,False,False,2025-09-08
mobile,GOAT (PRICE),Armstrong,1,0,False,False,2025-09-08
mobility,GOAT,Armstrong,1,0,False,False,2025-09-08
mocha,COMMA,Armstrong,1,0,False,False,2025-09-08
mode,GOAT,Armstrong,1,0,False,False,2025-09-08
model,LOT,Armstrong,1,0,False,False,2025-09-08
modem,GOAT,Armstrong,1,0,False,False,2025-09-08
moderate,LOT,Armstrong,1,0,False,False,2025-09-08
modern,LETTER,Armstrong,1,0,False,False,2025-09-08
modest,LOT,Armstrong,1,0,False,False,2025-09-08
modicum,LOT,Armstrong,1,0,False,False,2025-09-08
modified,KIT LOT PRICE,Armstrong,1,0,False,False,2025-09-08
modify,PRICE,Armstrong,1,0,False,False,2025-09-08
modulate,LOT,Armstrong,1,0,False,False,2025-09-08
modulus,LOT,Armstrong,1,0,False,False,2025-09-08
moe,GOAT,Armstrong,1,0,False,False,2025-09-08
moggie,HAPPY,Armstrong,1,0,False,False,2025-09-08
mogul,GOAT,Armstrong,1,0,False,False,2025-09-08
mohair,SQUARE,Armstrong,1,0,False,False,2025-09-08
mohawk,THOUGHT,Armstrong,1,0,False,False,2025-09-08
moi,PALM,Armstrong,1,0,False,False,2025-09-08
moir,CHOICE,Armstrong,1,0,False,False,2025-09-08
moira,CHOICE,Armstrong,1,0,False,False,2025-09-08
moiseiwitsch,CHOICE,Armstrong,1,0,False,False,2025-09-08
moist,CHOICE,Armstrong,1,0,False,False,2025-09-08
moisture,CHOICE,Armstrong,1,0,False,False,2025-09-08
moisturizer,CHOICE,Armstrong,1,0,False,False,2025-09-08
moither,CHOICE,Armstrong,1,0,False,False,2025-09-08
mojave,PALM,Armstrong,1,0,False,False,2025-09-08
mojo,GOAT,Armstrong,1,0,False,False,2025-09-08
moldova,GOAT COMMA,Armstrong,1,0,False,False,2025-09-08
mollie,HAPPY,Armstrong,1,0,False,False,2025-09-08
mom,STRUT,Armstrong,1,0,False,False,2025-09-08
mombasa,LOT COMMA,Armstrong,1,0,False,False,2025-09-08
moment,GOAT,Armstrong,1,0,False,False,2025-09-08
mommy,HAPPY,Armstrong,1,0,False,False,2025-09-08
monaco,COMMA,Armstrong,1,0,False,False,2025-09-08
monarchy,LETTER,Armstrong,1,0,False,False,2025-09-08
monastic,BATH,Armstrong,1,0,False,False,2025-09-08
monaural,NORTH,Armstrong,1,0,False,False,2025-09-08
monday,STRUT,Armstrong,1,0,False,False,2025-09-08
money,STRUT HAPPY,Armstrong,1,0,False,False,2025-09-08
money-order,NORTH,Armstrong,1,0,False,False,2025-09-08
mongolia,GOAT,Armstrong,1,0,False,False,2025-09-08
mongoose,GOOSE,Armstrong,1,0,False,False,2025-09-08
monica,COMMA,Armstrong,1,0,False,False,2025-09-08
monique,FLEECE,Armstrong,1,0,False,False,2025-09-08
monitor,LOT,Armstrong,1,0,False,False,2025-09-08
monk,STRUT,Armstrong,1,0,False,False,2025-09-08
monkey,STRUT HAPPY,Armstrong,1,0,False,False,2025-09-08
monkey-puzzle,STRUT,Armstrong,1,0,False,False,2025-09-08
monochrome,GOAT,Armstrong,1,0,False,False,2025-09-08
monograph,BATH,Armstrong,1,0,False,False,2025-09-08
monographic,GOAT,Armstrong,1,0,False,False,2025-09-08
monolithic,KIT,Armstrong,1,0,False,False,2025-09-08
monologue,LOT,Armstrong,1,0,False,False,2025-09-08
mononucleosis,GOOSE,Armstrong,1,0,False,False,2025-09-08
monotheism,GOAT,Armstrong,1,0,False,False,2025-09-08
monotreme,FLEECE,Armstrong,1,0,False,False,2025-09-08
monroe,STRUT,Armstrong,1,0,False,False,2025-09-08
monsieur,NURSE,Armstrong,1,0,False,False,2025-09-08
monsoon,GOOSE,Armstrong,1,0,False,False,2025-09-08
montage,PALM,Armstrong,1,0,False,False,2025-09-08
monteith,LOT,Armstrong,1,0,False,False,2025-09-08
monteverdi,SQUARE,Armstrong,1,0,False,False,2025-09-08
month,STRUT,Armstrong,1,0,False,False,2025-09-08
monthly,STRUT HAPPY,Armstrong,1,0,False,False,2025-09-08
montserrat,TRAP,Armstrong,1,0,False,False,2025-09-08
monumental,FOOT,Armstrong,1,0,False,False,2025-09-08
moo-cow,MOUTH,Armstrong,1,0,False,False,2025-09-08
moo-cows,MOUTH,Armstrong,1,0,False,False,2025-09-08
mooch,GOOSE,Armstrong,1,0,False,False,2025-09-08
mood,GOOSE,Armstrong,1,0,False,False,2025-09-08
moodey,HAPPY,Armstrong,1,0,False,False,2025-09-08
moon,GOOSE,Armstrong,1,0,False,False,2025-09-08
moonbeam,FLEECE,Armstrong,1,0,False,False,2025-09-08
moonwalk,THOUGHT,Armstrong,1,0,False,False,2025-09-08
moor,FORCE CURE,Armstrong,1,0,False,False,2025-09-08
moore,FORCE,Armstrong,1,0,False,False,2025-09-08
moored,FORCE CURE,Armstrong,1,0,False,False,2025-09-08
moorfowl,MOUTH,Armstrong,1,0,False,False,2025-09-08
moorgame,CURE,Armstrong,1,0,False,False,2025-09-08
moorgate,CURE,Armstrong,1,0,False,False,2025-09-08
moorhen,FORCE,Armstrong,1,0,False,False,2025-09-08
mooring,FORCE,Armstrong,1,0,False,False,2025-09-08
moors,CURE,Armstrong,1,0,False,False,2025-09-08
moose,GOOSE,Armstrong,1,0,False,False,2025-09-08
moped,DRESS,Armstrong,1,0,False,False,2025-09-08
morag,TRAP,Armstrong,1,0,False,False,2025-09-08
moraic,FORCE,Armstrong,1,0,False,False,2025-09-08
moral,(CLOTH),Armstrong,1,0,False,False,2025-09-08
moratorium,(CLOTH) FORCE,Armstrong,1,0,False,False,2025-09-08
morbid,NORTH,Armstrong,1,0,False,False,2025-09-08
morbidity,NORTH,Armstrong,1,0,False,False,2025-09-08
mordacity,NORTH,Armstrong,1,0,False,False,2025-09-08
more,FORCE,Armstrong,1,0,False,False,2025-09-08
moreover,FORCE,Armstrong,1,0,False,False,2025-09-08
mores,FACE,Armstrong,1,0,False,False,2025-09-08
morgan,NORTH,Armstrong,1,0,False,False,2025-09-08
morgue,NORTH,Armstrong,1,0,False,False,2025-09-08
moribund,(CLOTH),Armstrong,1,0,False,False,2025-09-08
morn,NORTH,Armstrong,1,0,False,False,2025-09-08
morning,NORTH,Armstrong,1,0,False,False,2025-09-08
morph,NORTH,Armstrong,1,0,False,False,2025-09-08
morpha,COMMA,Armstrong,1,0,False,False,2025-09-08
morphed,NORTH,Armstrong,1,0,False,False,2025-09-08
morpheme,FLEECE,Armstrong,1,0,False,False,2025-09-08
morpheus,NORTH,Armstrong,1,0,False,False,2025-09-08
morphine,FLEECE NORTH,Armstrong,1,0,False,False,2025-09-08
morphing,NORTH,Armstrong,1,0,False,False,2025-09-08
morphogenesis,GOAT,Armstrong,1,0,False,False,2025-09-08
morphological,NORTH,Armstrong,1,0,False,False,2025-09-08
morris,(CLOTH),Armstrong,1,0,False,False,2025-09-08
morrow,(CLOTH),Armstrong,1,0,False,False,2025-09-08
mortality,NORTH,Armstrong,1,0,False,False,2025-09-08
mortgage,NORTH,Armstrong,1,0,False,False,2025-09-08
mortuary,NORTH,Armstrong,1,0,False,False,2025-09-08
mosaic,GOAT,Armstrong,1,0,False,False,2025-09-08
mosquito,FLEECE,Armstrong,1,0,False,False,2025-09-08
most,GOAT,Armstrong,1,0,False,False,2025-09-08
motel,GOAT,Armstrong,1,0,False,False,2025-09-08
moth,CLOTH,Armstrong,1,0,False,False,2025-09-08
mother,STRUT LETTER,Armstrong,1,0,False,False,2025-09-08
mother-in-law,STRUT,Armstrong,1,0,False,False,2025-09-08
mother-of-pearl,STRUT,Armstrong,1,0,False,False,2025-09-08
motherboard,FORCE LETTER,Armstrong,1,0,False,False,2025-09-08
motherese,STRUT,Armstrong,1,0,False,False,2025-09-08
motherhood,STRUT,Armstrong,1,0,False,False,2025-09-08
mothering,STRUT,Armstrong,1,0,False,False,2025-09-08
motherland,STRUT,Armstrong,1,0,False,False,2025-09-08
motherless,STRUT,Armstrong,1,0,False,False,2025-09-08
motherliness,STRUT,Armstrong,1,0,False,False,2025-09-08
motherwell,DRESS LETTER,Armstrong,1,0,False,False,2025-09-08
motif,GOAT,Armstrong,1,0,False,False,2025-09-08
motion,GOAT,Armstrong,1,0,False,False,2025-09-08
motivate,GOAT,Armstrong,1,0,False,False,2025-09-08
motocross,GOAT,Armstrong,1,0,False,False,2025-09-08
motor,GOAT LETTER,Armstrong,1,0,False,False,2025-09-08
motorbike,PRICE LETTER,Armstrong,1,0,False,False,2025-09-08
motorcycle,PRICE LETTER,Armstrong,1,0,False,False,2025-09-08
motorcyclist,PRICE,Armstrong,1,0,False,False,2025-09-08
motoring,LETTER COMMA,Armstrong,1,0,False,False,2025-09-08
motorola,GOAT COMMA,Armstrong,1,0,False,False,2025-09-08
motorway,LETTER,Armstrong,1,0,False,False,2025-09-08
mount,MOUTH,Armstrong,1,0,False,False,2025-09-08
mountain,MOUTH,Armstrong,1,0,False,False,2025-09-08
mountaineer,NEAR,Armstrong,1,0,False,False,2025-09-08
mourn,CURE,Armstrong,1,0,False,False,2025-09-08
mourning,CURE,Armstrong,1,0,False,False,2025-09-08
mouse,MOUTH,Armstrong,1,0,False,False,2025-09-08
mousehole,MOUTH,Armstrong,1,0,False,False,2025-09-08
moussaka,PALM (GOOSE) (FOOT),Armstrong,1,0,False,False,2025-09-08
mousse,GOOSE,Armstrong,1,0,False,False,2025-09-08
mouth,MOUTH,Armstrong,1,0,False,False,2025-09-08
mouth-organ,NORTH,Armstrong,1,0,False,False,2025-09-08
mouth-to-mouth,MOUTH,Armstrong,1,0,False,False,2025-09-08
mouth-watering,THOUGHT MOUTH,Armstrong,1,0,False,False,2025-09-08
mouthed,MOUTH,Armstrong,1,0,False,False,2025-09-08
mouthful,MOUTH,Armstrong,1,0,False,False,2025-09-08
mouthing,MOUTH,Armstrong,1,0,False,False,2025-09-08
mouthpiece,MOUTH,Armstrong,1,0,False,False,2025-09-08
mouths,MOUTH,Armstrong,1,0,False,False,2025-09-08
mouthwash,MOUTH,Armstrong,1,0,False,False,2025-09-08
mouthy,MOUTH,Armstrong,1,0,False,False,2025-09-08
move,GOOSE,Armstrong,1,0,False,False,2025-09-08
movement,GOOSE,Armstrong,1,0,False,False,2025-09-08
movie,GOOSE HAPPY,Armstrong,1,0,False,False,2025-09-08
mow,GOAT MOUTH,Armstrong,1,0,False,False,2025-09-08
moxie,HAPPY,Armstrong,1,0,False,False,2025-09-08
moya,CHOICE,Armstrong,1,0,False,False,2025-09-08
moygashel,CHOICE,Armstrong,1,0,False,False,2025-09-08
mozambique,TRAP FLEECE GOAT,Armstrong,1,0,False,False,2025-09-08
mozart,START,Armstrong,1,0,False,False,2025-09-08
mp3,DRESS,Armstrong,1,0,False,False,2025-09-08
mpeg,DRESS,Armstrong,1,0,False,False,2025-09-08
ms,KIT,Armstrong,1,0,False,False,2025-09-08
much,STRUT,Armstrong,1,0,False,False,2025-09-08
mucilage,GOOSE,Armstrong,1,0,False,False,2025-09-08
mucosity,GOOSE,Armstrong,1,0,False,False,2025-09-08
mucous,GOOSE,Armstrong,1,0,False,False,2025-09-08
mud,STRUT,Armstrong,1,0,False,False,2025-09-08
mud-bath,BATH,Armstrong,1,0,False,False,2025-09-08
mud-baths,BATH,Armstrong,1,0,False,False,2025-09-08
muddle,STRUT,Armstrong,1,0,False,False,2025-09-08
muddy,STRUT,Armstrong,1,0,False,False,2025-09-08
mudguards,STRUT,Armstrong,1,0,False,False,2025-09-08
mudpie,STRUT,Armstrong,1,0,False,False,2025-09-08
muffin,STRUT,Armstrong,1,0,False,False,2025-09-08
muffler,STRUT,Armstrong,1,0,False,False,2025-09-08
mug,STRUT,Armstrong,1,0,False,False,2025-09-08
mugabe,PALM GOOSE,Armstrong,1,0,False,False,2025-09-08
mugwump,STRUT,Armstrong,1,0,False,False,2025-09-08
mujaheddin,GOOSE,Armstrong,1,0,False,False,2025-09-08
mulcahy,STRUT,Armstrong,1,0,False,False,2025-09-08
muldoon,STRUT,Armstrong,1,0,False,False,2025-09-08
mule,GOOSE,Armstrong,1,0,False,False,2025-09-08
muleteer,GOOSE,Armstrong,1,0,False,False,2025-09-08
mulholland,STRUT,Armstrong,1,0,False,False,2025-09-08
multi-,STRUT,Armstrong,1,0,False,False,2025-09-08
multicolored,STRUT,Armstrong,1,0,False,False,2025-09-08
multimedia,STRUT,Armstrong,1,0,False,False,2025-09-08
multiple,KIT STRUT,Armstrong,1,0,False,False,2025-09-08
multiple-choice,CHOICE,Armstrong,1,0,False,False,2025-09-08
multipurpose,NURSE,Armstrong,1,0,False,False,2025-09-08
multistage,FACE,Armstrong,1,0,False,False,2025-09-08
multitask,BATH,Armstrong,1,0,False,False,2025-09-08
multitude,GOOSE,Armstrong,1,0,False,False,2025-09-08
mumbai,FOOT,Armstrong,1,0,False,False,2025-09-08
mumbo-jumbo,GOAT,Armstrong,1,0,False,False,2025-09-08
mummy,STRUT HAPPY,Armstrong,1,0,False,False,2025-09-08
mums,STRUT,Armstrong,1,0,False,False,2025-09-08
munda,FOOT,Armstrong,1,0,False,False,2025-09-08
mundane,STRUT,Armstrong,1,0,False,False,2025-09-08
municipal,GOOSE,Armstrong,1,0,False,False,2025-09-08
munitions,GOOSE,Armstrong,1,0,False,False,2025-09-08
munro,GOAT,Armstrong,1,0,False,False,2025-09-08
muppets,STRUT,Armstrong,1,0,False,False,2025-09-08
mural,CURE,Armstrong,1,0,False,False,2025-09-08
murcia,COMMA,Armstrong,1,0,False,False,2025-09-08
murder,LETTER NURSE,Armstrong,1,0,False,False,2025-09-08
murdered,LETTER,Armstrong,1,0,False,False,2025-09-08
murderer,LETTER,Armstrong,1,0,False,False,2025-09-08
murdoch,NURSE,Armstrong,1,0,False,False,2025-09-08
murgatroyd,CHOICE,Armstrong,1,0,False,False,2025-09-08
murphy,NURSE,Armstrong,1,0,False,False,2025-09-08
murray,STRUT,Armstrong,1,0,False,False,2025-09-08
muscle,STRUT,Armstrong,1,0,False,False,2025-09-08
muse,GOOSE,Armstrong,1,0,False,False,2025-09-08
museum,FLEECE GOOSE NEAR COMMA,Armstrong,1,0,False,False,2025-09-08
musgrave,STRUT,Armstrong,1,0,False,False,2025-09-08
musgrove,STRUT,Armstrong,1,0,False,False,2025-09-08
mush,STRUT,Armstrong,1,0,False,False,2025-09-08
mushroom,STRUT GOOSE,Armstrong,1,0,False,False,2025-09-08
mushy,STRUT HAPPY,Armstrong,1,0,False,False,2025-09-08
music,KIT GOOSE,Armstrong,1,0,False,False,2025-09-08
musician,GOOSE,Armstrong,1,0,False,False,2025-09-08
musk-deer,NEAR,Armstrong,1,0,False,False,2025-09-08
muskogee,HAPPY,Armstrong,1,0,False,False,2025-09-08
muslin,STRUT,Armstrong,1,0,False,False,2025-09-08
must,STRUT COMMA,Armstrong,1,0,False,False,2025-09-08
must-have,TRAP STRUT,Armstrong,1,0,False,False,2025-09-08
mustachio,PALM,Armstrong,1,0,False,False,2025-09-08
mustafa,COMMA (GOOSE) (FOOT),Armstrong,1,0,False,False,2025-09-08
mustang,TRAP,Armstrong,1,0,False,False,2025-09-08
mutant,GOOSE,Armstrong,1,0,False,False,2025-09-08
mutation,GOOSE,Armstrong,1,0,False,False,2025-09-08
mute,GOOSE,Armstrong,1,0,False,False,2025-09-08
mutter,STRUT,Armstrong,1,0,False,False,2025-09-08
mutton,STRUT,Armstrong,1,0,False,False,2025-09-08
mutual,GOOSE,Armstrong,1,0,False,False,2025-09-08
mutuality,GOOSE,Armstrong,1,0,False,False,2025-09-08
mutually,GOOSE,Armstrong,1,0,False,False,2025-09-08
muzzle,STRUT,Armstrong,1,0,False,False,2025-09-08
muzzy,STRUT,Armstrong,1,0,False,False,2025-09-08
my,PRICE,Armstrong,1,0,False,False,2025-09-08
myanmar,NEAR START,Armstrong,1,0,False,False,2025-09-08
myeloid,CHOICE,Armstrong,1,0,False,False,2025-09-08
myriad,KIT,Armstrong,1,0,False,False,2025-09-08
myself,PRICE,Armstrong,1,0,False,False,2025-09-08
mysore,PRICE,Armstrong,1,0,False,False,2025-09-08
mystery,KIT,Armstrong,1,0,False,False,2025-09-08
mystique,FLEECE,Armstrong,1,0,False,False,2025-09-08
myth,KIT,Armstrong,1,0,False,False,2025-09-08
mythic,KIT,Armstrong,1,0,False,False,2025-09-08
mythical,KIT,Armstrong,1,0,False,False,2025-09-08
mytholmroyd,PRICE,Armstrong,1,0,False,False,2025-09-08
mythology,KIT,Armstrong,1,0,False,False,2025-09-08
mythos,KIT (LOT) (GOAT),Armstrong,1,0,False,False,2025-09-08
naafi,HAPPY,Armstrong,1,0,False,False,2025-09-08
naan,PALM,Armstrong,1,0,False,False,2025-09-08
nabob,LOT,Armstrong,1,0,False,False,2025-09-08
nacho,PALM,Armstrong,1,0,False,False,2025-09-08
nadezhda,DRESS,Armstrong,1,0,False,False,2025-09-08
nadia,PALM,Armstrong,1,0,False,False,2025-09-08
nadirs,NEAR,Armstrong,1,0,False,False,2025-09-08
nag,TRAP,Armstrong,1,0,False,False,2025-09-08
naga,PALM,Armstrong,1,0,False,False,2025-09-08
nagasaki,PALM,Armstrong,1,0,False,False,2025-09-08
nagoya,CHOICE,Armstrong,1,0,False,False,2025-09-08
nah,PALM,Armstrong,1,0,False,False,2025-09-08
nahuatl,PALM,Armstrong,1,0,False,False,2025-09-08
nail-varnish,START,Armstrong,1,0,False,False,2025-09-08
nailbrush,STRUT,Armstrong,1,0,False,False,2025-09-08
nails,FACE,Armstrong,1,0,False,False,2025-09-08
nailsea,HAPPY,Armstrong,1,0,False,False,2025-09-08
nairn,SQUARE,Armstrong,1,0,False,False,2025-09-08
nairobi,GOAT PRICE HAPPY,Armstrong,1,0,False,False,2025-09-08
naish,FACE,Armstrong,1,0,False,False,2025-09-08
naismith,FACE,Armstrong,1,0,False,False,2025-09-08
naked,FACE,Armstrong,1,0,False,False,2025-09-08
name,FACE,Armstrong,1,0,False,False,2025-09-08
naomi,GOAT HAPPY,Armstrong,1,0,False,False,2025-09-08
napalm,PALM,Armstrong,1,0,False,False,2025-09-08
naphtha,COMMA,Armstrong,1,0,False,False,2025-09-08
naphthalic,TRAP,Armstrong,1,0,False,False,2025-09-08
napier,FACE,Armstrong,1,0,False,False,2025-09-08
naples,FACE,Armstrong,1,0,False,False,2025-09-08
napoli,HAPPY,Armstrong,1,0,False,False,2025-09-08
nappies,TRAP,Armstrong,1,0,False,False,2025-09-08
narcissus,START,Armstrong,1,0,False,False,2025-09-08
narcistic,START,Armstrong,1,0,False,False,2025-09-08
narcolepsy,DRESS,Armstrong,1,0,False,False,2025-09-08
narrow,TRAP,Armstrong,1,0,False,False,2025-09-08
narrow-minded,GOAT,Armstrong,1,0,False,False,2025-09-08
narrowly,GOAT,Armstrong,1,0,False,False,2025-09-08
narwhal,START,Armstrong,1,0,False,False,2025-09-08
nasa,COMMA,Armstrong,1,0,False,False,2025-09-08
nash,TRAP,Armstrong,1,0,False,False,2025-09-08
nashville,TRAP,Armstrong,1,0,False,False,2025-09-08
nasopharyngeal,TRAP,Armstrong,1,0,False,False,2025-09-08
nasty,BATH,Armstrong,1,0,False,False,2025-09-08
natalie,HAPPY,Armstrong,1,0,False,False,2025-09-08
natasha,PALM COMMA (TRAP),Armstrong,1,0,False,False,2025-09-08
nathan,FACE,Armstrong,1,0,False,False,2025-09-08
national,TRAP,Armstrong,1,0,False,False,2025-09-08
nationwide,FACE PRICE,Armstrong,1,0,False,False,2025-09-08
native,FACE,Armstrong,1,0,False,False,2025-09-08
natural,TRAP,Armstrong,1,0,False,False,2025-09-08
nature,FACE LETTER,Armstrong,1,0,False,False,2025-09-08
naturist,FACE,Armstrong,1,0,False,False,2025-09-08
naturopath,TRAP,Armstrong,1,0,False,False,2025-09-08
naughty,THOUGHT,Armstrong,1,0,False,False,2025-09-08
nauru,MOUTH,Armstrong,1,0,False,False,2025-09-08
nauruan,MOUTH,Armstrong,1,0,False,False,2025-09-08
nauseating,THOUGHT,Armstrong,1,0,False,False,2025-09-08
nausicaa,THOUGHT,Armstrong,1,0,False,False,2025-09-08
nautical,THOUGHT,Armstrong,1,0,False,False,2025-09-08
nautilus,THOUGHT,Armstrong,1,0,False,False,2025-09-08
naval,FACE,Armstrong,1,0,False,False,2025-09-08
navigation,KIT TRAP FACE (COMMA),Armstrong,1,0,False,False,2025-09-08
navy,FACE HAPPY,Armstrong,1,0,False,False,2025-09-08
nawab,PALM,Armstrong,1,0,False,False,2025-09-08
naysayer,FACE,Armstrong,1,0,False,False,2025-09-08
nazi,HAPPY (TRAP),Armstrong,1,0,False,False,2025-09-08
neanderthal,PALM,Armstrong,1,0,False,False,2025-09-08
neap,FLEECE,Armstrong,1,0,False,False,2025-09-08
near,NEAR,Armstrong,1,0,False,False,2025-09-08
near-sighted,NEAR,Armstrong,1,0,False,False,2025-09-08
nearby,PRICE,Armstrong,1,0,False,False,2025-09-08
nearer,NEAR LETTER,Armstrong,1,0,False,False,2025-09-08
nearest,NEAR,Armstrong,1,0,False,False,2025-09-08
nearly,NEAR,Armstrong,1,0,False,False,2025-09-08
nearness,NEAR,Armstrong,1,0,False,False,2025-09-08
nearside,NEAR,Armstrong,1,0,False,False,2025-09-08
neat,FLEECE,Armstrong,1,0,False,False,2025-09-08
nebuchadnezzar,GOOSE,Armstrong,1,0,False,False,2025-09-08
necessary,DRESS,Armstrong,1,0,False,False,2025-09-08
neck-ties,PRICE,Armstrong,1,0,False,False,2025-09-08
neckerchief,LETTER,Armstrong,1,0,False,False,2025-09-08
neckwear,SQUARE,Armstrong,1,0,False,False,2025-09-08
nedifugous,FOOT,Armstrong,1,0,False,False,2025-09-08
need,FLEECE,Armstrong,1,0,False,False,2025-09-08
needle,FLEECE,Armstrong,1,0,False,False,2025-09-08
needlecraft,BATH,Armstrong,1,0,False,False,2025-09-08
needlepoint,CHOICE,Armstrong,1,0,False,False,2025-09-08
nefarious,SQUARE,Armstrong,1,0,False,False,2025-09-08
negative,DRESS,Armstrong,1,0,False,False,2025-09-08
negev,DRESS,Armstrong,1,0,False,False,2025-09-08
negligee,KIT,Armstrong,1,0,False,False,2025-09-08
neighbor,LETTER,Armstrong,1,0,False,False,2025-09-08
neighbour,FACE LETTER,Armstrong,1,0,False,False,2025-09-08
neighbourhood,FOOT,Armstrong,1,0,False,False,2025-09-08
neither,LETTER (FLEECE) (PRICE),Armstrong,1,0,False,False,2025-09-08
neolithic,KIT,Armstrong,1,0,False,False,2025-09-08
neon,LOT FLEECE,Armstrong,1,0,False,False,2025-09-08
neoplasms,TRAP,Armstrong,1,0,False,False,2025-09-08
nepenthe,HAPPY,Armstrong,1,0,False,False,2025-09-08
nephew,GOOSE,Armstrong,1,0,False,False,2025-09-08
nephews,GOOSE,Armstrong,1,0,False,False,2025-09-08
neptune,GOOSE,Armstrong,1,0,False,False,2025-09-08
nerd,NURSE,Armstrong,1,0,False,False,2025-09-08
nerve,NURSE,Armstrong,1,0,False,False,2025-09-08
nervous,NURSE,Armstrong,1,0,False,False,2025-09-08
nest-egg,DRESS,Armstrong,1,0,False,False,2025-09-08
net,DRESS,Armstrong,1,0,False,False,2025-09-08
netball,THOUGHT,Armstrong,1,0,False,False,2025-09-08
nether,DRESS,Armstrong,1,0,False,False,2025-09-08
netherlands,DRESS LETTER,Armstrong,1,0,False,False,2025-09-08
netherton,DRESS,Armstrong,1,0,False,False,2025-09-08
network,DRESS,Armstrong,1,0,False,False,2025-09-08
neumann,CHOICE,Armstrong,1,0,False,False,2025-09-08
neurobiology,GOAT,Armstrong,1,0,False,False,2025-09-08
neurology,FOOT,Armstrong,1,0,False,False,2025-09-08
neuropathic,TRAP GOAT,Armstrong,1,0,False,False,2025-09-08
neuroscience,GOAT,Armstrong,1,0,False,False,2025-09-08
neutral,GOOSE,Armstrong,1,0,False,False,2025-09-08
nevada,PALM COMMA,Armstrong,1,0,False,False,2025-09-08
never,DRESS LETTER,Armstrong,1,0,False,False,2025-09-08
neverland,LETTER,Armstrong,1,0,False,False,2025-09-08
nevertheless,DRESS LETTER,Armstrong,1,0,False,False,2025-09-08
new,GOOSE,Armstrong,1,0,False,False,2025-09-08
newbie,GOOSE HAPPY,Armstrong,1,0,False,False,2025-09-08
newborn,GOOSE NORTH FORCE,Armstrong,1,0,False,False,2025-09-08
newcastle,BATH,Armstrong,1,0,False,False,2025-09-08
newcomer,STRUT GOOSE,Armstrong,1,0,False,False,2025-09-08
newer,GOOSE,Armstrong,1,0,False,False,2025-09-08
newfangled,GOOSE,Armstrong,1,0,False,False,2025-09-08
newfie,GOOSE HAPPY,Armstrong,1,0,False,False,2025-09-08
newfoundland,GOOSE,Armstrong,1,0,False,False,2025-09-08
newhaven,FACE,Armstrong,1,0,False,False,2025-09-08
newly,GOOSE,Armstrong,1,0,False,False,2025-09-08
newlywed,DRESS,Armstrong,1,0,False,False,2025-09-08
newlyweds,GOOSE HAPPY,Armstrong,1,0,False,False,2025-09-08
newmarket,START,Armstrong,1,0,False,False,2025-09-08
newport,FORCE,Armstrong,1,0,False,False,2025-09-08
news,GOOSE,Armstrong,1,0,False,False,2025-09-08
newsagent,FACE,Armstrong,1,0,False,False,2025-09-08
newsfeed,FLEECE,Armstrong,1,0,False,False,2025-09-08
newsflash,TRAP,Armstrong,1,0,False,False,2025-09-08
newsletter,DRESS GOOSE,Armstrong,1,0,False,False,2025-09-08
newspaper,FACE GOOSE LETTER,Armstrong,1,0,False,False,2025-09-08
newspapers,LETTER,Armstrong,1,0,False,False,2025-09-08
newspeak,FLEECE,Armstrong,1,0,False,False,2025-09-08
newsroom,GOOSE,Armstrong,1,0,False,False,2025-09-08
next,DRESS,Armstrong,1,0,False,False,2025-09-08
next-door,FORCE,Armstrong,1,0,False,False,2025-09-08
neymar,FACE START,Armstrong,1,0,False,False,2025-09-08
nhs,FACE,Armstrong,1,0,False,False,2025-09-08
nibble,KIT,Armstrong,1,0,False,False,2025-09-08
nibelung,FOOT,Armstrong,1,0,False,False,2025-09-08
nice,PRICE,Armstrong,1,0,False,False,2025-09-08
nicer,LETTER,Armstrong,1,0,False,False,2025-09-08
nick,KIT,Armstrong,1,0,False,False,2025-09-08
nicola,COMMA,Armstrong,1,0,False,False,2025-09-08
nicotine,FLEECE,Armstrong,1,0,False,False,2025-09-08
nietzsche,FLEECE,Armstrong,1,0,False,False,2025-09-08
nigel,PRICE,Armstrong,1,0,False,False,2025-09-08
nigella,PRICE COMMA,Armstrong,1,0,False,False,2025-09-08
niger-congo,PRICE,Armstrong,1,0,False,False,2025-09-08
nigeria,PRICE NEAR,Armstrong,1,0,False,False,2025-09-08
nigerian,PRICE,Armstrong,1,0,False,False,2025-09-08
nigh,PRICE,Armstrong,1,0,False,False,2025-09-08
night,PRICE,Armstrong,1,0,False,False,2025-09-08
night-time,PRICE,Armstrong,1,0,False,False,2025-09-08
night-watch,LOT,Armstrong,1,0,False,False,2025-09-08
nightclothes,GOAT,Armstrong,1,0,False,False,2025-09-08
nightclub,STRUT PRICE,Armstrong,1,0,False,False,2025-09-08
nighthawk,THOUGHT,Armstrong,1,0,False,False,2025-09-08
nightie,HAPPY,Armstrong,1,0,False,False,2025-09-08
nightingale,FACE,Armstrong,1,0,False,False,2025-09-08
nightlife,PRICE,Armstrong,1,0,False,False,2025-09-08
nightlight,PRICE,Armstrong,1,0,False,False,2025-09-08
nightmare,SQUARE,Armstrong,1,0,False,False,2025-09-08
nightmares,SQUARE,Armstrong,1,0,False,False,2025-09-08
nike,PRICE,Armstrong,1,0,False,False,2025-09-08
nilo-saharan,GOAT,Armstrong,1,0,False,False,2025-09-08
nimrod,LOT,Armstrong,1,0,False,False,2025-09-08
nina,COMMA,Armstrong,1,0,False,False,2025-09-08
nine,PRICE,Armstrong,1,0,False,False,2025-09-08
nirvana,PALM,Armstrong,1,0,False,False,2025-09-08
nitrochalk,GOAT,Armstrong,1,0,False,False,2025-09-08
nitroglycerin,GOAT,Armstrong,1,0,False,False,2025-09-08
nixdorf,NORTH,Armstrong,1,0,False,False,2025-09-08
no,GOAT,Armstrong,1,0,False,False,2025-09-08
no-fault,GOAT,Armstrong,1,0,False,False,2025-09-08
no-frills,GOAT,Armstrong,1,0,False,False,2025-09-08
no-good,GOAT,Armstrong,1,0,False,False,2025-09-08
no-one,GOAT,Armstrong,1,0,False,False,2025-09-08
no-show,GOAT,Armstrong,1,0,False,False,2025-09-08
no-win,GOAT,Armstrong,1,0,False,False,2025-09-08
nobel,GOAT,Armstrong,1,0,False,False,2025-09-08
noble,GOAT,Armstrong,1,0,False,False,2025-09-08
nobody,GOAT,Armstrong,1,0,False,False,2025-09-08
nodding,LOT,Armstrong,1,0,False,False,2025-09-08
node,GOAT,Armstrong,1,0,False,False,2025-09-08
nodule,LOT,Armstrong,1,0,False,False,2025-09-08
noise,CHOICE,Armstrong,1,0,False,False,2025-09-08
noiseless,CHOICE,Armstrong,1,0,False,False,2025-09-08
noisette,PALM,Armstrong,1,0,False,False,2025-09-08
noisy,HAPPY,Armstrong,1,0,False,False,2025-09-08
nolan,GOAT,Armstrong,1,0,False,False,2025-09-08
nomad,TRAP,Armstrong,1,0,False,False,2025-09-08
nomenclature,DRESS,Armstrong,1,0,False,False,2025-09-08
non-commercial,NURSE,Armstrong,1,0,False,False,2025-09-08
none,STRUT,Armstrong,1,0,False,False,2025-09-08
nonesuch,STRUT,Armstrong,1,0,False,False,2025-09-08
noodle,GOOSE,Armstrong,1,0,False,False,2025-09-08
nook,FOOT,Armstrong,1,0,False,False,2025-09-08
nootka,FOOT,Armstrong,1,0,False,False,2025-09-08
nor,NORTH,Armstrong,1,0,False,False,2025-09-08
nora,FORCE,Armstrong,1,0,False,False,2025-09-08
norah,FORCE,Armstrong,1,0,False,False,2025-09-08
norbert,NORTH,Armstrong,1,0,False,False,2025-09-08
noreen,(FLEECE),Armstrong,1,0,False,False,2025-09-08
norfolk,NORTH COMMA,Armstrong,1,0,False,False,2025-09-08
norm,NORTH,Armstrong,1,0,False,False,2025-09-08
normalcy,NORTH,Armstrong,1,0,False,False,2025-09-08
normality,NORTH,Armstrong,1,0,False,False,2025-09-08
normalize,NORTH,Armstrong,1,0,False,False,2025-09-08
normally,NORTH,Armstrong,1,0,False,False,2025-09-08
norman,NORTH,Armstrong,1,0,False,False,2025-09-08
normandy,NORTH,Armstrong,1,0,False,False,2025-09-08
norovirus,PRICE,Armstrong,1,0,False,False,2025-09-08
north,NORTH,Armstrong,1,0,False,False,2025-09-08
northamptonshire,NORTH,Armstrong,1,0,False,False,2025-09-08
northanger,NORTH,Armstrong,1,0,False,False,2025-09-08
northbound,NORTH,Armstrong,1,0,False,False,2025-09-08
northcliffe,NORTH,Armstrong,1,0,False,False,2025-09-08
northeast,NORTH,Armstrong,1,0,False,False,2025-09-08
northern,LETTER,Armstrong,1,0,False,False,2025-09-08
northumberland,STRUT NORTH LETTER,Armstrong,1,0,False,False,2025-09-08
northwards,NORTH,Armstrong,1,0,False,False,2025-09-08
northwest,NORTH,Armstrong,1,0,False,False,2025-09-08
norvic,NORTH,Armstrong,1,0,False,False,2025-09-08
norwalk,THOUGHT NORTH,Armstrong,1,0,False,False,2025-09-08
norway,NORTH,Armstrong,1,0,False,False,2025-09-08
norwegian,FLEECE NORTH,Armstrong,1,0,False,False,2025-09-08
norwood,NORTH,Armstrong,1,0,False,False,2025-09-08
nos,GOAT,Armstrong,1,0,False,False,2025-09-08
nose,GOAT,Armstrong,1,0,False,False,2025-09-08
nosebleed,FLEECE,Armstrong,1,0,False,False,2025-09-08
nosedive,PRICE,Armstrong,1,0,False,False,2025-09-08
nosey,HAPPY,Armstrong,1,0,False,False,2025-09-08
noshing,LOT,Armstrong,1,0,False,False,2025-09-08
not,LOT,Armstrong,1,0,False,False,2025-09-08
notation,GOAT,Armstrong,1,0,False,False,2025-09-08
notch,LOT,Armstrong,1,0,False,False,2025-09-08
note,GOAT,Armstrong,1,0,False,False,2025-09-08
notebook,FOOT,Armstrong,1,0,False,False,2025-09-08
notepad,TRAP,Armstrong,1,0,False,False,2025-09-08
nothing,STRUT,Armstrong,1,0,False,False,2025-09-08
nothingness,STRUT,Armstrong,1,0,False,False,2025-09-08
notice,GOAT,Armstrong,1,0,False,False,2025-09-08
notifiable,PRICE,Armstrong,1,0,False,False,2025-09-08
notification,KIT FACE GOAT,Armstrong,1,0,False,False,2025-09-08
notified,PRICE,Armstrong,1,0,False,False,2025-09-08
notify,PRICE,Armstrong,1,0,False,False,2025-09-08
notion,GOAT,Armstrong,1,0,False,False,2025-09-08
notorious,GOAT FORCE,Armstrong,1,0,False,False,2025-09-08
notwithstanding,KIT LOT,Armstrong,1,0,False,False,2025-09-08
nougat,(PALM) GOOSE (COMMA),Armstrong,1,0,False,False,2025-09-08
nourishing,STRUT,Armstrong,1,0,False,False,2025-09-08
nourishment,STRUT,Armstrong,1,0,False,False,2025-09-08
nous,MOUTH,Armstrong,1,0,False,False,2025-09-08
nova,GOAT COMMA,Armstrong,1,0,False,False,2025-09-08
novelette,LOT,Armstrong,1,0,False,False,2025-09-08
novella,GOAT,Armstrong,1,0,False,False,2025-09-08
november,DRESS GOAT LETTER,Armstrong,1,0,False,False,2025-09-08
novokuznetsk,FOOT,Armstrong,1,0,False,False,2025-09-08
novotel,DRESS GOAT,Armstrong,1,0,False,False,2025-09-08
now,MOUTH,Armstrong,1,0,False,False,2025-09-08
nowadays,MOUTH,Armstrong,1,0,False,False,2025-09-08
nowhere,GOAT SQUARE,Armstrong,1,0,False,False,2025-09-08
nowise,GOAT,Armstrong,1,0,False,False,2025-09-08
noyes,CHOICE,Armstrong,1,0,False,False,2025-09-08
nozzle,STRUT,Armstrong,1,0,False,False,2025-09-08
nsured,CURE,Armstrong,1,0,False,False,2025-09-08
nuance,PALM GOOSE,Armstrong,1,0,False,False,2025-09-08
nuclear,GOOSE,Armstrong,1,0,False,False,2025-09-08
nucleofugal,FOOT,Armstrong,1,0,False,False,2025-09-08
nucleus,GOOSE,Armstrong,1,0,False,False,2025-09-08
nude,GOOSE,Armstrong,1,0,False,False,2025-09-08
nudge,STRUT,Armstrong,1,0,False,False,2025-09-08
nugget,STRUT,Armstrong,1,0,False,False,2025-09-08
nuisance,GOOSE,Armstrong,1,0,False,False,2025-09-08
nuke,GOOSE,Armstrong,1,0,False,False,2025-09-08
null,STRUT,Armstrong,1,0,False,False,2025-09-08
number,STRUT LETTER,Armstrong,1,0,False,False,2025-09-08
numbers,LETTER,Armstrong,1,0,False,False,2025-09-08
numeracy,GOOSE,Armstrong,1,0,False,False,2025-09-08
numerical,GOOSE,Armstrong,1,0,False,False,2025-09-08
numerology,GOOSE,Armstrong,1,0,False,False,2025-09-08
numerous,GOOSE,Armstrong,1,0,False,False,2025-09-08
nun,STRUT,Armstrong,1,0,False,False,2025-09-08
nureyev,DRESS (CURE),Armstrong,1,0,False,False,2025-09-08
nurse,NURSE,Armstrong,1,0,False,False,2025-09-08
nurseries,NURSE,Armstrong,1,0,False,False,2025-09-08
nursery,NURSE,Armstrong,1,0,False,False,2025-09-08
nursing,NURSE,Armstrong,1,0,False,False,2025-09-08
nursing-home,GOAT,Armstrong,1,0,False,False,2025-09-08
nurturing,NURSE,Armstrong,1,0,False,False,2025-09-08
nut,STRUT,Armstrong,1,0,False,False,2025-09-08
nuthatch,TRAP,Armstrong,1,0,False,False,2025-09-08
nutmeg,DRESS,Armstrong,1,0,False,False,2025-09-08
nutricious,GOOSE,Armstrong,1,0,False,False,2025-09-08
nutrient,GOOSE,Armstrong,1,0,False,False,2025-09-08
nutrition,GOOSE,Armstrong,1,0,False,False,2025-09-08
nylon,LOT,Armstrong,1,0,False,False,2025-09-08
oaf,GOAT,Armstrong,1,0,False,False,2025-09-08
oafish,GOAT,Armstrong,1,0,False,False,2025-09-08
oak,GOAT,Armstrong,1,0,False,False,2025-09-08
oasis,FACE,Armstrong,1,0,False,False,2025-09-08
oath,GOAT,Armstrong,1,0,False,False,2025-09-08
oaths,GOAT,Armstrong,1,0,False,False,2025-09-08
obama,PALM GOAT COMMA,Armstrong,1,0,False,False,2025-09-08
oban,GOAT,Armstrong,1,0,False,False,2025-09-08
obese,GOAT,Armstrong,1,0,False,False,2025-09-08
obesity,GOAT,Armstrong,1,0,False,False,2025-09-08
obey,GOAT,Armstrong,1,0,False,False,2025-09-08
obfuscation,STRUT,Armstrong,1,0,False,False,2025-09-08
obi,HAPPY,Armstrong,1,0,False,False,2025-09-08
obituary,KIT GOOSE COMMA,Armstrong,1,0,False,False,2025-09-08
objective,COMMA,Armstrong,1,0,False,False,2025-09-08
obligation,LOT,Armstrong,1,0,False,False,2025-09-08
oblige,PRICE,Armstrong,1,0,False,False,2025-09-08
oblique,FLEECE,Armstrong,1,0,False,False,2025-09-08
obscure,CURE,Armstrong,1,0,False,False,2025-09-08
observation,LOT LETTER,Armstrong,1,0,False,False,2025-09-08
observatory,NURSE,Armstrong,1,0,False,False,2025-09-08
observe,COMMA NURSE,Armstrong,1,0,False,False,2025-09-08
observer,LETTER COMMA NURSE,Armstrong,1,0,False,False,2025-09-08
obsession,DRESS COMMA,Armstrong,1,0,False,False,2025-09-08
obsolete,FLEECE,Armstrong,1,0,False,False,2025-09-08
obtain,COMMA,Armstrong,1,0,False,False,2025-09-08
obvious,LOT,Armstrong,1,0,False,False,2025-09-08
ocado,PALM,Armstrong,1,0,False,False,2025-09-08
occasion,FACE COMMA,Armstrong,1,0,False,False,2025-09-08
occasionally,COMMA,Armstrong,1,0,False,False,2025-09-08
occlusion,GOOSE,Armstrong,1,0,False,False,2025-09-08
occupation,FOOT (COMMA),Armstrong,1,0,False,False,2025-09-08
occupied,PRICE,Armstrong,1,0,False,False,2025-09-08
occupy,LOT FOOT PRICE,Armstrong,1,0,False,False,2025-09-08
occur,COMMA NURSE,Armstrong,1,0,False,False,2025-09-08
occurred,NURSE,Armstrong,1,0,False,False,2025-09-08
occurrence,STRUT,Armstrong,1,0,False,False,2025-09-08
occurring,NURSE,Armstrong,1,0,False,False,2025-09-08
occurs,NURSE,Armstrong,1,0,False,False,2025-09-08
ocean,GOAT,Armstrong,1,0,False,False,2025-09-08
oceania,BATH,Armstrong,1,0,False,False,2025-09-08
oceanic,GOAT,Armstrong,1,0,False,False,2025-09-08
oceanside,GOAT,Armstrong,1,0,False,False,2025-09-08
octane,FACE,Armstrong,1,0,False,False,2025-09-08
octavia,LOT FACE,Armstrong,1,0,False,False,2025-09-08
october,LOT GOAT LETTER,Armstrong,1,0,False,False,2025-09-08
octothorpe,NORTH,Armstrong,1,0,False,False,2025-09-08
oddjob,LOT,Armstrong,1,0,False,False,2025-09-08
odds-on,LOT,Armstrong,1,0,False,False,2025-09-08
odell,GOAT,Armstrong,1,0,False,False,2025-09-08
odessa,GOAT COMMA,Armstrong,1,0,False,False,2025-09-08
odyssey,HAPPY,Armstrong,1,0,False,False,2025-09-08
oenology,FLEECE,Armstrong,1,0,False,False,2025-09-08
of,COMMA (LOT) (STRUT),Armstrong,1,0,False,False,2025-09-08
off,CLOTH,Armstrong,1,0,False,False,2025-09-08
off-licence,PRICE,Armstrong,1,0,False,False,2025-09-08
off-putting,FOOT,Armstrong,1,0,False,False,2025-09-08
offence,COMMA,Armstrong,1,0,False,False,2025-09-08
offender,COMMA,Armstrong,1,0,False,False,2025-09-08
offending,COMMA,Armstrong,1,0,False,False,2025-09-08
offensive,COMMA,Armstrong,1,0,False,False,2025-09-08
offer,CLOTH LETTER,Armstrong,1,0,False,False,2025-09-08
offering,LETTER COMMA,Armstrong,1,0,False,False,2025-09-08
offers,LETTER,Armstrong,1,0,False,False,2025-09-08
office,CLOTH,Armstrong,1,0,False,False,2025-09-08
office-bearer,SQUARE,Armstrong,1,0,False,False,2025-09-08
officer,CLOTH LETTER,Armstrong,1,0,False,False,2025-09-08
official,KIT (COMMA),Armstrong,1,0,False,False,2025-09-08
offline,PRICE,Armstrong,1,0,False,False,2025-09-08
offpeak,FLEECE,Armstrong,1,0,False,False,2025-09-08
offset,DRESS,Armstrong,1,0,False,False,2025-09-08
offshoot,GOOSE,Armstrong,1,0,False,False,2025-09-08
offshore,FORCE,Armstrong,1,0,False,False,2025-09-08
oft,CLOTH,Armstrong,1,0,False,False,2025-09-08
often,CLOTH,Armstrong,1,0,False,False,2025-09-08
ogilvie,HAPPY,Armstrong,1,0,False,False,2025-09-08
ogive,GOAT,Armstrong,1,0,False,False,2025-09-08
oglethorpe,NORTH,Armstrong,1,0,False,False,2025-09-08
oi,CHOICE,Armstrong,1,0,False,False,2025-09-08
oick,CHOICE,Armstrong,1,0,False,False,2025-09-08
oil,CHOICE,Armstrong,1,0,False,False,2025-09-08
oil-bearing,SQUARE,Armstrong,1,0,False,False,2025-09-08
oil-fired,CHOICE,Armstrong,1,0,False,False,2025-09-08
oink,CHOICE,Armstrong,1,0,False,False,2025-09-08
ointment,CHOICE,Armstrong,1,0,False,False,2025-09-08
oistrakh,PALM,Armstrong,1,0,False,False,2025-09-08
ojibwe,GOAT,Armstrong,1,0,False,False,2025-09-08
ok,GOAT,Armstrong,1,0,False,False,2025-09-08
okapi,PALM HAPPY,Armstrong,1,0,False,False,2025-09-08
okay,GOAT,Armstrong,1,0,False,False,2025-09-08
okefenokee,HAPPY,Armstrong,1,0,False,False,2025-09-08
oklahoma,GOAT COMMA,Armstrong,1,0,False,False,2025-09-08
old,GOAT,Armstrong,1,0,False,False,2025-09-08
older,GOAT LETTER,Armstrong,1,0,False,False,2025-09-08
oldham,GOAT,Armstrong,1,0,False,False,2025-09-08
oleoresin,GOAT,Armstrong,1,0,False,False,2025-09-08
olga,COMMA,Armstrong,1,0,False,False,2025-09-08
olive,KIT,Armstrong,1,0,False,False,2025-09-08
oliver,LETTER,Armstrong,1,0,False,False,2025-09-08
omaha,PALM,Armstrong,1,0,False,False,2025-09-08
oman,PALM GOAT,Armstrong,1,0,False,False,2025-09-08
omani,PALM,Armstrong,1,0,False,False,2025-09-08
omar,GOAT START,Armstrong,1,0,False,False,2025-09-08
ombudsman,LOT FOOT,Armstrong,1,0,False,False,2025-09-08
omega,GOAT COMMA,Armstrong,1,0,False,False,2025-09-08
omissions,COMMA,Armstrong,1,0,False,False,2025-09-08
omitted,COMMA,Armstrong,1,0,False,False,2025-09-08
omnium-gatherum,TRAP,Armstrong,1,0,False,False,2025-09-08
on,LOT CLOTH,Armstrong,1,0,False,False,2025-09-08
on-air,SQUARE,Armstrong,1,0,False,False,2025-09-08
once,STRUT,Armstrong,1,0,False,False,2025-09-08
oncoming,STRUT,Armstrong,1,0,False,False,2025-09-08
one,STRUT,Armstrong,1,0,False,False,2025-09-08
one-horse,NORTH,Armstrong,1,0,False,False,2025-09-08
one-stop,LOT,Armstrong,1,0,False,False,2025-09-08
online,LOT PRICE,Armstrong,1,0,False,False,2025-09-08
only,GOAT HAPPY,Armstrong,1,0,False,False,2025-09-08
onondaga,PALM,Armstrong,1,0,False,False,2025-09-08
onrushing,STRUT,Armstrong,1,0,False,False,2025-09-08
onshore,FORCE,Armstrong,1,0,False,False,2025-09-08
onslaught,THOUGHT,Armstrong,1,0,False,False,2025-09-08
ontario,SQUARE,Armstrong,1,0,False,False,2025-09-08
onto,COMMA,Armstrong,1,0,False,False,2025-09-08
onward,LETTER,Armstrong,1,0,False,False,2025-09-08
oops,FOOT,Armstrong,1,0,False,False,2025-09-08
oops-a-daisy,FOOT,Armstrong,1,0,False,False,2025-09-08
ooze,GOOSE,Armstrong,1,0,False,False,2025-09-08
opal,GOAT,Armstrong,1,0,False,False,2025-09-08
opaque,GOAT,Armstrong,1,0,False,False,2025-09-08
opel,GOAT,Armstrong,1,0,False,False,2025-09-08
open,GOAT COMMA,Armstrong,1,0,False,False,2025-09-08
open-air,SQUARE,Armstrong,1,0,False,False,2025-09-08
open-mouthed,MOUTH,Armstrong,1,0,False,False,2025-09-08
opera,LOT COMMA (LETTER),Armstrong,1,0,False,False,2025-09-08
opera-house,MOUTH,Armstrong,1,0,False,False,2025-09-08
operation,LOT FACE,Armstrong,1,0,False,False,2025-09-08
operator,FACE,Armstrong,1,0,False,False,2025-09-08
opinion,COMMA,Armstrong,1,0,False,False,2025-09-08
opioid,CHOICE,Armstrong,1,0,False,False,2025-09-08
opponent,COMMA,Armstrong,1,0,False,False,2025-09-08
opportunistic,GOOSE LETTER,Armstrong,1,0,False,False,2025-09-08
opportunity,LOT LETTER,Armstrong,1,0,False,False,2025-09-08
opposition,KIT,Armstrong,1,0,False,False,2025-09-08
oprah,GOAT,Armstrong,1,0,False,False,2025-09-08
optician,LOT,Armstrong,1,0,False,False,2025-09-08
options,LOT,Armstrong,1,0,False,False,2025-09-08
oral,FORCE,Armstrong,1,0,False,False,2025-09-08
orality,FORCE,Armstrong,1,0,False,False,2025-09-08
orange,(CLOTH),Armstrong,1,0,False,False,2025-09-08
orate,FORCE,Armstrong,1,0,False,False,2025-09-08
orating,FORCE,Armstrong,1,0,False,False,2025-09-08
oration,FORCE,Armstrong,1,0,False,False,2025-09-08
orator,(CLOTH),Armstrong,1,0,False,False,2025-09-08
oratory,(CLOTH),Armstrong,1,0,False,False,2025-09-08
orbicular,NORTH,Armstrong,1,0,False,False,2025-09-08
orbison,NORTH,Armstrong,1,0,False,False,2025-09-08
orbit,NORTH,Armstrong,1,0,False,False,2025-09-08
orbital,NORTH,Armstrong,1,0,False,False,2025-09-08
orchard,NORTH LETTER,Armstrong,1,0,False,False,2025-09-08
orchestra,NORTH COMMA,Armstrong,1,0,False,False,2025-09-08
orchid,NORTH,Armstrong,1,0,False,False,2025-09-08
ordained,NORTH,Armstrong,1,0,False,False,2025-09-08
ordeal,NORTH,Armstrong,1,0,False,False,2025-09-08
order,LETTER,Armstrong,1,0,False,False,2025-09-08
order-form,NORTH,Armstrong,1,0,False,False,2025-09-08
ordered,LETTER,Armstrong,1,0,False,False,2025-09-08
orders,LETTER,Armstrong,1,0,False,False,2025-09-08
oregon,(CLOTH),Armstrong,1,0,False,False,2025-09-08
orff,NORTH,Armstrong,1,0,False,False,2025-09-08
orford,NORTH,Armstrong,1,0,False,False,2025-09-08
organ,NORTH,Armstrong,1,0,False,False,2025-09-08
organic,NORTH,Armstrong,1,0,False,False,2025-09-08
organically,NORTH,Armstrong,1,0,False,False,2025-09-08
organide,NORTH,Armstrong,1,0,False,False,2025-09-08
organism,NORTH,Armstrong,1,0,False,False,2025-09-08
organist,NORTH,Armstrong,1,0,False,False,2025-09-08
organization,PRICE NORTH,Armstrong,1,0,False,False,2025-09-08
organize,NORTH,Armstrong,1,0,False,False,2025-09-08
orgasm,TRAP NORTH,Armstrong,1,0,False,False,2025-09-08
orgiastic,BATH,Armstrong,1,0,False,False,2025-09-08
orgy,NORTH,Armstrong,1,0,False,False,2025-09-08
orientation,DRESS,Armstrong,1,0,False,False,2025-09-08
origami,PALM HAPPY,Armstrong,1,0,False,False,2025-09-08
origin,KIT (CLOTH),Armstrong,1,0,False,False,2025-09-08
original,KIT,Armstrong,1,0,False,False,2025-09-08
originate,KIT,Armstrong,1,0,False,False,2025-09-08
orkney,NORTH,Armstrong,1,0,False,False,2025-09-08
orlando,NORTH,Armstrong,1,0,False,False,2025-09-08
orleans,NORTH (NEAR),Armstrong,1,0,False,False,2025-09-08
ornament,NORTH,Armstrong,1,0,False,False,2025-09-08
ornate,NORTH,Armstrong,1,0,False,False,2025-09-08
oropharynx,TRAP GOAT,Armstrong,1,0,False,False,2025-09-08
orphan,NORTH,Armstrong,1,0,False,False,2025-09-08
orphanage,NORTH,Armstrong,1,0,False,False,2025-09-08
orpheus,NORTH,Armstrong,1,0,False,False,2025-09-08
orthodox,NORTH,Armstrong,1,0,False,False,2025-09-08
orthogenesis,NORTH,Armstrong,1,0,False,False,2025-09-08
orthogonal,NORTH,Armstrong,1,0,False,False,2025-09-08
orthographic,NORTH,Armstrong,1,0,False,False,2025-09-08
orthopaedic,NORTH,Armstrong,1,0,False,False,2025-09-08
orthopedic,NORTH,Armstrong,1,0,False,False,2025-09-08
orthoptera,NORTH,Armstrong,1,0,False,False,2025-09-08
orville,NORTH,Armstrong,1,0,False,False,2025-09-08
orwell,NORTH,Armstrong,1,0,False,False,2025-09-08
osaka,PALM GOAT COMMA,Armstrong,1,0,False,False,2025-09-08
osama,PALM,Armstrong,1,0,False,False,2025-09-08
osborne,FORCE,Armstrong,1,0,False,False,2025-09-08
oscar,LETTER,Armstrong,1,0,False,False,2025-09-08
osgood,LOT,Armstrong,1,0,False,False,2025-09-08
oshkosh,LOT,Armstrong,1,0,False,False,2025-09-08
osiris,GOAT,Armstrong,1,0,False,False,2025-09-08
osman,LOT,Armstrong,1,0,False,False,2025-09-08
osmond,LOT,Armstrong,1,0,False,False,2025-09-08
osmosis,LOT,Armstrong,1,0,False,False,2025-09-08
osmotherley,LOT,Armstrong,1,0,False,False,2025-09-08
osmunda,LOT,Armstrong,1,0,False,False,2025-09-08
osteoarthritis,START,Armstrong,1,0,False,False,2025-09-08
osteomyelitis,PRICE,Armstrong,1,0,False,False,2025-09-08
osteopath,TRAP,Armstrong,1,0,False,False,2025-09-08
osteoporosis,GOAT,Armstrong,1,0,False,False,2025-09-08
ostrich,KIT,Armstrong,1,0,False,False,2025-09-08
othello,COMMA,Armstrong,1,0,False,False,2025-09-08
other,STRUT LETTER,Armstrong,1,0,False,False,2025-09-08
others,LETTER,Armstrong,1,0,False,False,2025-09-08
otherwise,STRUT PRICE LETTER,Armstrong,1,0,False,False,2025-09-08
otherworldly,STRUT,Armstrong,1,0,False,False,2025-09-08
ouabain,PALM,Armstrong,1,0,False,False,2025-09-08
ouch,MOUTH,Armstrong,1,0,False,False,2025-09-08
ought,THOUGHT,Armstrong,1,0,False,False,2025-09-08
ourselves,MOUTH,Armstrong,1,0,False,False,2025-09-08
ouse,GOOSE,Armstrong,1,0,False,False,2025-09-08
ousted,MOUTH,Armstrong,1,0,False,False,2025-09-08
out,MOUTH,Armstrong,1,0,False,False,2025-09-08
out-of-pocket,LOT,Armstrong,1,0,False,False,2025-09-08
out-trays,FACE,Armstrong,1,0,False,False,2025-09-08
outbid,KIT MOUTH,Armstrong,1,0,False,False,2025-09-08
outboard,FORCE,Armstrong,1,0,False,False,2025-09-08
outbreak,FACE,Armstrong,1,0,False,False,2025-09-08
outcast,BATH,Armstrong,1,0,False,False,2025-09-08
outclass,BATH,Armstrong,1,0,False,False,2025-09-08
outcome,STRUT MOUTH,Armstrong,1,0,False,False,2025-09-08
outdoes,STRUT,Armstrong,1,0,False,False,2025-09-08
outdoor,MOUTH FORCE,Armstrong,1,0,False,False,2025-09-08
outing,MOUTH,Armstrong,1,0,False,False,2025-09-08
outlandish,MOUTH,Armstrong,1,0,False,False,2025-09-08
outlaws,THOUGHT,Armstrong,1,0,False,False,2025-09-08
outlet,DRESS MOUTH,Armstrong,1,0,False,False,2025-09-08
outline,MOUTH,Armstrong,1,0,False,False,2025-09-08
output,FOOT,Armstrong,1,0,False,False,2025-09-08
outrage,FACE MOUTH,Armstrong,1,0,False,False,2025-09-08
outrageous,FACE MOUTH,Armstrong,1,0,False,False,2025-09-08
outreach,FLEECE,Armstrong,1,0,False,False,2025-09-08
outside,PRICE MOUTH,Armstrong,1,0,False,False,2025-09-08
outsource,FORCE,Armstrong,1,0,False,False,2025-09-08
outstanding,MOUTH,Armstrong,1,0,False,False,2025-09-08
outwear,SQUARE,Armstrong,1,0,False,False,2025-09-08
outwith,KIT,Armstrong,1,0,False,False,2025-09-08
ova,COMMA,Armstrong,1,0,False,False,2025-09-08
oval,GOAT,Armstrong,1,0,False,False,2025-09-08
ovarian,GOAT,Armstrong,1,0,False,False,2025-09-08
ovation,GOAT,Armstrong,1,0,False,False,2025-09-08
oven,STRUT,Armstrong,1,0,False,False,2025-09-08
over,GOAT LETTER,Armstrong,1,0,False,False,2025-09-08
over-shadow,LETTER,Armstrong,1,0,False,False,2025-09-08
overall,THOUGHT GOAT,Armstrong,1,0,False,False,2025-09-08
overarching,START,Armstrong,1,0,False,False,2025-09-08
overbear,SQUARE,Armstrong,1,0,False,False,2025-09-08
overboard,FORCE LETTER,Armstrong,1,0,False,False,2025-09-08
overcareful,SQUARE,Armstrong,1,0,False,False,2025-09-08
overcast,LETTER,Armstrong,1,0,False,False,2025-09-08
overcharge,START LETTER,Armstrong,1,0,False,False,2025-09-08
overcoat,LETTER,Armstrong,1,0,False,False,2025-09-08
overcome,STRUT LETTER,Armstrong,1,0,False,False,2025-09-08
overcompensation,LOT,Armstrong,1,0,False,False,2025-09-08
overdoes,STRUT,Armstrong,1,0,False,False,2025-09-08
overdose,GOAT,Armstrong,1,0,False,False,2025-09-08
overdraft,BATH,Armstrong,1,0,False,False,2025-09-08
overdrive,PRICE,Armstrong,1,0,False,False,2025-09-08
overexposure,LETTER,Armstrong,1,0,False,False,2025-09-08
overgrown,LETTER,Armstrong,1,0,False,False,2025-09-08
overgrowth,GOAT,Armstrong,1,0,False,False,2025-09-08
overhang,TRAP,Armstrong,1,0,False,False,2025-09-08
overhaul,THOUGHT,Armstrong,1,0,False,False,2025-09-08
overhead,DRESS,Armstrong,1,0,False,False,2025-09-08
overjoyed,CHOICE LETTER,Armstrong,1,0,False,False,2025-09-08
overlap,TRAP,Armstrong,1,0,False,False,2025-09-08
overload,NORTH,Armstrong,1,0,False,False,2025-09-08
overlooking,FOOT LETTER,Armstrong,1,0,False,False,2025-09-08
overmuch,STRUT,Armstrong,1,0,False,False,2025-09-08
overnight,PRICE LETTER,Armstrong,1,0,False,False,2025-09-08
overpressure,DRESS LETTER,Armstrong,1,0,False,False,2025-09-08
overseas,GOAT LETTER,Armstrong,1,0,False,False,2025-09-08
overshoe,LETTER,Armstrong,1,0,False,False,2025-09-08
overshoes,GOOSE LETTER,Armstrong,1,0,False,False,2025-09-08
oversteer,NEAR,Armstrong,1,0,False,False,2025-09-08
overthrew,LETTER,Armstrong,1,0,False,False,2025-09-08
overthrow,LETTER,Armstrong,1,0,False,False,2025-09-08
overthrust,LETTER,Armstrong,1,0,False,False,2025-09-08
overtime,PRICE,Armstrong,1,0,False,False,2025-09-08
overture,LETTER,Armstrong,1,0,False,False,2025-09-08
overuse,GOOSE,Armstrong,1,0,False,False,2025-09-08
overvalued,GOOSE,Armstrong,1,0,False,False,2025-09-08
overview,GOAT LETTER,Armstrong,1,0,False,False,2025-09-08
overweight,FACE LETTER,Armstrong,1,0,False,False,2025-09-08
overwhelming,LETTER,Armstrong,1,0,False,False,2025-09-08
ovidian,LOT,Armstrong,1,0,False,False,2025-09-08
ovulating,LOT,Armstrong,1,0,False,False,2025-09-08
owe,GOAT,Armstrong,1,0,False,False,2025-09-08
owes,GOAT,Armstrong,1,0,False,False,2025-09-08
owl,MOUTH,Armstrong,1,0,False,False,2025-09-08
owlet,MOUTH,Armstrong,1,0,False,False,2025-09-08
own,GOAT,Armstrong,1,0,False,False,2025-09-08
owner,GOAT LETTER,Armstrong,1,0,False,False,2025-09-08
ox,LOT,Armstrong,1,0,False,False,2025-09-08
oxenford,FORCE,Armstrong,1,0,False,False,2025-09-08
oxford,LETTER,Armstrong,1,0,False,False,2025-09-08
oxime,FLEECE,Armstrong,1,0,False,False,2025-09-08
oyster,CHOICE,Armstrong,1,0,False,False,2025-09-08
oyster-catcher,TRAP,Armstrong,1,0,False,False,2025-09-08
ozark,START,Armstrong,1,0,False,False,2025-09-08
pa,PALM,Armstrong,1,0,False,False,2025-09-08
pablo,TRAP,Armstrong,1,0,False,False,2025-09-08
pace,FACE,Armstrong,1,0,False,False,2025-09-08
pacific,KIT COMMA,Armstrong,1,0,False,False,2025-09-08
pacifier,PRICE,Armstrong,1,0,False,False,2025-09-08
pacino,COMMA,Armstrong,1,0,False,False,2025-09-08
pack,TRAP,Armstrong,1,0,False,False,2025-09-08
package,TRAP,Armstrong,1,0,False,False,2025-09-08
packhorse,NORTH,Armstrong,1,0,False,False,2025-09-08
pad,TRAP,Armstrong,1,0,False,False,2025-09-08
padishahs,PALM,Armstrong,1,0,False,False,2025-09-08
padres,FACE,Armstrong,1,0,False,False,2025-09-08
pagan,FACE,Armstrong,1,0,False,False,2025-09-08
pageant,TRAP,Armstrong,1,0,False,False,2025-09-08
pagination,TRAP,Armstrong,1,0,False,False,2025-09-08
pahlavi,HAPPY,Armstrong,1,0,False,False,2025-09-08
paid,FACE,Armstrong,1,0,False,False,2025-09-08
paige,FACE,Armstrong,1,0,False,False,2025-09-08
pain,FACE,Armstrong,1,0,False,False,2025-09-08
paine,FACE,Armstrong,1,0,False,False,2025-09-08
paint,FACE,Armstrong,1,0,False,False,2025-09-08
paintbrush,STRUT,Armstrong,1,0,False,False,2025-09-08
painting,FACE,Armstrong,1,0,False,False,2025-09-08
pair,SQUARE,Armstrong,1,0,False,False,2025-09-08
paired,SQUARE,Armstrong,1,0,False,False,2025-09-08
pairing,SQUARE,Armstrong,1,0,False,False,2025-09-08
pairs,SQUARE,Armstrong,1,0,False,False,2025-09-08
paish,FACE,Armstrong,1,0,False,False,2025-09-08
paisley,FACE,Armstrong,1,0,False,False,2025-09-08
pajamas,PALM,Armstrong,1,0,False,False,2025-09-08
pakistan,PALM,Armstrong,1,0,False,False,2025-09-08
pakistani,HAPPY,Armstrong,1,0,False,False,2025-09-08
palace,KIT TRAP,Armstrong,1,0,False,False,2025-09-08
palatial,FACE,Armstrong,1,0,False,False,2025-09-08
palau,MOUTH,Armstrong,1,0,False,False,2025-09-08
pale,FACE,Armstrong,1,0,False,False,2025-09-08
palestine,PRICE,Armstrong,1,0,False,False,2025-09-08
palette-knife,PRICE,Armstrong,1,0,False,False,2025-09-08
palette-knives,PRICE,Armstrong,1,0,False,False,2025-09-08
pali,PALM,Armstrong,1,0,False,False,2025-09-08
pall-bearer,SQUARE,Armstrong,1,0,False,False,2025-09-08
palmer,LETTER,Armstrong,1,0,False,False,2025-09-08
palooka,GOOSE,Armstrong,1,0,False,False,2025-09-08
paltrow,TRAP,Armstrong,1,0,False,False,2025-09-08
pamela,COMMA,Armstrong,1,0,False,False,2025-09-08
panama,PALM,Armstrong,1,0,False,False,2025-09-08
pancake,FACE,Armstrong,1,0,False,False,2025-09-08
panda,COMMA,Armstrong,1,0,False,False,2025-09-08
pangbourne,FORCE,Armstrong,1,0,False,False,2025-09-08
panorama,PALM COMMA,Armstrong,1,0,False,False,2025-09-08
panther,LETTER,Armstrong,1,0,False,False,2025-09-08
pantomime,PRICE,Armstrong,1,0,False,False,2025-09-08
papa,PALM COMMA,Armstrong,1,0,False,False,2025-09-08
papabile,PALM,Armstrong,1,0,False,False,2025-09-08
paparazzi,HAPPY,Armstrong,1,0,False,False,2025-09-08
paper,LETTER,Armstrong,1,0,False,False,2025-09-08
paperback,TRAP LETTER,Armstrong,1,0,False,False,2025-09-08
papers,LETTER,Armstrong,1,0,False,False,2025-09-08
paperweight,FACE,Armstrong,1,0,False,False,2025-09-08
paperwork,LETTER,Armstrong,1,0,False,False,2025-09-08
papistic,FACE,Armstrong,1,0,False,False,2025-09-08
papua,TRAP,Armstrong,1,0,False,False,2025-09-08
par,START,Armstrong,1,0,False,False,2025-09-08
para,TRAP COMMA,Armstrong,1,0,False,False,2025-09-08
paracetamol,LOT,Armstrong,1,0,False,False,2025-09-08
parachute,GOOSE COMMA,Armstrong,1,0,False,False,2025-09-08
parade,FACE LETTER COMMA,Armstrong,1,0,False,False,2025-09-08
paradigm,PRICE,Armstrong,1,0,False,False,2025-09-08
paradise,TRAP PRICE COMMA,Armstrong,1,0,False,False,2025-09-08
paragraph,BATH,Armstrong,1,0,False,False,2025-09-08
paraguay,TRAP PRICE COMMA,Armstrong,1,0,False,False,2025-09-08
parakeet,FLEECE,Armstrong,1,0,False,False,2025-09-08
parallel,DRESS,Armstrong,1,0,False,False,2025-09-08
paramount,MOUTH,Armstrong,1,0,False,False,2025-09-08
paramour,FORCE CURE,Armstrong,1,0,False,False,2025-09-08
paramours,CURE,Armstrong,1,0,False,False,2025-09-08
paranoia,CHOICE,Armstrong,1,0,False,False,2025-09-08
paranoid,CHOICE,Armstrong,1,0,False,False,2025-09-08
paraphrase,FACE,Armstrong,1,0,False,False,2025-09-08
parasol,LOT,Armstrong,1,0,False,False,2025-09-08
parathyroid,CHOICE,Armstrong,1,0,False,False,2025-09-08
parboiled,CHOICE,Armstrong,1,0,False,False,2025-09-08
parcel,START,Armstrong,1,0,False,False,2025-09-08
parched,START,Armstrong,1,0,False,False,2025-09-08
parcheesi,START,Armstrong,1,0,False,False,2025-09-08
parchment,START,Armstrong,1,0,False,False,2025-09-08
parental,DRESS LETTER COMMA,Armstrong,1,0,False,False,2025-09-08
parents,SQUARE,Armstrong,1,0,False,False,2025-09-08
parfait,START,Armstrong,1,0,False,False,2025-09-08
parfitt,START,Armstrong,1,0,False,False,2025-09-08
paring,SQUARE,Armstrong,1,0,False,False,2025-09-08
paris,TRAP,Armstrong,1,0,False,False,2025-09-08
parish,TRAP,Armstrong,1,0,False,False,2025-09-08
park,START,Armstrong,1,0,False,False,2025-09-08
parka,COMMA,Armstrong,1,0,False,False,2025-09-08
parker,START LETTER,Armstrong,1,0,False,False,2025-09-08
parliament,START,Armstrong,1,0,False,False,2025-09-08
parlour,START,Armstrong,1,0,False,False,2025-09-08
parmigiano,PALM,Armstrong,1,0,False,False,2025-09-08
parnassus,START,Armstrong,1,0,False,False,2025-09-08
parnell,START,Armstrong,1,0,False,False,2025-09-08
parr,START,Armstrong,1,0,False,False,2025-09-08
parsley,START,Armstrong,1,0,False,False,2025-09-08
parslow,START,Armstrong,1,0,False,False,2025-09-08
parsnip,START,Armstrong,1,0,False,False,2025-09-08
parsons,START,Armstrong,1,0,False,False,2025-09-08
part,START,Armstrong,1,0,False,False,2025-09-08
part-time,PRICE,Armstrong,1,0,False,False,2025-09-08
parthenogenesis,GOAT START,Armstrong,1,0,False,False,2025-09-08
parthenon,START,Armstrong,1,0,False,False,2025-09-08
partial,START,Armstrong,1,0,False,False,2025-09-08
participation,START,Armstrong,1,0,False,False,2025-09-08
particle,START,Armstrong,1,0,False,False,2025-09-08
particular,KIT FOOT LETTER,Armstrong,1,0,False,False,2025-09-08
particularly,LETTER,Armstrong,1,0,False,False,2025-09-08
particulate,START,Armstrong,1,0,False,False,2025-09-08
partition,START,Armstrong,1,0,False,False,2025-09-08
partner,START LETTER,Armstrong,1,0,False,False,2025-09-08
partners,LETTER,Armstrong,1,0,False,False,2025-09-08
partnership,KIT START LETTER,Armstrong,1,0,False,False,2025-09-08
parturient,START,Armstrong,1,0,False,False,2025-09-08
parturition,START,Armstrong,1,0,False,False,2025-09-08
party,START HAPPY,Armstrong,1,0,False,False,2025-09-08
parvenus,START,Armstrong,1,0,False,False,2025-09-08
pascal,TRAP,Armstrong,1,0,False,False,2025-09-08
paschal,BATH,Armstrong,1,0,False,False,2025-09-08
pasha,PALM BATH COMMA,Armstrong,1,0,False,False,2025-09-08
pashto,STRUT,Armstrong,1,0,False,False,2025-09-08
pass,BATH,Armstrong,1,0,False,False,2025-09-08
passata,PALM,Armstrong,1,0,False,False,2025-09-08
passenger,TRAP LETTER,Armstrong,1,0,False,False,2025-09-08
passion,TRAP,Armstrong,1,0,False,False,2025-09-08
passport,FORCE,Armstrong,1,0,False,False,2025-09-08
past,BATH,Armstrong,1,0,False,False,2025-09-08
pasta,PALM (TRAP),Armstrong,1,0,False,False,2025-09-08
paste,FACE,Armstrong,1,0,False,False,2025-09-08
pastor,COMMA,Armstrong,1,0,False,False,2025-09-08
pastoral,BATH,Armstrong,1,0,False,False,2025-09-08
patch,TRAP,Armstrong,1,0,False,False,2025-09-08
patchouli,COMMA,Armstrong,1,0,False,False,2025-09-08
patchy,HAPPY,Armstrong,1,0,False,False,2025-09-08
path,BATH,Armstrong,1,0,False,False,2025-09-08
pathetic,COMMA,Armstrong,1,0,False,False,2025-09-08
pathfinder,BATH,Armstrong,1,0,False,False,2025-09-08
pathing,BATH,Armstrong,1,0,False,False,2025-09-08
pathless,BATH,Armstrong,1,0,False,False,2025-09-08
pathological,TRAP,Armstrong,1,0,False,False,2025-09-08
pathology,COMMA,Armstrong,1,0,False,False,2025-09-08
pathos,FACE,Armstrong,1,0,False,False,2025-09-08
paths,BATH,Armstrong,1,0,False,False,2025-09-08
pathway,BATH,Armstrong,1,0,False,False,2025-09-08
patience,FACE,Armstrong,1,0,False,False,2025-09-08
patient,FACE,Armstrong,1,0,False,False,2025-09-08
patiently,FACE,Armstrong,1,0,False,False,2025-09-08
patios,GOAT,Armstrong,1,0,False,False,2025-09-08
patois,PALM,Armstrong,1,0,False,False,2025-09-08
patricia,COMMA,Armstrong,1,0,False,False,2025-09-08
patrick,TRAP,Armstrong,1,0,False,False,2025-09-08
pattern,LETTER,Armstrong,1,0,False,False,2025-09-08
paua,(MOUTH),Armstrong,1,0,False,False,2025-09-08
paucity,THOUGHT,Armstrong,1,0,False,False,2025-09-08
paul,THOUGHT,Armstrong,1,0,False,False,2025-09-08
paula,THOUGHT COMMA,Armstrong,1,0,False,False,2025-09-08
pauline,(FLEECE),Armstrong,1,0,False,False,2025-09-08
pauper,THOUGHT,Armstrong,1,0,False,False,2025-09-08
pause,THOUGHT,Armstrong,1,0,False,False,2025-09-08
pavement,FACE,Armstrong,1,0,False,False,2025-09-08
pavilion,COMMA,Armstrong,1,0,False,False,2025-09-08
paving,FACE,Armstrong,1,0,False,False,2025-09-08
pavlov,LOT,Armstrong,1,0,False,False,2025-09-08
pavlova,TRAP,Armstrong,1,0,False,False,2025-09-08
pawnee,THOUGHT,Armstrong,1,0,False,False,2025-09-08
pawpaws,THOUGHT,Armstrong,1,0,False,False,2025-09-08
paws,THOUGHT,Armstrong,1,0,False,False,2025-09-08
pay-claim,FACE,Armstrong,1,0,False,False,2025-09-08
payback,FACE,Armstrong,1,0,False,False,2025-09-08
paycheck,FACE,Armstrong,1,0,False,False,2025-09-08
payday,FACE,Armstrong,1,0,False,False,2025-09-08
paye,FACE,Armstrong,1,0,False,False,2025-09-08
payment,FACE,Armstrong,1,0,False,False,2025-09-08
payne,FACE,Armstrong,1,0,False,False,2025-09-08
paypal,TRAP FACE,Armstrong,1,0,False,False,2025-09-08
payphone,FACE,Armstrong,1,0,False,False,2025-09-08
payroll,FACE GOAT,Armstrong,1,0,False,False,2025-09-08
pays,FACE,Armstrong,1,0,False,False,2025-09-08
paysheet,FACE,Armstrong,1,0,False,False,2025-09-08
payslip,FACE,Armstrong,1,0,False,False,2025-09-08
pea,FLEECE,Armstrong,1,0,False,False,2025-09-08
peach,FLEECE,Armstrong,1,0,False,False,2025-09-08
peachey,HAPPY,Armstrong,1,0,False,False,2025-09-08
peachy,HAPPY,Armstrong,1,0,False,False,2025-09-08
peacock,LOT,Armstrong,1,0,False,False,2025-09-08
peafowl,MOUTH,Armstrong,1,0,False,False,2025-09-08
peak,FLEECE,Armstrong,1,0,False,False,2025-09-08
peanut,STRUT,Armstrong,1,0,False,False,2025-09-08
pear,SQUARE,Armstrong,1,0,False,False,2025-09-08
pearce,NEAR,Armstrong,1,0,False,False,2025-09-08
pearl,NURSE,Armstrong,1,0,False,False,2025-09-08
pearmain,SQUARE,Armstrong,1,0,False,False,2025-09-08
pearse,NEAR,Armstrong,1,0,False,False,2025-09-08
peart,NEAR,Armstrong,1,0,False,False,2025-09-08
peavey,HAPPY,Armstrong,1,0,False,False,2025-09-08
pebble,DRESS,Armstrong,1,0,False,False,2025-09-08
peculiar,GOOSE,Armstrong,1,0,False,False,2025-09-08
pecuniary,GOOSE,Armstrong,1,0,False,False,2025-09-08
pedgogy,LOT,Armstrong,1,0,False,False,2025-09-08
pedicure,CURE,Armstrong,1,0,False,False,2025-09-08
pedigree,HAPPY,Armstrong,1,0,False,False,2025-09-08
pee,HAPPY,Armstrong,1,0,False,False,2025-09-08
peek,FLEECE,Armstrong,1,0,False,False,2025-09-08
peep,FLEECE,Armstrong,1,0,False,False,2025-09-08
peeps,FLEECE,Armstrong,1,0,False,False,2025-09-08
peer,NEAR,Armstrong,1,0,False,False,2025-09-08
peerage,NEAR,Armstrong,1,0,False,False,2025-09-08
peering,NEAR,Armstrong,1,0,False,False,2025-09-08
peerless,NEAR,Armstrong,1,0,False,False,2025-09-08
peers,NEAR,Armstrong,1,0,False,False,2025-09-08
peg,DRESS,Armstrong,1,0,False,False,2025-09-08
peggy,HAPPY,Armstrong,1,0,False,False,2025-09-08
peirce,NEAR,Armstrong,1,0,False,False,2025-09-08
pembrey,DRESS,Armstrong,1,0,False,False,2025-09-08
penarth,START,Armstrong,1,0,False,False,2025-09-08
pengam,DRESS,Armstrong,1,0,False,False,2025-09-08
penguin,DRESS,Armstrong,1,0,False,False,2025-09-08
penicuik,FOOT,Armstrong,1,0,False,False,2025-09-08
peninsula,COMMA,Armstrong,1,0,False,False,2025-09-08
penknives,PRICE,Armstrong,1,0,False,False,2025-09-08
penny-farthing,START,Armstrong,1,0,False,False,2025-09-08
pennyworth,LETTER,Armstrong,1,0,False,False,2025-09-08
penthouse,MOUTH,Armstrong,1,0,False,False,2025-09-08
peony,NEAR,Armstrong,1,0,False,False,2025-09-08
people,FLEECE,Armstrong,1,0,False,False,2025-09-08
pepita,DRESS,Armstrong,1,0,False,False,2025-09-08
pepper,DRESS LETTER,Armstrong,1,0,False,False,2025-09-08
pepsi,HAPPY,Armstrong,1,0,False,False,2025-09-08
per,LETTER NURSE,Armstrong,1,0,False,False,2025-09-08
peradventure,NURSE,Armstrong,1,0,False,False,2025-09-08
percentage,LETTER,Armstrong,1,0,False,False,2025-09-08
perch,NURSE,Armstrong,1,0,False,False,2025-09-08
percussion,STRUT LETTER,Armstrong,1,0,False,False,2025-09-08
perestroika,CHOICE,Armstrong,1,0,False,False,2025-09-08
perez,DRESS,Armstrong,1,0,False,False,2025-09-08
perfect,DRESS LETTER NURSE,Armstrong,1,0,False,False,2025-09-08
perforated,NURSE,Armstrong,1,0,False,False,2025-09-08
perforation,NURSE,Armstrong,1,0,False,False,2025-09-08
perform,NORTH LETTER,Armstrong,1,0,False,False,2025-09-08
performance,NORTH LETTER,Armstrong,1,0,False,False,2025-09-08
performed,NORTH,Armstrong,1,0,False,False,2025-09-08
performer,NORTH LETTER,Armstrong,1,0,False,False,2025-09-08
performing,NORTH,Armstrong,1,0,False,False,2025-09-08
perfume,GOOSE LETTER NURSE,Armstrong,1,0,False,False,2025-09-08
perfusion,GOOSE,Armstrong,1,0,False,False,2025-09-08
pergola,NURSE,Armstrong,1,0,False,False,2025-09-08
pergolesi,SQUARE,Armstrong,1,0,False,False,2025-09-08
perhaps,TRAP,Armstrong,1,0,False,False,2025-09-08
pericarp,START,Armstrong,1,0,False,False,2025-09-08
perineal,NEAR,Armstrong,1,0,False,False,2025-09-08
perineum,NEAR,Armstrong,1,0,False,False,2025-09-08
period,NEAR COMMA,Armstrong,1,0,False,False,2025-09-08
periodical,LOT,Armstrong,1,0,False,False,2025-09-08
perkins,NURSE,Armstrong,1,0,False,False,2025-09-08
perks,NURSE,Armstrong,1,0,False,False,2025-09-08
permabear,SQUARE,Armstrong,1,0,False,False,2025-09-08
permanent,NURSE,Armstrong,1,0,False,False,2025-09-08
permission,LETTER,Armstrong,1,0,False,False,2025-09-08
permit,NURSE,Armstrong,1,0,False,False,2025-09-08
pernod,SQUARE,Armstrong,1,0,False,False,2025-09-08
peron,DRESS,Armstrong,1,0,False,False,2025-09-08
perpendicular,NURSE,Armstrong,1,0,False,False,2025-09-08
perpetrator,NURSE,Armstrong,1,0,False,False,2025-09-08
perpetual,DRESS LETTER,Armstrong,1,0,False,False,2025-09-08
perpetuate,DRESS,Armstrong,1,0,False,False,2025-09-08
perpetuity,NURSE,Armstrong,1,0,False,False,2025-09-08
perry,DRESS,Armstrong,1,0,False,False,2025-09-08
persecution,GOOSE,Armstrong,1,0,False,False,2025-09-08
persevere,NEAR,Armstrong,1,0,False,False,2025-09-08
persevering,NEAR,Armstrong,1,0,False,False,2025-09-08
persia,COMMA NURSE,Armstrong,1,0,False,False,2025-09-08
persian,NURSE,Armstrong,1,0,False,False,2025-09-08
persiflage,PALM,Armstrong,1,0,False,False,2025-09-08
person,NURSE,Armstrong,1,0,False,False,2025-09-08
personal,COMMA NURSE,Armstrong,1,0,False,False,2025-09-08
personality,TRAP NURSE,Armstrong,1,0,False,False,2025-09-08
personalized,PRICE,Armstrong,1,0,False,False,2025-09-08
personally,NURSE,Armstrong,1,0,False,False,2025-09-08
personnel,NURSE,Armstrong,1,0,False,False,2025-09-08
perspective,LETTER,Armstrong,1,0,False,False,2025-09-08
persuade,FACE,Armstrong,1,0,False,False,2025-09-08
persuasion,FACE,Armstrong,1,0,False,False,2025-09-08
perth,NURSE,Armstrong,1,0,False,False,2025-09-08
perthshire,NURSE,Armstrong,1,0,False,False,2025-09-08
peru,LETTER COMMA,Armstrong,1,0,False,False,2025-09-08
perugia,GOOSE,Armstrong,1,0,False,False,2025-09-08
perugino,FOOT,Armstrong,1,0,False,False,2025-09-08
perused,GOOSE,Armstrong,1,0,False,False,2025-09-08
peruvian,GOOSE,Armstrong,1,0,False,False,2025-09-08
pervasion,FACE,Armstrong,1,0,False,False,2025-09-08
pervasive,LETTER,Armstrong,1,0,False,False,2025-09-08
perverse,LETTER,Armstrong,1,0,False,False,2025-09-08
perversion,NURSE,Armstrong,1,0,False,False,2025-09-08
pesach,FACE (TRAP),Armstrong,1,0,False,False,2025-09-08
peshawar,PALM COMMA,Armstrong,1,0,False,False,2025-09-08
peso,FACE,Armstrong,1,0,False,False,2025-09-08
pesos,GOAT,Armstrong,1,0,False,False,2025-09-08
pet,DRESS,Armstrong,1,0,False,False,2025-09-08
peter,LETTER,Armstrong,1,0,False,False,2025-09-08
peterborough,LETTER (COMMA),Armstrong,1,0,False,False,2025-09-08
peterlee,HAPPY,Armstrong,1,0,False,False,2025-09-08
petipa,COMMA,Armstrong,1,0,False,False,2025-09-08
petite,FLEECE,Armstrong,1,0,False,False,2025-09-08
petrol,DRESS,Armstrong,1,0,False,False,2025-09-08
pettitoes,FLEECE,Armstrong,1,0,False,False,2025-09-08
pew,GOOSE,Armstrong,1,0,False,False,2025-09-08
pewter,GOOSE,Armstrong,1,0,False,False,2025-09-08
phantasm,TRAP,Armstrong,1,0,False,False,2025-09-08
phantasmagoria,TRAP,Armstrong,1,0,False,False,2025-09-08
pharisee,HAPPY,Armstrong,1,0,False,False,2025-09-08
pharma,COMMA,Armstrong,1,0,False,False,2025-09-08
pharmaceutical,GOOSE START,Armstrong,1,0,False,False,2025-09-08
pharmacy,START,Armstrong,1,0,False,False,2025-09-08
pharsalus,START,Armstrong,1,0,False,False,2025-09-08
phase,FACE,Armstrong,1,0,False,False,2025-09-08
phenobarbital,GOAT START,Armstrong,1,0,False,False,2025-09-08
phenomenon,LOT,Armstrong,1,0,False,False,2025-09-08
phew,GOOSE,Armstrong,1,0,False,False,2025-09-08
philharmonic,START,Armstrong,1,0,False,False,2025-09-08
philippa,COMMA,Armstrong,1,0,False,False,2025-09-08
philippe,FLEECE,Armstrong,1,0,False,False,2025-09-08
philippines,FLEECE,Armstrong,1,0,False,False,2025-09-08
philosopher,LETTER,Armstrong,1,0,False,False,2025-09-08
philosophy,HAPPY COMMA,Armstrong,1,0,False,False,2025-09-08
phlogistic,LOT,Armstrong,1,0,False,False,2025-09-08
phoebe,FLEECE,Armstrong,1,0,False,False,2025-09-08
phoebus,FLEECE,Armstrong,1,0,False,False,2025-09-08
phoenix,FLEECE,Armstrong,1,0,False,False,2025-09-08
phoneme,FLEECE,Armstrong,1,0,False,False,2025-09-08
photo,GOAT,Armstrong,1,0,False,False,2025-09-08
photo-reconnaissance,GOAT,Armstrong,1,0,False,False,2025-09-08
photocopy,GOAT,Armstrong,1,0,False,False,2025-09-08
photograph,BATH COMMA,Armstrong,1,0,False,False,2025-09-08
photographer,LETTER,Armstrong,1,0,False,False,2025-09-08
photographers,LETTER,Armstrong,1,0,False,False,2025-09-08
photographic,TRAP,Armstrong,1,0,False,False,2025-09-08
photography,HAPPY COMMA,Armstrong,1,0,False,False,2025-09-08
photogravure,CURE,Armstrong,1,0,False,False,2025-09-08
photonovel,LOT,Armstrong,1,0,False,False,2025-09-08
photos,GOAT,Armstrong,1,0,False,False,2025-09-08
photoshop,LOT GOAT,Armstrong,1,0,False,False,2025-09-08
phrase,FACE,Armstrong,1,0,False,False,2025-09-08
phwoar,FORCE,Armstrong,1,0,False,False,2025-09-08
phylogenetic,GOAT,Armstrong,1,0,False,False,2025-09-08
physical,KIT,Armstrong,1,0,False,False,2025-09-08
physician,KIT,Armstrong,1,0,False,False,2025-09-08
physiotherapist,GOAT,Armstrong,1,0,False,False,2025-09-08
physiotherapy-y,GOAT,Armstrong,1,0,False,False,2025-09-08
physique,FLEECE,Armstrong,1,0,False,False,2025-09-08
piacenza,COMMA,Armstrong,1,0,False,False,2025-09-08
piaf,TRAP,Armstrong,1,0,False,False,2025-09-08
piaget,TRAP,Armstrong,1,0,False,False,2025-09-08
piagetian,COMMA,Armstrong,1,0,False,False,2025-09-08
pianist,NEAR,Armstrong,1,0,False,False,2025-09-08
pianoforte,GOAT,Armstrong,1,0,False,False,2025-09-08
piazza,COMMA,Armstrong,1,0,False,False,2025-09-08
pibroch,FLEECE,Armstrong,1,0,False,False,2025-09-08
picadors,NORTH,Armstrong,1,0,False,False,2025-09-08
picasso,PALM,Armstrong,1,0,False,False,2025-09-08
pick,KIT,Armstrong,1,0,False,False,2025-09-08
pick-up,STRUT,Armstrong,1,0,False,False,2025-09-08
pictogram,GOAT,Armstrong,1,0,False,False,2025-09-08
pictorial,FORCE,Armstrong,1,0,False,False,2025-09-08
picture,KIT LETTER,Armstrong,1,0,False,False,2025-09-08
picture-galleries,TRAP,Armstrong,1,0,False,False,2025-09-08
piebald,THOUGHT,Armstrong,1,0,False,False,2025-09-08
pier,NEAR,Armstrong,1,0,False,False,2025-09-08
pierce,NEAR,Armstrong,1,0,False,False,2025-09-08
piercing,NEAR,Armstrong,1,0,False,False,2025-09-08
piercy,NEAR,Armstrong,1,0,False,False,2025-09-08
pig,KIT,Armstrong,1,0,False,False,2025-09-08
pigeon,KIT,Armstrong,1,0,False,False,2025-09-08
piggy,HAPPY,Armstrong,1,0,False,False,2025-09-08
pikachu,COMMA,Armstrong,1,0,False,False,2025-09-08
pike,PRICE,Armstrong,1,0,False,False,2025-09-08
pilates,PALM,Armstrong,1,0,False,False,2025-09-08
piles,PRICE,Armstrong,1,0,False,False,2025-09-08
pillow-fight,GOAT,Armstrong,1,0,False,False,2025-09-08
pillowcase,GOAT,Armstrong,1,0,False,False,2025-09-08
pillows,GOAT,Armstrong,1,0,False,False,2025-09-08
pillowslip,GOAT,Armstrong,1,0,False,False,2025-09-08
pilot,PRICE,Armstrong,1,0,False,False,2025-09-08
pilot-light,PRICE,Armstrong,1,0,False,False,2025-09-08
pima,FLEECE,Armstrong,1,0,False,False,2025-09-08
pinafore,FORCE,Armstrong,1,0,False,False,2025-09-08
pineapple,TRAP,Armstrong,1,0,False,False,2025-09-08
pinochet,GOAT,Armstrong,1,0,False,False,2025-09-08
pinpoint,CHOICE,Armstrong,1,0,False,False,2025-09-08
pinstripe,PRICE,Armstrong,1,0,False,False,2025-09-08
pint,PRICE,Armstrong,1,0,False,False,2025-09-08
pinterest,DRESS,Armstrong,1,0,False,False,2025-09-08
pioneer,NEAR,Armstrong,1,0,False,False,2025-09-08
pioneered,NEAR,Armstrong,1,0,False,False,2025-09-08
pioneering,NEAR,Armstrong,1,0,False,False,2025-09-08
pipal,FLEECE,Armstrong,1,0,False,False,2025-09-08
pipe,PRICE,Armstrong,1,0,False,False,2025-09-08
pipe-organ,NORTH,Armstrong,1,0,False,False,2025-09-08
pipedream,FLEECE,Armstrong,1,0,False,False,2025-09-08
pipeline,PRICE,Armstrong,1,0,False,False,2025-09-08
piper,LETTER,Armstrong,1,0,False,False,2025-09-08
pippa,COMMA,Armstrong,1,0,False,False,2025-09-08
pipsqueak,FLEECE,Armstrong,1,0,False,False,2025-09-08
pique,FLEECE,Armstrong,1,0,False,False,2025-09-08
piraeus,PRICE,Armstrong,1,0,False,False,2025-09-08
piranha,PALM,Armstrong,1,0,False,False,2025-09-08
pirates,PRICE,Armstrong,1,0,False,False,2025-09-08
pirit,KIT,Armstrong,1,0,False,False,2025-09-08
pisa,COMMA,Armstrong,1,0,False,False,2025-09-08
pistachio,PALM,Armstrong,1,0,False,False,2025-09-08
pitcairn,SQUARE,Armstrong,1,0,False,False,2025-09-08
pitch,KIT,Armstrong,1,0,False,False,2025-09-08
pitch-dark,START,Armstrong,1,0,False,False,2025-09-08
pitchfork,NORTH,Armstrong,1,0,False,False,2025-09-08
pith,KIT,Armstrong,1,0,False,False,2025-09-08
pithy,KIT,Armstrong,1,0,False,False,2025-09-08
pixar,START,Armstrong,1,0,False,False,2025-09-08
pixie,HAPPY,Armstrong,1,0,False,False,2025-09-08
pizza,COMMA,Armstrong,1,0,False,False,2025-09-08
pizzeria,NEAR,Armstrong,1,0,False,False,2025-09-08
pizzicato,PALM,Armstrong,1,0,False,False,2025-09-08
place,FACE,Armstrong,1,0,False,False,2025-09-08
placebo,FLEECE,Armstrong,1,0,False,False,2025-09-08
placeseeker,FLEECE,Armstrong,1,0,False,False,2025-09-08
plagiarism,FACE,Armstrong,1,0,False,False,2025-09-08
plague,FACE,Armstrong,1,0,False,False,2025-09-08
plaice,FACE,Armstrong,1,0,False,False,2025-09-08
plain,FACE,Armstrong,1,0,False,False,2025-09-08
plain-clothes,GOAT,Armstrong,1,0,False,False,2025-09-08
plaistow,FACE,Armstrong,1,0,False,False,2025-09-08
plan,TRAP,Armstrong,1,0,False,False,2025-09-08
plane,FACE,Armstrong,1,0,False,False,2025-09-08
planetarium,SQUARE,Armstrong,1,0,False,False,2025-09-08
planner,LETTER,Armstrong,1,0,False,False,2025-09-08
plant-louse,MOUTH,Armstrong,1,0,False,False,2025-09-08
plaque,PALM,Armstrong,1,0,False,False,2025-09-08
plasma,TRAP COMMA,Armstrong,1,0,False,False,2025-09-08
plaster,BATH,Armstrong,1,0,False,False,2025-09-08
plasterboard,FORCE,Armstrong,1,0,False,False,2025-09-08
plasterer,BATH,Armstrong,1,0,False,False,2025-09-08
plastering,BATH,Armstrong,1,0,False,False,2025-09-08
plastic,TRAP BATH,Armstrong,1,0,False,False,2025-09-08
plate,FACE,Armstrong,1,0,False,False,2025-09-08
platform,TRAP NORTH,Armstrong,1,0,False,False,2025-09-08
plattdeutsch,CHOICE,Armstrong,1,0,False,False,2025-09-08
plausible,THOUGHT,Armstrong,1,0,False,False,2025-09-08
play-reading,FACE,Armstrong,1,0,False,False,2025-09-08
playback,FACE,Armstrong,1,0,False,False,2025-09-08
playbill,FACE,Armstrong,1,0,False,False,2025-09-08
playboy,FACE CHOICE,Armstrong,1,0,False,False,2025-09-08
playboys,CHOICE,Armstrong,1,0,False,False,2025-09-08
players,LETTER,Armstrong,1,0,False,False,2025-09-08
playfair,FACE,Armstrong,1,0,False,False,2025-09-08
playfellow,FACE,Armstrong,1,0,False,False,2025-09-08
playford,FACE,Armstrong,1,0,False,False,2025-09-08
playful,FACE,Armstrong,1,0,False,False,2025-09-08
playground,FACE MOUTH,Armstrong,1,0,False,False,2025-09-08
playgroup,FACE,Armstrong,1,0,False,False,2025-09-08
playhouses,MOUTH,Armstrong,1,0,False,False,2025-09-08
playmate,FACE,Armstrong,1,0,False,False,2025-09-08
playmobil,FACE,Armstrong,1,0,False,False,2025-09-08
playpen,FACE,Armstrong,1,0,False,False,2025-09-08
playroom,FACE,Armstrong,1,0,False,False,2025-09-08
plays,FACE,Armstrong,1,0,False,False,2025-09-08
playstation,FACE,Armstrong,1,0,False,False,2025-09-08
playsuit,FACE,Armstrong,1,0,False,False,2025-09-08
playthings,FACE,Armstrong,1,0,False,False,2025-09-08
playtime,FACE PRICE,Armstrong,1,0,False,False,2025-09-08
playwright,FACE PRICE,Armstrong,1,0,False,False,2025-09-08
plaza,PALM COMMA,Armstrong,1,0,False,False,2025-09-08
plc,DRESS,Armstrong,1,0,False,False,2025-09-08
plea,FLEECE,Armstrong,1,0,False,False,2025-09-08
plead,FLEECE,Armstrong,1,0,False,False,2025-09-08
pleasant,DRESS,Armstrong,1,0,False,False,2025-09-08
pleasurable,DRESS,Armstrong,1,0,False,False,2025-09-08
pleasure,DRESS LETTER,Armstrong,1,0,False,False,2025-09-08
pleasure-boat,DRESS,Armstrong,1,0,False,False,2025-09-08
pleasure-grounds,DRESS,Armstrong,1,0,False,False,2025-09-08
pleated,FLEECE,Armstrong,1,0,False,False,2025-09-08
pledge,DRESS,Armstrong,1,0,False,False,2025-09-08
pledgor,DRESS NORTH,Armstrong,1,0,False,False,2025-09-08
plethora,DRESS,Armstrong,1,0,False,False,2025-09-08
pleydell,FACE,Armstrong,1,0,False,False,2025-09-08
plosion,GOAT,Armstrong,1,0,False,False,2025-09-08
plotted,LOT,Armstrong,1,0,False,False,2025-09-08
plough,MOUTH,Armstrong,1,0,False,False,2025-09-08
ploughboy,MOUTH,Armstrong,1,0,False,False,2025-09-08
ploughed,MOUTH,Armstrong,1,0,False,False,2025-09-08
ploughman,MOUTH,Armstrong,1,0,False,False,2025-09-08
ploughs,MOUTH,Armstrong,1,0,False,False,2025-09-08
ploughshares,MOUTH SQUARE,Armstrong,1,0,False,False,2025-09-08
plover,STRUT,Armstrong,1,0,False,False,2025-09-08
plow,MOUTH,Armstrong,1,0,False,False,2025-09-08
plowed,MOUTH,Armstrong,1,0,False,False,2025-09-08
plowright,MOUTH,Armstrong,1,0,False,False,2025-09-08
plows,MOUTH,Armstrong,1,0,False,False,2025-09-08
ploy,CHOICE,Armstrong,1,0,False,False,2025-09-08
plug,STRUT,Armstrong,1,0,False,False,2025-09-08
plug-in,STRUT,Armstrong,1,0,False,False,2025-09-08
plug-ugly,STRUT,Armstrong,1,0,False,False,2025-09-08
plum-pudding,STRUT,Armstrong,1,0,False,False,2025-09-08
plumbing,STRUT,Armstrong,1,0,False,False,2025-09-08
plus,STRUT,Armstrong,1,0,False,False,2025-09-08
plush,STRUT,Armstrong,1,0,False,False,2025-09-08
plymouth,COMMA,Armstrong,1,0,False,False,2025-09-08
plywood,PRICE,Armstrong,1,0,False,False,2025-09-08
pneumatic,GOOSE,Armstrong,1,0,False,False,2025-09-08
pneumonia,GOOSE,Armstrong,1,0,False,False,2025-09-08
pneumothorax,GOAT,Armstrong,1,0,False,False,2025-09-08
poach,GOAT,Armstrong,1,0,False,False,2025-09-08
poblanos,PALM,Armstrong,1,0,False,False,2025-09-08
pochette,LOT,Armstrong,1,0,False,False,2025-09-08
pocket-knife,PRICE,Armstrong,1,0,False,False,2025-09-08
podcast,BATH,Armstrong,1,0,False,False,2025-09-08
poddy-dodger,LOT,Armstrong,1,0,False,False,2025-09-08
podunk,STRUT,Armstrong,1,0,False,False,2025-09-08
pogey,HAPPY,Armstrong,1,0,False,False,2025-09-08
poignant,CHOICE,Armstrong,1,0,False,False,2025-09-08
poikilothermic,CHOICE,Armstrong,1,0,False,False,2025-09-08
poinsettia,CHOICE,Armstrong,1,0,False,False,2025-09-08
point,CHOICE,Armstrong,1,0,False,False,2025-09-08
poise,CHOICE,Armstrong,1,0,False,False,2025-09-08
poison,CHOICE,Armstrong,1,0,False,False,2025-09-08
poker,GOAT LETTER,Armstrong,1,0,False,False,2025-09-08
poland,GOAT,Armstrong,1,0,False,False,2025-09-08
polaroid,CHOICE,Armstrong,1,0,False,False,2025-09-08
pole,GOAT,Armstrong,1,0,False,False,2025-09-08
pole-vault,THOUGHT,Armstrong,1,0,False,False,2025-09-08
police,COMMA,Armstrong,1,0,False,False,2025-09-08
police-station,FACE,Armstrong,1,0,False,False,2025-09-08
policy,HAPPY,Armstrong,1,0,False,False,2025-09-08
polish,KIT LOT GOAT,Armstrong,1,0,False,False,2025-09-08
polite,PRICE,Armstrong,1,0,False,False,2025-09-08
political,KIT,Armstrong,1,0,False,False,2025-09-08
politics,KIT LOT,Armstrong,1,0,False,False,2025-09-08
polk,GOAT,Armstrong,1,0,False,False,2025-09-08
poll,GOAT,Armstrong,1,0,False,False,2025-09-08
pollard,START,Armstrong,1,0,False,False,2025-09-08
polo,GOAT,Armstrong,1,0,False,False,2025-09-08
polyanthathe,COMMA,Armstrong,1,0,False,False,2025-09-08
polycarbonate,START,Armstrong,1,0,False,False,2025-09-08
polycarp,START,Armstrong,1,0,False,False,2025-09-08
polyester,LOT,Armstrong,1,0,False,False,2025-09-08
polyethylene,DRESS,Armstrong,1,0,False,False,2025-09-08
polystyrene,FLEECE,Armstrong,1,0,False,False,2025-09-08
polytrauma,THOUGHT,Armstrong,1,0,False,False,2025-09-08
pomeroy,CHOICE,Armstrong,1,0,False,False,2025-09-08
pompeo,LOT,Armstrong,1,0,False,False,2025-09-08
pompey,HAPPY,Armstrong,1,0,False,False,2025-09-08
pontardulais,FACE,Armstrong,1,0,False,False,2025-09-08
poo,GOOSE,Armstrong,1,0,False,False,2025-09-08
pooch,GOOSE,Armstrong,1,0,False,False,2025-09-08
poodle,GOOSE,Armstrong,1,0,False,False,2025-09-08
pooh-bah,PALM,Armstrong,1,0,False,False,2025-09-08
pool,GOOSE,Armstrong,1,0,False,False,2025-09-08
poolside,PRICE,Armstrong,1,0,False,False,2025-09-08
pooper-scooper,GOOSE,Armstrong,1,0,False,False,2025-09-08
poor,CURE (FORCE),Armstrong,1,0,False,False,2025-09-08
poor-spirited,FORCE,Armstrong,1,0,False,False,2025-09-08
poorer,CURE (FORCE),Armstrong,1,0,False,False,2025-09-08
poorest,CURE (FORCE),Armstrong,1,0,False,False,2025-09-08
pop,LOT,Armstrong,1,0,False,False,2025-09-08
pop-up,STRUT,Armstrong,1,0,False,False,2025-09-08
popcorn,NORTH,Armstrong,1,0,False,False,2025-09-08
pope,GOAT,Armstrong,1,0,False,False,2025-09-08
popular,LOT FOOT (LETTER),Armstrong,1,0,False,False,2025-09-08
popularity,TRAP (COMMA),Armstrong,1,0,False,False,2025-09-08
population,LOT FACE,Armstrong,1,0,False,False,2025-09-08
porbeagle,FLEECE,Armstrong,1,0,False,False,2025-09-08
porcelain,NORTH,Armstrong,1,0,False,False,2025-09-08
porch,NORTH FORCE,Armstrong,1,0,False,False,2025-09-08
porcupine,FOOT,Armstrong,1,0,False,False,2025-09-08
pore,FORCE,Armstrong,1,0,False,False,2025-09-08
pork,FORCE,Armstrong,1,0,False,False,2025-09-08
porn,NORTH,Armstrong,1,0,False,False,2025-09-08
pornography,NORTH,Armstrong,1,0,False,False,2025-09-08
porous,FORCE,Armstrong,1,0,False,False,2025-09-08
porpoise,NORTH,Armstrong,1,0,False,False,2025-09-08
porridge,(CLOTH),Armstrong,1,0,False,False,2025-09-08
porsche,NORTH,Armstrong,1,0,False,False,2025-09-08
port,FORCE,Armstrong,1,0,False,False,2025-09-08
portable,COMMA,Armstrong,1,0,False,False,2025-09-08
porte-cochere,LOT,Armstrong,1,0,False,False,2025-09-08
portent,FORCE,Armstrong,1,0,False,False,2025-09-08
portfolio,FORCE,Armstrong,1,0,False,False,2025-09-08
portia,COMMA,Armstrong,1,0,False,False,2025-09-08
portiere,SQUARE,Armstrong,1,0,False,False,2025-09-08
portrait,FACE FORCE,Armstrong,1,0,False,False,2025-09-08
portsea,HAPPY,Armstrong,1,0,False,False,2025-09-08
portugal,COMMA,Armstrong,1,0,False,False,2025-09-08
poses,GOAT,Armstrong,1,0,False,False,2025-09-08
posey,HAPPY,Armstrong,1,0,False,False,2025-09-08
posh,LOT,Armstrong,1,0,False,False,2025-09-08
position,KIT,Armstrong,1,0,False,False,2025-09-08
positive,KIT,Armstrong,1,0,False,False,2025-09-08
positively,LOT,Armstrong,1,0,False,False,2025-09-08
positron,LOT,Armstrong,1,0,False,False,2025-09-08
posits,LOT,Armstrong,1,0,False,False,2025-09-08
possess,COMMA,Armstrong,1,0,False,False,2025-09-08
possessions,DRESS,Armstrong,1,0,False,False,2025-09-08
possible,LOT,Armstrong,1,0,False,False,2025-09-08
post,GOAT,Armstrong,1,0,False,False,2025-09-08
postal,GOAT,Armstrong,1,0,False,False,2025-09-08
postcard,START,Armstrong,1,0,False,False,2025-09-08
postcode,GOAT,Armstrong,1,0,False,False,2025-09-08
poster,GOAT,Armstrong,1,0,False,False,2025-09-08
postmaster,BATH,Armstrong,1,0,False,False,2025-09-08
potash,TRAP,Armstrong,1,0,False,False,2025-09-08
potatoes,GOAT,Armstrong,1,0,False,False,2025-09-08
potboiler,CHOICE,Armstrong,1,0,False,False,2025-09-08
potential,COMMA,Armstrong,1,0,False,False,2025-09-08
potion,GOAT,Armstrong,1,0,False,False,2025-09-08
pouch,MOUTH,Armstrong,1,0,False,False,2025-09-08
pouffes,GOOSE,Armstrong,1,0,False,False,2025-09-08
pounds,MOUTH,Armstrong,1,0,False,False,2025-09-08
pour,FORCE,Armstrong,1,0,False,False,2025-09-08
poured,FORCE,Armstrong,1,0,False,False,2025-09-08
pouring,FORCE,Armstrong,1,0,False,False,2025-09-08
pourparler,CURE,Armstrong,1,0,False,False,2025-09-08
poussette,GOOSE,Armstrong,1,0,False,False,2025-09-08
poverty,LETTER,Armstrong,1,0,False,False,2025-09-08
pow,MOUTH,Armstrong,1,0,False,False,2025-09-08
powder,MOUTH,Armstrong,1,0,False,False,2025-09-08
powderpuff,STRUT,Armstrong,1,0,False,False,2025-09-08
powell,MOUTH,Armstrong,1,0,False,False,2025-09-08
power,MOUTH,Armstrong,1,0,False,False,2025-09-08
power-point,CHOICE MOUTH,Armstrong,1,0,False,False,2025-09-08
powerful,LETTER,Armstrong,1,0,False,False,2025-09-08
powerhouse,MOUTH,Armstrong,1,0,False,False,2025-09-08
powerscourt,FORCE,Armstrong,1,0,False,False,2025-09-08
powwow,MOUTH,Armstrong,1,0,False,False,2025-09-08
powwowed,MOUTH,Armstrong,1,0,False,False,2025-09-08
powwowing,MOUTH,Armstrong,1,0,False,False,2025-09-08
powwows,MOUTH,Armstrong,1,0,False,False,2025-09-08
pozidriv,PRICE,Armstrong,1,0,False,False,2025-09-08
practice,TRAP,Armstrong,1,0,False,False,2025-09-08
practitioner,TRAP,Armstrong,1,0,False,False,2025-09-08
prada,PALM,Armstrong,1,0,False,False,2025-09-08
prado,PALM,Armstrong,1,0,False,False,2025-09-08
pragmatic,TRAP,Armstrong,1,0,False,False,2025-09-08
prairie,SQUARE HAPPY,Armstrong,1,0,False,False,2025-09-08
praise,FACE,Armstrong,1,0,False,False,2025-09-08
prakrit,PALM,Armstrong,1,0,False,False,2025-09-08
prank,TRAP,Armstrong,1,0,False,False,2025-09-08
prato,PALM,Armstrong,1,0,False,False,2025-09-08
prawns,THOUGHT,Armstrong,1,0,False,False,2025-09-08
prayer-book,SQUARE,Armstrong,1,0,False,False,2025-09-08
prayer-mat,SQUARE,Armstrong,1,0,False,False,2025-09-08
prayer-meeting,SQUARE,Armstrong,1,0,False,False,2025-09-08
prayer-rug,STRUT,Armstrong,1,0,False,False,2025-09-08
prayer-wheel,SQUARE,Armstrong,1,0,False,False,2025-09-08
prayers,SQUARE,Armstrong,1,0,False,False,2025-09-08
preach,FLEECE,Armstrong,1,0,False,False,2025-09-08
precarious,SQUARE,Armstrong,1,0,False,False,2025-09-08
precaution,THOUGHT,Armstrong,1,0,False,False,2025-09-08
precede,KIT,Armstrong,1,0,False,False,2025-09-08
precept,DRESS,Armstrong,1,0,False,False,2025-09-08
precious,DRESS,Armstrong,1,0,False,False,2025-09-08
precise,PRICE,Armstrong,1,0,False,False,2025-09-08
precision,KIT,Armstrong,1,0,False,False,2025-09-08
precocious,GOAT,Armstrong,1,0,False,False,2025-09-08
predict,KIT,Armstrong,1,0,False,False,2025-09-08
predigested,PRICE,Armstrong,1,0,False,False,2025-09-08
predominantly,LOT,Armstrong,1,0,False,False,2025-09-08
prefab,TRAP,Armstrong,1,0,False,False,2025-09-08
prefer,(KIT) (DRESS) NURSE,Armstrong,1,0,False,False,2025-09-08
preference,DRESS,Armstrong,1,0,False,False,2025-09-08
preferred,NURSE,Armstrong,1,0,False,False,2025-09-08
preferring,NURSE,Armstrong,1,0,False,False,2025-09-08
pregnancy,HAPPY,Armstrong,1,0,False,False,2025-09-08
pregnant,DRESS,Armstrong,1,0,False,False,2025-09-08
prejudge,STRUT,Armstrong,1,0,False,False,2025-09-08
prejudice,DRESS,Armstrong,1,0,False,False,2025-09-08
prelude,GOOSE,Armstrong,1,0,False,False,2025-09-08
premature,CURE COMMA,Armstrong,1,0,False,False,2025-09-08
premiered,SQUARE,Armstrong,1,0,False,False,2025-09-08
premieres,SQUARE,Armstrong,1,0,False,False,2025-09-08
premises,DRESS,Armstrong,1,0,False,False,2025-09-08
premium,FLEECE,Armstrong,1,0,False,False,2025-09-08
preoccupy,FOOT,Armstrong,1,0,False,False,2025-09-08
prep,DRESS,Armstrong,1,0,False,False,2025-09-08
prepaid,FACE,Armstrong,1,0,False,False,2025-09-08
preparation,DRESS,Armstrong,1,0,False,False,2025-09-08
prepare,SQUARE,Armstrong,1,0,False,False,2025-09-08
prepared,SQUARE,Armstrong,1,0,False,False,2025-09-08
prepares,SQUARE,Armstrong,1,0,False,False,2025-09-08
preparing,SQUARE,Armstrong,1,0,False,False,2025-09-08
prepuce,GOOSE,Armstrong,1,0,False,False,2025-09-08
prerecord,NORTH,Armstrong,1,0,False,False,2025-09-08
prescribe,PRICE,Armstrong,1,0,False,False,2025-09-08
presentation,DRESS,Armstrong,1,0,False,False,2025-09-08
preservation,LETTER,Armstrong,1,0,False,False,2025-09-08
preserve,NURSE,Armstrong,1,0,False,False,2025-09-08
president,KIT DRESS,Armstrong,1,0,False,False,2025-09-08
press,DRESS,Armstrong,1,0,False,False,2025-09-08
pressure,DRESS LETTER,Armstrong,1,0,False,False,2025-09-08
pressure-gauge,FACE,Armstrong,1,0,False,False,2025-09-08
prestige,DRESS,Armstrong,1,0,False,False,2025-09-08
prestigious,KIT DRESS,Armstrong,1,0,False,False,2025-09-08
presumably,GOOSE,Armstrong,1,0,False,False,2025-09-08
presume,GOOSE,Armstrong,1,0,False,False,2025-09-08
presupposition,STRUT,Armstrong,1,0,False,False,2025-09-08
pretorian,FORCE,Armstrong,1,0,False,False,2025-09-08
pretty,KIT,Armstrong,1,0,False,False,2025-09-08
preview,GOOSE,Armstrong,1,0,False,False,2025-09-08
previewed,GOOSE,Armstrong,1,0,False,False,2025-09-08
previewing,GOOSE,Armstrong,1,0,False,False,2025-09-08
previous,COMMA,Armstrong,1,0,False,False,2025-09-08
prezi,HAPPY,Armstrong,1,0,False,False,2025-09-08
price,PRICE,Armstrong,1,0,False,False,2025-09-08
pricey,HAPPY,Armstrong,1,0,False,False,2025-09-08
pride,PRICE,Armstrong,1,0,False,False,2025-09-08
prima,FLEECE COMMA,Armstrong,1,0,False,False,2025-09-08
primary,PRICE LETTER COMMA,Armstrong,1,0,False,False,2025-09-08
prime,PRICE,Armstrong,1,0,False,False,2025-09-08
primrose,GOAT,Armstrong,1,0,False,False,2025-09-08
principal,COMMA,Armstrong,1,0,False,False,2025-09-08
principle,COMMA,Armstrong,1,0,False,False,2025-09-08
prior,PRICE,Armstrong,1,0,False,False,2025-09-08
priority,(CLOTH),Armstrong,1,0,False,False,2025-09-08
priory,PRICE,Armstrong,1,0,False,False,2025-09-08
prison,KIT,Armstrong,1,0,False,False,2025-09-08
prithee,KIT HAPPY,Armstrong,1,0,False,False,2025-09-08
privacy,HAPPY COMMA,Armstrong,1,0,False,False,2025-09-08
private,PRICE,Armstrong,1,0,False,False,2025-09-08
privately,PRICE,Armstrong,1,0,False,False,2025-09-08
privations,PRICE,Armstrong,1,0,False,False,2025-09-08
privilege,KIT,Armstrong,1,0,False,False,2025-09-08
prize,PRICE,Armstrong,1,0,False,False,2025-09-08
prize-money,STRUT,Armstrong,1,0,False,False,2025-09-08
pro,GOAT,Armstrong,1,0,False,False,2025-09-08
probably,LOT COMMA,Armstrong,1,0,False,False,2025-09-08
probate,GOAT,Armstrong,1,0,False,False,2025-09-08
probe,GOAT,Armstrong,1,0,False,False,2025-09-08
problem,LOT COMMA,Armstrong,1,0,False,False,2025-09-08
problematic,LOT,Armstrong,1,0,False,False,2025-09-08
problemo,LOT,Armstrong,1,0,False,False,2025-09-08
problems,COMMA,Armstrong,1,0,False,False,2025-09-08
procedural,FLEECE,Armstrong,1,0,False,False,2025-09-08
procedure,FLEECE LETTER,Armstrong,1,0,False,False,2025-09-08
proceeds,FLEECE,Armstrong,1,0,False,False,2025-09-08
process,DRESS COMMA (GOAT),Armstrong,1,0,False,False,2025-09-08
processes,DRESS,Armstrong,1,0,False,False,2025-09-08
processor,LETTER,Armstrong,1,0,False,False,2025-09-08
proclaim,FACE,Armstrong,1,0,False,False,2025-09-08
procure,CURE,Armstrong,1,0,False,False,2025-09-08
prodigiously,KIT,Armstrong,1,0,False,False,2025-09-08
producer,LETTER,Armstrong,1,0,False,False,2025-09-08
product,STRUT COMMA,Armstrong,1,0,False,False,2025-09-08
production,STRUT COMMA,Armstrong,1,0,False,False,2025-09-08
productivity,KIT STRUT,Armstrong,1,0,False,False,2025-09-08
products,STRUT,Armstrong,1,0,False,False,2025-09-08
professional,DRESS COMMA,Armstrong,1,0,False,False,2025-09-08
professor,LETTER COMMA,Armstrong,1,0,False,False,2025-09-08
professorial,FORCE,Armstrong,1,0,False,False,2025-09-08
profile,GOAT PRICE,Armstrong,1,0,False,False,2025-09-08
profit-margin,START,Armstrong,1,0,False,False,2025-09-08
profit-sharing,SQUARE,Armstrong,1,0,False,False,2025-09-08
profusely,GOOSE,Armstrong,1,0,False,False,2025-09-08
profusion,GOOSE,Armstrong,1,0,False,False,2025-09-08
progenitor,GOAT,Armstrong,1,0,False,False,2025-09-08
progesterone,GOAT,Armstrong,1,0,False,False,2025-09-08
prognosis,LOT,Armstrong,1,0,False,False,2025-09-08
program,TRAP GOAT,Armstrong,1,0,False,False,2025-09-08
programmable,GOAT,Armstrong,1,0,False,False,2025-09-08
programme,TRAP GOAT,Armstrong,1,0,False,False,2025-09-08
progress,DRESS COMMA (GOAT),Armstrong,1,0,False,False,2025-09-08
prohibit,KIT,Armstrong,1,0,False,False,2025-09-08
projective,GOAT,Armstrong,1,0,False,False,2025-09-08
prokofiev,DRESS,Armstrong,1,0,False,False,2025-09-08
prolapse,GOAT,Armstrong,1,0,False,False,2025-09-08
prologue,LOT,Armstrong,1,0,False,False,2025-09-08
prominent,LOT,Armstrong,1,0,False,False,2025-09-08
promote,GOAT COMMA,Armstrong,1,0,False,False,2025-09-08
promotion,GOAT,Armstrong,1,0,False,False,2025-09-08
prompt,LOT,Armstrong,1,0,False,False,2025-09-08
proof,GOOSE,Armstrong,1,0,False,False,2025-09-08
proofreading,GOOSE,Armstrong,1,0,False,False,2025-09-08
propaganda,COMMA,Armstrong,1,0,False,False,2025-09-08
proper,LETTER,Armstrong,1,0,False,False,2025-09-08
properly,LETTER,Armstrong,1,0,False,False,2025-09-08
property,LOT LETTER,Armstrong,1,0,False,False,2025-09-08
proposal,GOAT COMMA,Armstrong,1,0,False,False,2025-09-08
proposed,GOAT,Armstrong,1,0,False,False,2025-09-08
propranolol,GOAT,Armstrong,1,0,False,False,2025-09-08
propylene,FLEECE GOAT,Armstrong,1,0,False,False,2025-09-08
prorate,GOAT,Armstrong,1,0,False,False,2025-09-08
prorogation,GOAT,Armstrong,1,0,False,False,2025-09-08
prosciutto,COMMA,Armstrong,1,0,False,False,2025-09-08
prosecute,GOOSE,Armstrong,1,0,False,False,2025-09-08
prosecution,GOOSE,Armstrong,1,0,False,False,2025-09-08
prospect,DRESS,Armstrong,1,0,False,False,2025-09-08
prostitute,GOOSE,Armstrong,1,0,False,False,2025-09-08
protease,FACE,Armstrong,1,0,False,False,2025-09-08
protection,DRESS COMMA,Armstrong,1,0,False,False,2025-09-08
protein,FLEECE,Armstrong,1,0,False,False,2025-09-08
protest,DRESS GOAT,Armstrong,1,0,False,False,2025-09-08
prothalamion,GOAT,Armstrong,1,0,False,False,2025-09-08
prothero,LOT,Armstrong,1,0,False,False,2025-09-08
protocol,LOT,Armstrong,1,0,False,False,2025-09-08
prototype,PRICE,Armstrong,1,0,False,False,2025-09-08
protrusion,GOOSE,Armstrong,1,0,False,False,2025-09-08
protuberance,GOOSE,Armstrong,1,0,False,False,2025-09-08
proud,MOUTH,Armstrong,1,0,False,False,2025-09-08
prove,GOOSE,Armstrong,1,0,False,False,2025-09-08
provide,PRICE COMMA,Armstrong,1,0,False,False,2025-09-08
providence,LOT,Armstrong,1,0,False,False,2025-09-08
providentially,LOT,Armstrong,1,0,False,False,2025-09-08
provider,LETTER COMMA,Armstrong,1,0,False,False,2025-09-08
provision,KIT COMMA,Armstrong,1,0,False,False,2025-09-08
prowl,MOUTH,Armstrong,1,0,False,False,2025-09-08
proximity,LOT,Armstrong,1,0,False,False,2025-09-08
prudential,GOOSE,Armstrong,1,0,False,False,2025-09-08
prunella,GOOSE,Armstrong,1,0,False,False,2025-09-08
pruning-shears,NEAR,Armstrong,1,0,False,False,2025-09-08
prussia,STRUT COMMA,Armstrong,1,0,False,False,2025-09-08
pseudo-,GOOSE,Armstrong,1,0,False,False,2025-09-08
pseudonymous,GOOSE,Armstrong,1,0,False,False,2025-09-08
psychiatry,PRICE,Armstrong,1,0,False,False,2025-09-08
psychodrama,PALM,Armstrong,1,0,False,False,2025-09-08
psychological,PRICE,Armstrong,1,0,False,False,2025-09-08
psychologist,COMMA,Armstrong,1,0,False,False,2025-09-08
psychology,PRICE COMMA,Armstrong,1,0,False,False,2025-09-08
psychopath,TRAP,Armstrong,1,0,False,False,2025-09-08
psychosis,PRICE,Armstrong,1,0,False,False,2025-09-08
psychotherapeutic,DRESS,Armstrong,1,0,False,False,2025-09-08
psychotherapist,GOAT,Armstrong,1,0,False,False,2025-09-08
psychotherapy-y,GOAT,Armstrong,1,0,False,False,2025-09-08
psychotic,PRICE,Armstrong,1,0,False,False,2025-09-08
pub,STRUT,Armstrong,1,0,False,False,2025-09-08
puberty,GOOSE,Armstrong,1,0,False,False,2025-09-08
pubescent,GOOSE,Armstrong,1,0,False,False,2025-09-08
public,KIT STRUT,Armstrong,1,0,False,False,2025-09-08
publication,STRUT FACE,Armstrong,1,0,False,False,2025-09-08
publish,KIT STRUT,Armstrong,1,0,False,False,2025-09-08
publisher,STRUT,Armstrong,1,0,False,False,2025-09-08
puccini,GOOSE,Armstrong,1,0,False,False,2025-09-08
pudding,FOOT,Armstrong,1,0,False,False,2025-09-08
puddle,STRUT,Armstrong,1,0,False,False,2025-09-08
pudgy,STRUT,Armstrong,1,0,False,False,2025-09-08
puff,STRUT,Armstrong,1,0,False,False,2025-09-08
puff-puff,STRUT,Armstrong,1,0,False,False,2025-09-08
puffin,STRUT,Armstrong,1,0,False,False,2025-09-08
puffy,STRUT HAPPY,Armstrong,1,0,False,False,2025-09-08
pug,STRUT,Armstrong,1,0,False,False,2025-09-08
puget,GOOSE,Armstrong,1,0,False,False,2025-09-08
pugilism,GOOSE,Armstrong,1,0,False,False,2025-09-08
pugilist,GOOSE,Armstrong,1,0,False,False,2025-09-08
pugilistic,GOOSE,Armstrong,1,0,False,False,2025-09-08
pugnacious,STRUT,Armstrong,1,0,False,False,2025-09-08
pugnacity,STRUT,Armstrong,1,0,False,False,2025-09-08
puke,GOOSE,Armstrong,1,0,False,False,2025-09-08
pull,FOOT,Armstrong,1,0,False,False,2025-09-08
pulley,FOOT,Armstrong,1,0,False,False,2025-09-08
pullover,GOAT,Armstrong,1,0,False,False,2025-09-08
pulsar,STRUT START,Armstrong,1,0,False,False,2025-09-08
pulsates,STRUT,Armstrong,1,0,False,False,2025-09-08
pulsating,STRUT,Armstrong,1,0,False,False,2025-09-08
pulse,STRUT,Armstrong,1,0,False,False,2025-09-08
pulvinar,STRUT,Armstrong,1,0,False,False,2025-09-08
puma,GOOSE COMMA,Armstrong,1,0,False,False,2025-09-08
pump,STRUT,Armstrong,1,0,False,False,2025-09-08
pumpkin,STRUT,Armstrong,1,0,False,False,2025-09-08
pumps,STRUT,Armstrong,1,0,False,False,2025-09-08
punch-drunk,STRUT,Armstrong,1,0,False,False,2025-09-08
punctate,STRUT,Armstrong,1,0,False,False,2025-09-08
punctiliously,STRUT,Armstrong,1,0,False,False,2025-09-08
punctuate,STRUT,Armstrong,1,0,False,False,2025-09-08
puncture,STRUT,Armstrong,1,0,False,False,2025-09-08
punjab,PALM,Armstrong,1,0,False,False,2025-09-08
punjabi,PALM HAPPY,Armstrong,1,0,False,False,2025-09-08
punk,STRUT,Armstrong,1,0,False,False,2025-09-08
puny,GOOSE,Armstrong,1,0,False,False,2025-09-08
pup,STRUT,Armstrong,1,0,False,False,2025-09-08
pupa,GOOSE COMMA,Armstrong,1,0,False,False,2025-09-08
pupate,GOOSE,Armstrong,1,0,False,False,2025-09-08
pupation,GOOSE,Armstrong,1,0,False,False,2025-09-08
pupil,GOOSE,Armstrong,1,0,False,False,2025-09-08
puppet,STRUT,Armstrong,1,0,False,False,2025-09-08
puppy,STRUT HAPPY,Armstrong,1,0,False,False,2025-09-08
purchase,NURSE,Armstrong,1,0,False,False,2025-09-08
purchased,COMMA,Armstrong,1,0,False,False,2025-09-08
purchaser,LETTER,Armstrong,1,0,False,False,2025-09-08
pureblood,STRUT,Armstrong,1,0,False,False,2025-09-08
purgative,NURSE,Armstrong,1,0,False,False,2025-09-08
purgatory,NURSE,Armstrong,1,0,False,False,2025-09-08
purge,NURSE,Armstrong,1,0,False,False,2025-09-08
purifier,PRICE,Armstrong,1,0,False,False,2025-09-08
puritan,CURE,Armstrong,1,0,False,False,2025-09-08
puritanism,GOOSE,Armstrong,1,0,False,False,2025-09-08
purl,NURSE,Armstrong,1,0,False,False,2025-09-08
purple,NURSE,Armstrong,1,0,False,False,2025-09-08
purport,LETTER NURSE,Armstrong,1,0,False,False,2025-09-08
purpose,COMMA NURSE,Armstrong,1,0,False,False,2025-09-08
purposeful,NURSE,Armstrong,1,0,False,False,2025-09-08
purpura,FOOT NURSE,Armstrong,1,0,False,False,2025-09-08
purr,NURSE,Armstrong,1,0,False,False,2025-09-08
purring,NURSE,Armstrong,1,0,False,False,2025-09-08
purse,NURSE,Armstrong,1,0,False,False,2025-09-08
purse-proud,MOUTH,Armstrong,1,0,False,False,2025-09-08
pursuant,GOOSE,Armstrong,1,0,False,False,2025-09-08
pursue,GOOSE,Armstrong,1,0,False,False,2025-09-08
pursued,GOOSE,Armstrong,1,0,False,False,2025-09-08
pursuit,GOOSE,Armstrong,1,0,False,False,2025-09-08
purulent,GOOSE,Armstrong,1,0,False,False,2025-09-08
push,FOOT,Armstrong,1,0,False,False,2025-09-08
push-up,FOOT,Armstrong,1,0,False,False,2025-09-08
pushchair,SQUARE,Armstrong,1,0,False,False,2025-09-08
pushchairs,SQUARE,Armstrong,1,0,False,False,2025-09-08
pushkin,FOOT,Armstrong,1,0,False,False,2025-09-08
pushy,HAPPY,Armstrong,1,0,False,False,2025-09-08
pussycat,FOOT,Armstrong,1,0,False,False,2025-09-08
pussyfoot,FOOT,Armstrong,1,0,False,False,2025-09-08
put,FOOT,Armstrong,1,0,False,False,2025-09-08
put-down,FOOT,Armstrong,1,0,False,False,2025-09-08
put-on,LOT FOOT,Armstrong,1,0,False,False,2025-09-08
put-put,STRUT,Armstrong,1,0,False,False,2025-09-08
put-up,FOOT,Armstrong,1,0,False,False,2025-09-08
putsch,FOOT,Armstrong,1,0,False,False,2025-09-08
putt,STRUT,Armstrong,1,0,False,False,2025-09-08
putter,STRUT,Armstrong,1,0,False,False,2025-09-08
puzzle,STRUT,Armstrong,1,0,False,False,2025-09-08
pwllheli,FOOT,Armstrong,1,0,False,False,2025-09-08
pyjamas,PALM,Armstrong,1,0,False,False,2025-09-08
pyogenic,GOAT,Armstrong,1,0,False,False,2025-09-08
pyracantha,COMMA,Armstrong,1,0,False,False,2025-09-08
pyramid,KIT,Armstrong,1,0,False,False,2025-09-08
pyrenean,NEAR,Armstrong,1,0,False,False,2025-09-08
pytchley,PRICE,Armstrong,1,0,False,False,2025-09-08
pythagoras,PRICE,Armstrong,1,0,False,False,2025-09-08
pythagorean,PRICE,Armstrong,1,0,False,False,2025-09-08
pythagoreanism,PRICE,Armstrong,1,0,False,False,2025-09-08
python,PRICE,Armstrong,1,0,False,False,2025-09-08
pythonesque,PRICE,Armstrong,1,0,False,False,2025-09-08
pythoness,PRICE,Armstrong,1,0,False,False,2025-09-08
pyuria,PRICE,Armstrong,1,0,False,False,2025-09-08
qatar,START,Armstrong,1,0,False,False,2025-09-08
qatari,START,Armstrong,1,0,False,False,2025-09-08
qom,FOOT,Armstrong,1,0,False,False,2025-09-08
quaaludes,GOOSE,Armstrong,1,0,False,False,2025-09-08
quadrangle,TRAP,Armstrong,1,0,False,False,2025-09-08
quadratic,LOT,Armstrong,1,0,False,False,2025-09-08
quadruple,LOT,Armstrong,1,0,False,False,2025-09-08
qualified,PRICE,Armstrong,1,0,False,False,2025-09-08
qualifier,PRICE,Armstrong,1,0,False,False,2025-09-08
qualify,LOT PRICE,Armstrong,1,0,False,False,2025-09-08
quality,KIT HAPPY,Armstrong,1,0,False,False,2025-09-08
quantifiable,PRICE,Armstrong,1,0,False,False,2025-09-08
quarrel,(CLOTH),Armstrong,1,0,False,False,2025-09-08
quarry,(CLOTH),Armstrong,1,0,False,False,2025-09-08
quart,NORTH,Armstrong,1,0,False,False,2025-09-08
quarterly,LETTER,Armstrong,1,0,False,False,2025-09-08
quarterstaves,FACE,Armstrong,1,0,False,False,2025-09-08
quartz,NORTH,Armstrong,1,0,False,False,2025-09-08
quatrain,FACE,Armstrong,1,0,False,False,2025-09-08
quatrefoil,CHOICE,Armstrong,1,0,False,False,2025-09-08
quattrocento,GOAT,Armstrong,1,0,False,False,2025-09-08
quebracho,PALM,Armstrong,1,0,False,False,2025-09-08
quechua,DRESS,Armstrong,1,0,False,False,2025-09-08
queen,FLEECE,Armstrong,1,0,False,False,2025-09-08
queensferry,DRESS,Armstrong,1,0,False,False,2025-09-08
queer,NEAR,Armstrong,1,0,False,False,2025-09-08
queerest,NEAR,Armstrong,1,0,False,False,2025-09-08
queerly,NEAR,Armstrong,1,0,False,False,2025-09-08
queerness,NEAR,Armstrong,1,0,False,False,2025-09-08
query,NEAR,Armstrong,1,0,False,False,2025-09-08
question,DRESS,Armstrong,1,0,False,False,2025-09-08
questionnaire,SQUARE,Armstrong,1,0,False,False,2025-09-08
questionnaires,SQUARE,Armstrong,1,0,False,False,2025-09-08
questions,DRESS,Armstrong,1,0,False,False,2025-09-08
queue,GOOSE,Armstrong,1,0,False,False,2025-09-08
queue-jump,STRUT,Armstrong,1,0,False,False,2025-09-08
queued,GOOSE,Armstrong,1,0,False,False,2025-09-08
quibble,KIT,Armstrong,1,0,False,False,2025-09-08
quick,KIT,Armstrong,1,0,False,False,2025-09-08
quiet,PRICE COMMA,Armstrong,1,0,False,False,2025-09-08
quill-feather,DRESS,Armstrong,1,0,False,False,2025-09-08
quinoa,PALM,Armstrong,1,0,False,False,2025-09-08
quipu,FLEECE,Armstrong,1,0,False,False,2025-09-08
quirky,HAPPY NURSE,Armstrong,1,0,False,False,2025-09-08
quite,PRICE,Armstrong,1,0,False,False,2025-09-08
quiz,KIT,Armstrong,1,0,False,False,2025-09-08
quoits,CHOICE,Armstrong,1,0,False,False,2025-09-08
quotation,GOAT,Armstrong,1,0,False,False,2025-09-08
quote,GOAT,Armstrong,1,0,False,False,2025-09-08
quoth,GOAT,Armstrong,1,0,False,False,2025-09-08
quotient,GOAT,Armstrong,1,0,False,False,2025-09-08
quran,PALM,Armstrong,1,0,False,False,2025-09-08
qwaqwa,COMMA,Armstrong,1,0,False,False,2025-09-08
rabbit,TRAP,Armstrong,1,0,False,False,2025-09-08
rabbit-burrows,STRUT,Armstrong,1,0,False,False,2025-09-08
rabbit-hutch,STRUT,Armstrong,1,0,False,False,2025-09-08
rabble-rouser,MOUTH,Armstrong,1,0,False,False,2025-09-08
rabies,FACE,Armstrong,1,0,False,False,2025-09-08
rabindranath,BATH,Armstrong,1,0,False,False,2025-09-08
race,FACE,Armstrong,1,0,False,False,2025-09-08
racecourse,FORCE,Armstrong,1,0,False,False,2025-09-08
racehorse,NORTH,Armstrong,1,0,False,False,2025-09-08
racer,LETTER,Armstrong,1,0,False,False,2025-09-08
rachael,FACE,Armstrong,1,0,False,False,2025-09-08
rachelle,COMMA,Armstrong,1,0,False,False,2025-09-08
racial,FACE,Armstrong,1,0,False,False,2025-09-08
racing,FACE,Armstrong,1,0,False,False,2025-09-08
racism,FACE,Armstrong,1,0,False,False,2025-09-08
rada,PALM,Armstrong,1,0,False,False,2025-09-08
radar,FACE START,Armstrong,1,0,False,False,2025-09-08
radiation,FACE,Armstrong,1,0,False,False,2025-09-08
radiator,FACE,Armstrong,1,0,False,False,2025-09-08
radical,TRAP,Armstrong,1,0,False,False,2025-09-08
radio,FACE,Armstrong,1,0,False,False,2025-09-08
radiograph,GOAT,Armstrong,1,0,False,False,2025-09-08
radiological,LOT GOAT,Armstrong,1,0,False,False,2025-09-08
radios,GOAT,Armstrong,1,0,False,False,2025-09-08
radius,FACE,Armstrong,1,0,False,False,2025-09-08
raeburn,FACE,Armstrong,1,0,False,False,2025-09-08
raf,DRESS,Armstrong,1,0,False,False,2025-09-08
rafa,TRAP,Armstrong,1,0,False,False,2025-09-08
rafe,FACE,Armstrong,1,0,False,False,2025-09-08
rafflesia,TRAP,Armstrong,1,0,False,False,2025-09-08
raft,BATH,Armstrong,1,0,False,False,2025-09-08
rag,TRAP,Armstrong,1,0,False,False,2025-09-08
ragamuffin,STRUT,Armstrong,1,0,False,False,2025-09-08
rage,FACE,Armstrong,1,0,False,False,2025-09-08
ragtime,PRICE,Armstrong,1,0,False,False,2025-09-08
rahman,PALM,Armstrong,1,0,False,False,2025-09-08
rahway,THOUGHT,Armstrong,1,0,False,False,2025-09-08
raid,FACE,Armstrong,1,0,False,False,2025-09-08
raif,FACE,Armstrong,1,0,False,False,2025-09-08
raik,FACE,Armstrong,1,0,False,False,2025-09-08
rail,FACE,Armstrong,1,0,False,False,2025-09-08
railcard,START,Armstrong,1,0,False,False,2025-09-08
railings,FACE,Armstrong,1,0,False,False,2025-09-08
railway,FACE,Armstrong,1,0,False,False,2025-09-08
rain,FACE,Armstrong,1,0,False,False,2025-09-08
rainbow,FACE,Armstrong,1,0,False,False,2025-09-08
rainbows,GOAT,Armstrong,1,0,False,False,2025-09-08
rainwater,THOUGHT,Armstrong,1,0,False,False,2025-09-08
raise,FACE,Armstrong,1,0,False,False,2025-09-08
rajpuatana,PALM,Armstrong,1,0,False,False,2025-09-08
rake,FACE,Armstrong,1,0,False,False,2025-09-08
ramada,COMMA,Armstrong,1,0,False,False,2025-09-08
ramen,PALM,Armstrong,1,0,False,False,2025-09-08
ramirez,DRESS,Armstrong,1,0,False,False,2025-09-08
rampage,FACE,Armstrong,1,0,False,False,2025-09-08
ramsey,HAPPY,Armstrong,1,0,False,False,2025-09-08
ranch,BATH,Armstrong,1,0,False,False,2025-09-08
ranee,HAPPY,Armstrong,1,0,False,False,2025-09-08
range,FACE,Armstrong,1,0,False,False,2025-09-08
rank,TRAP,Armstrong,1,0,False,False,2025-09-08
ranking,TRAP,Armstrong,1,0,False,False,2025-09-08
rape,FACE,Armstrong,1,0,False,False,2025-09-08
rapeseed,FLEECE,Armstrong,1,0,False,False,2025-09-08
raphael,TRAP,Armstrong,1,0,False,False,2025-09-08
rapid,TRAP,Armstrong,1,0,False,False,2025-09-08
rapier-thrust,LETTER,Armstrong,1,0,False,False,2025-09-08
rare,SQUARE,Armstrong,1,0,False,False,2025-09-08
rarebit,SQUARE,Armstrong,1,0,False,False,2025-09-08
rarely,SQUARE,Armstrong,1,0,False,False,2025-09-08
rareness,SQUARE,Armstrong,1,0,False,False,2025-09-08
rarer,SQUARE,Armstrong,1,0,False,False,2025-09-08
rarest,SQUARE,Armstrong,1,0,False,False,2025-09-08
rascal,BATH,Armstrong,1,0,False,False,2025-09-08
rascality,BATH,Armstrong,1,0,False,False,2025-09-08
rashid,TRAP FLEECE,Armstrong,1,0,False,False,2025-09-08
raspberry,BATH,Armstrong,1,0,False,False,2025-09-08
rate,FACE,Armstrong,1,0,False,False,2025-09-08
rather,BATH LETTER,Armstrong,1,0,False,False,2025-09-08
ratio,FACE,Armstrong,1,0,False,False,2025-09-08
rationale,PALM,Armstrong,1,0,False,False,2025-09-08
ratios,GOAT,Armstrong,1,0,False,False,2025-09-08
rattan,TRAP,Armstrong,1,0,False,False,2025-09-08
raucous,THOUGHT,Armstrong,1,0,False,False,2025-09-08
raunchy,THOUGHT HAPPY,Armstrong,1,0,False,False,2025-09-08
rauschenberg,MOUTH,Armstrong,1,0,False,False,2025-09-08
rautavaara,START,Armstrong,1,0,False,False,2025-09-08
rauwolfia,THOUGHT,Armstrong,1,0,False,False,2025-09-08
rave,FACE,Armstrong,1,0,False,False,2025-09-08
raven,FACE,Armstrong,1,0,False,False,2025-09-08
raven-haired,SQUARE,Armstrong,1,0,False,False,2025-09-08
ravenclaw,COMMA,Armstrong,1,0,False,False,2025-09-08
ray-bans,FACE,Armstrong,1,0,False,False,2025-09-08
raybould,FACE,Armstrong,1,0,False,False,2025-09-08
rayburn,FACE,Armstrong,1,0,False,False,2025-09-08
rayleigh,FACE,Armstrong,1,0,False,False,2025-09-08
raymond,FACE,Armstrong,1,0,False,False,2025-09-08
rays,FACE,Armstrong,1,0,False,False,2025-09-08
razoo,PALM,Armstrong,1,0,False,False,2025-09-08
razor,FACE LETTER,Armstrong,1,0,False,False,2025-09-08
re-education,DRESS,Armstrong,1,0,False,False,2025-09-08
reach,FLEECE,Armstrong,1,0,False,False,2025-09-08
reader,LETTER,Armstrong,1,0,False,False,2025-09-08
ready,DRESS,Armstrong,1,0,False,False,2025-09-08
ready-to-wear,SQUARE,Armstrong,1,0,False,False,2025-09-08
reaffirmation,TRAP,Armstrong,1,0,False,False,2025-09-08
reagan,FACE,Armstrong,1,0,False,False,2025-09-08
real,NEAR,Armstrong,1,0,False,False,2025-09-08
real-time,PRICE,Armstrong,1,0,False,False,2025-09-08
realign,PRICE,Armstrong,1,0,False,False,2025-09-08
realistic,FLEECE NEAR,Armstrong,1,0,False,False,2025-09-08
reality,TRAP,Armstrong,1,0,False,False,2025-09-08
realize,PRICE NEAR,Armstrong,1,0,False,False,2025-09-08
really,HAPPY,Armstrong,1,0,False,False,2025-09-08
realpolitik,(FLEECE),Armstrong,1,0,False,False,2025-09-08
realtor,NEAR,Armstrong,1,0,False,False,2025-09-08
ream,FLEECE,Armstrong,1,0,False,False,2025-09-08
reap,FLEECE,Armstrong,1,0,False,False,2025-09-08
rear,NEAR,Armstrong,1,0,False,False,2025-09-08
reared,NEAR,Armstrong,1,0,False,False,2025-09-08
rearing,NEAR,Armstrong,1,0,False,False,2025-09-08
rearward,NEAR,Armstrong,1,0,False,False,2025-09-08
reassurance,COMMA,Armstrong,1,0,False,False,2025-09-08
reassured,CURE,Armstrong,1,0,False,False,2025-09-08
rebecca,COMMA,Armstrong,1,0,False,False,2025-09-08
rebel,(KIT) (DRESS),Armstrong,1,0,False,False,2025-09-08
reboot,GOOSE,Armstrong,1,0,False,False,2025-09-08
reborn,NORTH,Armstrong,1,0,False,False,2025-09-08
rebuke,GOOSE,Armstrong,1,0,False,False,2025-09-08
rebus,FLEECE,Armstrong,1,0,False,False,2025-09-08
recap,TRAP,Armstrong,1,0,False,False,2025-09-08
recent,COMMA,Armstrong,1,0,False,False,2025-09-08
reception,DRESS,Armstrong,1,0,False,False,2025-09-08
recession,DRESS,Armstrong,1,0,False,False,2025-09-08
rechargeable,START,Armstrong,1,0,False,False,2025-09-08
recife,COMMA,Armstrong,1,0,False,False,2025-09-08
recipe,COMMA,Armstrong,1,0,False,False,2025-09-08
recipient,KIT,Armstrong,1,0,False,False,2025-09-08
reclaim,FACE,Armstrong,1,0,False,False,2025-09-08
reclusive,GOOSE,Armstrong,1,0,False,False,2025-09-08
recognition,COMMA,Armstrong,1,0,False,False,2025-09-08
recognized,PRICE,Armstrong,1,0,False,False,2025-09-08
recoil,CHOICE,Armstrong,1,0,False,False,2025-09-08
recommend,COMMA,Armstrong,1,0,False,False,2025-09-08
recommendation,DRESS FACE COMMA,Armstrong,1,0,False,False,2025-09-08
reconnoitre,CHOICE,Armstrong,1,0,False,False,2025-09-08
record-breaking,FORCE,Armstrong,1,0,False,False,2025-09-08
recovered,STRUT,Armstrong,1,0,False,False,2025-09-08
recovering,STRUT,Armstrong,1,0,False,False,2025-09-08
recovery,STRUT,Armstrong,1,0,False,False,2025-09-08
recruit,GOOSE,Armstrong,1,0,False,False,2025-09-08
rectangle,TRAP,Armstrong,1,0,False,False,2025-09-08
rectifier,PRICE,Armstrong,1,0,False,False,2025-09-08
recurrent,STRUT,Armstrong,1,0,False,False,2025-09-08
recurring,NURSE,Armstrong,1,0,False,False,2025-09-08
recusant,FOOT,Armstrong,1,0,False,False,2025-09-08
recycling,PRICE,Armstrong,1,0,False,False,2025-09-08
red-hot,LOT,Armstrong,1,0,False,False,2025-09-08
redbourne,FORCE,Armstrong,1,0,False,False,2025-09-08
redcar,START,Armstrong,1,0,False,False,2025-09-08
redeployment,CHOICE,Armstrong,1,0,False,False,2025-09-08
redhead,DRESS,Armstrong,1,0,False,False,2025-09-08
redmayne,FACE,Armstrong,1,0,False,False,2025-09-08
reduce,GOOSE,Armstrong,1,0,False,False,2025-09-08
reduction,STRUT,Armstrong,1,0,False,False,2025-09-08
reebok,LOT FLEECE,Armstrong,1,0,False,False,2025-09-08
reed,FLEECE,Armstrong,1,0,False,False,2025-09-08
ref,DRESS,Armstrong,1,0,False,False,2025-09-08
refer,NURSE,Armstrong,1,0,False,False,2025-09-08
referable,NURSE,Armstrong,1,0,False,False,2025-09-08
reference,DRESS,Armstrong,1,0,False,False,2025-09-08
referral,NURSE,Armstrong,1,0,False,False,2025-09-08
referred,NURSE,Armstrong,1,0,False,False,2025-09-08
referring,NURSE,Armstrong,1,0,False,False,2025-09-08
refers,NURSE,Armstrong,1,0,False,False,2025-09-08
refine,PRICE,Armstrong,1,0,False,False,2025-09-08
reflux,STRUT,Armstrong,1,0,False,False,2025-09-08
reform,NORTH,Armstrong,1,0,False,False,2025-09-08
refresh,DRESS,Armstrong,1,0,False,False,2025-09-08
refrigerator,KIT,Armstrong,1,0,False,False,2025-09-08
refuge,GOOSE,Armstrong,1,0,False,False,2025-09-08
refugee,DRESS GOOSE HAPPY,Armstrong,1,0,False,False,2025-09-08
refund,STRUT,Armstrong,1,0,False,False,2025-09-08
refunds,STRUT,Armstrong,1,0,False,False,2025-09-08
refurbished,NURSE,Armstrong,1,0,False,False,2025-09-08
reg,DRESS,Armstrong,1,0,False,False,2025-09-08
regal,FLEECE,Armstrong,1,0,False,False,2025-09-08
regality,FLEECE,Armstrong,1,0,False,False,2025-09-08
regarding,START,Armstrong,1,0,False,False,2025-09-08
regatta,COMMA,Armstrong,1,0,False,False,2025-09-08
regency,FLEECE,Armstrong,1,0,False,False,2025-09-08
reggae,DRESS,Armstrong,1,0,False,False,2025-09-08
reggaeton,FACE,Armstrong,1,0,False,False,2025-09-08
reggie,HAPPY,Armstrong,1,0,False,False,2025-09-08
regime,FLEECE FACE,Armstrong,1,0,False,False,2025-09-08
regiment,DRESS,Armstrong,1,0,False,False,2025-09-08
region,FLEECE,Armstrong,1,0,False,False,2025-09-08
register,KIT DRESS LETTER,Armstrong,1,0,False,False,2025-09-08
registrar,START,Armstrong,1,0,False,False,2025-09-08
registry,DRESS,Armstrong,1,0,False,False,2025-09-08
regular,DRESS LETTER,Armstrong,1,0,False,False,2025-09-08
regularly,FOOT LETTER,Armstrong,1,0,False,False,2025-09-08
regulation,FOOT,Armstrong,1,0,False,False,2025-09-08
regulations,DRESS,Armstrong,1,0,False,False,2025-09-08
regulator,DRESS,Armstrong,1,0,False,False,2025-09-08
rehab,TRAP,Armstrong,1,0,False,False,2025-09-08
rehash,TRAP,Armstrong,1,0,False,False,2025-09-08
reichstag,PALM,Armstrong,1,0,False,False,2025-09-08
reid,FLEECE,Armstrong,1,0,False,False,2025-09-08
reigate,PRICE,Armstrong,1,0,False,False,2025-09-08
reiki,FACE HAPPY,Armstrong,1,0,False,False,2025-09-08
reincarnation,START,Armstrong,1,0,False,False,2025-09-08
reindeer,NEAR,Armstrong,1,0,False,False,2025-09-08
reject,FLEECE,Armstrong,1,0,False,False,2025-09-08
rejoice,CHOICE,Armstrong,1,0,False,False,2025-09-08
rejoin,CHOICE,Armstrong,1,0,False,False,2025-09-08
rejuvenate,GOOSE,Armstrong,1,0,False,False,2025-09-08
relate,FACE,Armstrong,1,0,False,False,2025-09-08
relationship,KIT,Armstrong,1,0,False,False,2025-09-08
relaunch,THOUGHT,Armstrong,1,0,False,False,2025-09-08
relaxation,TRAP,Armstrong,1,0,False,False,2025-09-08
relevant,COMMA,Armstrong,1,0,False,False,2025-09-08
reliable,PRICE COMMA,Armstrong,1,0,False,False,2025-09-08
religion,KIT,Armstrong,1,0,False,False,2025-09-08
relocate,GOAT,Armstrong,1,0,False,False,2025-09-08
reluctant,STRUT,Armstrong,1,0,False,False,2025-09-08
remain,FACE,Armstrong,1,0,False,False,2025-09-08
remake,FACE,Armstrong,1,0,False,False,2025-09-08
remarkable,START COMMA,Armstrong,1,0,False,False,2025-09-08
remaster,BATH,Armstrong,1,0,False,False,2025-09-08
rematch,TRAP,Armstrong,1,0,False,False,2025-09-08
remember,DRESS LETTER,Armstrong,1,0,False,False,2025-09-08
remodelled,LOT,Armstrong,1,0,False,False,2025-09-08
remorse,NORTH,Armstrong,1,0,False,False,2025-09-08
remote,GOAT,Armstrong,1,0,False,False,2025-09-08
remove,GOOSE,Armstrong,1,0,False,False,2025-09-08
remuneration,GOOSE,Armstrong,1,0,False,False,2025-09-08
rendezvous,GOOSE,Armstrong,1,0,False,False,2025-09-08
renegade,FACE,Armstrong,1,0,False,False,2025-09-08
renewal,GOOSE,Armstrong,1,0,False,False,2025-09-08
renovate,COMMA,Armstrong,1,0,False,False,2025-09-08
rent-a-mob,LOT,Armstrong,1,0,False,False,2025-09-08
reorganize,NORTH,Armstrong,1,0,False,False,2025-09-08
repagination,TRAP,Armstrong,1,0,False,False,2025-09-08
repaint,FLEECE,Armstrong,1,0,False,False,2025-09-08
repair,SQUARE,Armstrong,1,0,False,False,2025-09-08
repairable,SQUARE,Armstrong,1,0,False,False,2025-09-08
repaired,SQUARE,Armstrong,1,0,False,False,2025-09-08
repairer,SQUARE LETTER,Armstrong,1,0,False,False,2025-09-08
repairing,SQUARE,Armstrong,1,0,False,False,2025-09-08
repairman,SQUARE,Armstrong,1,0,False,False,2025-09-08
repairs,SQUARE,Armstrong,1,0,False,False,2025-09-08
repayment,FACE,Armstrong,1,0,False,False,2025-09-08
repercussion,STRUT,Armstrong,1,0,False,False,2025-09-08
replace,FACE,Armstrong,1,0,False,False,2025-09-08
replant,FLEECE BATH,Armstrong,1,0,False,False,2025-09-08
replica,COMMA,Armstrong,1,0,False,False,2025-09-08
replies,PRICE,Armstrong,1,0,False,False,2025-09-08
reply,PRICE,Armstrong,1,0,False,False,2025-09-08
report,FORCE,Armstrong,1,0,False,False,2025-09-08
reportage,PALM FORCE,Armstrong,1,0,False,False,2025-09-08
repose,GOAT,Armstrong,1,0,False,False,2025-09-08
represent,DRESS,Armstrong,1,0,False,False,2025-09-08
reproach,GOAT,Armstrong,1,0,False,False,2025-09-08
reproduce,GOOSE,Armstrong,1,0,False,False,2025-09-08
reproduction,STRUT,Armstrong,1,0,False,False,2025-09-08
reptiles,PRICE,Armstrong,1,0,False,False,2025-09-08
reptilian,DRESS,Armstrong,1,0,False,False,2025-09-08
republic,STRUT,Armstrong,1,0,False,False,2025-09-08
reputable,FOOT,Armstrong,1,0,False,False,2025-09-08
reputation,DRESS FOOT,Armstrong,1,0,False,False,2025-09-08
require,PRICE,Armstrong,1,0,False,False,2025-09-08
requiring,PRICE,Armstrong,1,0,False,False,2025-09-08
rescue,GOOSE,Armstrong,1,0,False,False,2025-09-08
rescued,GOOSE,Armstrong,1,0,False,False,2025-09-08
rescues,GOOSE,Armstrong,1,0,False,False,2025-09-08
research,NURSE,Armstrong,1,0,False,False,2025-09-08
resenthal,PALM,Armstrong,1,0,False,False,2025-09-08
reservation,LETTER,Armstrong,1,0,False,False,2025-09-08
reservations,DRESS,Armstrong,1,0,False,False,2025-09-08
reserve,NURSE,Armstrong,1,0,False,False,2025-09-08
reserved,NURSE,Armstrong,1,0,False,False,2025-09-08
reservoir,DRESS LETTER,Armstrong,1,0,False,False,2025-09-08
reset,DRESS,Armstrong,1,0,False,False,2025-09-08
residence,DRESS,Armstrong,1,0,False,False,2025-09-08
residual,KIT,Armstrong,1,0,False,False,2025-09-08
residue,DRESS GOOSE,Armstrong,1,0,False,False,2025-09-08
residues,GOOSE,Armstrong,1,0,False,False,2025-09-08
resign,PRICE,Armstrong,1,0,False,False,2025-09-08
resin,DRESS,Armstrong,1,0,False,False,2025-09-08
resist,KIT,Armstrong,1,0,False,False,2025-09-08
resolute,GOOSE,Armstrong,1,0,False,False,2025-09-08
resolution,DRESS GOOSE COMMA,Armstrong,1,0,False,False,2025-09-08
resolve,LOT,Armstrong,1,0,False,False,2025-09-08
resorb,NORTH,Armstrong,1,0,False,False,2025-09-08
resource,FORCE,Armstrong,1,0,False,False,2025-09-08
responds,LOT,Armstrong,1,0,False,False,2025-09-08
rest,DRESS,Armstrong,1,0,False,False,2025-09-08
rest-cure,CURE,Armstrong,1,0,False,False,2025-09-08
restaurant,LOT,Armstrong,1,0,False,False,2025-09-08
restauranteurs,NURSE,Armstrong,1,0,False,False,2025-09-08
restaurants,DRESS,Armstrong,1,0,False,False,2025-09-08
restaurateur,NURSE,Armstrong,1,0,False,False,2025-09-08
restock,LOT,Armstrong,1,0,False,False,2025-09-08
restore,FORCE,Armstrong,1,0,False,False,2025-09-08
result,STRUT,Armstrong,1,0,False,False,2025-09-08
resulted,STRUT,Armstrong,1,0,False,False,2025-09-08
resume,(KIT) (DRESS) GOOSE,Armstrong,1,0,False,False,2025-09-08
resumes,GOOSE,Armstrong,1,0,False,False,2025-09-08
resurfacing,NURSE,Armstrong,1,0,False,False,2025-09-08
retail,FACE,Armstrong,1,0,False,False,2025-09-08
retire,PRICE,Armstrong,1,0,False,False,2025-09-08
retiring,PRICE,Armstrong,1,0,False,False,2025-09-08
retouch,STRUT,Armstrong,1,0,False,False,2025-09-08
retreat,FLEECE,Armstrong,1,0,False,False,2025-09-08
retro,DRESS,Armstrong,1,0,False,False,2025-09-08
retrorocket,GOAT,Armstrong,1,0,False,False,2025-09-08
return,NURSE,Armstrong,1,0,False,False,2025-09-08
retweet,FLEECE,Armstrong,1,0,False,False,2025-09-08
reunite,GOOSE,Armstrong,1,0,False,False,2025-09-08
reuse,GOOSE,Armstrong,1,0,False,False,2025-09-08
reuters,CHOICE,Armstrong,1,0,False,False,2025-09-08
revaluation,TRAP,Armstrong,1,0,False,False,2025-09-08
revenue,DRESS GOOSE,Armstrong,1,0,False,False,2025-09-08
revenues,GOOSE,Armstrong,1,0,False,False,2025-09-08
revere,NEAR,Armstrong,1,0,False,False,2025-09-08
revered,NEAR,Armstrong,1,0,False,False,2025-09-08
revering,NEAR,Armstrong,1,0,False,False,2025-09-08
reverse,NURSE,Armstrong,1,0,False,False,2025-09-08
reversion,NURSE,Armstrong,1,0,False,False,2025-09-08
review,GOOSE,Armstrong,1,0,False,False,2025-09-08
reviews,GOOSE,Armstrong,1,0,False,False,2025-09-08
revisionism,KIT,Armstrong,1,0,False,False,2025-09-08
revive,PRICE,Armstrong,1,0,False,False,2025-09-08
revolution,DRESS GOOSE COMMA,Armstrong,1,0,False,False,2025-09-08
revue,GOOSE,Armstrong,1,0,False,False,2025-09-08
rh-positive,FACE,Armstrong,1,0,False,False,2025-09-08
rheims,FLEECE,Armstrong,1,0,False,False,2025-09-08
rhetorical,(CLOTH),Armstrong,1,0,False,False,2025-09-08
rheumatic,GOOSE,Armstrong,1,0,False,False,2025-09-08
rheumatoid,GOOSE CHOICE,Armstrong,1,0,False,False,2025-09-08
rhodes,GOAT,Armstrong,1,0,False,False,2025-09-08
rhonda,COMMA,Armstrong,1,0,False,False,2025-09-08
rhubarb,GOOSE START,Armstrong,1,0,False,False,2025-09-08
rhumba,STRUT,Armstrong,1,0,False,False,2025-09-08
rhyme,PRICE,Armstrong,1,0,False,False,2025-09-08
rhythm,KIT,Armstrong,1,0,False,False,2025-09-08
rhythmic,KIT,Armstrong,1,0,False,False,2025-09-08
rib,KIT,Armstrong,1,0,False,False,2025-09-08
ribbon,KIT,Armstrong,1,0,False,False,2025-09-08
ribena,PRICE,Armstrong,1,0,False,False,2025-09-08
riboflavin,GOAT,Armstrong,1,0,False,False,2025-09-08
ricci,FLEECE HAPPY,Armstrong,1,0,False,False,2025-09-08
rice,PRICE,Armstrong,1,0,False,False,2025-09-08
rich,KIT,Armstrong,1,0,False,False,2025-09-08
richard,LETTER,Armstrong,1,0,False,False,2025-09-08
richer,KIT,Armstrong,1,0,False,False,2025-09-08
richey,HAPPY,Armstrong,1,0,False,False,2025-09-08
ricochet,COMMA,Armstrong,1,0,False,False,2025-09-08
ricoh,FLEECE,Armstrong,1,0,False,False,2025-09-08
ride,PRICE,Armstrong,1,0,False,False,2025-09-08
rider,PRICE,Armstrong,1,0,False,False,2025-09-08
ridge,KIT,Armstrong,1,0,False,False,2025-09-08
ridiculous,FOOT,Armstrong,1,0,False,False,2025-09-08
riefenstal,PALM,Armstrong,1,0,False,False,2025-09-08
riff-raff,TRAP,Armstrong,1,0,False,False,2025-09-08
riffe,PRICE,Armstrong,1,0,False,False,2025-09-08
rifle,PRICE,Armstrong,1,0,False,False,2025-09-08
rig,KIT,Armstrong,1,0,False,False,2025-09-08
riga,FLEECE COMMA,Armstrong,1,0,False,False,2025-09-08
right,PRICE,Armstrong,1,0,False,False,2025-09-08
right-angled,TRAP,Armstrong,1,0,False,False,2025-09-08
right-minded,PRICE,Armstrong,1,0,False,False,2025-09-08
right-winger,LETTER,Armstrong,1,0,False,False,2025-09-08
righteous,PRICE,Armstrong,1,0,False,False,2025-09-08
righteously,PRICE,Armstrong,1,0,False,False,2025-09-08
righteousness,PRICE,Armstrong,1,0,False,False,2025-09-08
rigid,KIT,Armstrong,1,0,False,False,2025-09-08
rigil,PRICE,Armstrong,1,0,False,False,2025-09-08
rigorous,KIT,Armstrong,1,0,False,False,2025-09-08
rihanna,COMMA (FLEECE) (HAPPY),Armstrong,1,0,False,False,2025-09-08
rikki-tikki-tavi,HAPPY,Armstrong,1,0,False,False,2025-09-08
riley,PRICE,Armstrong,1,0,False,False,2025-09-08
rime,PRICE,Armstrong,1,0,False,False,2025-09-08
ringer,LETTER,Armstrong,1,0,False,False,2025-09-08
ringtone,GOAT,Armstrong,1,0,False,False,2025-09-08
rip,KIT,Armstrong,1,0,False,False,2025-09-08
rip-roaring,FORCE,Armstrong,1,0,False,False,2025-09-08
ripcord,FORCE,Armstrong,1,0,False,False,2025-09-08
ripe,PRICE,Armstrong,1,0,False,False,2025-09-08
rise,PRICE,Armstrong,1,0,False,False,2025-09-08
risen,KIT,Armstrong,1,0,False,False,2025-09-08
risk,KIT,Armstrong,1,0,False,False,2025-09-08
risky,HAPPY,Armstrong,1,0,False,False,2025-09-08
rita,FLEECE COMMA,Armstrong,1,0,False,False,2025-09-08
ritchie,HAPPY,Armstrong,1,0,False,False,2025-09-08
ritual,KIT,Armstrong,1,0,False,False,2025-09-08
river,KIT LETTER,Armstrong,1,0,False,False,2025-09-08
riverside,PRICE LETTER,Armstrong,1,0,False,False,2025-09-08
riviera,KIT SQUARE COMMA,Armstrong,1,0,False,False,2025-09-08
riyadh,TRAP,Armstrong,1,0,False,False,2025-09-08
ro-ro,GOAT,Armstrong,1,0,False,False,2025-09-08
roach,GOAT,Armstrong,1,0,False,False,2025-09-08
road,GOAT,Armstrong,1,0,False,False,2025-09-08
roadie,HAPPY,Armstrong,1,0,False,False,2025-09-08
roadrunner,STRUT,Armstrong,1,0,False,False,2025-09-08
roar,FORCE,Armstrong,1,0,False,False,2025-09-08
roared,FORCE,Armstrong,1,0,False,False,2025-09-08
roaring,FORCE,Armstrong,1,0,False,False,2025-09-08
roath,GOAT,Armstrong,1,0,False,False,2025-09-08
rob,LOT,Armstrong,1,0,False,False,2025-09-08
robe,GOAT,Armstrong,1,0,False,False,2025-09-08
robert,LOT LETTER,Armstrong,1,0,False,False,2025-09-08
robey,HAPPY,Armstrong,1,0,False,False,2025-09-08
robin,LOT,Armstrong,1,0,False,False,2025-09-08
robot,LOT GOAT,Armstrong,1,0,False,False,2025-09-08
robotic,GOAT,Armstrong,1,0,False,False,2025-09-08
robust,STRUT GOAT,Armstrong,1,0,False,False,2025-09-08
rochdale,FACE,Armstrong,1,0,False,False,2025-09-08
rock-climbing,PRICE,Armstrong,1,0,False,False,2025-09-08
rocker,LETTER,Armstrong,1,0,False,False,2025-09-08
rocking,LOT,Armstrong,1,0,False,False,2025-09-08
rocking-chair,SQUARE,Armstrong,1,0,False,False,2025-09-08
rocking-chairs,SQUARE,Armstrong,1,0,False,False,2025-09-08
rocking-horse,NORTH,Armstrong,1,0,False,False,2025-09-08
rocky,LOT,Armstrong,1,0,False,False,2025-09-08
rodrigo,LOT,Armstrong,1,0,False,False,2025-09-08
roe,GOAT,Armstrong,1,0,False,False,2025-09-08
roebuck,STRUT,Armstrong,1,0,False,False,2025-09-08
roedean,FLEECE,Armstrong,1,0,False,False,2025-09-08
roffey,HAPPY,Armstrong,1,0,False,False,2025-09-08
roger,LOT LETTER,Armstrong,1,0,False,False,2025-09-08
rogue,GOAT,Armstrong,1,0,False,False,2025-09-08
roland,GOAT,Armstrong,1,0,False,False,2025-09-08
role,GOAT,Armstrong,1,0,False,False,2025-09-08
rolex,GOAT,Armstrong,1,0,False,False,2025-09-08
roll,GOAT,Armstrong,1,0,False,False,2025-09-08
rolls-royce,CHOICE,Armstrong,1,0,False,False,2025-09-08
rom,LOT,Armstrong,1,0,False,False,2025-09-08
rom-com,LOT,Armstrong,1,0,False,False,2025-09-08
roma,COMMA,Armstrong,1,0,False,False,2025-09-08
roman,GOAT,Armstrong,1,0,False,False,2025-09-08
romance,TRAP GOAT,Armstrong,1,0,False,False,2025-09-08
romania,FACE,Armstrong,1,0,False,False,2025-09-08
romanova,COMMA,Armstrong,1,0,False,False,2025-09-08
romantic,GOAT,Armstrong,1,0,False,False,2025-09-08
rome,GOAT,Armstrong,1,0,False,False,2025-09-08
romeo,GOAT,Armstrong,1,0,False,False,2025-09-08
roof,GOOSE,Armstrong,1,0,False,False,2025-09-08
rooftop,LOT,Armstrong,1,0,False,False,2025-09-08
rooibos,LOT CHOICE,Armstrong,1,0,False,False,2025-09-08
rook,FOOT,Armstrong,1,0,False,False,2025-09-08
rookie,HAPPY,Armstrong,1,0,False,False,2025-09-08
room-mate,FACE,Armstrong,1,0,False,False,2025-09-08
roomba,COMMA,Armstrong,1,0,False,False,2025-09-08
rooster,GOOSE,Armstrong,1,0,False,False,2025-09-08
rope,GOAT,Armstrong,1,0,False,False,2025-09-08
rope-yarn,START,Armstrong,1,0,False,False,2025-09-08
ropewalk,THOUGHT,Armstrong,1,0,False,False,2025-09-08
ropey,HAPPY,Armstrong,1,0,False,False,2025-09-08
rort,NORTH,Armstrong,1,0,False,False,2025-09-08
rosario,START,Armstrong,1,0,False,False,2025-09-08
rose,GOAT,Armstrong,1,0,False,False,2025-09-08
roseanne,GOAT,Armstrong,1,0,False,False,2025-09-08
rosebud,STRUT,Armstrong,1,0,False,False,2025-09-08
rosette,GOAT,Armstrong,1,0,False,False,2025-09-08
rosewarne,NORTH,Armstrong,1,0,False,False,2025-09-08
rosewater,THOUGHT,Armstrong,1,0,False,False,2025-09-08
rosie,HAPPY,Armstrong,1,0,False,False,2025-09-08
rosin,LOT,Armstrong,1,0,False,False,2025-09-08
rossetti,DRESS COMMA,Armstrong,1,0,False,False,2025-09-08
rossi,HAPPY,Armstrong,1,0,False,False,2025-09-08
rosyth,PRICE,Armstrong,1,0,False,False,2025-09-08
rot,LOT,Armstrong,1,0,False,False,2025-09-08
rotation,GOAT,Armstrong,1,0,False,False,2025-09-08
rotgut,STRUT,Armstrong,1,0,False,False,2025-09-08
rothenstein,GOAT,Armstrong,1,0,False,False,2025-09-08
rotherhithe,LOT PRICE,Armstrong,1,0,False,False,2025-09-08
rothermere,LOT,Armstrong,1,0,False,False,2025-09-08
rothersthorpe,LOT,Armstrong,1,0,False,False,2025-09-08
rotherwick,LOT,Armstrong,1,0,False,False,2025-09-08
rothko,LOT,Armstrong,1,0,False,False,2025-09-08
rothman,LOT,Armstrong,1,0,False,False,2025-09-08
rothschild,LOT,Armstrong,1,0,False,False,2025-09-08
rotogravure,CURE,Armstrong,1,0,False,False,2025-09-08
rotterdam,TRAP,Armstrong,1,0,False,False,2025-09-08
rottingdean,FLEECE,Armstrong,1,0,False,False,2025-09-08
rouble,GOOSE,Armstrong,1,0,False,False,2025-09-08
rouge,GOOSE,Armstrong,1,0,False,False,2025-09-08
rough,STRUT,Armstrong,1,0,False,False,2025-09-08
rough-hewn,GOOSE,Armstrong,1,0,False,False,2025-09-08
rough-spoken,STRUT,Armstrong,1,0,False,False,2025-09-08
roughly,STRUT,Armstrong,1,0,False,False,2025-09-08
roulade,PALM,Armstrong,1,0,False,False,2025-09-08
round,MOUTH,Armstrong,1,0,False,False,2025-09-08
roundabout,MOUTH,Armstrong,1,0,False,False,2025-09-08
roundup,STRUT,Armstrong,1,0,False,False,2025-09-08
rourke,NORTH,Armstrong,1,0,False,False,2025-09-08
rouse,MOUTH,Armstrong,1,0,False,False,2025-09-08
routh,MOUTH,Armstrong,1,0,False,False,2025-09-08
routine,FLEECE GOOSE,Armstrong,1,0,False,False,2025-09-08
routledge,MOUTH,Armstrong,1,0,False,False,2025-09-08
rover,GOAT LETTER,Armstrong,1,0,False,False,2025-09-08
rowdy,MOUTH,Armstrong,1,0,False,False,2025-09-08
rowed,MOUTH,Armstrong,1,0,False,False,2025-09-08
rowing-club,STRUT,Armstrong,1,0,False,False,2025-09-08
rowntree,HAPPY,Armstrong,1,0,False,False,2025-09-08
rowridge,MOUTH,Armstrong,1,0,False,False,2025-09-08
rows,GOAT MOUTH,Armstrong,1,0,False,False,2025-09-08
roxy,LOT,Armstrong,1,0,False,False,2025-09-08
roy,CHOICE,Armstrong,1,0,False,False,2025-09-08
royal,CHOICE,Armstrong,1,0,False,False,2025-09-08
royalties,CHOICE,Armstrong,1,0,False,False,2025-09-08
royalty,CHOICE,Armstrong,1,0,False,False,2025-09-08
royston,CHOICE,Armstrong,1,0,False,False,2025-09-08
royton,CHOICE,Armstrong,1,0,False,False,2025-09-08
roz,LOT,Armstrong,1,0,False,False,2025-09-08
rub,STRUT,Armstrong,1,0,False,False,2025-09-08
rubber,STRUT LETTER,Armstrong,1,0,False,False,2025-09-08
rubbish,STRUT,Armstrong,1,0,False,False,2025-09-08
rube,GOOSE,Armstrong,1,0,False,False,2025-09-08
rubella,GOOSE,Armstrong,1,0,False,False,2025-09-08
rubicon,GOOSE,Armstrong,1,0,False,False,2025-09-08
rubidium,GOOSE,Armstrong,1,0,False,False,2025-09-08
rubric,GOOSE,Armstrong,1,0,False,False,2025-09-08
ruby,GOOSE,Armstrong,1,0,False,False,2025-09-08
rudd,STRUT,Armstrong,1,0,False,False,2025-09-08
rudder,STRUT,Armstrong,1,0,False,False,2025-09-08
ruddy,STRUT,Armstrong,1,0,False,False,2025-09-08
rude,GOOSE,Armstrong,1,0,False,False,2025-09-08
ruefully,GOOSE,Armstrong,1,0,False,False,2025-09-08
rues,GOOSE,Armstrong,1,0,False,False,2025-09-08
ruff,STRUT,Armstrong,1,0,False,False,2025-09-08
ruffle,STRUT,Armstrong,1,0,False,False,2025-09-08
rufus,GOOSE,Armstrong,1,0,False,False,2025-09-08
rug,STRUT,Armstrong,1,0,False,False,2025-09-08
rugby,STRUT HAPPY,Armstrong,1,0,False,False,2025-09-08
rugged,STRUT,Armstrong,1,0,False,False,2025-09-08
rugosity,GOOSE,Armstrong,1,0,False,False,2025-09-08
ruin,GOOSE,Armstrong,1,0,False,False,2025-09-08
rules,GOOSE,Armstrong,1,0,False,False,2025-09-08
rumba,COMMA,Armstrong,1,0,False,False,2025-09-08
rumor,LETTER,Armstrong,1,0,False,False,2025-09-08
rumor-mongers,STRUT,Armstrong,1,0,False,False,2025-09-08
rumours,GOOSE,Armstrong,1,0,False,False,2025-09-08
rump-steak,STRUT,Armstrong,1,0,False,False,2025-09-08
run,STRUT,Armstrong,1,0,False,False,2025-09-08
runaway,COMMA,Armstrong,1,0,False,False,2025-09-08
runcorn,FORCE,Armstrong,1,0,False,False,2025-09-08
runner,LETTER,Armstrong,1,0,False,False,2025-09-08
running,STRUT,Armstrong,1,0,False,False,2025-09-08
rupee,GOOSE HAPPY,Armstrong,1,0,False,False,2025-09-08
rupert,LETTER,Armstrong,1,0,False,False,2025-09-08
rural,CURE,Armstrong,1,0,False,False,2025-09-08
rush,STRUT,Armstrong,1,0,False,False,2025-09-08
rushmore,STRUT,Armstrong,1,0,False,False,2025-09-08
rusholme,GOAT,Armstrong,1,0,False,False,2025-09-08
rushton,STRUT,Armstrong,1,0,False,False,2025-09-08
russell,STRUT,Armstrong,1,0,False,False,2025-09-08
russia,COMMA,Armstrong,1,0,False,False,2025-09-08
russian,STRUT,Armstrong,1,0,False,False,2025-09-08
rusticity,STRUT,Armstrong,1,0,False,False,2025-09-08
ruth,GOOSE,Armstrong,1,0,False,False,2025-09-08
ruthenia,FOOT,Armstrong,1,0,False,False,2025-09-08
ruthenian,FOOT,Armstrong,1,0,False,False,2025-09-08
rutherford,STRUT,Armstrong,1,0,False,False,2025-09-08
ruthie,HAPPY,Armstrong,1,0,False,False,2025-09-08
ruthless,GOOSE,Armstrong,1,0,False,False,2025-09-08
rutland,STRUT,Armstrong,1,0,False,False,2025-09-08
ruze,GOOSE,Armstrong,1,0,False,False,2025-09-08
rwanda,COMMA,Armstrong,1,0,False,False,2025-09-08
ryan,PRICE,Armstrong,1,0,False,False,2025-09-08
ryanair,SQUARE,Armstrong,1,0,False,False,2025-09-08
saab,PALM,Armstrong,1,0,False,False,2025-09-08
saatchi,PALM,Armstrong,1,0,False,False,2025-09-08
saba,COMMA,Armstrong,1,0,False,False,2025-09-08
sabbath,COMMA,Armstrong,1,0,False,False,2025-09-08
sable,FACE,Armstrong,1,0,False,False,2025-09-08
sabotage,PALM,Armstrong,1,0,False,False,2025-09-08
sabre,FACE,Armstrong,1,0,False,False,2025-09-08
sacha,COMMA,Armstrong,1,0,False,False,2025-09-08
sachets,FACE,Armstrong,1,0,False,False,2025-09-08
sacred,FACE,Armstrong,1,0,False,False,2025-09-08
sacrifice,PRICE,Armstrong,1,0,False,False,2025-09-08
sacrificing,PRICE,Armstrong,1,0,False,False,2025-09-08
sad,TRAP,Armstrong,1,0,False,False,2025-09-08
sadduccee,HAPPY,Armstrong,1,0,False,False,2025-09-08
sade,PALM,Armstrong,1,0,False,False,2025-09-08
sadiq,TRAP FLEECE,Armstrong,1,0,False,False,2025-09-08
safari,START HAPPY COMMA,Armstrong,1,0,False,False,2025-09-08
safe,FACE,Armstrong,1,0,False,False,2025-09-08
safe-deposit,LOT,Armstrong,1,0,False,False,2025-09-08
safeguarding,FACE START,Armstrong,1,0,False,False,2025-09-08
safer,LETTER,Armstrong,1,0,False,False,2025-09-08
safety,FACE,Armstrong,1,0,False,False,2025-09-08
safety-catch,TRAP,Armstrong,1,0,False,False,2025-09-08
safety-pins,FACE,Armstrong,1,0,False,False,2025-09-08
safety-valve,FACE,Armstrong,1,0,False,False,2025-09-08
safeway,FACE,Armstrong,1,0,False,False,2025-09-08
safflower,MOUTH,Armstrong,1,0,False,False,2025-09-08
saffron,TRAP,Armstrong,1,0,False,False,2025-09-08
saga,PALM COMMA,Armstrong,1,0,False,False,2025-09-08
sagacious,FACE,Armstrong,1,0,False,False,2025-09-08
sage,FACE,Armstrong,1,0,False,False,2025-09-08
sagebrush,STRUT,Armstrong,1,0,False,False,2025-09-08
sagittarius,TRAP,Armstrong,1,0,False,False,2025-09-08
sahara,COMMA (SQUARE) (START),Armstrong,1,0,False,False,2025-09-08
said,DRESS,Armstrong,1,0,False,False,2025-09-08
saigon,PRICE,Armstrong,1,0,False,False,2025-09-08
sail,FACE,Armstrong,1,0,False,False,2025-09-08
sailor,FACE,Armstrong,1,0,False,False,2025-09-08
saint,FACE,Armstrong,1,0,False,False,2025-09-08
saipan,PRICE,Armstrong,1,0,False,False,2025-09-08
saisho,FACE,Armstrong,1,0,False,False,2025-09-08
sake,FACE,Armstrong,1,0,False,False,2025-09-08
salaam,PALM,Armstrong,1,0,False,False,2025-09-08
salami,PALM,Armstrong,1,0,False,False,2025-09-08
salary,TRAP LETTER COMMA,Armstrong,1,0,False,False,2025-09-08
salbutamol,LOT,Armstrong,1,0,False,False,2025-09-08
sale,FACE,Armstrong,1,0,False,False,2025-09-08
salem,FACE,Armstrong,1,0,False,False,2025-09-08
salerno,SQUARE,Armstrong,1,0,False,False,2025-09-08
salish,FACE,Armstrong,1,0,False,False,2025-09-08
saliva,COMMA,Armstrong,1,0,False,False,2025-09-08
saloon,GOOSE,Armstrong,1,0,False,False,2025-09-08
salsa,COMMA,Armstrong,1,0,False,False,2025-09-08
salt,THOUGHT,Armstrong,1,0,False,False,2025-09-08
saltash,TRAP,Armstrong,1,0,False,False,2025-09-08
saltmarsh,START,Armstrong,1,0,False,False,2025-09-08
salute,GOOSE,Armstrong,1,0,False,False,2025-09-08
salvador,TRAP,Armstrong,1,0,False,False,2025-09-08
salvation,TRAP,Armstrong,1,0,False,False,2025-09-08
sam,TRAP,Armstrong,1,0,False,False,2025-09-08
samantha,COMMA,Armstrong,1,0,False,False,2025-09-08
samba,COMMA,Armstrong,1,0,False,False,2025-09-08
same,FACE,Armstrong,1,0,False,False,2025-09-08
samey,HAPPY,Armstrong,1,0,False,False,2025-09-08
samhain,PALM,Armstrong,1,0,False,False,2025-09-08
samothrace,GOAT,Armstrong,1,0,False,False,2025-09-08
samsonite,PRICE,Armstrong,1,0,False,False,2025-09-08
samsung,TRAP (STRUT) (FOOT),Armstrong,1,0,False,False,2025-09-08
samuel,GOOSE,Armstrong,1,0,False,False,2025-09-08
samurai,PRICE,Armstrong,1,0,False,False,2025-09-08
sanchez,DRESS,Armstrong,1,0,False,False,2025-09-08
sandbank,TRAP,Armstrong,1,0,False,False,2025-09-08
sandcastle,BATH,Armstrong,1,0,False,False,2025-09-08
sandpiper,PRICE,Armstrong,1,0,False,False,2025-09-08
sandra,BATH COMMA,Armstrong,1,0,False,False,2025-09-08
sandstorm,NORTH,Armstrong,1,0,False,False,2025-09-08
sangfroid,PALM,Armstrong,1,0,False,False,2025-09-08
sangria,TRAP,Armstrong,1,0,False,False,2025-09-08
sanitise,PRICE,Armstrong,1,0,False,False,2025-09-08
sanitizer,LETTER,Armstrong,1,0,False,False,2025-09-08
sanitorium,FORCE,Armstrong,1,0,False,False,2025-09-08
sansa,COMMA,Armstrong,1,0,False,False,2025-09-08
santiago,PALM,Armstrong,1,0,False,False,2025-09-08
saoirse,NURSE,Armstrong,1,0,False,False,2025-09-08
sapphire,TRAP PRICE,Armstrong,1,0,False,False,2025-09-08
sara,SQUARE,Armstrong,1,0,False,False,2025-09-08
sarah,SQUARE COMMA,Armstrong,1,0,False,False,2025-09-08
saratoga,GOAT COMMA,Armstrong,1,0,False,False,2025-09-08
sarcasm,TRAP,Armstrong,1,0,False,False,2025-09-08
sardinia,START,Armstrong,1,0,False,False,2025-09-08
sargasso,START,Armstrong,1,0,False,False,2025-09-08
sargent,START,Armstrong,1,0,False,False,2025-09-08
sari,START HAPPY,Armstrong,1,0,False,False,2025-09-08
sark,START,Armstrong,1,0,False,False,2025-09-08
sars,START,Armstrong,1,0,False,False,2025-09-08
sartorial,FORCE,Armstrong,1,0,False,False,2025-09-08
sasha,PALM COMMA,Armstrong,1,0,False,False,2025-09-08
sat,TRAP,Armstrong,1,0,False,False,2025-09-08
satellite,PRICE COMMA,Armstrong,1,0,False,False,2025-09-08
satiate,FACE,Armstrong,1,0,False,False,2025-09-08
satiated,FACE,Armstrong,1,0,False,False,2025-09-08
satire,PRICE,Armstrong,1,0,False,False,2025-09-08
satisfaction,TRAP,Armstrong,1,0,False,False,2025-09-08
satisfy,PRICE,Armstrong,1,0,False,False,2025-09-08
satnav,TRAP,Armstrong,1,0,False,False,2025-09-08
saturday,TRAP LETTER,Armstrong,1,0,False,False,2025-09-08
sauce,THOUGHT,Armstrong,1,0,False,False,2025-09-08
saucer,THOUGHT,Armstrong,1,0,False,False,2025-09-08
saucy,THOUGHT,Armstrong,1,0,False,False,2025-09-08
sauerbraten,PALM,Armstrong,1,0,False,False,2025-09-08
sauerkraut,MOUTH,Armstrong,1,0,False,False,2025-09-08
sauna,COMMA,Armstrong,1,0,False,False,2025-09-08
sauron,MOUTH,Armstrong,1,0,False,False,2025-09-08
sausage,CLOTH,Armstrong,1,0,False,False,2025-09-08
savage,TRAP,Armstrong,1,0,False,False,2025-09-08
save,FACE,Armstrong,1,0,False,False,2025-09-08
saveloys,CHOICE,Armstrong,1,0,False,False,2025-09-08
saver,LETTER,Armstrong,1,0,False,False,2025-09-08
savoir-faire,PALM START,Armstrong,1,0,False,False,2025-09-08
savoir-vivre,PALM START,Armstrong,1,0,False,False,2025-09-08
savoy,CHOICE,Armstrong,1,0,False,False,2025-09-08
savvy,TRAP HAPPY,Armstrong,1,0,False,False,2025-09-08
saw-wort,THOUGHT,Armstrong,1,0,False,False,2025-09-08
saward,FACE,Armstrong,1,0,False,False,2025-09-08
sawbridge,THOUGHT,Armstrong,1,0,False,False,2025-09-08
sawbuck,THOUGHT,Armstrong,1,0,False,False,2025-09-08
sawdust,STRUT THOUGHT,Armstrong,1,0,False,False,2025-09-08
sawfish,THOUGHT,Armstrong,1,0,False,False,2025-09-08
sawmill,THOUGHT,Armstrong,1,0,False,False,2025-09-08
sawn,THOUGHT,Armstrong,1,0,False,False,2025-09-08
sawtooth,GOOSE,Armstrong,1,0,False,False,2025-09-08
sawyer,CHOICE,Armstrong,1,0,False,False,2025-09-08
saxe-coburg-gotha,GOAT COMMA,Armstrong,1,0,False,False,2025-09-08
say-so,FACE,Armstrong,1,0,False,False,2025-09-08
says,DRESS,Armstrong,1,0,False,False,2025-09-08
scabies,FACE,Armstrong,1,0,False,False,2025-09-08
scafell,PALM,Armstrong,1,0,False,False,2025-09-08
scaffold,GOAT,Armstrong,1,0,False,False,2025-09-08
scale,FACE,Armstrong,1,0,False,False,2025-09-08
scam,TRAP,Armstrong,1,0,False,False,2025-09-08
scampi,HAPPY,Armstrong,1,0,False,False,2025-09-08
scar,START,Armstrong,1,0,False,False,2025-09-08
scarborough,START (COMMA),Armstrong,1,0,False,False,2025-09-08
scarcely,SQUARE,Armstrong,1,0,False,False,2025-09-08
scarcer,SQUARE,Armstrong,1,0,False,False,2025-09-08
scarcest,SQUARE,Armstrong,1,0,False,False,2025-09-08
scarcity,SQUARE,Armstrong,1,0,False,False,2025-09-08
scare,SQUARE,Armstrong,1,0,False,False,2025-09-08
scarecrow,SQUARE,Armstrong,1,0,False,False,2025-09-08
scared,SQUARE,Armstrong,1,0,False,False,2025-09-08
scaremonger,SQUARE,Armstrong,1,0,False,False,2025-09-08
scarf,START,Armstrong,1,0,False,False,2025-09-08
scarfe,START,Armstrong,1,0,False,False,2025-09-08
scaring,SQUARE,Armstrong,1,0,False,False,2025-09-08
scarlet,START,Armstrong,1,0,False,False,2025-09-08
scarlett,START,Armstrong,1,0,False,False,2025-09-08
scarpered,START,Armstrong,1,0,False,False,2025-09-08
scarves,START,Armstrong,1,0,False,False,2025-09-08
scary,SQUARE,Armstrong,1,0,False,False,2025-09-08
scathing,FACE,Armstrong,1,0,False,False,2025-09-08
scatterbrain,FACE,Armstrong,1,0,False,False,2025-09-08
scenarios,GOAT,Armstrong,1,0,False,False,2025-09-08
scene,FLEECE,Armstrong,1,0,False,False,2025-09-08
scenic,FLEECE,Armstrong,1,0,False,False,2025-09-08
schedule,DRESS,Armstrong,1,0,False,False,2025-09-08
schemata,FLEECE,Armstrong,1,0,False,False,2025-09-08
scheme,FLEECE,Armstrong,1,0,False,False,2025-09-08
scherzinger,LETTER,Armstrong,1,0,False,False,2025-09-08
scherzo,SQUARE,Armstrong,1,0,False,False,2025-09-08
schipa,FLEECE COMMA,Armstrong,1,0,False,False,2025-09-08
schofield,GOAT,Armstrong,1,0,False,False,2025-09-08
school,GOOSE,Armstrong,1,0,False,False,2025-09-08
schoolboy,CHOICE,Armstrong,1,0,False,False,2025-09-08
schoolboys,CHOICE,Armstrong,1,0,False,False,2025-09-08
schoolmarm,START,Armstrong,1,0,False,False,2025-09-08
schoolteacher,FLEECE,Armstrong,1,0,False,False,2025-09-08
schtup,FOOT,Armstrong,1,0,False,False,2025-09-08
schultz,FOOT,Armstrong,1,0,False,False,2025-09-08
schwa,PALM,Armstrong,1,0,False,False,2025-09-08
schwarzenegger,DRESS,Armstrong,1,0,False,False,2025-09-08
sci-fi,PRICE,Armstrong,1,0,False,False,2025-09-08
science,PRICE COMMA,Armstrong,1,0,False,False,2025-09-08
scientific,KIT,Armstrong,1,0,False,False,2025-09-08
scirocco,KIT,Armstrong,1,0,False,False,2025-09-08
scissor,LETTER,Armstrong,1,0,False,False,2025-09-08
scissors,KIT,Armstrong,1,0,False,False,2025-09-08
scoop,GOOSE,Armstrong,1,0,False,False,2025-09-08
scoot,GOOSE,Armstrong,1,0,False,False,2025-09-08
scooter,GOOSE,Armstrong,1,0,False,False,2025-09-08
scope,GOAT,Armstrong,1,0,False,False,2025-09-08
scorbutic,NORTH,Armstrong,1,0,False,False,2025-09-08
scorch,NORTH,Armstrong,1,0,False,False,2025-09-08
score,FORCE,Armstrong,1,0,False,False,2025-09-08
scoreboard,FORCE,Armstrong,1,0,False,False,2025-09-08
scorecard,START FORCE,Armstrong,1,0,False,False,2025-09-08
scorer,LETTER,Armstrong,1,0,False,False,2025-09-08
scorn,NORTH,Armstrong,1,0,False,False,2025-09-08
scotch,LOT,Armstrong,1,0,False,False,2025-09-08
scotch-tape,LOT,Armstrong,1,0,False,False,2025-09-08
scotland,COMMA,Armstrong,1,0,False,False,2025-09-08
scotsman,LOT,Armstrong,1,0,False,False,2025-09-08
scourer,MOUTH,Armstrong,1,0,False,False,2025-09-08
scouring,MOUTH,Armstrong,1,0,False,False,2025-09-08
scouse,MOUTH,Armstrong,1,0,False,False,2025-09-08
scout,MOUTH,Armstrong,1,0,False,False,2025-09-08
scrape,FACE,Armstrong,1,0,False,False,2025-09-08
scrapheap,FLEECE,Armstrong,1,0,False,False,2025-09-08
scratch,TRAP,Armstrong,1,0,False,False,2025-09-08
screech,FLEECE,Armstrong,1,0,False,False,2025-09-08
screech-owl,MOUTH,Armstrong,1,0,False,False,2025-09-08
screen,FLEECE,Armstrong,1,0,False,False,2025-09-08
screenshot,LOT,Armstrong,1,0,False,False,2025-09-08
screw,GOOSE,Armstrong,1,0,False,False,2025-09-08
screwball,GOOSE,Armstrong,1,0,False,False,2025-09-08
screwdriver,PRICE,Armstrong,1,0,False,False,2025-09-08
screwworm,GOOSE,Armstrong,1,0,False,False,2025-09-08
script,KIT,Armstrong,1,0,False,False,2025-09-08
scrooge,GOOSE,Armstrong,1,0,False,False,2025-09-08
scrub-brush,STRUT,Armstrong,1,0,False,False,2025-09-08
scrubs,STRUT,Armstrong,1,0,False,False,2025-09-08
scrum,STRUT,Armstrong,1,0,False,False,2025-09-08
scrutiny,GOOSE,Armstrong,1,0,False,False,2025-09-08
scuba,GOOSE COMMA,Armstrong,1,0,False,False,2025-09-08
scud,STRUT,Armstrong,1,0,False,False,2025-09-08
scuff,STRUT,Armstrong,1,0,False,False,2025-09-08
sculpted,STRUT,Armstrong,1,0,False,False,2025-09-08
sculpture,STRUT,Armstrong,1,0,False,False,2025-09-08
scunthorpe,NORTH,Armstrong,1,0,False,False,2025-09-08
scythe,PRICE,Armstrong,1,0,False,False,2025-09-08
sea,FLEECE,Armstrong,1,0,False,False,2025-09-08
sea-bathing,FACE,Armstrong,1,0,False,False,2025-09-08
sea-level,DRESS,Armstrong,1,0,False,False,2025-09-08
sea-lion,PRICE,Armstrong,1,0,False,False,2025-09-08
seabed,DRESS,Armstrong,1,0,False,False,2025-09-08
seaboard,FLEECE,Armstrong,1,0,False,False,2025-09-08
seaborg,NORTH,Armstrong,1,0,False,False,2025-09-08
seafarer,SQUARE,Armstrong,1,0,False,False,2025-09-08
seafaring,SQUARE,Armstrong,1,0,False,False,2025-09-08
seafood,GOOSE,Armstrong,1,0,False,False,2025-09-08
seaforth,NORTH FORCE,Armstrong,1,0,False,False,2025-09-08
seagreen,FLEECE,Armstrong,1,0,False,False,2025-09-08
seagull,STRUT,Armstrong,1,0,False,False,2025-09-08
seaham,NEAR,Armstrong,1,0,False,False,2025-09-08
seahorse,NORTH,Armstrong,1,0,False,False,2025-09-08
seam,FLEECE,Armstrong,1,0,False,False,2025-09-08
seamless,FLEECE,Armstrong,1,0,False,False,2025-09-08
seamus,FACE,Armstrong,1,0,False,False,2025-09-08
sean,THOUGHT,Armstrong,1,0,False,False,2025-09-08
search,NURSE,Armstrong,1,0,False,False,2025-09-08
search-party,NURSE,Armstrong,1,0,False,False,2025-09-08
searchlight,PRICE NURSE,Armstrong,1,0,False,False,2025-09-08
seared,NEAR,Armstrong,1,0,False,False,2025-09-08
sears,NEAR,Armstrong,1,0,False,False,2025-09-08
seashore,FORCE,Armstrong,1,0,False,False,2025-09-08
seaside,PRICE,Armstrong,1,0,False,False,2025-09-08
seat,FLEECE,Armstrong,1,0,False,False,2025-09-08
seaweed,FLEECE,Armstrong,1,0,False,False,2025-09-08
sebaceous,FACE,Armstrong,1,0,False,False,2025-09-08
sebring,FLEECE,Armstrong,1,0,False,False,2025-09-08
sebum,FLEECE,Armstrong,1,0,False,False,2025-09-08
secluded,GOOSE,Armstrong,1,0,False,False,2025-09-08
seclusion,GOOSE,Armstrong,1,0,False,False,2025-09-08
second,DRESS COMMA,Armstrong,1,0,False,False,2025-09-08
second-class,BATH,Armstrong,1,0,False,False,2025-09-08
second-hand,TRAP,Armstrong,1,0,False,False,2025-09-08
seconds,DRESS,Armstrong,1,0,False,False,2025-09-08
secret,KIT FLEECE,Armstrong,1,0,False,False,2025-09-08
secretariat,SQUARE,Armstrong,1,0,False,False,2025-09-08
secretary,DRESS COMMA,Armstrong,1,0,False,False,2025-09-08
section,DRESS,Armstrong,1,0,False,False,2025-09-08
sector,DRESS LETTER,Armstrong,1,0,False,False,2025-09-08
secure,CURE,Armstrong,1,0,False,False,2025-09-08
security,KIT CURE COMMA,Armstrong,1,0,False,False,2025-09-08
sedgemoor,FORCE CURE,Armstrong,1,0,False,False,2025-09-08
see,FLEECE,Armstrong,1,0,False,False,2025-09-08
see-through,GOOSE,Armstrong,1,0,False,False,2025-09-08
seed,FLEECE,Armstrong,1,0,False,False,2025-09-08
seeger,FLEECE,Armstrong,1,0,False,False,2025-09-08
seeing,FLEECE,Armstrong,1,0,False,False,2025-09-08
seek,FLEECE,Armstrong,1,0,False,False,2025-09-08
seem,FLEECE,Armstrong,1,0,False,False,2025-09-08
seen,FLEECE,Armstrong,1,0,False,False,2025-09-08
seer,NEAR,Armstrong,1,0,False,False,2025-09-08
seersucker,STRUT NEAR,Armstrong,1,0,False,False,2025-09-08
seesawed,THOUGHT,Armstrong,1,0,False,False,2025-09-08
seesaws,THOUGHT,Armstrong,1,0,False,False,2025-09-08
sega,FACE COMMA,Armstrong,1,0,False,False,2025-09-08
segment,DRESS,Armstrong,1,0,False,False,2025-09-08
segmental,DRESS,Armstrong,1,0,False,False,2025-09-08
segmented,DRESS,Armstrong,1,0,False,False,2025-09-08
seinfeld,DRESS,Armstrong,1,0,False,False,2025-09-08
seizure,LETTER,Armstrong,1,0,False,False,2025-09-08
select,KIT DRESS,Armstrong,1,0,False,False,2025-09-08
self,DRESS,Armstrong,1,0,False,False,2025-09-08
self-absorbed,NORTH,Armstrong,1,0,False,False,2025-09-08
self-assured,CURE,Armstrong,1,0,False,False,2025-09-08
self-congratulatory,TRAP,Armstrong,1,0,False,False,2025-09-08
self-employment,CHOICE,Armstrong,1,0,False,False,2025-09-08
self-righteous,PRICE,Armstrong,1,0,False,False,2025-09-08
self-sacrificing,PRICE,Armstrong,1,0,False,False,2025-09-08
self-service,NURSE,Armstrong,1,0,False,False,2025-09-08
selfie,HAPPY,Armstrong,1,0,False,False,2025-09-08
selfsame,FACE,Armstrong,1,0,False,False,2025-09-08
selina,COMMA,Armstrong,1,0,False,False,2025-09-08
sell,DRESS,Armstrong,1,0,False,False,2025-09-08
sell-out,MOUTH,Armstrong,1,0,False,False,2025-09-08
seller,DRESS LETTER,Armstrong,1,0,False,False,2025-09-08
sellotape,FACE,Armstrong,1,0,False,False,2025-09-08
selma,COMMA,Armstrong,1,0,False,False,2025-09-08
semaphore,FORCE,Armstrong,1,0,False,False,2025-09-08
semiautomatic,THOUGHT,Armstrong,1,0,False,False,2025-09-08
seminar,START,Armstrong,1,0,False,False,2025-09-08
semiquaver,FACE,Armstrong,1,0,False,False,2025-09-08
semivowel,MOUTH,Armstrong,1,0,False,False,2025-09-08
send,DRESS,Armstrong,1,0,False,False,2025-09-08
sender,LETTER,Armstrong,1,0,False,False,2025-09-08
senghenydd,DRESS,Armstrong,1,0,False,False,2025-09-08
senile,PRICE,Armstrong,1,0,False,False,2025-09-08
senior,FLEECE,Armstrong,1,0,False,False,2025-09-08
sensation,DRESS,Armstrong,1,0,False,False,2025-09-08
sense-organ,NORTH,Armstrong,1,0,False,False,2025-09-08
sensitivity,KIT,Armstrong,1,0,False,False,2025-09-08
sensor,LETTER,Armstrong,1,0,False,False,2025-09-08
sensorial,FORCE,Armstrong,1,0,False,False,2025-09-08
sent,DRESS,Armstrong,1,0,False,False,2025-09-08
separate,DRESS COMMA (LETTER),Armstrong,1,0,False,False,2025-09-08
september,DRESS LETTER,Armstrong,1,0,False,False,2025-09-08
septennial,DRESS,Armstrong,1,0,False,False,2025-09-08
septet,DRESS,Armstrong,1,0,False,False,2025-09-08
sequel,FLEECE,Armstrong,1,0,False,False,2025-09-08
sequence,FLEECE,Armstrong,1,0,False,False,2025-09-08
sequin,FLEECE,Armstrong,1,0,False,False,2025-09-08
sequoia,CHOICE,Armstrong,1,0,False,False,2025-09-08
serape,PALM,Armstrong,1,0,False,False,2025-09-08
serbia,NURSE,Armstrong,1,0,False,False,2025-09-08
serbo-croat,TRAP GOAT,Armstrong,1,0,False,False,2025-09-08
sere,NEAR,Armstrong,1,0,False,False,2025-09-08
serene,(KIT) (DRESS) FLEECE,Armstrong,1,0,False,False,2025-09-08
serf,NURSE,Armstrong,1,0,False,False,2025-09-08
serge,NURSE,Armstrong,1,0,False,False,2025-09-08
sergeant,START,Armstrong,1,0,False,False,2025-09-08
sergei,NURSE,Armstrong,1,0,False,False,2025-09-08
sergey,NURSE,Armstrong,1,0,False,False,2025-09-08
series,NEAR,Armstrong,1,0,False,False,2025-09-08
serious,NEAR COMMA,Armstrong,1,0,False,False,2025-09-08
serpent,NURSE,Armstrong,1,0,False,False,2025-09-08
serpentine,NURSE,Armstrong,1,0,False,False,2025-09-08
serrano,PALM,Armstrong,1,0,False,False,2025-09-08
servant,NURSE,Armstrong,1,0,False,False,2025-09-08
server,LETTER NURSE,Armstrong,1,0,False,False,2025-09-08
service,KIT COMMA NURSE,Armstrong,1,0,False,False,2025-09-08
serving,NURSE,Armstrong,1,0,False,False,2025-09-08
session,DRESS,Armstrong,1,0,False,False,2025-09-08
set,DRESS,Armstrong,1,0,False,False,2025-09-08
set-to,DRESS,Armstrong,1,0,False,False,2025-09-08
set-up,DRESS STRUT,Armstrong,1,0,False,False,2025-09-08
seth,DRESS,Armstrong,1,0,False,False,2025-09-08
seurat,NURSE,Armstrong,1,0,False,False,2025-09-08
seven,DRESS,Armstrong,1,0,False,False,2025-09-08
sevenoaks,GOAT,Armstrong,1,0,False,False,2025-09-08
several,DRESS,Armstrong,1,0,False,False,2025-09-08
severe,NEAR COMMA,Armstrong,1,0,False,False,2025-09-08
severely,NEAR,Armstrong,1,0,False,False,2025-09-08
severer,NEAR,Armstrong,1,0,False,False,2025-09-08
severest,NEAR,Armstrong,1,0,False,False,2025-09-08
sew,GOAT,Armstrong,1,0,False,False,2025-09-08
sewed,GOAT,Armstrong,1,0,False,False,2025-09-08
sewn,GOAT,Armstrong,1,0,False,False,2025-09-08
sex,DRESS,Armstrong,1,0,False,False,2025-09-08
sex-starved,START,Armstrong,1,0,False,False,2025-09-08
sexploitation,CHOICE,Armstrong,1,0,False,False,2025-09-08
sexual,GOOSE,Armstrong,1,0,False,False,2025-09-08
seychelles,FACE,Armstrong,1,0,False,False,2025-09-08
seymour,FORCE,Armstrong,1,0,False,False,2025-09-08
shade,FACE,Armstrong,1,0,False,False,2025-09-08
shadow,TRAP,Armstrong,1,0,False,False,2025-09-08
shadows,GOAT,Armstrong,1,0,False,False,2025-09-08
shaeffer,FACE,Armstrong,1,0,False,False,2025-09-08
shaft,BATH,Armstrong,1,0,False,False,2025-09-08
shaggy,HAPPY,Armstrong,1,0,False,False,2025-09-08
shah,PALM,Armstrong,1,0,False,False,2025-09-08
shairp,SQUARE,Armstrong,1,0,False,False,2025-09-08
shaka,PALM,Armstrong,1,0,False,False,2025-09-08
shake,FACE,Armstrong,1,0,False,False,2025-09-08
shakespeare,FACE NEAR,Armstrong,1,0,False,False,2025-09-08
shakira,COMMA,Armstrong,1,0,False,False,2025-09-08
shall,TRAP,Armstrong,1,0,False,False,2025-09-08
shame,FACE,Armstrong,1,0,False,False,2025-09-08
shampoo,TRAP GOOSE,Armstrong,1,0,False,False,2025-09-08
shan,PALM,Armstrong,1,0,False,False,2025-09-08
shane,FACE,Armstrong,1,0,False,False,2025-09-08
shanghai,TRAP,Armstrong,1,0,False,False,2025-09-08
shape,FACE,Armstrong,1,0,False,False,2025-09-08
sharapova,COMMA,Armstrong,1,0,False,False,2025-09-08
share,SQUARE,Armstrong,1,0,False,False,2025-09-08
sharecropper,SQUARE,Armstrong,1,0,False,False,2025-09-08
shares,SQUARE,Armstrong,1,0,False,False,2025-09-08
shareware,SQUARE,Armstrong,1,0,False,False,2025-09-08
sharing,SQUARE,Armstrong,1,0,False,False,2025-09-08
sharjah,PALM START,Armstrong,1,0,False,False,2025-09-08
shark,START,Armstrong,1,0,False,False,2025-09-08
sharon,TRAP,Armstrong,1,0,False,False,2025-09-08
sharp,START,Armstrong,1,0,False,False,2025-09-08
sharpe,START,Armstrong,1,0,False,False,2025-09-08
sharpener,START,Armstrong,1,0,False,False,2025-09-08
sharples,START,Armstrong,1,0,False,False,2025-09-08
sharply,START,Armstrong,1,0,False,False,2025-09-08
sharpshooter,START,Armstrong,1,0,False,False,2025-09-08
shatterproof,GOOSE,Armstrong,1,0,False,False,2025-09-08
shaun,THOUGHT,Armstrong,1,0,False,False,2025-09-08
shave,FACE,Armstrong,1,0,False,False,2025-09-08
shaving-brush,STRUT,Armstrong,1,0,False,False,2025-09-08
shawm,THOUGHT,Armstrong,1,0,False,False,2025-09-08
shawn,THOUGHT,Armstrong,1,0,False,False,2025-09-08
shawnee,HAPPY,Armstrong,1,0,False,False,2025-09-08
shawshank,TRAP THOUGHT,Armstrong,1,0,False,False,2025-09-08
she,FLEECE,Armstrong,1,0,False,False,2025-09-08
she-devil,DRESS,Armstrong,1,0,False,False,2025-09-08
shear,NEAR,Armstrong,1,0,False,False,2025-09-08
sheard,SQUARE,Armstrong,1,0,False,False,2025-09-08
shearling,NEAR,Armstrong,1,0,False,False,2025-09-08
shearwater,NEAR,Armstrong,1,0,False,False,2025-09-08
sheba,FLEECE COMMA,Armstrong,1,0,False,False,2025-09-08
sheboygan,CHOICE,Armstrong,1,0,False,False,2025-09-08
sheen,FLEECE,Armstrong,1,0,False,False,2025-09-08
sheep,FLEECE,Armstrong,1,0,False,False,2025-09-08
sheer,NEAR,Armstrong,1,0,False,False,2025-09-08
sheerness,NEAR,Armstrong,1,0,False,False,2025-09-08
sheet,FLEECE,Armstrong,1,0,False,False,2025-09-08
sheeting,FLEECE,Armstrong,1,0,False,False,2025-09-08
sheffield,DRESS,Armstrong,1,0,False,False,2025-09-08
sheik,FACE,Armstrong,1,0,False,False,2025-09-08
sheikh,FACE,Armstrong,1,0,False,False,2025-09-08
sheila,COMMA,Armstrong,1,0,False,False,2025-09-08
shemozzle,LOT,Armstrong,1,0,False,False,2025-09-08
sherborne,NURSE,Armstrong,1,0,False,False,2025-09-08
sherbourne,CURE,Armstrong,1,0,False,False,2025-09-08
shere,NEAR,Armstrong,1,0,False,False,2025-09-08
sherlock,LOT NURSE,Armstrong,1,0,False,False,2025-09-08
sherman,NURSE,Armstrong,1,0,False,False,2025-09-08
sherpa,COMMA NURSE,Armstrong,1,0,False,False,2025-09-08
sherwin,NURSE,Armstrong,1,0,False,False,2025-09-08
sherwood,NURSE,Armstrong,1,0,False,False,2025-09-08
shibboleth,DRESS,Armstrong,1,0,False,False,2025-09-08
shift,KIT,Armstrong,1,0,False,False,2025-09-08
shijiazhuang,PALM,Armstrong,1,0,False,False,2025-09-08
shillibeer,NEAR,Armstrong,1,0,False,False,2025-09-08
shine,PRICE,Armstrong,1,0,False,False,2025-09-08
ship,KIT,Armstrong,1,0,False,False,2025-09-08
shipshape,FACE,Armstrong,1,0,False,False,2025-09-08
shiremoor,FORCE CURE,Armstrong,1,0,False,False,2025-09-08
shirley,NURSE,Armstrong,1,0,False,False,2025-09-08
shirt,NURSE,Armstrong,1,0,False,False,2025-09-08
shitload,GOAT,Armstrong,1,0,False,False,2025-09-08
shiva,COMMA,Armstrong,1,0,False,False,2025-09-08
shod,LOT,Armstrong,1,0,False,False,2025-09-08
shoe,GOOSE,Armstrong,1,0,False,False,2025-09-08
shoe-leather,DRESS,Armstrong,1,0,False,False,2025-09-08
shoeshine,GOOSE,Armstrong,1,0,False,False,2025-09-08
shogun,GOAT,Armstrong,1,0,False,False,2025-09-08
shook,FOOT,Armstrong,1,0,False,False,2025-09-08
shoot,GOOSE,Armstrong,1,0,False,False,2025-09-08
shop,LOT,Armstrong,1,0,False,False,2025-09-08
shop-boys,CHOICE,Armstrong,1,0,False,False,2025-09-08
shophar,GOAT,Armstrong,1,0,False,False,2025-09-08
shopkeeper,FLEECE,Armstrong,1,0,False,False,2025-09-08
shopper,LETTER,Armstrong,1,0,False,False,2025-09-08
shore,FORCE,Armstrong,1,0,False,False,2025-09-08
shoreline,FORCE,Armstrong,1,0,False,False,2025-09-08
short,NORTH,Armstrong,1,0,False,False,2025-09-08
short-circuit,NORTH,Armstrong,1,0,False,False,2025-09-08
short-crust,STRUT,Armstrong,1,0,False,False,2025-09-08
short-lived,FORCE,Armstrong,1,0,False,False,2025-09-08
shortcomings,STRUT,Armstrong,1,0,False,False,2025-09-08
shortcut,STRUT,Armstrong,1,0,False,False,2025-09-08
shoshanna,GOAT,Armstrong,1,0,False,False,2025-09-08
shoshone,GOAT,Armstrong,1,0,False,False,2025-09-08
shotgun,STRUT,Armstrong,1,0,False,False,2025-09-08
should,FOOT COMMA,Armstrong,1,0,False,False,2025-09-08
shoulder,LETTER,Armstrong,1,0,False,False,2025-09-08
shoulder-strap,TRAP,Armstrong,1,0,False,False,2025-09-08
shout,MOUTH,Armstrong,1,0,False,False,2025-09-08
shovel,STRUT,Armstrong,1,0,False,False,2025-09-08
show,GOAT,Armstrong,1,0,False,False,2025-09-08
show-jumping,GOAT,Armstrong,1,0,False,False,2025-09-08
show-stopping,GOAT,Armstrong,1,0,False,False,2025-09-08
show-window,GOAT,Armstrong,1,0,False,False,2025-09-08
showbiz,GOAT,Armstrong,1,0,False,False,2025-09-08
showboat,GOAT,Armstrong,1,0,False,False,2025-09-08
showcase,FACE GOAT,Armstrong,1,0,False,False,2025-09-08
showed,GOAT,Armstrong,1,0,False,False,2025-09-08
shower,MOUTH,Armstrong,1,0,False,False,2025-09-08
shower-baths,BATH,Armstrong,1,0,False,False,2025-09-08
showgirl,GOAT,Armstrong,1,0,False,False,2025-09-08
showground,GOAT,Armstrong,1,0,False,False,2025-09-08
showjumping,STRUT,Armstrong,1,0,False,False,2025-09-08
showman,GOAT,Armstrong,1,0,False,False,2025-09-08
shown,GOAT,Armstrong,1,0,False,False,2025-09-08
showroom,GOAT,Armstrong,1,0,False,False,2025-09-08
shows,GOAT,Armstrong,1,0,False,False,2025-09-08
shrew-mouse,MOUTH,Armstrong,1,0,False,False,2025-09-08
shrewsbury,GOAT,Armstrong,1,0,False,False,2025-09-08
shrink-wrap,TRAP,Armstrong,1,0,False,False,2025-09-08
shroud,MOUTH,Armstrong,1,0,False,False,2025-09-08
shrug,STRUT,Armstrong,1,0,False,False,2025-09-08
shrunk,STRUT,Armstrong,1,0,False,False,2025-09-08
shuffle,STRUT,Armstrong,1,0,False,False,2025-09-08
shufti,FOOT,Armstrong,1,0,False,False,2025-09-08
shush,FOOT,Armstrong,1,0,False,False,2025-09-08
shut,STRUT,Armstrong,1,0,False,False,2025-09-08
shutdown,STRUT,Armstrong,1,0,False,False,2025-09-08
shutter,STRUT,Armstrong,1,0,False,False,2025-09-08
shuttle,STRUT,Armstrong,1,0,False,False,2025-09-08
siberian,PRICE,Armstrong,1,0,False,False,2025-09-08
sibling,KIT,Armstrong,1,0,False,False,2025-09-08
sick,KIT,Armstrong,1,0,False,False,2025-09-08
side,PRICE,Armstrong,1,0,False,False,2025-09-08
sideboard,FORCE,Armstrong,1,0,False,False,2025-09-08
sidewalk,THOUGHT,Armstrong,1,0,False,False,2025-09-08
siegmund,FOOT,Armstrong,1,0,False,False,2025-09-08
sienna,COMMA,Armstrong,1,0,False,False,2025-09-08
sierra,SQUARE COMMA,Armstrong,1,0,False,False,2025-09-08
sigh,PRICE,Armstrong,1,0,False,False,2025-09-08
sighs,PRICE,Armstrong,1,0,False,False,2025-09-08
sight,PRICE,Armstrong,1,0,False,False,2025-09-08
sightseeing,PRICE,Armstrong,1,0,False,False,2025-09-08
sigma,COMMA,Armstrong,1,0,False,False,2025-09-08
sign,PRICE,Armstrong,1,0,False,False,2025-09-08
signage,PRICE,Armstrong,1,0,False,False,2025-09-08
signal,KIT,Armstrong,1,0,False,False,2025-09-08
signature,KIT COMMA,Armstrong,1,0,False,False,2025-09-08
significant,KIT,Armstrong,1,0,False,False,2025-09-08
signifies,PRICE,Armstrong,1,0,False,False,2025-09-08
signors,NORTH,Armstrong,1,0,False,False,2025-09-08
signposted,PRICE,Armstrong,1,0,False,False,2025-09-08
sigourney,FORCE,Armstrong,1,0,False,False,2025-09-08
silence,PRICE,Armstrong,1,0,False,False,2025-09-08
silent,PRICE,Armstrong,1,0,False,False,2025-09-08
silicone,GOAT,Armstrong,1,0,False,False,2025-09-08
siliqua,COMMA,Armstrong,1,0,False,False,2025-09-08
silky,HAPPY,Armstrong,1,0,False,False,2025-09-08
silver,KIT LETTER COMMA,Armstrong,1,0,False,False,2025-09-08
silverman,LETTER,Armstrong,1,0,False,False,2025-09-08
silverstone,GOAT,Armstrong,1,0,False,False,2025-09-08
silverware,SQUARE,Armstrong,1,0,False,False,2025-09-08
silvie,HAPPY,Armstrong,1,0,False,False,2025-09-08
simba,COMMA,Armstrong,1,0,False,False,2025-09-08
similar,LETTER COMMA,Armstrong,1,0,False,False,2025-09-08
similarly,LETTER,Armstrong,1,0,False,False,2025-09-08
simon,PRICE,Armstrong,1,0,False,False,2025-09-08
sinatra,PALM,Armstrong,1,0,False,False,2025-09-08
sincere,NEAR,Armstrong,1,0,False,False,2025-09-08
sincerely,NEAR,Armstrong,1,0,False,False,2025-09-08
sinclair,SQUARE,Armstrong,1,0,False,False,2025-09-08
sinead,FACE,Armstrong,1,0,False,False,2025-09-08
sinecure,CURE,Armstrong,1,0,False,False,2025-09-08
singapore,FORCE COMMA,Armstrong,1,0,False,False,2025-09-08
singer,(LETTER),Armstrong,1,0,False,False,2025-09-08
sinhala,PALM,Armstrong,1,0,False,False,2025-09-08
siphon,PRICE,Armstrong,1,0,False,False,2025-09-08
sir,LETTER NURSE,Armstrong,1,0,False,False,2025-09-08
siracusa,COMMA,Armstrong,1,0,False,False,2025-09-08
sirloin,CHOICE NURSE,Armstrong,1,0,False,False,2025-09-08
sirs,NURSE,Armstrong,1,0,False,False,2025-09-08
sister,KIT,Armstrong,1,0,False,False,2025-09-08
sistine,FLEECE,Armstrong,1,0,False,False,2025-09-08
sit,KIT,Armstrong,1,0,False,False,2025-09-08
sitcom,LOT,Armstrong,1,0,False,False,2025-09-08
site,PRICE,Armstrong,1,0,False,False,2025-09-08
sittingbourne,FORCE,Armstrong,1,0,False,False,2025-09-08
situated,GOOSE,Armstrong,1,0,False,False,2025-09-08
situation,KIT GOOSE,Armstrong,1,0,False,False,2025-09-08
situationality,FACE,Armstrong,1,0,False,False,2025-09-08
six,KIT,Armstrong,1,0,False,False,2025-09-08
size,PRICE,Armstrong,1,0,False,False,2025-09-08
ska,PALM,Armstrong,1,0,False,False,2025-09-08
skateboard,FORCE,Armstrong,1,0,False,False,2025-09-08
skegness,DRESS,Armstrong,1,0,False,False,2025-09-08
skelmanthorpe,NORTH,Armstrong,1,0,False,False,2025-09-08
sketch,DRESS,Armstrong,1,0,False,False,2025-09-08
sketchers,DRESS,Armstrong,1,0,False,False,2025-09-08
skew,GOOSE,Armstrong,1,0,False,False,2025-09-08
skew-whiff,GOOSE,Armstrong,1,0,False,False,2025-09-08
skewbald,THOUGHT,Armstrong,1,0,False,False,2025-09-08
skewed,GOOSE,Armstrong,1,0,False,False,2025-09-08
skewer,GOOSE,Armstrong,1,0,False,False,2025-09-08
ski,FLEECE,Armstrong,1,0,False,False,2025-09-08
ski-jump,STRUT,Armstrong,1,0,False,False,2025-09-08
skibob,LOT FLEECE,Armstrong,1,0,False,False,2025-09-08
skies,PRICE,Armstrong,1,0,False,False,2025-09-08
skijoring,FLEECE,Armstrong,1,0,False,False,2025-09-08
skills,KIT,Armstrong,1,0,False,False,2025-09-08
skin-tight,PRICE,Armstrong,1,0,False,False,2025-09-08
skip,KIT,Armstrong,1,0,False,False,2025-09-08
skirt,NURSE,Armstrong,1,0,False,False,2025-09-08
skiwear,SQUARE,Armstrong,1,0,False,False,2025-09-08
skull,STRUT,Armstrong,1,0,False,False,2025-09-08
skuzzy,STRUT,Armstrong,1,0,False,False,2025-09-08
sky,PRICE,Armstrong,1,0,False,False,2025-09-08
sky-blue,PRICE,Armstrong,1,0,False,False,2025-09-08
sky-high,PRICE,Armstrong,1,0,False,False,2025-09-08
skydiving,PRICE,Armstrong,1,0,False,False,2025-09-08
skyjack,PRICE,Armstrong,1,0,False,False,2025-09-08
skylab,TRAP,Armstrong,1,0,False,False,2025-09-08
skylark,START,Armstrong,1,0,False,False,2025-09-08
skylight,PRICE,Armstrong,1,0,False,False,2025-09-08
skyline,PRICE,Armstrong,1,0,False,False,2025-09-08
skype,PRICE,Armstrong,1,0,False,False,2025-09-08
skyscraper,FACE LETTER,Armstrong,1,0,False,False,2025-09-08
skywalker,THOUGHT PRICE,Armstrong,1,0,False,False,2025-09-08
skyward,PRICE,Armstrong,1,0,False,False,2025-09-08
slade,FACE,Armstrong,1,0,False,False,2025-09-08
slagheap,FLEECE,Armstrong,1,0,False,False,2025-09-08
slapdash,TRAP,Armstrong,1,0,False,False,2025-09-08
slather,TRAP,Armstrong,1,0,False,False,2025-09-08
slave,FACE,Armstrong,1,0,False,False,2025-09-08
slazenger,TRAP,Armstrong,1,0,False,False,2025-09-08
sleek,FLEECE,Armstrong,1,0,False,False,2025-09-08
sleep,FLEECE,Armstrong,1,0,False,False,2025-09-08
sleepeezee,HAPPY,Armstrong,1,0,False,False,2025-09-08
sleeper,LETTER,Armstrong,1,0,False,False,2025-09-08
sleeping-bag,TRAP,Armstrong,1,0,False,False,2025-09-08
sleepwalking,THOUGHT,Armstrong,1,0,False,False,2025-09-08
sleepy,FLEECE,Armstrong,1,0,False,False,2025-09-08
sleet,FLEECE,Armstrong,1,0,False,False,2025-09-08
sleigh-bells,FACE,Armstrong,1,0,False,False,2025-09-08
sleight,PRICE,Armstrong,1,0,False,False,2025-09-08
sleipnir,FACE,Armstrong,1,0,False,False,2025-09-08
sleuth,GOOSE,Armstrong,1,0,False,False,2025-09-08
slice,PRICE,Armstrong,1,0,False,False,2025-09-08
slide,PRICE,Armstrong,1,0,False,False,2025-09-08
slight,PRICE,Armstrong,1,0,False,False,2025-09-08
sligo,PRICE,Armstrong,1,0,False,False,2025-09-08
slimmer,LETTER,Armstrong,1,0,False,False,2025-09-08
slinger,LETTER,Armstrong,1,0,False,False,2025-09-08
slip-coach,GOAT,Armstrong,1,0,False,False,2025-09-08
slipcover,STRUT,Armstrong,1,0,False,False,2025-09-08
slips,KIT,Armstrong,1,0,False,False,2025-09-08
slipstream,FLEECE,Armstrong,1,0,False,False,2025-09-08
slithered,KIT,Armstrong,1,0,False,False,2025-09-08
sliwa,COMMA,Armstrong,1,0,False,False,2025-09-08
sloe-gin,GOAT,Armstrong,1,0,False,False,2025-09-08
slog,CLOTH,Armstrong,1,0,False,False,2025-09-08
slogan,GOAT,Armstrong,1,0,False,False,2025-09-08
slogging,LOT,Armstrong,1,0,False,False,2025-09-08
slope,GOAT,Armstrong,1,0,False,False,2025-09-08
slotted,LOT,Armstrong,1,0,False,False,2025-09-08
slouch,MOUTH,Armstrong,1,0,False,False,2025-09-08
slouch-hat,MOUTH,Armstrong,1,0,False,False,2025-09-08
slovak,GOAT,Armstrong,1,0,False,False,2025-09-08
slovakia,COMMA,Armstrong,1,0,False,False,2025-09-08
slovenia,COMMA,Armstrong,1,0,False,False,2025-09-08
slovenly,STRUT,Armstrong,1,0,False,False,2025-09-08
slow-motion,GOAT,Armstrong,1,0,False,False,2025-09-08
slow-worm,GOAT,Armstrong,1,0,False,False,2025-09-08
slowcoach,GOAT,Armstrong,1,0,False,False,2025-09-08
slowly,GOAT,Armstrong,1,0,False,False,2025-09-08
slowpoke,GOAT,Armstrong,1,0,False,False,2025-09-08
slows,GOAT,Armstrong,1,0,False,False,2025-09-08
sludge,STRUT,Armstrong,1,0,False,False,2025-09-08
slug,STRUT,Armstrong,1,0,False,False,2025-09-08
slumdog,LOT,Armstrong,1,0,False,False,2025-09-08
slur,NURSE,Armstrong,1,0,False,False,2025-09-08
slurry,STRUT,Armstrong,1,0,False,False,2025-09-08
slurs,NURSE,Armstrong,1,0,False,False,2025-09-08
slush,STRUT,Armstrong,1,0,False,False,2025-09-08
slytherin,KIT,Armstrong,1,0,False,False,2025-09-08
small,THOUGHT,Armstrong,1,0,False,False,2025-09-08
smaller,LETTER,Armstrong,1,0,False,False,2025-09-08
smart,START,Armstrong,1,0,False,False,2025-09-08
smash,TRAP,Armstrong,1,0,False,False,2025-09-08
smear,NEAR,Armstrong,1,0,False,False,2025-09-08
smear-words,NEAR,Armstrong,1,0,False,False,2025-09-08
smee,HAPPY,Armstrong,1,0,False,False,2025-09-08
smethwick,DRESS,Armstrong,1,0,False,False,2025-09-08
smile,PRICE,Armstrong,1,0,False,False,2025-09-08
smith,KIT,Armstrong,1,0,False,False,2025-09-08
smithereens,KIT,Armstrong,1,0,False,False,2025-09-08
smithy,KIT HAPPY,Armstrong,1,0,False,False,2025-09-08
smog,CLOTH,Armstrong,1,0,False,False,2025-09-08
smoke,GOAT,Armstrong,1,0,False,False,2025-09-08
smoke-cured,CURE,Armstrong,1,0,False,False,2025-09-08
smoking,GOAT,Armstrong,1,0,False,False,2025-09-08
smooch,GOOSE,Armstrong,1,0,False,False,2025-09-08
smooth-tongued,STRUT,Armstrong,1,0,False,False,2025-09-08
smooths,GOOSE,Armstrong,1,0,False,False,2025-09-08
smorgasbord,NORTH,Armstrong,1,0,False,False,2025-09-08
smother,STRUT,Armstrong,1,0,False,False,2025-09-08
sms,DRESS,Armstrong,1,0,False,False,2025-09-08
smudge,STRUT,Armstrong,1,0,False,False,2025-09-08
smuggler,STRUT,Armstrong,1,0,False,False,2025-09-08
smurfs,NURSE,Armstrong,1,0,False,False,2025-09-08
smythe,PRICE,Armstrong,1,0,False,False,2025-09-08
snaefell,FACE,Armstrong,1,0,False,False,2025-09-08
snafu,TRAP,Armstrong,1,0,False,False,2025-09-08
snail,FACE,Armstrong,1,0,False,False,2025-09-08
snaith,FACE,Armstrong,1,0,False,False,2025-09-08
snake,FACE,Armstrong,1,0,False,False,2025-09-08
snap,TRAP,Armstrong,1,0,False,False,2025-09-08
snapdragon,TRAP,Armstrong,1,0,False,False,2025-09-08
snape,FACE,Armstrong,1,0,False,False,2025-09-08
snapshot,TRAP LOT,Armstrong,1,0,False,False,2025-09-08
snare-drum,STRUT SQUARE,Armstrong,1,0,False,False,2025-09-08
sneak,FLEECE,Armstrong,1,0,False,False,2025-09-08
sneaky,HAPPY,Armstrong,1,0,False,False,2025-09-08
sniper,PRICE,Armstrong,1,0,False,False,2025-09-08
sno-cat,TRAP,Armstrong,1,0,False,False,2025-09-08
snoop,GOOSE,Armstrong,1,0,False,False,2025-09-08
snooze,GOOSE,Armstrong,1,0,False,False,2025-09-08
snorkel,NORTH,Armstrong,1,0,False,False,2025-09-08
snort,NORTH,Armstrong,1,0,False,False,2025-09-08
snow,GOAT,Armstrong,1,0,False,False,2025-09-08
snow-capped,GOAT,Armstrong,1,0,False,False,2025-09-08
snow-covered,STRUT,Armstrong,1,0,False,False,2025-09-08
snow-white,GOAT PRICE,Armstrong,1,0,False,False,2025-09-08
snowboard,GOAT FORCE,Armstrong,1,0,False,False,2025-09-08
snowden,GOAT,Armstrong,1,0,False,False,2025-09-08
snowdonia,GOAT,Armstrong,1,0,False,False,2025-09-08
snowdrops,LOT,Armstrong,1,0,False,False,2025-09-08
snowfall,GOAT,Armstrong,1,0,False,False,2025-09-08
snowfield,GOAT,Armstrong,1,0,False,False,2025-09-08
snowflake,GOAT,Armstrong,1,0,False,False,2025-09-08
snowman,GOAT,Armstrong,1,0,False,False,2025-09-08
snowmelt,GOAT,Armstrong,1,0,False,False,2025-09-08
snowmobile,GOAT,Armstrong,1,0,False,False,2025-09-08
snowplough,MOUTH,Armstrong,1,0,False,False,2025-09-08
snowplow,MOUTH,Armstrong,1,0,False,False,2025-09-08
snows,GOAT,Armstrong,1,0,False,False,2025-09-08
snowshoes,GOAT,Armstrong,1,0,False,False,2025-09-08
snowstorm,GOAT,Armstrong,1,0,False,False,2025-09-08
snuff,STRUT,Armstrong,1,0,False,False,2025-09-08
snug,STRUT,Armstrong,1,0,False,False,2025-09-08
snuggle,STRUT,Armstrong,1,0,False,False,2025-09-08
so-so,GOAT,Armstrong,1,0,False,False,2025-09-08
soak,GOAT,Armstrong,1,0,False,False,2025-09-08
soap,GOAT,Armstrong,1,0,False,False,2025-09-08
soapsuds,STRUT,Armstrong,1,0,False,False,2025-09-08
soar,START FORCE,Armstrong,1,0,False,False,2025-09-08
soaraway,FORCE,Armstrong,1,0,False,False,2025-09-08
soared,FORCE,Armstrong,1,0,False,False,2025-09-08
soaring,FORCE,Armstrong,1,0,False,False,2025-09-08
sober,GOAT,Armstrong,1,0,False,False,2025-09-08
soccer,LETTER,Armstrong,1,0,False,False,2025-09-08
social,GOAT,Armstrong,1,0,False,False,2025-09-08
socialite,PRICE,Armstrong,1,0,False,False,2025-09-08
society,PRICE COMMA,Armstrong,1,0,False,False,2025-09-08
sociology,COMMA,Armstrong,1,0,False,False,2025-09-08
sociopath,TRAP,Armstrong,1,0,False,False,2025-09-08
soda,GOAT COMMA,Armstrong,1,0,False,False,2025-09-08
sodium,GOAT,Armstrong,1,0,False,False,2025-09-08
sofa,GOAT COMMA,Armstrong,1,0,False,False,2025-09-08
sofas,COMMA,Armstrong,1,0,False,False,2025-09-08
sofia,COMMA,Armstrong,1,0,False,False,2025-09-08
soft,CLOTH,Armstrong,1,0,False,False,2025-09-08
soft-boiled,CHOICE,Armstrong,1,0,False,False,2025-09-08
software,SQUARE,Armstrong,1,0,False,False,2025-09-08
soggy,LOT HAPPY,Armstrong,1,0,False,False,2025-09-08
soil,CHOICE,Armstrong,1,0,False,False,2025-09-08
solar,GOAT LETTER,Armstrong,1,0,False,False,2025-09-08
solaris,START,Armstrong,1,0,False,False,2025-09-08
sold,GOAT,Armstrong,1,0,False,False,2025-09-08
soldering-iron,PRICE,Armstrong,1,0,False,False,2025-09-08
soldier,LETTER,Armstrong,1,0,False,False,2025-09-08
sole,GOAT,Armstrong,1,0,False,False,2025-09-08
solenoid,CHOICE,Armstrong,1,0,False,False,2025-09-08
solid,KIT,Armstrong,1,0,False,False,2025-09-08
solitaire,SQUARE,Armstrong,1,0,False,False,2025-09-08
solitude,GOOSE,Armstrong,1,0,False,False,2025-09-08
solo,GOAT,Armstrong,1,0,False,False,2025-09-08
solomon,LOT,Armstrong,1,0,False,False,2025-09-08
solubility,FOOT,Armstrong,1,0,False,False,2025-09-08
solution,GOOSE,Armstrong,1,0,False,False,2025-09-08
solving,LOT,Armstrong,1,0,False,False,2025-09-08
soma,GOAT COMMA,Armstrong,1,0,False,False,2025-09-08
somali,PALM,Armstrong,1,0,False,False,2025-09-08
somalia,PALM,Armstrong,1,0,False,False,2025-09-08
sombrero,LOT,Armstrong,1,0,False,False,2025-09-08
some,STRUT COMMA,Armstrong,1,0,False,False,2025-09-08
somebody,STRUT,Armstrong,1,0,False,False,2025-09-08
somehow,STRUT MOUTH,Armstrong,1,0,False,False,2025-09-08
someone,STRUT,Armstrong,1,0,False,False,2025-09-08
somersault,THOUGHT,Armstrong,1,0,False,False,2025-09-08
somerset,DRESS STRUT LETTER,Armstrong,1,0,False,False,2025-09-08
somerville,LETTER,Armstrong,1,0,False,False,2025-09-08
something,STRUT,Armstrong,1,0,False,False,2025-09-08
sometimes,STRUT PRICE,Armstrong,1,0,False,False,2025-09-08
somewhat,LOT STRUT,Armstrong,1,0,False,False,2025-09-08
somewhere,STRUT SQUARE,Armstrong,1,0,False,False,2025-09-08
sommelier,LOT,Armstrong,1,0,False,False,2025-09-08
son,STRUT,Armstrong,1,0,False,False,2025-09-08
sonata,PALM,Armstrong,1,0,False,False,2025-09-08
song,CLOTH,Armstrong,1,0,False,False,2025-09-08
songwriter,PRICE,Armstrong,1,0,False,False,2025-09-08
sony,GOAT,Armstrong,1,0,False,False,2025-09-08
soon,GOOSE,Armstrong,1,0,False,False,2025-09-08
soot,FOOT,Armstrong,1,0,False,False,2025-09-08
sooth,GOOSE,Armstrong,1,0,False,False,2025-09-08
soothes,GOOSE,Armstrong,1,0,False,False,2025-09-08
soothsayer,GOOSE,Armstrong,1,0,False,False,2025-09-08
sophia,FLEECE NEAR,Armstrong,1,0,False,False,2025-09-08
sophie,GOAT HAPPY,Armstrong,1,0,False,False,2025-09-08
sophisticated,COMMA,Armstrong,1,0,False,False,2025-09-08
sophronia,GOAT,Armstrong,1,0,False,False,2025-09-08
sorbet,NORTH,Armstrong,1,0,False,False,2025-09-08
sorbitol,LOT NORTH,Armstrong,1,0,False,False,2025-09-08
sorbonne,NORTH,Armstrong,1,0,False,False,2025-09-08
sorcerer,LETTER,Armstrong,1,0,False,False,2025-09-08
sore,FORCE,Armstrong,1,0,False,False,2025-09-08
sorghum,NORTH,Armstrong,1,0,False,False,2025-09-08
sorrel,(CLOTH),Armstrong,1,0,False,False,2025-09-08
sorrow,(CLOTH),Armstrong,1,0,False,False,2025-09-08
sorrowful,GOAT,Armstrong,1,0,False,False,2025-09-08
sorry,(CLOTH),Armstrong,1,0,False,False,2025-09-08
sort,NORTH,Armstrong,1,0,False,False,2025-09-08
sortie,HAPPY,Armstrong,1,0,False,False,2025-09-08
sotheby,STRUT,Armstrong,1,0,False,False,2025-09-08
soubrette,GOOSE,Armstrong,1,0,False,False,2025-09-08
souffle,GOOSE,Armstrong,1,0,False,False,2025-09-08
sought-after,THOUGHT,Armstrong,1,0,False,False,2025-09-08
soul,GOAT,Armstrong,1,0,False,False,2025-09-08
sound,MOUTH,Armstrong,1,0,False,False,2025-09-08
soundproofing,GOOSE,Armstrong,1,0,False,False,2025-09-08
soundtrack,TRAP,Armstrong,1,0,False,False,2025-09-08
soup,GOOSE,Armstrong,1,0,False,False,2025-09-08
sour,MOUTH,Armstrong,1,0,False,False,2025-09-08
source,FORCE,Armstrong,1,0,False,False,2025-09-08
sourdine,FORCE CURE,Armstrong,1,0,False,False,2025-09-08
sourer,MOUTH,Armstrong,1,0,False,False,2025-09-08
souring,MOUTH,Armstrong,1,0,False,False,2025-09-08
south,MOUTH,Armstrong,1,0,False,False,2025-09-08
southall,THOUGHT,Armstrong,1,0,False,False,2025-09-08
southampton,TRAP MOUTH,Armstrong,1,0,False,False,2025-09-08
southbound,MOUTH,Armstrong,1,0,False,False,2025-09-08
southeast,MOUTH,Armstrong,1,0,False,False,2025-09-08
southeastern,MOUTH,Armstrong,1,0,False,False,2025-09-08
southeastward,MOUTH,Armstrong,1,0,False,False,2025-09-08
southern,STRUT LETTER,Armstrong,1,0,False,False,2025-09-08
southerners,STRUT,Armstrong,1,0,False,False,2025-09-08
southey,HAPPY (STRUT) (MOUTH),Armstrong,1,0,False,False,2025-09-08
southgate,MOUTH,Armstrong,1,0,False,False,2025-09-08
southpaws,THOUGHT,Armstrong,1,0,False,False,2025-09-08
southport,MOUTH FORCE,Armstrong,1,0,False,False,2025-09-08
southsea,HAPPY,Armstrong,1,0,False,False,2025-09-08
southward,MOUTH,Armstrong,1,0,False,False,2025-09-08
southwark,STRUT,Armstrong,1,0,False,False,2025-09-08
southwell,MOUTH,Armstrong,1,0,False,False,2025-09-08
southwest,MOUTH,Armstrong,1,0,False,False,2025-09-08
southwesterly,MOUTH,Armstrong,1,0,False,False,2025-09-08
souvenir,GOOSE,Armstrong,1,0,False,False,2025-09-08
souvenirs,NEAR,Armstrong,1,0,False,False,2025-09-08
souza,COMMA,Armstrong,1,0,False,False,2025-09-08
sovereign,LOT,Armstrong,1,0,False,False,2025-09-08
soviet,(GOAT) (LOT),Armstrong,1,0,False,False,2025-09-08
sow,GOAT MOUTH,Armstrong,1,0,False,False,2025-09-08
sow-bread,MOUTH,Armstrong,1,0,False,False,2025-09-08
soy,CHOICE,Armstrong,1,0,False,False,2025-09-08
soya,CHOICE,Armstrong,1,0,False,False,2025-09-08
soybean,FLEECE CHOICE,Armstrong,1,0,False,False,2025-09-08
soyuz,GOOSE,Armstrong,1,0,False,False,2025-09-08
spa,PALM,Armstrong,1,0,False,False,2025-09-08
space,FACE,Armstrong,1,0,False,False,2025-09-08
space-heater,FLEECE,Armstrong,1,0,False,False,2025-09-08
spacefarer,SQUARE,Armstrong,1,0,False,False,2025-09-08
spacious,FACE,Armstrong,1,0,False,False,2025-09-08
spaghetti,HAPPY,Armstrong,1,0,False,False,2025-09-08
spain,FACE,Armstrong,1,0,False,False,2025-09-08
spalding,THOUGHT,Armstrong,1,0,False,False,2025-09-08
spandau,MOUTH,Armstrong,1,0,False,False,2025-09-08
spanish,TRAP,Armstrong,1,0,False,False,2025-09-08
spar,START,Armstrong,1,0,False,False,2025-09-08
spare,SQUARE,Armstrong,1,0,False,False,2025-09-08
spared,SQUARE,Armstrong,1,0,False,False,2025-09-08
sparely,SQUARE,Armstrong,1,0,False,False,2025-09-08
spareness,SQUARE,Armstrong,1,0,False,False,2025-09-08
spares,SQUARE,Armstrong,1,0,False,False,2025-09-08
sparing,SQUARE,Armstrong,1,0,False,False,2025-09-08
spark,START,Armstrong,1,0,False,False,2025-09-08
sparkler,START,Armstrong,1,0,False,False,2025-09-08
sparkling,START,Armstrong,1,0,False,False,2025-09-08
sparkplug,STRUT,Armstrong,1,0,False,False,2025-09-08
sparrows,GOAT,Armstrong,1,0,False,False,2025-09-08
sparse,START,Armstrong,1,0,False,False,2025-09-08
spasticity,TRAP,Armstrong,1,0,False,False,2025-09-08
spathe,FACE,Armstrong,1,0,False,False,2025-09-08
spatial,FACE,Armstrong,1,0,False,False,2025-09-08
speak,FLEECE,Armstrong,1,0,False,False,2025-09-08
speaker,FLEECE LETTER,Armstrong,1,0,False,False,2025-09-08
spear,NEAR,Armstrong,1,0,False,False,2025-09-08
spears,NEAR,Armstrong,1,0,False,False,2025-09-08
spearwort,NEAR,Armstrong,1,0,False,False,2025-09-08
special,DRESS,Armstrong,1,0,False,False,2025-09-08
specialist,DRESS (COMMA),Armstrong,1,0,False,False,2025-09-08
speciality,DRESS (FLEECE) (HAPPY),Armstrong,1,0,False,False,2025-09-08
specialized,PRICE,Armstrong,1,0,False,False,2025-09-08
specie,HAPPY,Armstrong,1,0,False,False,2025-09-08
specific,KIT COMMA,Armstrong,1,0,False,False,2025-09-08
specified,PRICE,Armstrong,1,0,False,False,2025-09-08
specify,PRICE,Armstrong,1,0,False,False,2025-09-08
spectacle,COMMA,Armstrong,1,0,False,False,2025-09-08
spectacular,DRESS FOOT LETTER (COMMA),Armstrong,1,0,False,False,2025-09-08
speech,FLEECE,Armstrong,1,0,False,False,2025-09-08
speed,FLEECE,Armstrong,1,0,False,False,2025-09-08
speedometer,(FLEECE),Armstrong,1,0,False,False,2025-09-08
speir,NEAR,Armstrong,1,0,False,False,2025-09-08
spencer,LETTER,Armstrong,1,0,False,False,2025-09-08
spennymoor,FORCE CURE,Armstrong,1,0,False,False,2025-09-08
spew,GOOSE,Armstrong,1,0,False,False,2025-09-08
spewed,GOOSE,Armstrong,1,0,False,False,2025-09-08
sphenoidal,FLEECE CHOICE,Armstrong,1,0,False,False,2025-09-08
sphere,NEAR,Armstrong,1,0,False,False,2025-09-08
spice,PRICE,Armstrong,1,0,False,False,2025-09-08
spicy,PRICE,Armstrong,1,0,False,False,2025-09-08
spiderweb,DRESS,Armstrong,1,0,False,False,2025-09-08
spike,PRICE,Armstrong,1,0,False,False,2025-09-08
spinoza,COMMA,Armstrong,1,0,False,False,2025-09-08
spiral,PRICE,Armstrong,1,0,False,False,2025-09-08
spiritual,KIT,Armstrong,1,0,False,False,2025-09-08
spirituality,KIT,Armstrong,1,0,False,False,2025-09-08
spirograph,GOAT,Armstrong,1,0,False,False,2025-09-08
spitfire,PRICE,Armstrong,1,0,False,False,2025-09-08
splash,TRAP,Armstrong,1,0,False,False,2025-09-08
splayfoot,FACE,Armstrong,1,0,False,False,2025-09-08
split,KIT,Armstrong,1,0,False,False,2025-09-08
sploshing,LOT,Armstrong,1,0,False,False,2025-09-08
splurge,NURSE,Armstrong,1,0,False,False,2025-09-08
spoiler,CHOICE,Armstrong,1,0,False,False,2025-09-08
spoilt,CHOICE,Armstrong,1,0,False,False,2025-09-08
spoke,GOAT,Armstrong,1,0,False,False,2025-09-08
spokespeople,FLEECE,Armstrong,1,0,False,False,2025-09-08
spokeswoman,FOOT,Armstrong,1,0,False,False,2025-09-08
sponsor,LETTER,Armstrong,1,0,False,False,2025-09-08
sponsorship,LETTER,Armstrong,1,0,False,False,2025-09-08
spoof,GOOSE,Armstrong,1,0,False,False,2025-09-08
spooky,GOOSE,Armstrong,1,0,False,False,2025-09-08
spoon,GOOSE,Armstrong,1,0,False,False,2025-09-08
spoor,CURE (FORCE),Armstrong,1,0,False,False,2025-09-08
spoors,CURE,Armstrong,1,0,False,False,2025-09-08
spore,FORCE,Armstrong,1,0,False,False,2025-09-08
sport,FORCE,Armstrong,1,0,False,False,2025-09-08
sportswear,SQUARE,Armstrong,1,0,False,False,2025-09-08
spot-on,LOT,Armstrong,1,0,False,False,2025-09-08
spotlight,PRICE,Armstrong,1,0,False,False,2025-09-08
spotting,LOT,Armstrong,1,0,False,False,2025-09-08
spouse,MOUTH,Armstrong,1,0,False,False,2025-09-08
sprays,FACE,Armstrong,1,0,False,False,2025-09-08
spread,DRESS,Armstrong,1,0,False,False,2025-09-08
spreadsheet,FLEECE,Armstrong,1,0,False,False,2025-09-08
springer,LETTER,Armstrong,1,0,False,False,2025-09-08
springsteen,FLEECE,Armstrong,1,0,False,False,2025-09-08
springy,HAPPY,Armstrong,1,0,False,False,2025-09-08
spruce,GOOSE,Armstrong,1,0,False,False,2025-09-08
spuds,STRUT,Armstrong,1,0,False,False,2025-09-08
spur,NURSE,Armstrong,1,0,False,False,2025-09-08
spur-of-the-moment,NURSE,Armstrong,1,0,False,False,2025-09-08
spuriousness,GOOSE,Armstrong,1,0,False,False,2025-09-08
spurs,NURSE,Armstrong,1,0,False,False,2025-09-08
spy,PRICE,Armstrong,1,0,False,False,2025-09-08
spyglass,PRICE,Armstrong,1,0,False,False,2025-09-08
square,SQUARE,Armstrong,1,0,False,False,2025-09-08
square-shouldered,SQUARE,Armstrong,1,0,False,False,2025-09-08
square-toed,SQUARE,Armstrong,1,0,False,False,2025-09-08
squared,SQUARE,Armstrong,1,0,False,False,2025-09-08
squarely,SQUARE,Armstrong,1,0,False,False,2025-09-08
squareness,SQUARE,Armstrong,1,0,False,False,2025-09-08
squares,SQUARE,Armstrong,1,0,False,False,2025-09-08
squawk,THOUGHT,Armstrong,1,0,False,False,2025-09-08
squeaky,FLEECE,Armstrong,1,0,False,False,2025-09-08
squeaky-clean,FLEECE,Armstrong,1,0,False,False,2025-09-08
squeamish,FLEECE,Armstrong,1,0,False,False,2025-09-08
squeegee,FLEECE HAPPY,Armstrong,1,0,False,False,2025-09-08
squishy,HAPPY,Armstrong,1,0,False,False,2025-09-08
srebrenica,COMMA,Armstrong,1,0,False,False,2025-09-08
stab,TRAP,Armstrong,1,0,False,False,2025-09-08
stability,COMMA,Armstrong,1,0,False,False,2025-09-08
stabilize,FACE,Armstrong,1,0,False,False,2025-09-08
stable,FACE,Armstrong,1,0,False,False,2025-09-08
staccato,PALM,Armstrong,1,0,False,False,2025-09-08
stacey,HAPPY,Armstrong,1,0,False,False,2025-09-08
stacy,FACE,Armstrong,1,0,False,False,2025-09-08
stadium,FACE,Armstrong,1,0,False,False,2025-09-08
staff,BATH,Armstrong,1,0,False,False,2025-09-08
staffing,BATH,Armstrong,1,0,False,False,2025-09-08
stafford,TRAP,Armstrong,1,0,False,False,2025-09-08
staffordshire,TRAP,Armstrong,1,0,False,False,2025-09-08
stag,TRAP,Armstrong,1,0,False,False,2025-09-08
stage,FACE,Armstrong,1,0,False,False,2025-09-08
stagecoach,FACE GOAT,Armstrong,1,0,False,False,2025-09-08
stagger,TRAP,Armstrong,1,0,False,False,2025-09-08
stainforth,NORTH FORCE,Armstrong,1,0,False,False,2025-09-08
stainless,FACE,Armstrong,1,0,False,False,2025-09-08
stair,SQUARE,Armstrong,1,0,False,False,2025-09-08
stair-carpet,SQUARE START,Armstrong,1,0,False,False,2025-09-08
staircase,SQUARE,Armstrong,1,0,False,False,2025-09-08
stairs,SQUARE,Armstrong,1,0,False,False,2025-09-08
stairway,SQUARE,Armstrong,1,0,False,False,2025-09-08
stairwell,SQUARE,Armstrong,1,0,False,False,2025-09-08
stake,FACE,Armstrong,1,0,False,False,2025-09-08
stakeholder,FACE GOAT,Armstrong,1,0,False,False,2025-09-08
stale,FACE,Armstrong,1,0,False,False,2025-09-08
stalin,PALM,Armstrong,1,0,False,False,2025-09-08
stalking,THOUGHT,Armstrong,1,0,False,False,2025-09-08
stance,BATH,Armstrong,1,0,False,False,2025-09-08
stand-up,STRUT,Armstrong,1,0,False,False,2025-09-08
standard,TRAP LETTER,Armstrong,1,0,False,False,2025-09-08
standby,PRICE,Armstrong,1,0,False,False,2025-09-08
standee,HAPPY,Armstrong,1,0,False,False,2025-09-08
stansted,DRESS,Armstrong,1,0,False,False,2025-09-08
stanza,COMMA,Armstrong,1,0,False,False,2025-09-08
staple,FACE,Armstrong,1,0,False,False,2025-09-08
stapleton,FACE,Armstrong,1,0,False,False,2025-09-08
star,START,Armstrong,1,0,False,False,2025-09-08
star-gazer,FACE,Armstrong,1,0,False,False,2025-09-08
star-studded,STRUT,Armstrong,1,0,False,False,2025-09-08
starboard,START,Armstrong,1,0,False,False,2025-09-08
starbucks,STRUT START,Armstrong,1,0,False,False,2025-09-08
starch,START,Armstrong,1,0,False,False,2025-09-08
stardust,STRUT,Armstrong,1,0,False,False,2025-09-08
stares,SQUARE,Armstrong,1,0,False,False,2025-09-08
starfish,START,Armstrong,1,0,False,False,2025-09-08
staring,SQUARE,Armstrong,1,0,False,False,2025-09-08
starlet,START,Armstrong,1,0,False,False,2025-09-08
starring,START,Armstrong,1,0,False,False,2025-09-08
starship,START,Armstrong,1,0,False,False,2025-09-08
start,START,Armstrong,1,0,False,False,2025-09-08
starvation,START,Armstrong,1,0,False,False,2025-09-08
starved,START,Armstrong,1,0,False,False,2025-09-08
starveling,START,Armstrong,1,0,False,False,2025-09-08
starwort,START,Armstrong,1,0,False,False,2025-09-08
stash,TRAP,Armstrong,1,0,False,False,2025-09-08
state,FACE,Armstrong,1,0,False,False,2025-09-08
statement,FACE,Armstrong,1,0,False,False,2025-09-08
statham,FACE,Armstrong,1,0,False,False,2025-09-08
static,TRAP,Armstrong,1,0,False,False,2025-09-08
station,FACE,Armstrong,1,0,False,False,2025-09-08
stationery,FACE,Armstrong,1,0,False,False,2025-09-08
statistics,KIT COMMA,Armstrong,1,0,False,False,2025-09-08
statoil,CHOICE,Armstrong,1,0,False,False,2025-09-08
statue,TRAP GOOSE,Armstrong,1,0,False,False,2025-09-08
statues,GOOSE,Armstrong,1,0,False,False,2025-09-08
status,COMMA,Armstrong,1,0,False,False,2025-09-08
statutes,GOOSE,Armstrong,1,0,False,False,2025-09-08
statutory,TRAP,Armstrong,1,0,False,False,2025-09-08
stayed,FACE,Armstrong,1,0,False,False,2025-09-08
stays,FACE,Armstrong,1,0,False,False,2025-09-08
steadfast,BATH,Armstrong,1,0,False,False,2025-09-08
steak,FACE,Armstrong,1,0,False,False,2025-09-08
steakhouse,FACE MOUTH,Armstrong,1,0,False,False,2025-09-08
steam,FLEECE,Armstrong,1,0,False,False,2025-09-08
steam-heat,FLEECE,Armstrong,1,0,False,False,2025-09-08
steamer,FLEECE,Armstrong,1,0,False,False,2025-09-08
steatopygia,PRICE,Armstrong,1,0,False,False,2025-09-08
steep,FLEECE,Armstrong,1,0,False,False,2025-09-08
steer,NEAR,Armstrong,1,0,False,False,2025-09-08
steerage,NEAR,Armstrong,1,0,False,False,2025-09-08
steering,NEAR,Armstrong,1,0,False,False,2025-09-08
steering-gear,NEAR,Armstrong,1,0,False,False,2025-09-08
stegosaurus,NORTH,Armstrong,1,0,False,False,2025-09-08
steiger,PRICE,Armstrong,1,0,False,False,2025-09-08
stella,COMMA,Armstrong,1,0,False,False,2025-09-08
stendhal,PALM,Armstrong,1,0,False,False,2025-09-08
stentorian,FORCE,Armstrong,1,0,False,False,2025-09-08
stepbrother,STRUT,Armstrong,1,0,False,False,2025-09-08
stepdaughter,THOUGHT,Armstrong,1,0,False,False,2025-09-08
stepfather,PALM,Armstrong,1,0,False,False,2025-09-08
stephanie,DRESS,Armstrong,1,0,False,False,2025-09-08
stepmother,STRUT,Armstrong,1,0,False,False,2025-09-08
stepson,STRUT,Armstrong,1,0,False,False,2025-09-08
stereotype,PRICE,Armstrong,1,0,False,False,2025-09-08
sterling,NURSE,Armstrong,1,0,False,False,2025-09-08
stern,(NURSE) (SQUARE),Armstrong,1,0,False,False,2025-09-08
steroids,CHOICE,Armstrong,1,0,False,False,2025-09-08
stethoscope,DRESS,Armstrong,1,0,False,False,2025-09-08
stevie,HAPPY,Armstrong,1,0,False,False,2025-09-08
steward,GOOSE,Armstrong,1,0,False,False,2025-09-08
stewart,LETTER,Armstrong,1,0,False,False,2025-09-08
stewed,GOOSE,Armstrong,1,0,False,False,2025-09-08
stick,KIT,Armstrong,1,0,False,False,2025-09-08
stick-in-the-mud,STRUT,Armstrong,1,0,False,False,2025-09-08
sticker,LETTER,Armstrong,1,0,False,False,2025-09-08
stigmata,PALM,Armstrong,1,0,False,False,2025-09-08
still,KIT,Armstrong,1,0,False,False,2025-09-08
still-life,PRICE,Armstrong,1,0,False,False,2025-09-08
stinger,LETTER,Armstrong,1,0,False,False,2025-09-08
stir,NURSE,Armstrong,1,0,False,False,2025-09-08
stir-fry,NURSE,Armstrong,1,0,False,False,2025-09-08
stirrer,NURSE,Armstrong,1,0,False,False,2025-09-08
stirs,NURSE,Armstrong,1,0,False,False,2025-09-08
stitch,KIT,Armstrong,1,0,False,False,2025-09-08
stivichal,PRICE,Armstrong,1,0,False,False,2025-09-08
stockhausen,MOUTH,Armstrong,1,0,False,False,2025-09-08
stockholm,GOAT,Armstrong,1,0,False,False,2025-09-08
stockjobber,LOT,Armstrong,1,0,False,False,2025-09-08
stockport,FORCE,Armstrong,1,0,False,False,2025-09-08
stodgy,LOT,Armstrong,1,0,False,False,2025-09-08
stogey,HAPPY,Armstrong,1,0,False,False,2025-09-08
stoke,GOAT,Armstrong,1,0,False,False,2025-09-08
stoke-on-trent,LOT,Armstrong,1,0,False,False,2025-09-08
stolen,GOAT,Armstrong,1,0,False,False,2025-09-08
stomach,STRUT COMMA,Armstrong,1,0,False,False,2025-09-08
stone,GOAT,Armstrong,1,0,False,False,2025-09-08
stonemason,FACE,Armstrong,1,0,False,False,2025-09-08
stood,FOOT,Armstrong,1,0,False,False,2025-09-08
stooges,GOOSE,Armstrong,1,0,False,False,2025-09-08
stool,GOOSE,Armstrong,1,0,False,False,2025-09-08
stop,LOT,Armstrong,1,0,False,False,2025-09-08
stopwatch,LOT,Armstrong,1,0,False,False,2025-09-08
store,FORCE,Armstrong,1,0,False,False,2025-09-08
storehouse,FORCE,Armstrong,1,0,False,False,2025-09-08
storeroom,FORCE,Armstrong,1,0,False,False,2025-09-08
storey,HAPPY,Armstrong,1,0,False,False,2025-09-08
stork,NORTH,Armstrong,1,0,False,False,2025-09-08
storm,NORTH,Armstrong,1,0,False,False,2025-09-08
storm-cloud,MOUTH,Armstrong,1,0,False,False,2025-09-08
stormtrooper,GOOSE,Armstrong,1,0,False,False,2025-09-08
stormzy,NORTH,Armstrong,1,0,False,False,2025-09-08
story,FORCE HAPPY,Armstrong,1,0,False,False,2025-09-08
stourmouth,MOUTH,Armstrong,1,0,False,False,2025-09-08
stout,MOUTH,Armstrong,1,0,False,False,2025-09-08
stove,GOAT,Armstrong,1,0,False,False,2025-09-08
stowmarket,GOAT,Armstrong,1,0,False,False,2025-09-08
strachey,FACE HAPPY,Armstrong,1,0,False,False,2025-09-08
stradey,HAPPY,Armstrong,1,0,False,False,2025-09-08
straight,FACE,Armstrong,1,0,False,False,2025-09-08
straight-forward,NORTH,Armstrong,1,0,False,False,2025-09-08
straightedge,DRESS,Armstrong,1,0,False,False,2025-09-08
straighten,FACE,Armstrong,1,0,False,False,2025-09-08
straightforward,FACE,Armstrong,1,0,False,False,2025-09-08
strain,FACE,Armstrong,1,0,False,False,2025-09-08
strait,FACE,Armstrong,1,0,False,False,2025-09-08
strange,FACE,Armstrong,1,0,False,False,2025-09-08
stranger,LETTER,Armstrong,1,0,False,False,2025-09-08
strap,TRAP,Armstrong,1,0,False,False,2025-09-08
strasbourg,TRAP,Armstrong,1,0,False,False,2025-09-08
strategic,FLEECE,Armstrong,1,0,False,False,2025-09-08
strategies,COMMA,Armstrong,1,0,False,False,2025-09-08
strategy,TRAP HAPPY COMMA,Armstrong,1,0,False,False,2025-09-08
strathclyde,TRAP,Armstrong,1,0,False,False,2025-09-08
strathcona,TRAP,Armstrong,1,0,False,False,2025-09-08
strathmore,TRAP,Armstrong,1,0,False,False,2025-09-08
strathspey,TRAP,Armstrong,1,0,False,False,2025-09-08
stratopause,THOUGHT,Armstrong,1,0,False,False,2025-09-08
stratosphere,NEAR,Armstrong,1,0,False,False,2025-09-08
stratospheres,NEAR,Armstrong,1,0,False,False,2025-09-08
strauss,MOUTH,Armstrong,1,0,False,False,2025-09-08
strawberry,THOUGHT,Armstrong,1,0,False,False,2025-09-08
straws,THOUGHT,Armstrong,1,0,False,False,2025-09-08
streak,FLEECE,Armstrong,1,0,False,False,2025-09-08
stream,FLEECE,Armstrong,1,0,False,False,2025-09-08
streamer,FLEECE,Armstrong,1,0,False,False,2025-09-08
streamline,FLEECE,Armstrong,1,0,False,False,2025-09-08
street,FLEECE,Armstrong,1,0,False,False,2025-09-08
strength,DRESS,Armstrong,1,0,False,False,2025-09-08
strenuous,GOOSE,Armstrong,1,0,False,False,2025-09-08
stress-marks,START,Armstrong,1,0,False,False,2025-09-08
stretch,DRESS,Armstrong,1,0,False,False,2025-09-08
stretcher,DRESS,Armstrong,1,0,False,False,2025-09-08
stretcher-bearer,SQUARE,Armstrong,1,0,False,False,2025-09-08
stretchy,HAPPY,Armstrong,1,0,False,False,2025-09-08
striker,PRICE LETTER,Armstrong,1,0,False,False,2025-09-08
striking,PRICE,Armstrong,1,0,False,False,2025-09-08
stringer,LETTER,Armstrong,1,0,False,False,2025-09-08
stringy,HAPPY,Armstrong,1,0,False,False,2025-09-08
strip,KIT,Armstrong,1,0,False,False,2025-09-08
stripe,PRICE,Armstrong,1,0,False,False,2025-09-08
strive,PRICE,Armstrong,1,0,False,False,2025-09-08
stroke,GOAT,Armstrong,1,0,False,False,2025-09-08
stroll,GOAT,Armstrong,1,0,False,False,2025-09-08
strong,CLOTH,Armstrong,1,0,False,False,2025-09-08
strongarm,START,Armstrong,1,0,False,False,2025-09-08
stronger,LETTER,Armstrong,1,0,False,False,2025-09-08
stronghold,GOAT,Armstrong,1,0,False,False,2025-09-08
strophe,GOAT HAPPY,Armstrong,1,0,False,False,2025-09-08
stroud,MOUTH,Armstrong,1,0,False,False,2025-09-08
strowger,MOUTH,Armstrong,1,0,False,False,2025-09-08
struck,STRUT,Armstrong,1,0,False,False,2025-09-08
structural,STRUT,Armstrong,1,0,False,False,2025-09-08
structure,STRUT LETTER,Armstrong,1,0,False,False,2025-09-08
struggle,STRUT,Armstrong,1,0,False,False,2025-09-08
struggling,STRUT,Armstrong,1,0,False,False,2025-09-08
strut,STRUT,Armstrong,1,0,False,False,2025-09-08
struth,GOOSE,Armstrong,1,0,False,False,2025-09-08
struthers,STRUT,Armstrong,1,0,False,False,2025-09-08
stuck,STRUT,Armstrong,1,0,False,False,2025-09-08
stud,STRUT,Armstrong,1,0,False,False,2025-09-08
student,GOOSE,Armstrong,1,0,False,False,2025-09-08
studios,GOAT,Armstrong,1,0,False,False,2025-09-08
study,STRUT HAPPY,Armstrong,1,0,False,False,2025-09-08
stuff,STRUT,Armstrong,1,0,False,False,2025-09-08
stuffing,STRUT,Armstrong,1,0,False,False,2025-09-08
stumble,STRUT,Armstrong,1,0,False,False,2025-09-08
stunk,STRUT,Armstrong,1,0,False,False,2025-09-08
stunning,STRUT,Armstrong,1,0,False,False,2025-09-08
stupa,COMMA,Armstrong,1,0,False,False,2025-09-08
stupendous,GOOSE,Armstrong,1,0,False,False,2025-09-08
stupid,GOOSE,Armstrong,1,0,False,False,2025-09-08
stupidity,GOOSE,Armstrong,1,0,False,False,2025-09-08
sturdy,NURSE,Armstrong,1,0,False,False,2025-09-08
stuttgart,START,Armstrong,1,0,False,False,2025-09-08
style,PRICE,Armstrong,1,0,False,False,2025-09-08
stylus,PRICE,Armstrong,1,0,False,False,2025-09-08
stymie,HAPPY,Armstrong,1,0,False,False,2025-09-08
suarez,DRESS START,Armstrong,1,0,False,False,2025-09-08
sub,STRUT,Armstrong,1,0,False,False,2025-09-08
subaqua,COMMA,Armstrong,1,0,False,False,2025-09-08
subassembly,DRESS,Armstrong,1,0,False,False,2025-09-08
subculture,STRUT,Armstrong,1,0,False,False,2025-09-08
subdivision,KIT,Armstrong,1,0,False,False,2025-09-08
subject,DRESS STRUT COMMA,Armstrong,1,0,False,False,2025-09-08
submariner,STRUT,Armstrong,1,0,False,False,2025-09-08
submerge,NURSE,Armstrong,1,0,False,False,2025-09-08
submit,KIT COMMA,Armstrong,1,0,False,False,2025-09-08
suborder,NORTH,Armstrong,1,0,False,False,2025-09-08
subscribe,PRICE COMMA,Armstrong,1,0,False,False,2025-09-08
subscription,KIT,Armstrong,1,0,False,False,2025-09-08
subsequently,STRUT,Armstrong,1,0,False,False,2025-09-08
subsoil,CHOICE,Armstrong,1,0,False,False,2025-09-08
substantial,BATH,Armstrong,1,0,False,False,2025-09-08
substantiate,BATH,Armstrong,1,0,False,False,2025-09-08
substitute,STRUT GOOSE,Armstrong,1,0,False,False,2025-09-08
substitution,GOOSE,Armstrong,1,0,False,False,2025-09-08
subterfuge,GOOSE,Armstrong,1,0,False,False,2025-09-08
subtitles,PRICE,Armstrong,1,0,False,False,2025-09-08
subtle,STRUT,Armstrong,1,0,False,False,2025-09-08
subtotal,GOAT,Armstrong,1,0,False,False,2025-09-08
subtype,PRICE,Armstrong,1,0,False,False,2025-09-08
suburban,NURSE,Armstrong,1,0,False,False,2025-09-08
subversion,NURSE,Armstrong,1,0,False,False,2025-09-08
subway,STRUT,Armstrong,1,0,False,False,2025-09-08
success,COMMA,Armstrong,1,0,False,False,2025-09-08
successor,LETTER,Armstrong,1,0,False,False,2025-09-08
succubus,FOOT,Armstrong,1,0,False,False,2025-09-08
such,STRUT,Armstrong,1,0,False,False,2025-09-08
sucrose,GOAT GOOSE,Armstrong,1,0,False,False,2025-09-08
sudan,GOOSE BATH,Armstrong,1,0,False,False,2025-09-08
sudbury,STRUT,Armstrong,1,0,False,False,2025-09-08
sudden,STRUT,Armstrong,1,0,False,False,2025-09-08
suddenly,STRUT,Armstrong,1,0,False,False,2025-09-08
sudoku,GOOSE,Armstrong,1,0,False,False,2025-09-08
suds,STRUT,Armstrong,1,0,False,False,2025-09-08
sue,GOOSE,Armstrong,1,0,False,False,2025-09-08
sued,GOOSE,Armstrong,1,0,False,False,2025-09-08
suede,FACE,Armstrong,1,0,False,False,2025-09-08
sues,GOOSE,Armstrong,1,0,False,False,2025-09-08
suffer,STRUT LETTER,Armstrong,1,0,False,False,2025-09-08
sufferer,STRUT LETTER,Armstrong,1,0,False,False,2025-09-08
suffering,STRUT,Armstrong,1,0,False,False,2025-09-08
sufficient,COMMA,Armstrong,1,0,False,False,2025-09-08
suffix,STRUT,Armstrong,1,0,False,False,2025-09-08
suffolk,STRUT COMMA,Armstrong,1,0,False,False,2025-09-08
suffusion,GOOSE,Armstrong,1,0,False,False,2025-09-08
sufi,GOOSE HAPPY,Armstrong,1,0,False,False,2025-09-08
sugar,FOOT LETTER,Armstrong,1,0,False,False,2025-09-08
sugar-beet,FOOT FLEECE,Armstrong,1,0,False,False,2025-09-08
sugarcane,FOOT FACE,Armstrong,1,0,False,False,2025-09-08
sugary,FOOT,Armstrong,1,0,False,False,2025-09-08
suggest,COMMA,Armstrong,1,0,False,False,2025-09-08
suggestion,COMMA,Armstrong,1,0,False,False,2025-09-08
suicide,GOOSE PRICE,Armstrong,1,0,False,False,2025-09-08
suing,GOOSE,Armstrong,1,0,False,False,2025-09-08
suit,GOOSE,Armstrong,1,0,False,False,2025-09-08
suitability,GOOSE,Armstrong,1,0,False,False,2025-09-08
suitable,COMMA,Armstrong,1,0,False,False,2025-09-08
suite,FLEECE,Armstrong,1,0,False,False,2025-09-08
sulawesi,GOOSE HAPPY,Armstrong,1,0,False,False,2025-09-08
sulfur,LETTER,Armstrong,1,0,False,False,2025-09-08
sulfuric,STRUT,Armstrong,1,0,False,False,2025-09-08
sullivan,STRUT,Armstrong,1,0,False,False,2025-09-08
sulpha,COMMA,Armstrong,1,0,False,False,2025-09-08
sultana,STRUT PALM,Armstrong,1,0,False,False,2025-09-08
sumatra,PALM GOOSE,Armstrong,1,0,False,False,2025-09-08
sumerian,GOOSE,Armstrong,1,0,False,False,2025-09-08
summary,STRUT LETTER COMMA,Armstrong,1,0,False,False,2025-09-08
summer,STRUT LETTER,Armstrong,1,0,False,False,2025-09-08
summit,STRUT,Armstrong,1,0,False,False,2025-09-08
sumo,GOOSE,Armstrong,1,0,False,False,2025-09-08
sun,STRUT,Armstrong,1,0,False,False,2025-09-08
sun-parlour,START,Armstrong,1,0,False,False,2025-09-08
sun-porch,FORCE,Armstrong,1,0,False,False,2025-09-08
sunbathe,FACE,Armstrong,1,0,False,False,2025-09-08
sunbathed,FACE,Armstrong,1,0,False,False,2025-09-08
sunbathing,FACE,Armstrong,1,0,False,False,2025-09-08
sunbeam,FLEECE,Armstrong,1,0,False,False,2025-09-08
sunbed,DRESS,Armstrong,1,0,False,False,2025-09-08
sunday,STRUT,Armstrong,1,0,False,False,2025-09-08
sunderland,LETTER,Armstrong,1,0,False,False,2025-09-08
sunflower,MOUTH,Armstrong,1,0,False,False,2025-09-08
sung,STRUT FOOT,Armstrong,1,0,False,False,2025-09-08
sunk,STRUT,Armstrong,1,0,False,False,2025-09-08
sunlight,PRICE,Armstrong,1,0,False,False,2025-09-08
sunni,FOOT,Armstrong,1,0,False,False,2025-09-08
sunrise,PRICE,Armstrong,1,0,False,False,2025-09-08
sunroof,GOOSE,Armstrong,1,0,False,False,2025-09-08
sunset,DRESS,Armstrong,1,0,False,False,2025-09-08
sunshade,FACE,Armstrong,1,0,False,False,2025-09-08
sunshine,PRICE,Armstrong,1,0,False,False,2025-09-08
super,GOOSE LETTER,Armstrong,1,0,False,False,2025-09-08
superb,GOOSE NURSE,Armstrong,1,0,False,False,2025-09-08
superbly,GOOSE NURSE,Armstrong,1,0,False,False,2025-09-08
supercargo,START,Armstrong,1,0,False,False,2025-09-08
supercharge,LETTER,Armstrong,1,0,False,False,2025-09-08
supercharger,START,Armstrong,1,0,False,False,2025-09-08
superego,FLEECE,Armstrong,1,0,False,False,2025-09-08
superfluous,NURSE,Armstrong,1,0,False,False,2025-09-08
supergirl,LETTER,Armstrong,1,0,False,False,2025-09-08
superglue,LETTER,Armstrong,1,0,False,False,2025-09-08
superhighway,PRICE,Armstrong,1,0,False,False,2025-09-08
superior,GOOSE NEAR,Armstrong,1,0,False,False,2025-09-08
superlative,GOOSE,Armstrong,1,0,False,False,2025-09-08
supermarket,START LETTER,Armstrong,1,0,False,False,2025-09-08
supernova,GOAT COMMA,Armstrong,1,0,False,False,2025-09-08
supersede,FLEECE,Armstrong,1,0,False,False,2025-09-08
superstar,START,Armstrong,1,0,False,False,2025-09-08
superstore,FORCE,Armstrong,1,0,False,False,2025-09-08
supervise,GOOSE LETTER,Armstrong,1,0,False,False,2025-09-08
supervision,KIT,Armstrong,1,0,False,False,2025-09-08
supervisor,LETTER,Armstrong,1,0,False,False,2025-09-08
supper,STRUT,Armstrong,1,0,False,False,2025-09-08
supplement,STRUT,Armstrong,1,0,False,False,2025-09-08
supplied,PRICE,Armstrong,1,0,False,False,2025-09-08
supplier,PRICE,Armstrong,1,0,False,False,2025-09-08
supplies,PRICE,Armstrong,1,0,False,False,2025-09-08
supply,PRICE COMMA,Armstrong,1,0,False,False,2025-09-08
support,FORCE COMMA,Armstrong,1,0,False,False,2025-09-08
supported,COMMA,Armstrong,1,0,False,False,2025-09-08
supposed,GOAT,Armstrong,1,0,False,False,2025-09-08
suppository,LOT,Armstrong,1,0,False,False,2025-09-08
supremacist,GOOSE,Armstrong,1,0,False,False,2025-09-08
supremacy,GOOSE,Armstrong,1,0,False,False,2025-09-08
supreme,FLEECE GOOSE,Armstrong,1,0,False,False,2025-09-08
supremo,GOOSE,Armstrong,1,0,False,False,2025-09-08
surbiton,NURSE,Armstrong,1,0,False,False,2025-09-08
surcharge,START NURSE,Armstrong,1,0,False,False,2025-09-08
surf,NURSE,Armstrong,1,0,False,False,2025-09-08
surface,NURSE,Armstrong,1,0,False,False,2025-09-08
surface-to-air,NURSE,Armstrong,1,0,False,False,2025-09-08
surfboard,NURSE,Armstrong,1,0,False,False,2025-09-08
surfer,LETTER,Armstrong,1,0,False,False,2025-09-08
surfing,NURSE,Armstrong,1,0,False,False,2025-09-08
surge,NURSE,Armstrong,1,0,False,False,2025-09-08
surgeon,NURSE,Armstrong,1,0,False,False,2025-09-08
surgery,NURSE,Armstrong,1,0,False,False,2025-09-08
surly,NURSE,Armstrong,1,0,False,False,2025-09-08
surname,FACE NURSE,Armstrong,1,0,False,False,2025-09-08
surpass,BATH LETTER,Armstrong,1,0,False,False,2025-09-08
surplus,NURSE,Armstrong,1,0,False,False,2025-09-08
surprise,PRICE (LETTER),Armstrong,1,0,False,False,2025-09-08
surprisingly,LETTER,Armstrong,1,0,False,False,2025-09-08
surreal,NEAR,Armstrong,1,0,False,False,2025-09-08
surrey,STRUT HAPPY,Armstrong,1,0,False,False,2025-09-08
surrounding,MOUTH,Armstrong,1,0,False,False,2025-09-08
surveillance,FACE,Armstrong,1,0,False,False,2025-09-08
survey,LETTER NURSE,Armstrong,1,0,False,False,2025-09-08
surveys,FACE,Armstrong,1,0,False,False,2025-09-08
survive,PRICE LETTER,Armstrong,1,0,False,False,2025-09-08
sushi,GOOSE HAPPY,Armstrong,1,0,False,False,2025-09-08
susie,HAPPY,Armstrong,1,0,False,False,2025-09-08
suspect,DRESS STRUT,Armstrong,1,0,False,False,2025-09-08
sussex,STRUT,Armstrong,1,0,False,False,2025-09-08
susskind,FOOT,Armstrong,1,0,False,False,2025-09-08
sustainable,FACE,Armstrong,1,0,False,False,2025-09-08
sutherland,STRUT LETTER,Armstrong,1,0,False,False,2025-09-08
sutton,STRUT,Armstrong,1,0,False,False,2025-09-08
suture,GOOSE,Armstrong,1,0,False,False,2025-09-08
suzanne,GOOSE,Armstrong,1,0,False,False,2025-09-08
suzie,HAPPY,Armstrong,1,0,False,False,2025-09-08
suzuki,HAPPY COMMA,Armstrong,1,0,False,False,2025-09-08
svalbard,START,Armstrong,1,0,False,False,2025-09-08
svengali,DRESS,Armstrong,1,0,False,False,2025-09-08
swaddling-clothes,GOAT,Armstrong,1,0,False,False,2025-09-08
swallowed,GOAT,Armstrong,1,0,False,False,2025-09-08
swallows,GOAT,Armstrong,1,0,False,False,2025-09-08
swami,PALM,Armstrong,1,0,False,False,2025-09-08
swanee,HAPPY,Armstrong,1,0,False,False,2025-09-08
swansea,HAPPY,Armstrong,1,0,False,False,2025-09-08
swapo,PALM,Armstrong,1,0,False,False,2025-09-08
swaraj,PALM,Armstrong,1,0,False,False,2025-09-08
swarajist,PALM,Armstrong,1,0,False,False,2025-09-08
swarfega,NORTH,Armstrong,1,0,False,False,2025-09-08
swarthy,HAPPY,Armstrong,1,0,False,False,2025-09-08
swatch,LOT,Armstrong,1,0,False,False,2025-09-08
swazi,PALM,Armstrong,1,0,False,False,2025-09-08
swaziland,TRAP PALM,Armstrong,1,0,False,False,2025-09-08
swear,SQUARE,Armstrong,1,0,False,False,2025-09-08
swearer,SQUARE,Armstrong,1,0,False,False,2025-09-08
swearing,SQUARE,Armstrong,1,0,False,False,2025-09-08
swearword,SQUARE,Armstrong,1,0,False,False,2025-09-08
swedenborg,NORTH,Armstrong,1,0,False,False,2025-09-08
sweep,FLEECE,Armstrong,1,0,False,False,2025-09-08
sweeper,FLEECE,Armstrong,1,0,False,False,2025-09-08
sweet,FLEECE,Armstrong,1,0,False,False,2025-09-08
sweet-talk,THOUGHT,Armstrong,1,0,False,False,2025-09-08
sweetheart,FLEECE START,Armstrong,1,0,False,False,2025-09-08
sweetie,HAPPY,Armstrong,1,0,False,False,2025-09-08
swift,KIT,Armstrong,1,0,False,False,2025-09-08
swimming-baths,BATH,Armstrong,1,0,False,False,2025-09-08
swimming-trunks,STRUT,Armstrong,1,0,False,False,2025-09-08
swimwear,SQUARE,Armstrong,1,0,False,False,2025-09-08
swinger,LETTER,Armstrong,1,0,False,False,2025-09-08
swipe,PRICE,Armstrong,1,0,False,False,2025-09-08
swirl,NURSE,Armstrong,1,0,False,False,2025-09-08
switch,KIT,Armstrong,1,0,False,False,2025-09-08
switchboard,FORCE,Armstrong,1,0,False,False,2025-09-08
switchgear,NEAR,Armstrong,1,0,False,False,2025-09-08
switzerland,LETTER,Armstrong,1,0,False,False,2025-09-08
swivel,KIT,Armstrong,1,0,False,False,2025-09-08
swoop,GOOSE,Armstrong,1,0,False,False,2025-09-08
swoosh,GOOSE,Armstrong,1,0,False,False,2025-09-08
sword,FORCE,Armstrong,1,0,False,False,2025-09-08
sword-bearer,SQUARE,Armstrong,1,0,False,False,2025-09-08
swore,FORCE,Armstrong,1,0,False,False,2025-09-08
sworn,FORCE,Armstrong,1,0,False,False,2025-09-08
sycamore,FORCE,Armstrong,1,0,False,False,2025-09-08
sydney,HAPPY,Armstrong,1,0,False,False,2025-09-08
sykes,PRICE,Armstrong,1,0,False,False,2025-09-08
sympathy,HAPPY COMMA,Armstrong,1,0,False,False,2025-09-08
synagogue,LOT,Armstrong,1,0,False,False,2025-09-08
syndrome,GOAT,Armstrong,1,0,False,False,2025-09-08
synergy,LETTER,Armstrong,1,0,False,False,2025-09-08
synthesis,KIT,Armstrong,1,0,False,False,2025-09-08
syracuse,GOOSE,Armstrong,1,0,False,False,2025-09-08
system,KIT COMMA,Armstrong,1,0,False,False,2025-09-08
t-junction,STRUT,Armstrong,1,0,False,False,2025-09-08
tab,TRAP,Armstrong,1,0,False,False,2025-09-08
tabitha,COMMA,Armstrong,1,0,False,False,2025-09-08
table,FACE,Armstrong,1,0,False,False,2025-09-08
table-knife,PRICE,Armstrong,1,0,False,False,2025-09-08
table-talk,THOUGHT,Armstrong,1,0,False,False,2025-09-08
tablet,TRAP COMMA,Armstrong,1,0,False,False,2025-09-08
tableware,FACE SQUARE,Armstrong,1,0,False,False,2025-09-08
tabloid,CHOICE,Armstrong,1,0,False,False,2025-09-08
tabor,FACE,Armstrong,1,0,False,False,2025-09-08
tachograph,GOAT,Armstrong,1,0,False,False,2025-09-08
tadzhik,PALM,Armstrong,1,0,False,False,2025-09-08
tadzhikistan,PALM,Armstrong,1,0,False,False,2025-09-08
tag,TRAP,Armstrong,1,0,False,False,2025-09-08
tagalog,LOT,Armstrong,1,0,False,False,2025-09-08
tahiti,FLEECE,Armstrong,1,0,False,False,2025-09-08
taiga,PRICE,Armstrong,1,0,False,False,2025-09-08
tail,FACE,Armstrong,1,0,False,False,2025-09-08
tailgate,FACE,Armstrong,1,0,False,False,2025-09-08
tailor,FACE,Armstrong,1,0,False,False,2025-09-08
taipei,PRICE,Armstrong,1,0,False,False,2025-09-08
taiwan,PRICE,Armstrong,1,0,False,False,2025-09-08
taiwanese,PRICE,Armstrong,1,0,False,False,2025-09-08
taiyuan,PRICE,Armstrong,1,0,False,False,2025-09-08
tajik,(FLEECE),Armstrong,1,0,False,False,2025-09-08
tajikistan,FLEECE (TRAP),Armstrong,1,0,False,False,2025-09-08
tajine,TRAP,Armstrong,1,0,False,False,2025-09-08
take,FACE,Armstrong,1,0,False,False,2025-09-08
take-home,GOAT,Armstrong,1,0,False,False,2025-09-08
take-off,FACE,Armstrong,1,0,False,False,2025-09-08
take-up,STRUT,Armstrong,1,0,False,False,2025-09-08
takeaway,FACE COMMA,Armstrong,1,0,False,False,2025-09-08
takeover,GOAT,Armstrong,1,0,False,False,2025-09-08
tale,FACE,Armstrong,1,0,False,False,2025-09-08
talebearing,SQUARE,Armstrong,1,0,False,False,2025-09-08
talent,TRAP,Armstrong,1,0,False,False,2025-09-08
talgarth,START,Armstrong,1,0,False,False,2025-09-08
talitha,COMMA,Armstrong,1,0,False,False,2025-09-08
talk,THOUGHT,Armstrong,1,0,False,False,2025-09-08
talkie,HAPPY,Armstrong,1,0,False,False,2025-09-08
talking-points,CHOICE,Armstrong,1,0,False,False,2025-09-08
tall,THOUGHT,Armstrong,1,0,False,False,2025-09-08
tallahasee,HAPPY,Armstrong,1,0,False,False,2025-09-08
tallboys,CHOICE,Armstrong,1,0,False,False,2025-09-08
tallulah,GOOSE COMMA,Armstrong,1,0,False,False,2025-09-08
talmud,FOOT,Armstrong,1,0,False,False,2025-09-08
tambour,FORCE CURE,Armstrong,1,0,False,False,2025-09-08
tambours,CURE,Armstrong,1,0,False,False,2025-09-08
tame,FACE,Armstrong,1,0,False,False,2025-09-08
tamera,COMMA,Armstrong,1,0,False,False,2025-09-08
tameside,FACE,Armstrong,1,0,False,False,2025-09-08
tampa,COMMA,Armstrong,1,0,False,False,2025-09-08
tandoori,HAPPY,Armstrong,1,0,False,False,2025-09-08
tangier,NEAR,Armstrong,1,0,False,False,2025-09-08
tangy,HAPPY,Armstrong,1,0,False,False,2025-09-08
tank,TRAP,Armstrong,1,0,False,False,2025-09-08
tannoy,CHOICE,Armstrong,1,0,False,False,2025-09-08
tannoys,CHOICE,Armstrong,1,0,False,False,2025-09-08
tanzania,NEAR,Armstrong,1,0,False,False,2025-09-08
tanzanian,NEAR,Armstrong,1,0,False,False,2025-09-08
tap,TRAP,Armstrong,1,0,False,False,2025-09-08
tape,FACE,Armstrong,1,0,False,False,2025-09-08
tape-measure,DRESS,Armstrong,1,0,False,False,2025-09-08
taper,FACE,Armstrong,1,0,False,False,2025-09-08
tar,START,Armstrong,1,0,False,False,2025-09-08
tarboosh,GOOSE START,Armstrong,1,0,False,False,2025-09-08
target,START,Armstrong,1,0,False,False,2025-09-08
tarmac,START,Armstrong,1,0,False,False,2025-09-08
tarn,START,Armstrong,1,0,False,False,2025-09-08
tarnish,START,Armstrong,1,0,False,False,2025-09-08
tarp,START,Armstrong,1,0,False,False,2025-09-08
tarpaulin,START,Armstrong,1,0,False,False,2025-09-08
tarpon,START,Armstrong,1,0,False,False,2025-09-08
tarshish,START,Armstrong,1,0,False,False,2025-09-08
tarzan,START,Armstrong,1,0,False,False,2025-09-08
task,BATH,Armstrong,1,0,False,False,2025-09-08
task-force,BATH FORCE,Armstrong,1,0,False,False,2025-09-08
taskmaster,BATH,Armstrong,1,0,False,False,2025-09-08
tasmania,TRAP,Armstrong,1,0,False,False,2025-09-08
taste,FACE,Armstrong,1,0,False,False,2025-09-08
tasty,FACE,Armstrong,1,0,False,False,2025-09-08
tata,PALM,Armstrong,1,0,False,False,2025-09-08
tatham,FACE,Armstrong,1,0,False,False,2025-09-08
tattoo,TRAP GOOSE,Armstrong,1,0,False,False,2025-09-08
tattooed,GOOSE,Armstrong,1,0,False,False,2025-09-08
tatum,FACE,Armstrong,1,0,False,False,2025-09-08
tatung,FOOT,Armstrong,1,0,False,False,2025-09-08
tau,MOUTH,Armstrong,1,0,False,False,2025-09-08
taught,THOUGHT,Armstrong,1,0,False,False,2025-09-08
tauromachy,NORTH,Armstrong,1,0,False,False,2025-09-08
taurus,NORTH,Armstrong,1,0,False,False,2025-09-08
tavern,TRAP,Armstrong,1,0,False,False,2025-09-08
tavistock,LOT,Armstrong,1,0,False,False,2025-09-08
tax,TRAP,Armstrong,1,0,False,False,2025-09-08
taxi,HAPPY,Armstrong,1,0,False,False,2025-09-08
taxicab,TRAP,Armstrong,1,0,False,False,2025-09-08
tayberry,FACE,Armstrong,1,0,False,False,2025-09-08
taylor,FACE LETTER,Armstrong,1,0,False,False,2025-09-08
tayport,FACE,Armstrong,1,0,False,False,2025-09-08
tayside,FACE,Armstrong,1,0,False,False,2025-09-08
tea,FLEECE,Armstrong,1,0,False,False,2025-09-08
tea-bag,TRAP,Armstrong,1,0,False,False,2025-09-08
tea-time,PRICE,Armstrong,1,0,False,False,2025-09-08
tea-towel,MOUTH,Armstrong,1,0,False,False,2025-09-08
teach,FLEECE,Armstrong,1,0,False,False,2025-09-08
teacher,LETTER,Armstrong,1,0,False,False,2025-09-08
teague,FLEECE,Armstrong,1,0,False,False,2025-09-08
teak,FLEECE,Armstrong,1,0,False,False,2025-09-08
team,FLEECE,Armstrong,1,0,False,False,2025-09-08
teamed,FLEECE,Armstrong,1,0,False,False,2025-09-08
teamwork,FLEECE,Armstrong,1,0,False,False,2025-09-08
teapot,LOT,Armstrong,1,0,False,False,2025-09-08
tear,(NEAR),Armstrong,1,0,False,False,2025-09-08
teardrop,NEAR,Armstrong,1,0,False,False,2025-09-08
tearful,NEAR,Armstrong,1,0,False,False,2025-09-08
tearing,SQUARE,Armstrong,1,0,False,False,2025-09-08
tears,NEAR,Armstrong,1,0,False,False,2025-09-08
tearsheet,SQUARE,Armstrong,1,0,False,False,2025-09-08
teary,NEAR,Armstrong,1,0,False,False,2025-09-08
teaser,LETTER,Armstrong,1,0,False,False,2025-09-08
teaspoon,GOOSE,Armstrong,1,0,False,False,2025-09-08
tech,DRESS,Armstrong,1,0,False,False,2025-09-08
techie,HAPPY,Armstrong,1,0,False,False,2025-09-08
technicolor,STRUT,Armstrong,1,0,False,False,2025-09-08
technique,DRESS FLEECE,Armstrong,1,0,False,False,2025-09-08
technology,DRESS HAPPY COMMA,Armstrong,1,0,False,False,2025-09-08
tecumseh,COMMA,Armstrong,1,0,False,False,2025-09-08
tee,FLEECE,Armstrong,1,0,False,False,2025-09-08
teeming,FLEECE,Armstrong,1,0,False,False,2025-09-08
teen,FLEECE,Armstrong,1,0,False,False,2025-09-08
teenage,FLEECE FACE,Armstrong,1,0,False,False,2025-09-08
teenager,LETTER,Armstrong,1,0,False,False,2025-09-08
teepee,HAPPY,Armstrong,1,0,False,False,2025-09-08
teifi,HAPPY,Armstrong,1,0,False,False,2025-09-08
telecast,BATH,Armstrong,1,0,False,False,2025-09-08
telegraph,KIT DRESS BATH,Armstrong,1,0,False,False,2025-09-08
telemark,START,Armstrong,1,0,False,False,2025-09-08
telemarketing,START,Armstrong,1,0,False,False,2025-09-08
telephone,DRESS GOAT,Armstrong,1,0,False,False,2025-09-08
television,KIT DRESS,Armstrong,1,0,False,False,2025-09-08
televisual,KIT,Armstrong,1,0,False,False,2025-09-08
tell,DRESS,Armstrong,1,0,False,False,2025-09-08
telltale,FACE,Armstrong,1,0,False,False,2025-09-08
telomeres,NEAR,Armstrong,1,0,False,False,2025-09-08
temperature,DRESS (LETTER) COMMA,Armstrong,1,0,False,False,2025-09-08
tempestuous,DRESS,Armstrong,1,0,False,False,2025-09-08
tempi,HAPPY,Armstrong,1,0,False,False,2025-09-08
temporary,DRESS LETTER COMMA,Armstrong,1,0,False,False,2025-09-08
temptation,DRESS,Armstrong,1,0,False,False,2025-09-08
tempura,DRESS,Armstrong,1,0,False,False,2025-09-08
tenderloin,CHOICE,Armstrong,1,0,False,False,2025-09-08
teniers,NEAR,Armstrong,1,0,False,False,2025-09-08
tennis,KIT,Armstrong,1,0,False,False,2025-09-08
tennis-court,FORCE,Armstrong,1,0,False,False,2025-09-08
tenochtitlan,LOT,Armstrong,1,0,False,False,2025-09-08
tent-peg,DRESS,Armstrong,1,0,False,False,2025-09-08
teresa,COMMA,Armstrong,1,0,False,False,2025-09-08
teriyaki,PALM,Armstrong,1,0,False,False,2025-09-08
term,NURSE,Armstrong,1,0,False,False,2025-09-08
termi,SQUARE,Armstrong,1,0,False,False,2025-09-08
terminal,NURSE,Armstrong,1,0,False,False,2025-09-08
termination,NURSE,Armstrong,1,0,False,False,2025-09-08
terpene,NURSE,Armstrong,1,0,False,False,2025-09-08
terrace,DRESS,Armstrong,1,0,False,False,2025-09-08
terrain,FACE LETTER COMMA,Armstrong,1,0,False,False,2025-09-08
terrestrial,KIT,Armstrong,1,0,False,False,2025-09-08
terrible,DRESS,Armstrong,1,0,False,False,2025-09-08
territorial,FORCE,Armstrong,1,0,False,False,2025-09-08
territoriality,FORCE,Armstrong,1,0,False,False,2025-09-08
terror,LETTER,Armstrong,1,0,False,False,2025-09-08
terrorism,DRESS,Armstrong,1,0,False,False,2025-09-08
terry,DRESS,Armstrong,1,0,False,False,2025-09-08
tertiary,NURSE,Armstrong,1,0,False,False,2025-09-08
tessa,COMMA,Armstrong,1,0,False,False,2025-09-08
test,DRESS,Armstrong,1,0,False,False,2025-09-08
test-drive,PRICE,Armstrong,1,0,False,False,2025-09-08
test-tube,GOOSE,Armstrong,1,0,False,False,2025-09-08
testimonial,GOAT,Armstrong,1,0,False,False,2025-09-08
tether,DRESS,Armstrong,1,0,False,False,2025-09-08
teutonic,GOOSE,Armstrong,1,0,False,False,2025-09-08
tewa,FACE COMMA,Armstrong,1,0,False,False,2025-09-08
texas,COMMA,Armstrong,1,0,False,False,2025-09-08
text,DRESS,Armstrong,1,0,False,False,2025-09-08
textile,PRICE,Armstrong,1,0,False,False,2025-09-08
thai,PRICE,Armstrong,1,0,False,False,2025-09-08
thailand,TRAP PRICE,Armstrong,1,0,False,False,2025-09-08
thames,DRESS,Armstrong,1,0,False,False,2025-09-08
than,TRAP COMMA,Armstrong,1,0,False,False,2025-09-08
thanks,TRAP,Armstrong,1,0,False,False,2025-09-08
that,TRAP COMMA,Armstrong,1,0,False,False,2025-09-08
thatcher,TRAP LETTER,Armstrong,1,0,False,False,2025-09-08
thaumaturge,THOUGHT,Armstrong,1,0,False,False,2025-09-08
thea,NEAR,Armstrong,1,0,False,False,2025-09-08
theatre,FLEECE COMMA,Armstrong,1,0,False,False,2025-09-08
thee,FLEECE,Armstrong,1,0,False,False,2025-09-08
theft,DRESS,Armstrong,1,0,False,False,2025-09-08
their,SQUARE,Armstrong,1,0,False,False,2025-09-08
them,DRESS COMMA,Armstrong,1,0,False,False,2025-09-08
theme,FLEECE,Armstrong,1,0,False,False,2025-09-08
themselves,DRESS,Armstrong,1,0,False,False,2025-09-08
then,DRESS COMMA,Armstrong,1,0,False,False,2025-09-08
theodore,FORCE,Armstrong,1,0,False,False,2025-09-08
theologian,GOAT,Armstrong,1,0,False,False,2025-09-08
theomorphic,NEAR,Armstrong,1,0,False,False,2025-09-08
theory,FLEECE LETTER COMMA,Armstrong,1,0,False,False,2025-09-08
therapeutic,GOOSE,Armstrong,1,0,False,False,2025-09-08
therapy,DRESS HAPPY COMMA,Armstrong,1,0,False,False,2025-09-08
there,SQUARE LETTER,Armstrong,1,0,False,False,2025-09-08
thereby,SQUARE,Armstrong,1,0,False,False,2025-09-08
therefore,SQUARE FORCE,Armstrong,1,0,False,False,2025-09-08
therefrom,SQUARE,Armstrong,1,0,False,False,2025-09-08
thereto,SQUARE,Armstrong,1,0,False,False,2025-09-08
therewith,SQUARE,Armstrong,1,0,False,False,2025-09-08
thermal,NURSE,Armstrong,1,0,False,False,2025-09-08
thermocouple,STRUT,Armstrong,1,0,False,False,2025-09-08
thermoplastic,GOAT,Armstrong,1,0,False,False,2025-09-08
thermostat,TRAP NURSE,Armstrong,1,0,False,False,2025-09-08
thesaurus,NORTH,Armstrong,1,0,False,False,2025-09-08
thigh,PRICE,Armstrong,1,0,False,False,2025-09-08
thigh-highs,PRICE,Armstrong,1,0,False,False,2025-09-08
thighbone,PRICE,Armstrong,1,0,False,False,2025-09-08
thighs,PRICE,Armstrong,1,0,False,False,2025-09-08
thingamabob,LOT,Armstrong,1,0,False,False,2025-09-08
thingie,HAPPY,Armstrong,1,0,False,False,2025-09-08
thingy,HAPPY,Armstrong,1,0,False,False,2025-09-08
think-tank,TRAP,Armstrong,1,0,False,False,2025-09-08
third,NURSE,Armstrong,1,0,False,False,2025-09-08
thirteen,(FLEECE),Armstrong,1,0,False,False,2025-09-08
thirty,NURSE,Armstrong,1,0,False,False,2025-09-08
this,KIT,Armstrong,1,0,False,False,2025-09-08
thomas,LOT COMMA,Armstrong,1,0,False,False,2025-09-08
thong,CLOTH,Armstrong,1,0,False,False,2025-09-08
thorax,FORCE,Armstrong,1,0,False,False,2025-09-08
thorium,FORCE,Armstrong,1,0,False,False,2025-09-08
thorn,NORTH,Armstrong,1,0,False,False,2025-09-08
thorne,NORTH,Armstrong,1,0,False,False,2025-09-08
thornton,NORTH,Armstrong,1,0,False,False,2025-09-08
thoroughbred,STRUT,Armstrong,1,0,False,False,2025-09-08
thoroughfares,SQUARE,Armstrong,1,0,False,False,2025-09-08
thoroughly,STRUT,Armstrong,1,0,False,False,2025-09-08
thorpe,NORTH,Armstrong,1,0,False,False,2025-09-08
those,GOAT,Armstrong,1,0,False,False,2025-09-08
thoth,GOAT,Armstrong,1,0,False,False,2025-09-08
thou,MOUTH,Armstrong,1,0,False,False,2025-09-08
though,GOAT,Armstrong,1,0,False,False,2025-09-08
thought,THOUGHT,Armstrong,1,0,False,False,2025-09-08
thousands,MOUTH,Armstrong,1,0,False,False,2025-09-08
thread,DRESS,Armstrong,1,0,False,False,2025-09-08
threat,DRESS,Armstrong,1,0,False,False,2025-09-08
three,FLEECE,Armstrong,1,0,False,False,2025-09-08
threshing-floor,FORCE,Armstrong,1,0,False,False,2025-09-08
thriller,LETTER,Armstrong,1,0,False,False,2025-09-08
throat,GOAT,Armstrong,1,0,False,False,2025-09-08
thrombosis,LOT,Armstrong,1,0,False,False,2025-09-08
throng,CLOTH,Armstrong,1,0,False,False,2025-09-08
throttle,LOT,Armstrong,1,0,False,False,2025-09-08
through,GOOSE,Armstrong,1,0,False,False,2025-09-08
throughout,GOOSE MOUTH,Armstrong,1,0,False,False,2025-09-08
throughway,GOOSE,Armstrong,1,0,False,False,2025-09-08
throw,GOAT,Armstrong,1,0,False,False,2025-09-08
thrown,GOAT,Armstrong,1,0,False,False,2025-09-08
throws,GOAT,Armstrong,1,0,False,False,2025-09-08
thrush,STRUT,Armstrong,1,0,False,False,2025-09-08
thruway,GOOSE,Armstrong,1,0,False,False,2025-09-08
thucydides,GOOSE,Armstrong,1,0,False,False,2025-09-08
thud,STRUT,Armstrong,1,0,False,False,2025-09-08
thug,STRUT,Armstrong,1,0,False,False,2025-09-08
thule,HAPPY,Armstrong,1,0,False,False,2025-09-08
thumb,STRUT,Armstrong,1,0,False,False,2025-09-08
thumbnail,STRUT FACE,Armstrong,1,0,False,False,2025-09-08
thundercloud,MOUTH,Armstrong,1,0,False,False,2025-09-08
thunderstorm,NORTH,Armstrong,1,0,False,False,2025-09-08
thursday,NURSE,Armstrong,1,0,False,False,2025-09-08
thus,STRUT,Armstrong,1,0,False,False,2025-09-08
thyroid,CHOICE,Armstrong,1,0,False,False,2025-09-08
thyroxine,PRICE,Armstrong,1,0,False,False,2025-09-08
tiberias,PRICE,Armstrong,1,0,False,False,2025-09-08
ticket,KIT,Armstrong,1,0,False,False,2025-09-08
tidmarsh,START,Armstrong,1,0,False,False,2025-09-08
tie,PRICE,Armstrong,1,0,False,False,2025-09-08
tier,NEAR,Armstrong,1,0,False,False,2025-09-08
tierce,NEAR,Armstrong,1,0,False,False,2025-09-08
tierney,NEAR,Armstrong,1,0,False,False,2025-09-08
ties,PRICE,Armstrong,1,0,False,False,2025-09-08
tiger,PRICE LETTER,Armstrong,1,0,False,False,2025-09-08
tiger-lily,PRICE,Armstrong,1,0,False,False,2025-09-08
tight,PRICE,Armstrong,1,0,False,False,2025-09-08
tightrope,GOAT,Armstrong,1,0,False,False,2025-09-08
tigris,PRICE,Armstrong,1,0,False,False,2025-09-08
tijuana,PALM,Armstrong,1,0,False,False,2025-09-08
tiktok,LOT,Armstrong,1,0,False,False,2025-09-08
tile,PRICE,Armstrong,1,0,False,False,2025-09-08
timberlake,FACE LETTER,Armstrong,1,0,False,False,2025-09-08
timberyard,LETTER,Armstrong,1,0,False,False,2025-09-08
time,PRICE,Armstrong,1,0,False,False,2025-09-08
time-exposure,GOAT,Armstrong,1,0,False,False,2025-09-08
time-lapse,TRAP,Armstrong,1,0,False,False,2025-09-08
timeline,PRICE,Armstrong,1,0,False,False,2025-09-08
timeshare,SQUARE,Armstrong,1,0,False,False,2025-09-08
timesharing,SQUARE,Armstrong,1,0,False,False,2025-09-08
timetable,FACE PRICE,Armstrong,1,0,False,False,2025-09-08
timex,PRICE,Armstrong,1,0,False,False,2025-09-08
timisoara,START,Armstrong,1,0,False,False,2025-09-08
timor,FLEECE,Armstrong,1,0,False,False,2025-09-08
timothy,HAPPY COMMA,Armstrong,1,0,False,False,2025-09-08
tina,COMMA,Armstrong,1,0,False,False,2025-09-08
tintagel,TRAP,Armstrong,1,0,False,False,2025-09-08
tiny,PRICE HAPPY,Armstrong,1,0,False,False,2025-09-08
tip,KIT,Armstrong,1,0,False,False,2025-09-08
tiptoed,GOAT,Armstrong,1,0,False,False,2025-09-08
tirade,PRICE,Armstrong,1,0,False,False,2025-09-08
tirana,PALM,Armstrong,1,0,False,False,2025-09-08
tire,PRICE,Armstrong,1,0,False,False,2025-09-08
tired,PRICE,Armstrong,1,0,False,False,2025-09-08
tissue,GOOSE,Armstrong,1,0,False,False,2025-09-08
tissues,GOOSE,Armstrong,1,0,False,False,2025-09-08
titania,PALM,Armstrong,1,0,False,False,2025-09-08
titanic,PRICE,Armstrong,1,0,False,False,2025-09-08
titanium,PRICE,Armstrong,1,0,False,False,2025-09-08
tithe,PRICE,Armstrong,1,0,False,False,2025-09-08
tithe-barn,PRICE START,Armstrong,1,0,False,False,2025-09-08
title,PRICE,Armstrong,1,0,False,False,2025-09-08
title-page,FACE,Armstrong,1,0,False,False,2025-09-08
titmarsh,START,Armstrong,1,0,False,False,2025-09-08
titmouse,MOUTH,Armstrong,1,0,False,False,2025-09-08
tito,FLEECE,Armstrong,1,0,False,False,2025-09-08
tnt,DRESS,Armstrong,1,0,False,False,2025-09-08
to,GOOSE COMMA,Armstrong,1,0,False,False,2025-09-08
to-do,COMMA,Armstrong,1,0,False,False,2025-09-08
toast,GOAT,Armstrong,1,0,False,False,2025-09-08
toasting-fork,NORTH,Armstrong,1,0,False,False,2025-09-08
tobago,FACE,Armstrong,1,0,False,False,2025-09-08
tobey,HAPPY,Armstrong,1,0,False,False,2025-09-08
toby,GOAT,Armstrong,1,0,False,False,2025-09-08
toccata,PALM,Armstrong,1,0,False,False,2025-09-08
today,COMMA,Armstrong,1,0,False,False,2025-09-08
toddler,LOT,Armstrong,1,0,False,False,2025-09-08
toe,GOAT,Armstrong,1,0,False,False,2025-09-08
toe-rag,GOAT,Armstrong,1,0,False,False,2025-09-08
toffee,HAPPY,Armstrong,1,0,False,False,2025-09-08
tofu,GOAT,Armstrong,1,0,False,False,2025-09-08
toga,COMMA,Armstrong,1,0,False,False,2025-09-08
together,DRESS LETTER COMMA,Armstrong,1,0,False,False,2025-09-08
togetherness,DRESS,Armstrong,1,0,False,False,2025-09-08
togo,GOAT,Armstrong,1,0,False,False,2025-09-08
toil,CHOICE,Armstrong,1,0,False,False,2025-09-08
toilet,CHOICE,Armstrong,1,0,False,False,2025-09-08
toiletries,CHOICE,Armstrong,1,0,False,False,2025-09-08
toilette,PALM,Armstrong,1,0,False,False,2025-09-08
tokelau,MOUTH,Armstrong,1,0,False,False,2025-09-08
token,GOAT,Armstrong,1,0,False,False,2025-09-08
tokyo,GOAT,Armstrong,1,0,False,False,2025-09-08
told,GOAT,Armstrong,1,0,False,False,2025-09-08
toll,GOAT,Armstrong,1,0,False,False,2025-09-08
tolled,GOAT,Armstrong,1,0,False,False,2025-09-08
tolstoy,CHOICE,Armstrong,1,0,False,False,2025-09-08
tom,LOT,Armstrong,1,0,False,False,2025-09-08
tomatoes,GOAT,Armstrong,1,0,False,False,2025-09-08
tomb,GOOSE,Armstrong,1,0,False,False,2025-09-08
tombola,LOT,Armstrong,1,0,False,False,2025-09-08
tomboy,CHOICE,Armstrong,1,0,False,False,2025-09-08
tome,GOAT,Armstrong,1,0,False,False,2025-09-08
tomintoul,MOUTH,Armstrong,1,0,False,False,2025-09-08
tommie,HAPPY,Armstrong,1,0,False,False,2025-09-08
tomorrow,(CLOTH),Armstrong,1,0,False,False,2025-09-08
tomtom,LOT,Armstrong,1,0,False,False,2025-09-08
tone,GOAT,Armstrong,1,0,False,False,2025-09-08
toneme,FLEECE,Armstrong,1,0,False,False,2025-09-08
tonga,COMMA,Armstrong,1,0,False,False,2025-09-08
tongs,CLOTH,Armstrong,1,0,False,False,2025-09-08
toni,HAPPY,Armstrong,1,0,False,False,2025-09-08
tonight,PRICE,Armstrong,1,0,False,False,2025-09-08
tonsure,LETTER,Armstrong,1,0,False,False,2025-09-08
tony,GOAT,Armstrong,1,0,False,False,2025-09-08
too,GOOSE,Armstrong,1,0,False,False,2025-09-08
took,FOOT,Armstrong,1,0,False,False,2025-09-08
toolbox,LOT,Armstrong,1,0,False,False,2025-09-08
tools,GOOSE,Armstrong,1,0,False,False,2025-09-08
tooth,GOOSE,Armstrong,1,0,False,False,2025-09-08
toothbrush,STRUT,Armstrong,1,0,False,False,2025-09-08
toothless,GOOSE,Armstrong,1,0,False,False,2025-09-08
toothpaste,FACE GOOSE,Armstrong,1,0,False,False,2025-09-08
toothsome,GOOSE,Armstrong,1,0,False,False,2025-09-08
tooting,GOOSE,Armstrong,1,0,False,False,2025-09-08
tootsie,FOOT,Armstrong,1,0,False,False,2025-09-08
top,LOT,Armstrong,1,0,False,False,2025-09-08
top-dog,LOT,Armstrong,1,0,False,False,2025-09-08
topaz,TRAP,Armstrong,1,0,False,False,2025-09-08
topic,LOT,Armstrong,1,0,False,False,2025-09-08
topnotch,LOT,Armstrong,1,0,False,False,2025-09-08
topsoil,CHOICE,Armstrong,1,0,False,False,2025-09-08
torch,NORTH,Armstrong,1,0,False,False,2025-09-08
torch-singer,NORTH,Armstrong,1,0,False,False,2025-09-08
tore,FORCE,Armstrong,1,0,False,False,2025-09-08
torment,NORTH,Armstrong,1,0,False,False,2025-09-08
torn,FORCE,Armstrong,1,0,False,False,2025-09-08
tornado,FACE NORTH,Armstrong,1,0,False,False,2025-09-08
torpedo,NORTH,Armstrong,1,0,False,False,2025-09-08
torpoint,CHOICE,Armstrong,1,0,False,False,2025-09-08
torpor,NORTH,Armstrong,1,0,False,False,2025-09-08
torque,NORTH,Armstrong,1,0,False,False,2025-09-08
torres,DRESS,Armstrong,1,0,False,False,2025-09-08
tors,NORTH,Armstrong,1,0,False,False,2025-09-08
torso,NORTH,Armstrong,1,0,False,False,2025-09-08
tort,NORTH,Armstrong,1,0,False,False,2025-09-08
tortuga,COMMA,Armstrong,1,0,False,False,2025-09-08
tortuous,NORTH,Armstrong,1,0,False,False,2025-09-08
torture,NORTH,Armstrong,1,0,False,False,2025-09-08
torturous,NORTH,Armstrong,1,0,False,False,2025-09-08
torus,FORCE,Armstrong,1,0,False,False,2025-09-08
torvalds,NORTH,Armstrong,1,0,False,False,2025-09-08
torvill,NORTH,Armstrong,1,0,False,False,2025-09-08
tory,FORCE,Armstrong,1,0,False,False,2025-09-08
toshiba,FLEECE COMMA,Armstrong,1,0,False,False,2025-09-08
toss,CLOTH,Armstrong,1,0,False,False,2025-09-08
total,GOAT,Armstrong,1,0,False,False,2025-09-08
totally,COMMA,Armstrong,1,0,False,False,2025-09-08
tote,GOAT,Armstrong,1,0,False,False,2025-09-08
toucan,GOOSE,Armstrong,1,0,False,False,2025-09-08
touch,(STRUT) (MOUTH),Armstrong,1,0,False,False,2025-09-08
touch-and-go,STRUT,Armstrong,1,0,False,False,2025-09-08
touch-screen,STRUT,Armstrong,1,0,False,False,2025-09-08
touch-tone,STRUT,Armstrong,1,0,False,False,2025-09-08
touch-typing,STRUT,Armstrong,1,0,False,False,2025-09-08
touchdown,STRUT,Armstrong,1,0,False,False,2025-09-08
touchpad,TRAP STRUT,Armstrong,1,0,False,False,2025-09-08
touchscreen,FLEECE,Armstrong,1,0,False,False,2025-09-08
touchwood,STRUT,Armstrong,1,0,False,False,2025-09-08
touchy,STRUT,Armstrong,1,0,False,False,2025-09-08
tough,STRUT,Armstrong,1,0,False,False,2025-09-08
tougher,LETTER,Armstrong,1,0,False,False,2025-09-08
toughie,HAPPY,Armstrong,1,0,False,False,2025-09-08
toulouse-lautrec,GOOSE,Armstrong,1,0,False,False,2025-09-08
tour,(FORCE) CURE,Armstrong,1,0,False,False,2025-09-08
toured,CURE,Armstrong,1,0,False,False,2025-09-08
touring,FORCE CURE,Armstrong,1,0,False,False,2025-09-08
tourism,FORCE COMMA,Armstrong,1,0,False,False,2025-09-08
tourist,FORCE CURE,Armstrong,1,0,False,False,2025-09-08
touristic,FORCE CURE,Armstrong,1,0,False,False,2025-09-08
touristy,FORCE,Armstrong,1,0,False,False,2025-09-08
tourmaline,CURE,Armstrong,1,0,False,False,2025-09-08
tournament,FORCE CURE,Armstrong,1,0,False,False,2025-09-08
tournedos,CURE,Armstrong,1,0,False,False,2025-09-08
tours,CURE,Armstrong,1,0,False,False,2025-09-08
tout,MOUTH,Armstrong,1,0,False,False,2025-09-08
tow,GOAT,Armstrong,1,0,False,False,2025-09-08
towbar,START,Armstrong,1,0,False,False,2025-09-08
towed,GOAT,Armstrong,1,0,False,False,2025-09-08
towel,MOUTH,Armstrong,1,0,False,False,2025-09-08
tower,MOUTH,Armstrong,1,0,False,False,2025-09-08
town,MOUTH,Armstrong,1,0,False,False,2025-09-08
townee,HAPPY,Armstrong,1,0,False,False,2025-09-08
townspeople,FLEECE,Armstrong,1,0,False,False,2025-09-08
towpath,BATH,Armstrong,1,0,False,False,2025-09-08
towpaths,BATH,Armstrong,1,0,False,False,2025-09-08
towrope,GOAT,Armstrong,1,0,False,False,2025-09-08
toxoplasmosis,TRAP,Armstrong,1,0,False,False,2025-09-08
toy,CHOICE,Armstrong,1,0,False,False,2025-09-08
toy-boy,CHOICE,Armstrong,1,0,False,False,2025-09-08
toyota,GOAT COMMA,Armstrong,1,0,False,False,2025-09-08
toys,CHOICE,Armstrong,1,0,False,False,2025-09-08
toyshop,CHOICE,Armstrong,1,0,False,False,2025-09-08
tracey,HAPPY,Armstrong,1,0,False,False,2025-09-08
track,TRAP,Armstrong,1,0,False,False,2025-09-08
tracker,LETTER,Armstrong,1,0,False,False,2025-09-08
trade,FACE,Armstrong,1,0,False,False,2025-09-08
trademark,FACE START,Armstrong,1,0,False,False,2025-09-08
tradesman,FACE,Armstrong,1,0,False,False,2025-09-08
tradespeople,FLEECE,Armstrong,1,0,False,False,2025-09-08
traditional,KIT COMMA,Armstrong,1,0,False,False,2025-09-08
traffic,TRAP,Armstrong,1,0,False,False,2025-09-08
trafford,TRAP,Armstrong,1,0,False,False,2025-09-08
tragedy,TRAP,Armstrong,1,0,False,False,2025-09-08
tragic,TRAP,Armstrong,1,0,False,False,2025-09-08
trailblazer,FACE,Armstrong,1,0,False,False,2025-09-08
trailer,FACE LETTER,Armstrong,1,0,False,False,2025-09-08
train,FACE,Armstrong,1,0,False,False,2025-09-08
trainee,FLEECE,Armstrong,1,0,False,False,2025-09-08
trainer,LETTER,Armstrong,1,0,False,False,2025-09-08
trainers,FACE,Armstrong,1,0,False,False,2025-09-08
traipse,FACE,Armstrong,1,0,False,False,2025-09-08
trait,FACE,Armstrong,1,0,False,False,2025-09-08
traitor,FACE,Armstrong,1,0,False,False,2025-09-08
tranmere,NEAR,Armstrong,1,0,False,False,2025-09-08
transceiver,BATH,Armstrong,1,0,False,False,2025-09-08
transcend,BATH,Armstrong,1,0,False,False,2025-09-08
transcendence,BATH,Armstrong,1,0,False,False,2025-09-08
transcendentalist,BATH,Armstrong,1,0,False,False,2025-09-08
transcript,BATH,Armstrong,1,0,False,False,2025-09-08
transcription,BATH,Armstrong,1,0,False,False,2025-09-08
transept,DRESS,Armstrong,1,0,False,False,2025-09-08
transfer,BATH NURSE,Armstrong,1,0,False,False,2025-09-08
transferability,BATH,Armstrong,1,0,False,False,2025-09-08
transferable,NURSE,Armstrong,1,0,False,False,2025-09-08
transferase,BATH,Armstrong,1,0,False,False,2025-09-08
transference,BATH,Armstrong,1,0,False,False,2025-09-08
transferred,NURSE,Armstrong,1,0,False,False,2025-09-08
transferring,NURSE,Armstrong,1,0,False,False,2025-09-08
transfers,NURSE,Armstrong,1,0,False,False,2025-09-08
transfiguration,BATH,Armstrong,1,0,False,False,2025-09-08
transform,BATH,Armstrong,1,0,False,False,2025-09-08
transformation,BATH LETTER,Armstrong,1,0,False,False,2025-09-08
transformed,NORTH,Armstrong,1,0,False,False,2025-09-08
transformer,NORTH,Armstrong,1,0,False,False,2025-09-08
transformers,BATH,Armstrong,1,0,False,False,2025-09-08
transforming,NORTH,Armstrong,1,0,False,False,2025-09-08
transforms,NORTH,Armstrong,1,0,False,False,2025-09-08
transfusion,GOOSE BATH,Armstrong,1,0,False,False,2025-09-08
translation,BATH,Armstrong,1,0,False,False,2025-09-08
translucent,GOOSE,Armstrong,1,0,False,False,2025-09-08
transmigration,PRICE,Armstrong,1,0,False,False,2025-09-08
transparency,BATH,Armstrong,1,0,False,False,2025-09-08
transparent,TRAP BATH,Armstrong,1,0,False,False,2025-09-08
transpire,BATH,Armstrong,1,0,False,False,2025-09-08
transplant,BATH,Armstrong,1,0,False,False,2025-09-08
transponder,BATH,Armstrong,1,0,False,False,2025-09-08
transport,BATH FORCE,Armstrong,1,0,False,False,2025-09-08
transportation,BATH,Armstrong,1,0,False,False,2025-09-08
transposition,BATH,Armstrong,1,0,False,False,2025-09-08
transubstantiation,BATH,Armstrong,1,0,False,False,2025-09-08
transvaal,PALM,Armstrong,1,0,False,False,2025-09-08
transylvania,BATH,Armstrong,1,0,False,False,2025-09-08
trap-door,FORCE,Armstrong,1,0,False,False,2025-09-08
trapdoor,FORCE,Armstrong,1,0,False,False,2025-09-08
trapezoidal,CHOICE,Armstrong,1,0,False,False,2025-09-08
trash,TRAP,Armstrong,1,0,False,False,2025-09-08
trashy,HAPPY,Armstrong,1,0,False,False,2025-09-08
trattoria,NEAR,Armstrong,1,0,False,False,2025-09-08
trauma,THOUGHT COMMA,Armstrong,1,0,False,False,2025-09-08
traumatic,THOUGHT,Armstrong,1,0,False,False,2025-09-08
traumatize,THOUGHT,Armstrong,1,0,False,False,2025-09-08
travel,TRAP,Armstrong,1,0,False,False,2025-09-08
travelers,LETTER,Armstrong,1,0,False,False,2025-09-08
traveller,LETTER,Armstrong,1,0,False,False,2025-09-08
travelodge,LOT,Armstrong,1,0,False,False,2025-09-08
travis,TRAP,Armstrong,1,0,False,False,2025-09-08
travolta,COMMA,Armstrong,1,0,False,False,2025-09-08
trays,FACE,Armstrong,1,0,False,False,2025-09-08
trayvon,LOT,Armstrong,1,0,False,False,2025-09-08
treacherous,DRESS,Armstrong,1,0,False,False,2025-09-08
treachery,DRESS,Armstrong,1,0,False,False,2025-09-08
treasure,DRESS LETTER,Armstrong,1,0,False,False,2025-09-08
treasure-trove,DRESS,Armstrong,1,0,False,False,2025-09-08
treasurer,LETTER,Armstrong,1,0,False,False,2025-09-08
treasury,DRESS,Armstrong,1,0,False,False,2025-09-08
treat,FLEECE,Armstrong,1,0,False,False,2025-09-08
treatment,FLEECE,Armstrong,1,0,False,False,2025-09-08
treaty,FLEECE,Armstrong,1,0,False,False,2025-09-08
treble,DRESS,Armstrong,1,0,False,False,2025-09-08
trebuchet,GOOSE,Armstrong,1,0,False,False,2025-09-08
trefdraeth,PRICE,Armstrong,1,0,False,False,2025-09-08
trefoil,CHOICE,Armstrong,1,0,False,False,2025-09-08
tressure,LETTER,Armstrong,1,0,False,False,2025-09-08
triad,TRAP,Armstrong,1,0,False,False,2025-09-08
triangle,TRAP,Armstrong,1,0,False,False,2025-09-08
triathlon,TRAP,Armstrong,1,0,False,False,2025-09-08
tribal,PRICE,Armstrong,1,0,False,False,2025-09-08
tribunal,GOOSE PRICE,Armstrong,1,0,False,False,2025-09-08
tribune,GOOSE,Armstrong,1,0,False,False,2025-09-08
tributaries,FOOT,Armstrong,1,0,False,False,2025-09-08
tribute,KIT GOOSE,Armstrong,1,0,False,False,2025-09-08
triceratops,PRICE,Armstrong,1,0,False,False,2025-09-08
tricia,COMMA,Armstrong,1,0,False,False,2025-09-08
tried,PRICE,Armstrong,1,0,False,False,2025-09-08
tries,PRICE,Armstrong,1,0,False,False,2025-09-08
trifecta,PRICE,Armstrong,1,0,False,False,2025-09-08
trifoliate,PRICE,Armstrong,1,0,False,False,2025-09-08
trigeminal,PRICE,Armstrong,1,0,False,False,2025-09-08
trigger,KIT LETTER,Armstrong,1,0,False,False,2025-09-08
triglyceride,PRICE,Armstrong,1,0,False,False,2025-09-08
trigonic,PRICE,Armstrong,1,0,False,False,2025-09-08
trijet,PRICE,Armstrong,1,0,False,False,2025-09-08
trijugate,PRICE,Armstrong,1,0,False,False,2025-09-08
trilogy,HAPPY COMMA,Armstrong,1,0,False,False,2025-09-08
trimester,PRICE,Armstrong,1,0,False,False,2025-09-08
trinidad,TRAP,Armstrong,1,0,False,False,2025-09-08
trio,FLEECE,Armstrong,1,0,False,False,2025-09-08
trip,KIT,Armstrong,1,0,False,False,2025-09-08
tripadvisor,PRICE,Armstrong,1,0,False,False,2025-09-08
tripod,LOT PRICE,Armstrong,1,0,False,False,2025-09-08
trireme,FLEECE,Armstrong,1,0,False,False,2025-09-08
trishaw,PRICE,Armstrong,1,0,False,False,2025-09-08
triumph,PRICE,Armstrong,1,0,False,False,2025-09-08
triune,GOOSE PRICE,Armstrong,1,0,False,False,2025-09-08
trivago,PALM,Armstrong,1,0,False,False,2025-09-08
trivalent,PRICE,Armstrong,1,0,False,False,2025-09-08
triweekly,PRICE,Armstrong,1,0,False,False,2025-09-08
troika,CHOICE,Armstrong,1,0,False,False,2025-09-08
trojan,GOAT,Armstrong,1,0,False,False,2025-09-08
trolleybus,STRUT,Armstrong,1,0,False,False,2025-09-08
trombone,LOT,Armstrong,1,0,False,False,2025-09-08
trondheim,PRICE,Armstrong,1,0,False,False,2025-09-08
troop,GOOSE,Armstrong,1,0,False,False,2025-09-08
troop-carrier,TRAP,Armstrong,1,0,False,False,2025-09-08
trophy,GOAT HAPPY,Armstrong,1,0,False,False,2025-09-08
troth,GOAT,Armstrong,1,0,False,False,2025-09-08
troubadour,GOOSE FORCE,Armstrong,1,0,False,False,2025-09-08
trouble,STRUT,Armstrong,1,0,False,False,2025-09-08
troubleshooting,GOOSE,Armstrong,1,0,False,False,2025-09-08
trough,CLOTH,Armstrong,1,0,False,False,2025-09-08
trouser,LETTER,Armstrong,1,0,False,False,2025-09-08
trousers,MOUTH,Armstrong,1,0,False,False,2025-09-08
trout,MOUTH,Armstrong,1,0,False,False,2025-09-08
trowel,MOUTH,Armstrong,1,0,False,False,2025-09-08
troy,CHOICE,Armstrong,1,0,False,False,2025-09-08
truck,STRUT,Armstrong,1,0,False,False,2025-09-08
trudge,STRUT,Armstrong,1,0,False,False,2025-09-08
trudgen,STRUT,Armstrong,1,0,False,False,2025-09-08
true,GOOSE,Armstrong,1,0,False,False,2025-09-08
truer,GOOSE,Armstrong,1,0,False,False,2025-09-08
truffle,STRUT,Armstrong,1,0,False,False,2025-09-08
truffles,STRUT,Armstrong,1,0,False,False,2025-09-08
truism,GOOSE,Armstrong,1,0,False,False,2025-09-08
truly,GOOSE,Armstrong,1,0,False,False,2025-09-08
truncate,STRUT,Armstrong,1,0,False,False,2025-09-08
truncated,STRUT,Armstrong,1,0,False,False,2025-09-08
trunk,STRUT,Armstrong,1,0,False,False,2025-09-08
trunks,STRUT,Armstrong,1,0,False,False,2025-09-08
truro,CURE,Armstrong,1,0,False,False,2025-09-08
trust,STRUT,Armstrong,1,0,False,False,2025-09-08
trusted,STRUT,Armstrong,1,0,False,False,2025-09-08
trusts,STRUT,Armstrong,1,0,False,False,2025-09-08
trustworthy,HAPPY,Armstrong,1,0,False,False,2025-09-08
truth,GOOSE,Armstrong,1,0,False,False,2025-09-08
truths,GOOSE,Armstrong,1,0,False,False,2025-09-08
try,PRICE,Armstrong,1,0,False,False,2025-09-08
try-out,MOUTH,Armstrong,1,0,False,False,2025-09-08
tryptophan,GOAT,Armstrong,1,0,False,False,2025-09-08
tsarina,START,Armstrong,1,0,False,False,2025-09-08
tsunami,PALM GOOSE HAPPY,Armstrong,1,0,False,False,2025-09-08
tuareg,DRESS,Armstrong,1,0,False,False,2025-09-08
tub,STRUT,Armstrong,1,0,False,False,2025-09-08
tuba,GOOSE COMMA,Armstrong,1,0,False,False,2025-09-08
tube,GOOSE,Armstrong,1,0,False,False,2025-09-08
tuber,GOOSE,Armstrong,1,0,False,False,2025-09-08
tuberculosis,GOOSE,Armstrong,1,0,False,False,2025-09-08
tubthumping,STRUT,Armstrong,1,0,False,False,2025-09-08
tucson,GOOSE,Armstrong,1,0,False,False,2025-09-08
tufted,STRUT,Armstrong,1,0,False,False,2025-09-08
tug,STRUT,Armstrong,1,0,False,False,2025-09-08
tugendhat,PALM,Armstrong,1,0,False,False,2025-09-08
tuition,GOOSE,Armstrong,1,0,False,False,2025-09-08
tulip,GOOSE,Armstrong,1,0,False,False,2025-09-08
tulsa,COMMA,Armstrong,1,0,False,False,2025-09-08
tumbleweed,FLEECE,Armstrong,1,0,False,False,2025-09-08
tummy,STRUT,Armstrong,1,0,False,False,2025-09-08
tumour,GOOSE,Armstrong,1,0,False,False,2025-09-08
tumultuous,GOOSE,Armstrong,1,0,False,False,2025-09-08
tuna,GOOSE,Armstrong,1,0,False,False,2025-09-08
tune,GOOSE,Armstrong,1,0,False,False,2025-09-08
tungsten,STRUT,Armstrong,1,0,False,False,2025-09-08
tungusic,FOOT,Armstrong,1,0,False,False,2025-09-08
tunic,GOOSE,Armstrong,1,0,False,False,2025-09-08
tuning-fork,NORTH,Armstrong,1,0,False,False,2025-09-08
tunisia,GOOSE,Armstrong,1,0,False,False,2025-09-08
turbine,NURSE,Armstrong,1,0,False,False,2025-09-08
turbocharge,GOAT START,Armstrong,1,0,False,False,2025-09-08
turbojets,GOAT,Armstrong,1,0,False,False,2025-09-08
turbulent,NURSE,Armstrong,1,0,False,False,2025-09-08
turf,NURSE,Armstrong,1,0,False,False,2025-09-08
turgenev,DRESS,Armstrong,1,0,False,False,2025-09-08
turkey,HAPPY NURSE,Armstrong,1,0,False,False,2025-09-08
turkmenistan,DRESS NURSE,Armstrong,1,0,False,False,2025-09-08
turks,NURSE,Armstrong,1,0,False,False,2025-09-08
turmoil,CHOICE,Armstrong,1,0,False,False,2025-09-08
turn,NURSE,Armstrong,1,0,False,False,2025-09-08
turn-out,MOUTH,Armstrong,1,0,False,False,2025-09-08
turnaround,MOUTH,Armstrong,1,0,False,False,2025-09-08
turner,LETTER NURSE,Armstrong,1,0,False,False,2025-09-08
turning-point,CHOICE,Armstrong,1,0,False,False,2025-09-08
turnover,GOAT NURSE,Armstrong,1,0,False,False,2025-09-08
turnpike,PRICE,Armstrong,1,0,False,False,2025-09-08
turpin,NURSE,Armstrong,1,0,False,False,2025-09-08
turquoise,CHOICE NURSE,Armstrong,1,0,False,False,2025-09-08
turret,STRUT,Armstrong,1,0,False,False,2025-09-08
turtle,NURSE,Armstrong,1,0,False,False,2025-09-08
turtledove,STRUT,Armstrong,1,0,False,False,2025-09-08
turvey,HAPPY,Armstrong,1,0,False,False,2025-09-08
tush,FOOT,Armstrong,1,0,False,False,2025-09-08
tushie,HAPPY,Armstrong,1,0,False,False,2025-09-08
tuskegee,STRUT HAPPY,Armstrong,1,0,False,False,2025-09-08
tutor,GOOSE,Armstrong,1,0,False,False,2025-09-08
tutorial,GOOSE FORCE,Armstrong,1,0,False,False,2025-09-08
tutu,GOOSE,Armstrong,1,0,False,False,2025-09-08
tuvalu,PALM GOOSE,Armstrong,1,0,False,False,2025-09-08
tuxedo,STRUT,Armstrong,1,0,False,False,2025-09-08
tv,FLEECE,Armstrong,1,0,False,False,2025-09-08
twaites,FACE,Armstrong,1,0,False,False,2025-09-08
tweak,FLEECE,Armstrong,1,0,False,False,2025-09-08
tweed,FLEECE,Armstrong,1,0,False,False,2025-09-08
tweet,FLEECE,Armstrong,1,0,False,False,2025-09-08
twentieth,COMMA,Armstrong,1,0,False,False,2025-09-08
twenty-one,HAPPY,Armstrong,1,0,False,False,2025-09-08
twerking,NURSE,Armstrong,1,0,False,False,2025-09-08
twice,PRICE,Armstrong,1,0,False,False,2025-09-08
twilight,PRICE,Armstrong,1,0,False,False,2025-09-08
twist,KIT,Armstrong,1,0,False,False,2025-09-08
twitter,KIT LETTER,Armstrong,1,0,False,False,2025-09-08
two,GOOSE,Armstrong,1,0,False,False,2025-09-08
two-by-four,FORCE,Armstrong,1,0,False,False,2025-09-08
two-tone,GOAT,Armstrong,1,0,False,False,2025-09-08
two-way,GOOSE,Armstrong,1,0,False,False,2025-09-08
twofer,GOOSE,Armstrong,1,0,False,False,2025-09-08
twyford,PRICE,Armstrong,1,0,False,False,2025-09-08
tycoon,PRICE,Armstrong,1,0,False,False,2025-09-08
tyler,PRICE,Armstrong,1,0,False,False,2025-09-08
tynemouth,MOUTH,Armstrong,1,0,False,False,2025-09-08
type,PRICE,Armstrong,1,0,False,False,2025-09-08
typhoid,PRICE CHOICE,Armstrong,1,0,False,False,2025-09-08
typhoon,GOOSE PRICE,Armstrong,1,0,False,False,2025-09-08
typical,KIT,Armstrong,1,0,False,False,2025-09-08
typo,PRICE,Armstrong,1,0,False,False,2025-09-08
typography,PRICE,Armstrong,1,0,False,False,2025-09-08
tyrangiel,COMMA,Armstrong,1,0,False,False,2025-09-08
tyrannosaurus,NORTH,Armstrong,1,0,False,False,2025-09-08
tyre,PRICE,Armstrong,1,0,False,False,2025-09-08
tyrone,GOAT PRICE,Armstrong,1,0,False,False,2025-09-08
tzarina,START,Armstrong,1,0,False,False,2025-09-08
u-boat,GOOSE,Armstrong,1,0,False,False,2025-09-08
uber,LETTER,Armstrong,1,0,False,False,2025-09-08
ubiquity,GOOSE,Armstrong,1,0,False,False,2025-09-08
ubuntu,(FOOT) (GOOSE),Armstrong,1,0,False,False,2025-09-08
uccello,GOOSE,Armstrong,1,0,False,False,2025-09-08
uchimura,FLEECE,Armstrong,1,0,False,False,2025-09-08
udder,STRUT,Armstrong,1,0,False,False,2025-09-08
uffizi,GOOSE,Armstrong,1,0,False,False,2025-09-08
ufo,DRESS,Armstrong,1,0,False,False,2025-09-08
uganda,GOOSE COMMA,Armstrong,1,0,False,False,2025-09-08
ugly,STRUT,Armstrong,1,0,False,False,2025-09-08
ugrian,GOOSE,Armstrong,1,0,False,False,2025-09-08
ukraine,FACE,Armstrong,1,0,False,False,2025-09-08
ukulele,GOOSE,Armstrong,1,0,False,False,2025-09-08
ulster,STRUT,Armstrong,1,0,False,False,2025-09-08
ulterior,STRUT,Armstrong,1,0,False,False,2025-09-08
ultimate,STRUT,Armstrong,1,0,False,False,2025-09-08
ultimately,STRUT,Armstrong,1,0,False,False,2025-09-08
ultra,COMMA,Armstrong,1,0,False,False,2025-09-08
ultra-,STRUT,Armstrong,1,0,False,False,2025-09-08
ultrahigh,PRICE,Armstrong,1,0,False,False,2025-09-08
uluant,GOOSE,Armstrong,1,0,False,False,2025-09-08
ulysses,GOOSE,Armstrong,1,0,False,False,2025-09-08
umami,HAPPY,Armstrong,1,0,False,False,2025-09-08
umbilical,STRUT,Armstrong,1,0,False,False,2025-09-08
umbrella,STRUT COMMA,Armstrong,1,0,False,False,2025-09-08
umlaut,MOUTH (GOOSE) (FOOT),Armstrong,1,0,False,False,2025-09-08
umpire,PRICE,Armstrong,1,0,False,False,2025-09-08
umpiring,PRICE,Armstrong,1,0,False,False,2025-09-08
una,COMMA,Armstrong,1,0,False,False,2025-09-08
unacceptable,DRESS,Armstrong,1,0,False,False,2025-09-08
unanimous,GOOSE,Armstrong,1,0,False,False,2025-09-08
unasked,BATH,Armstrong,1,0,False,False,2025-09-08
unauthorized,THOUGHT,Armstrong,1,0,False,False,2025-09-08
unavailable,COMMA,Armstrong,1,0,False,False,2025-09-08
unaware,SQUARE,Armstrong,1,0,False,False,2025-09-08
unbearable,SQUARE,Armstrong,1,0,False,False,2025-09-08
unbiased,PRICE COMMA,Armstrong,1,0,False,False,2025-09-08
uncharacteristically,TRAP,Armstrong,1,0,False,False,2025-09-08
unclassifiable,PRICE,Armstrong,1,0,False,False,2025-09-08
uncle,STRUT,Armstrong,1,0,False,False,2025-09-08
unclear,NEAR,Armstrong,1,0,False,False,2025-09-08
uncork,NORTH,Armstrong,1,0,False,False,2025-09-08
uncouth,GOOSE,Armstrong,1,0,False,False,2025-09-08
uncovered,STRUT,Armstrong,1,0,False,False,2025-09-08
undamaged,TRAP,Armstrong,1,0,False,False,2025-09-08
undemocratic,DRESS,Armstrong,1,0,False,False,2025-09-08
under,STRUT LETTER,Armstrong,1,0,False,False,2025-09-08
underage,FACE,Armstrong,1,0,False,False,2025-09-08
underbrush,STRUT,Armstrong,1,0,False,False,2025-09-08
undercarriage,TRAP,Armstrong,1,0,False,False,2025-09-08
underclothing,GOAT,Armstrong,1,0,False,False,2025-09-08
undercover,STRUT LETTER,Armstrong,1,0,False,False,2025-09-08
undercurrent,STRUT,Armstrong,1,0,False,False,2025-09-08
undercut,STRUT,Armstrong,1,0,False,False,2025-09-08
underemployment,CHOICE,Armstrong,1,0,False,False,2025-09-08
underfloor,FORCE,Armstrong,1,0,False,False,2025-09-08
undergarments,START,Armstrong,1,0,False,False,2025-09-08
undergone,LETTER,Armstrong,1,0,False,False,2025-09-08
undergraduate,LETTER,Armstrong,1,0,False,False,2025-09-08
underground,MOUTH LETTER,Armstrong,1,0,False,False,2025-09-08
underneath,LETTER,Armstrong,1,0,False,False,2025-09-08
underpants,LETTER,Armstrong,1,0,False,False,2025-09-08
underpin,LETTER,Armstrong,1,0,False,False,2025-09-08
underscored,FORCE,Armstrong,1,0,False,False,2025-09-08
undersea,HAPPY,Armstrong,1,0,False,False,2025-09-08
undershirt,LETTER,Armstrong,1,0,False,False,2025-09-08
undershoot,LETTER,Armstrong,1,0,False,False,2025-09-08
undersigned,PRICE,Armstrong,1,0,False,False,2025-09-08
understand,STRUT LETTER,Armstrong,1,0,False,False,2025-09-08
understated,FACE LETTER,Armstrong,1,0,False,False,2025-09-08
understeer,NEAR,Armstrong,1,0,False,False,2025-09-08
understood,FOOT,Armstrong,1,0,False,False,2025-09-08
understudy,STRUT,Armstrong,1,0,False,False,2025-09-08
undertook,FOOT,Armstrong,1,0,False,False,2025-09-08
undervalue,LETTER,Armstrong,1,0,False,False,2025-09-08
underwater,THOUGHT LETTER,Armstrong,1,0,False,False,2025-09-08
underwear,SQUARE LETTER,Armstrong,1,0,False,False,2025-09-08
underwent,LETTER,Armstrong,1,0,False,False,2025-09-08
underwood,LETTER,Armstrong,1,0,False,False,2025-09-08
underworld,LETTER,Armstrong,1,0,False,False,2025-09-08
undoes,STRUT,Armstrong,1,0,False,False,2025-09-08
unduly,GOOSE,Armstrong,1,0,False,False,2025-09-08
unearth,NURSE,Armstrong,1,0,False,False,2025-09-08
unemployed,CHOICE,Armstrong,1,0,False,False,2025-09-08
unemployment,CHOICE,Armstrong,1,0,False,False,2025-09-08
unerring,NURSE,Armstrong,1,0,False,False,2025-09-08
unerringly,NURSE,Armstrong,1,0,False,False,2025-09-08
unesco,GOOSE,Armstrong,1,0,False,False,2025-09-08
unfair,SQUARE,Armstrong,1,0,False,False,2025-09-08
unfairly,SQUARE,Armstrong,1,0,False,False,2025-09-08
unfairness,SQUARE,Armstrong,1,0,False,False,2025-09-08
unfaithfulness,FACE,Armstrong,1,0,False,False,2025-09-08
unfathomable,TRAP,Armstrong,1,0,False,False,2025-09-08
unforeseen,FORCE,Armstrong,1,0,False,False,2025-09-08
unforgettable,LETTER,Armstrong,1,0,False,False,2025-09-08
unforthcoming,FORCE,Armstrong,1,0,False,False,2025-09-08
unfortunately,NORTH,Armstrong,1,0,False,False,2025-09-08
ungava,PALM,Armstrong,1,0,False,False,2025-09-08
ungoverned,STRUT,Armstrong,1,0,False,False,2025-09-08
uni,HAPPY,Armstrong,1,0,False,False,2025-09-08
unicef,DRESS,Armstrong,1,0,False,False,2025-09-08
unicode,GOOSE,Armstrong,1,0,False,False,2025-09-08
unicorn,GOOSE NORTH,Armstrong,1,0,False,False,2025-09-08
unicycle,GOOSE PRICE,Armstrong,1,0,False,False,2025-09-08
uniform,NORTH,Armstrong,1,0,False,False,2025-09-08
uninsured,CURE,Armstrong,1,0,False,False,2025-09-08
union,GOOSE (HAPPY) (COMMA),Armstrong,1,0,False,False,2025-09-08
unique,FLEECE GOOSE,Armstrong,1,0,False,False,2025-09-08
uniroyal,CHOICE,Armstrong,1,0,False,False,2025-09-08
unisex,DRESS,Armstrong,1,0,False,False,2025-09-08
unison,GOOSE,Armstrong,1,0,False,False,2025-09-08
unit,GOOSE,Armstrong,1,0,False,False,2025-09-08
unitard,KIT,Armstrong,1,0,False,False,2025-09-08
unite,GOOSE,Armstrong,1,0,False,False,2025-09-08
united,PRICE,Armstrong,1,0,False,False,2025-09-08
universal,GOOSE NURSE,Armstrong,1,0,False,False,2025-09-08
university,KIT GOOSE HAPPY NURSE,Armstrong,1,0,False,False,2025-09-08
unlawful,THOUGHT,Armstrong,1,0,False,False,2025-09-08
unlikely,PRICE,Armstrong,1,0,False,False,2025-09-08
unmask,BATH,Armstrong,1,0,False,False,2025-09-08
unnecessary,DRESS,Armstrong,1,0,False,False,2025-09-08
unpaid,STRUT FACE,Armstrong,1,0,False,False,2025-09-08
unpainted,STRUT,Armstrong,1,0,False,False,2025-09-08
unparalleled,STRUT,Armstrong,1,0,False,False,2025-09-08
unplanned,STRUT,Armstrong,1,0,False,False,2025-09-08
unpleasant,DRESS,Armstrong,1,0,False,False,2025-09-08
unplugged,STRUT,Armstrong,1,0,False,False,2025-09-08
unpopular,STRUT,Armstrong,1,0,False,False,2025-09-08
unprecedented,STRUT,Armstrong,1,0,False,False,2025-09-08
unprepossessing,FLEECE,Armstrong,1,0,False,False,2025-09-08
unpresidential,DRESS,Armstrong,1,0,False,False,2025-09-08
unpublished,STRUT,Armstrong,1,0,False,False,2025-09-08
unpunctuality,STRUT,Armstrong,1,0,False,False,2025-09-08
unquestioned,STRUT,Armstrong,1,0,False,False,2025-09-08
unreliability,PRICE,Armstrong,1,0,False,False,2025-09-08
unrighteous,PRICE,Armstrong,1,0,False,False,2025-09-08
unrighteously,PRICE,Armstrong,1,0,False,False,2025-09-08
unruly,STRUT,Armstrong,1,0,False,False,2025-09-08
unsatisfactory,TRAP,Armstrong,1,0,False,False,2025-09-08
unsavory,STRUT,Armstrong,1,0,False,False,2025-09-08
unscathed,FACE,Armstrong,1,0,False,False,2025-09-08
unspoiled,CHOICE,Armstrong,1,0,False,False,2025-09-08
unsupervised,LETTER,Armstrong,1,0,False,False,2025-09-08
unsurpassed,LETTER,Armstrong,1,0,False,False,2025-09-08
until,KIT STRUT,Armstrong,1,0,False,False,2025-09-08
unto,COMMA,Armstrong,1,0,False,False,2025-09-08
untouchable,STRUT,Armstrong,1,0,False,False,2025-09-08
untouched,STRUT,Armstrong,1,0,False,False,2025-09-08
untruths,GOOSE,Armstrong,1,0,False,False,2025-09-08
unusual,STRUT GOOSE,Armstrong,1,0,False,False,2025-09-08
unveil,FACE,Armstrong,1,0,False,False,2025-09-08
unwillingly,STRUT,Armstrong,1,0,False,False,2025-09-08
unworthy,NURSE,Armstrong,1,0,False,False,2025-09-08
up,STRUT,Armstrong,1,0,False,False,2025-09-08
upbeat,FLEECE,Armstrong,1,0,False,False,2025-09-08
upcoming,STRUT,Armstrong,1,0,False,False,2025-09-08
update,STRUT FACE,Armstrong,1,0,False,False,2025-09-08
upgrade,STRUT FACE,Armstrong,1,0,False,False,2025-09-08
upkeep,FLEECE,Armstrong,1,0,False,False,2025-09-08
upload,STRUT,Armstrong,1,0,False,False,2025-09-08
upon,LOT COMMA,Armstrong,1,0,False,False,2025-09-08
upper,STRUT LETTER,Armstrong,1,0,False,False,2025-09-08
uppsala,FOOT PALM,Armstrong,1,0,False,False,2025-09-08
upraise,STRUT,Armstrong,1,0,False,False,2025-09-08
upright,STRUT PRICE,Armstrong,1,0,False,False,2025-09-08
uproar,FORCE,Armstrong,1,0,False,False,2025-09-08
uproarious,FORCE,Armstrong,1,0,False,False,2025-09-08
uproariously,STRUT,Armstrong,1,0,False,False,2025-09-08
upset,DRESS STRUT,Armstrong,1,0,False,False,2025-09-08
upspeak,FLEECE,Armstrong,1,0,False,False,2025-09-08
upstairs,STRUT SQUARE,Armstrong,1,0,False,False,2025-09-08
upton,STRUT,Armstrong,1,0,False,False,2025-09-08
upwards,STRUT,Armstrong,1,0,False,False,2025-09-08
ural-altaic,BATH,Armstrong,1,0,False,False,2025-09-08
uranium,FOOT,Armstrong,1,0,False,False,2025-09-08
urban,NURSE,Armstrong,1,0,False,False,2025-09-08
urbana,LETTER,Armstrong,1,0,False,False,2025-09-08
urbane,LETTER,Armstrong,1,0,False,False,2025-09-08
urchin,NURSE,Armstrong,1,0,False,False,2025-09-08
urdu,GOOSE NURSE,Armstrong,1,0,False,False,2025-09-08
urethane,KIT,Armstrong,1,0,False,False,2025-09-08
urged,NURSE,Armstrong,1,0,False,False,2025-09-08
urgent,NURSE,Armstrong,1,0,False,False,2025-09-08
uri,CURE,Armstrong,1,0,False,False,2025-09-08
urinary,CURE,Armstrong,1,0,False,False,2025-09-08
urine,CURE,Armstrong,1,0,False,False,2025-09-08
url,DRESS,Armstrong,1,0,False,False,2025-09-08
urogenital,GOAT,Armstrong,1,0,False,False,2025-09-08
urologist,CURE,Armstrong,1,0,False,False,2025-09-08
urology,CURE,Armstrong,1,0,False,False,2025-09-08
urticaria,NURSE,Armstrong,1,0,False,False,2025-09-08
uruguay,GOOSE CURE COMMA (PRICE),Armstrong,1,0,False,False,2025-09-08
uruguayans,GOOSE,Armstrong,1,0,False,False,2025-09-08
urwin,NURSE,Armstrong,1,0,False,False,2025-09-08
us,DRESS STRUT COMMA,Armstrong,1,0,False,False,2025-09-08
usa,DRESS,Armstrong,1,0,False,False,2025-09-08
usage,GOOSE,Armstrong,1,0,False,False,2025-09-08
usborne,STRUT FORCE,Armstrong,1,0,False,False,2025-09-08
use,GOOSE,Armstrong,1,0,False,False,2025-09-08
useful,GOOSE,Armstrong,1,0,False,False,2025-09-08
user,GOOSE LETTER,Armstrong,1,0,False,False,2025-09-08
users,LETTER,Armstrong,1,0,False,False,2025-09-08
usher,STRUT,Armstrong,1,0,False,False,2025-09-08
usual,GOOSE,Armstrong,1,0,False,False,2025-09-08
usually,GOOSE,Armstrong,1,0,False,False,2025-09-08
usufruct,FOOT,Armstrong,1,0,False,False,2025-09-08
usurious,GOOSE,Armstrong,1,0,False,False,2025-09-08
usurpers,GOOSE,Armstrong,1,0,False,False,2025-09-08
usury,GOOSE,Armstrong,1,0,False,False,2025-09-08
utah,PALM,Armstrong,1,0,False,False,2025-09-08
utahan,PALM,Armstrong,1,0,False,False,2025-09-08
utensils,GOOSE,Armstrong,1,0,False,False,2025-09-08
uther,LETTER,Armstrong,1,0,False,False,2025-09-08
uthwatt,STRUT,Armstrong,1,0,False,False,2025-09-08
utility,GOOSE,Armstrong,1,0,False,False,2025-09-08
utilize,GOOSE,Armstrong,1,0,False,False,2025-09-08
utilized,PRICE,Armstrong,1,0,False,False,2025-09-08
utmost,STRUT GOAT,Armstrong,1,0,False,False,2025-09-08
utopia,GOOSE,Armstrong,1,0,False,False,2025-09-08
utter,STRUT,Armstrong,1,0,False,False,2025-09-08
utterly,LETTER,Armstrong,1,0,False,False,2025-09-08
uvula,GOOSE,Armstrong,1,0,False,False,2025-09-08
uvular,GOOSE,Armstrong,1,0,False,False,2025-09-08
uvularization,GOOSE,Armstrong,1,0,False,False,2025-09-08
uxorious,FORCE,Armstrong,1,0,False,False,2025-09-08
uyghur,FLEECE,Armstrong,1,0,False,False,2025-09-08
uzbek,FOOT,Armstrong,1,0,False,False,2025-09-08
uzbekistan,PALM (GOOSE) (FOOT),Armstrong,1,0,False,False,2025-09-08
uzi,HAPPY,Armstrong,1,0,False,False,2025-09-08
uzziah,STRUT,Armstrong,1,0,False,False,2025-09-08
v-sign,PRICE,Armstrong,1,0,False,False,2025-09-08
vaal,PALM,Armstrong,1,0,False,False,2025-09-08
vacancy,FACE,Armstrong,1,0,False,False,2025-09-08
vaccine,FLEECE,Armstrong,1,0,False,False,2025-09-08
vacuum,GOOSE,Armstrong,1,0,False,False,2025-09-08
vagotomy,FACE,Armstrong,1,0,False,False,2025-09-08
vague,FACE,Armstrong,1,0,False,False,2025-09-08
vainglorious,FORCE,Armstrong,1,0,False,False,2025-09-08
vale,FACE,Armstrong,1,0,False,False,2025-09-08
valentine,PRICE,Armstrong,1,0,False,False,2025-09-08
valerie,HAPPY,Armstrong,1,0,False,False,2025-09-08
valid,KIT TRAP,Armstrong,1,0,False,False,2025-09-08
valley,TRAP HAPPY,Armstrong,1,0,False,False,2025-09-08
valuable,FOOT,Armstrong,1,0,False,False,2025-09-08
valuation,GOOSE,Armstrong,1,0,False,False,2025-09-08
value,TRAP GOOSE,Armstrong,1,0,False,False,2025-09-08
valued,GOOSE,Armstrong,1,0,False,False,2025-09-08
values,GOOSE,Armstrong,1,0,False,False,2025-09-08
vampire,PRICE,Armstrong,1,0,False,False,2025-09-08
van,TRAP,Armstrong,1,0,False,False,2025-09-08
vancouver,GOOSE,Armstrong,1,0,False,False,2025-09-08
vanessa,COMMA,Armstrong,1,0,False,False,2025-09-08
vanguard,START,Armstrong,1,0,False,False,2025-09-08
vanilla,COMMA,Armstrong,1,0,False,False,2025-09-08
vape,FACE,Armstrong,1,0,False,False,2025-09-08
vapour,FACE,Armstrong,1,0,False,False,2025-09-08
variable,SQUARE,Armstrong,1,0,False,False,2025-09-08
variance,SQUARE,Armstrong,1,0,False,False,2025-09-08
variation,SQUARE,Armstrong,1,0,False,False,2025-09-08
variety,PRICE LETTER COMMA,Armstrong,1,0,False,False,2025-09-08
various,SQUARE COMMA,Armstrong,1,0,False,False,2025-09-08
varnish,START,Armstrong,1,0,False,False,2025-09-08
varsity,START,Armstrong,1,0,False,False,2025-09-08
vary,SQUARE,Armstrong,1,0,False,False,2025-09-08
vasodilator,FACE,Armstrong,1,0,False,False,2025-09-08
vat,TRAP,Armstrong,1,0,False,False,2025-09-08
vaughan,THOUGHT,Armstrong,1,0,False,False,2025-09-08
vault,THOUGHT,Armstrong,1,0,False,False,2025-09-08
vauxhall,THOUGHT,Armstrong,1,0,False,False,2025-09-08
vaz,TRAP,Armstrong,1,0,False,False,2025-09-08
veered,NEAR,Armstrong,1,0,False,False,2025-09-08
vega,COMMA,Armstrong,1,0,False,False,2025-09-08
vegan,FLEECE,Armstrong,1,0,False,False,2025-09-08
vegetables,DRESS,Armstrong,1,0,False,False,2025-09-08
vegetarian,DRESS SQUARE,Armstrong,1,0,False,False,2025-09-08
veggie,HAPPY,Armstrong,1,0,False,False,2025-09-08
vehemence,NEAR,Armstrong,1,0,False,False,2025-09-08
vehicles,FLEECE,Armstrong,1,0,False,False,2025-09-08
veil,FACE,Armstrong,1,0,False,False,2025-09-08
veloce,GOAT,Armstrong,1,0,False,False,2025-09-08
velour,GOOSE,Armstrong,1,0,False,False,2025-09-08
vendee,HAPPY,Armstrong,1,0,False,False,2025-09-08
vendor,COMMA,Armstrong,1,0,False,False,2025-09-08
veneer,NEAR,Armstrong,1,0,False,False,2025-09-08
venezuela,FACE COMMA,Armstrong,1,0,False,False,2025-09-08
ventura,CURE COMMA,Armstrong,1,0,False,False,2025-09-08
vera,COMMA,Armstrong,1,0,False,False,2025-09-08
veranda,COMMA,Armstrong,1,0,False,False,2025-09-08
verbal,NURSE,Armstrong,1,0,False,False,2025-09-08
verde,NURSE,Armstrong,1,0,False,False,2025-09-08
verdi,SQUARE HAPPY,Armstrong,1,0,False,False,2025-09-08
verdict,NURSE,Armstrong,1,0,False,False,2025-09-08
verge,NURSE,Armstrong,1,0,False,False,2025-09-08
verifiable,PRICE,Armstrong,1,0,False,False,2025-09-08
verified,KIT DRESS PRICE,Armstrong,1,0,False,False,2025-09-08
verify,PRICE,Armstrong,1,0,False,False,2025-09-08
vermeer,NEAR,Armstrong,1,0,False,False,2025-09-08
vermont,LETTER,Armstrong,1,0,False,False,2025-09-08
veronica,COMMA,Armstrong,1,0,False,False,2025-09-08
verruca,GOOSE,Armstrong,1,0,False,False,2025-09-08
versailles,SQUARE,Armstrong,1,0,False,False,2025-09-08
versatile,NURSE (PRICE),Armstrong,1,0,False,False,2025-09-08
verse,NURSE,Armstrong,1,0,False,False,2025-09-08
version,NURSE,Armstrong,1,0,False,False,2025-09-08
versus,LETTER COMMA NURSE,Armstrong,1,0,False,False,2025-09-08
vertical,NURSE,Armstrong,1,0,False,False,2025-09-08
very,DRESS HAPPY,Armstrong,1,0,False,False,2025-09-08
vespa,COMMA,Armstrong,1,0,False,False,2025-09-08
vespucci,GOOSE,Armstrong,1,0,False,False,2025-09-08
vexatious,FACE,Armstrong,1,0,False,False,2025-09-08
vhs,FACE,Armstrong,1,0,False,False,2025-09-08
viaduct,STRUT,Armstrong,1,0,False,False,2025-09-08
viagra,TRAP,Armstrong,1,0,False,False,2025-09-08
viber,PRICE,Armstrong,1,0,False,False,2025-09-08
vibraharp,START,Armstrong,1,0,False,False,2025-09-08
vibrant,PRICE,Armstrong,1,0,False,False,2025-09-08
vibrating,PRICE,Armstrong,1,0,False,False,2025-09-08
vibration,PRICE,Armstrong,1,0,False,False,2025-09-08
vibrato,PALM,Armstrong,1,0,False,False,2025-09-08
viburnum,PRICE,Armstrong,1,0,False,False,2025-09-08
vicarious,SQUARE,Armstrong,1,0,False,False,2025-09-08
vice,PRICE,Armstrong,1,0,False,False,2025-09-08
vice-chairperson,SQUARE,Armstrong,1,0,False,False,2025-09-08
vicenza,COMMA,Armstrong,1,0,False,False,2025-09-08
viceroy,CHOICE,Armstrong,1,0,False,False,2025-09-08
victim,KIT,Armstrong,1,0,False,False,2025-09-08
victoria,FORCE,Armstrong,1,0,False,False,2025-09-08
victorian,FORCE,Armstrong,1,0,False,False,2025-09-08
victorious,FORCE,Armstrong,1,0,False,False,2025-09-08
victory,KIT LETTER COMMA,Armstrong,1,0,False,False,2025-09-08
vidal,PALM,Armstrong,1,0,False,False,2025-09-08
vide,(FLEECE),Armstrong,1,0,False,False,2025-09-08
video,KIT,Armstrong,1,0,False,False,2025-09-08
videos,GOAT,Armstrong,1,0,False,False,2025-09-08
vieira,SQUARE,Armstrong,1,0,False,False,2025-09-08
vienna,COMMA,Armstrong,1,0,False,False,2025-09-08
viennese,NEAR,Armstrong,1,0,False,False,2025-09-08
vietnam,PALM,Armstrong,1,0,False,False,2025-09-08
vietnamese,DRESS,Armstrong,1,0,False,False,2025-09-08
view,GOOSE,Armstrong,1,0,False,False,2025-09-08
viewed,GOOSE,Armstrong,1,0,False,False,2025-09-08
viewing,GOOSE,Armstrong,1,0,False,False,2025-09-08
viewpoint,CHOICE,Armstrong,1,0,False,False,2025-09-08
vigilant,KIT,Armstrong,1,0,False,False,2025-09-08
vigo,FLEECE,Armstrong,1,0,False,False,2025-09-08
viking,PRICE,Armstrong,1,0,False,False,2025-09-08
villa,KIT COMMA,Armstrong,1,0,False,False,2025-09-08
village,KIT,Armstrong,1,0,False,False,2025-09-08
villas,COMMA,Armstrong,1,0,False,False,2025-09-08
villein,FACE,Armstrong,1,0,False,False,2025-09-08
vintage,KIT,Armstrong,1,0,False,False,2025-09-08
violence,PRICE (COMMA),Armstrong,1,0,False,False,2025-09-08
viper,PRICE,Armstrong,1,0,False,False,2025-09-08
virago,PALM,Armstrong,1,0,False,False,2025-09-08
viral,PRICE,Armstrong,1,0,False,False,2025-09-08
virgin,NURSE,Armstrong,1,0,False,False,2025-09-08
virginia,LETTER,Armstrong,1,0,False,False,2025-09-08
virginity,LETTER,Armstrong,1,0,False,False,2025-09-08
virgo,NURSE,Armstrong,1,0,False,False,2025-09-08
virology,PRICE,Armstrong,1,0,False,False,2025-09-08
virtual,GOOSE NURSE,Armstrong,1,0,False,False,2025-09-08
virtue,GOOSE NURSE,Armstrong,1,0,False,False,2025-09-08
virtues,GOOSE,Armstrong,1,0,False,False,2025-09-08
virtuoso,NURSE,Armstrong,1,0,False,False,2025-09-08
virus,PRICE,Armstrong,1,0,False,False,2025-09-08
visa,COMMA,Armstrong,1,0,False,False,2025-09-08
viscose,GOAT,Armstrong,1,0,False,False,2025-09-08
visible,KIT,Armstrong,1,0,False,False,2025-09-08
vision,KIT,Armstrong,1,0,False,False,2025-09-08
visit,KIT,Armstrong,1,0,False,False,2025-09-08
visor,LETTER,Armstrong,1,0,False,False,2025-09-08
vista,KIT COMMA,Armstrong,1,0,False,False,2025-09-08
visual,KIT GOOSE,Armstrong,1,0,False,False,2025-09-08
visualization,KIT,Armstrong,1,0,False,False,2025-09-08
visualize,PRICE,Armstrong,1,0,False,False,2025-09-08
vital,PRICE,Armstrong,1,0,False,False,2025-09-08
vitality,PRICE,Armstrong,1,0,False,False,2025-09-08
vitiligo,PRICE,Armstrong,1,0,False,False,2025-09-08
viva,COMMA,Armstrong,1,0,False,False,2025-09-08
vivace,PALM,Armstrong,1,0,False,False,2025-09-08
vivacious,FACE,Armstrong,1,0,False,False,2025-09-08
vivarium,PRICE,Armstrong,1,0,False,False,2025-09-08
vivid,KIT,Armstrong,1,0,False,False,2025-09-08
vizier,NEAR,Armstrong,1,0,False,False,2025-09-08
vladimir,TRAP,Armstrong,1,0,False,False,2025-09-08
vocab,TRAP,Armstrong,1,0,False,False,2025-09-08
vocal,GOAT,Armstrong,1,0,False,False,2025-09-08
vocational,GOAT,Armstrong,1,0,False,False,2025-09-08
vodafone,GOAT,Armstrong,1,0,False,False,2025-09-08
vodaphone,GOAT,Armstrong,1,0,False,False,2025-09-08
vogue,GOAT,Armstrong,1,0,False,False,2025-09-08
voice,CHOICE,Armstrong,1,0,False,False,2025-09-08
voice-over,CHOICE,Armstrong,1,0,False,False,2025-09-08
voicemail,CHOICE,Armstrong,1,0,False,False,2025-09-08
void,CHOICE,Armstrong,1,0,False,False,2025-09-08
voigt,CHOICE,Armstrong,1,0,False,False,2025-09-08
voile,CHOICE,Armstrong,1,0,False,False,2025-09-08
voivode,CHOICE,Armstrong,1,0,False,False,2025-09-08
voivodeship,CHOICE,Armstrong,1,0,False,False,2025-09-08
volcano,LOT FACE,Armstrong,1,0,False,False,2025-09-08
volga,COMMA,Armstrong,1,0,False,False,2025-09-08
volkswagen,TRAP GOAT,Armstrong,1,0,False,False,2025-09-08
volleyball,THOUGHT,Armstrong,1,0,False,False,2025-09-08
voluble,FOOT,Armstrong,1,0,False,False,2025-09-08
volume,GOOSE,Armstrong,1,0,False,False,2025-09-08
volumetric,FOOT,Armstrong,1,0,False,False,2025-09-08
volunteer,LOT NEAR,Armstrong,1,0,False,False,2025-09-08
volunteered,NEAR,Armstrong,1,0,False,False,2025-09-08
volunteers,NEAR,Armstrong,1,0,False,False,2025-09-08
vomit,LOT,Armstrong,1,0,False,False,2025-09-08
voodoo,GOOSE,Armstrong,1,0,False,False,2025-09-08
voracious,FACE,Armstrong,1,0,False,False,2025-09-08
voronezh,DRESS,Armstrong,1,0,False,False,2025-09-08
vosges,GOAT,Armstrong,1,0,False,False,2025-09-08
vote,GOAT,Armstrong,1,0,False,False,2025-09-08
vouch,MOUTH,Armstrong,1,0,False,False,2025-09-08
voucher,MOUTH,Armstrong,1,0,False,False,2025-09-08
vouchsafe,FACE MOUTH,Armstrong,1,0,False,False,2025-09-08
vow,MOUTH,Armstrong,1,0,False,False,2025-09-08
vowed,MOUTH,Armstrong,1,0,False,False,2025-09-08
vowel,MOUTH,Armstrong,1,0,False,False,2025-09-08
vowles,MOUTH,Armstrong,1,0,False,False,2025-09-08
vows,MOUTH,Armstrong,1,0,False,False,2025-09-08
voyager,CHOICE LETTER,Armstrong,1,0,False,False,2025-09-08
voyeur,NURSE,Armstrong,1,0,False,False,2025-09-08
voyeurism,NURSE,Armstrong,1,0,False,False,2025-09-08
voyeuristic,CHOICE,Armstrong,1,0,False,False,2025-09-08
vulgarity,STRUT,Armstrong,1,0,False,False,2025-09-08
vulnerable,STRUT,Armstrong,1,0,False,False,2025-09-08
vuvuzela,GOOSE,Armstrong,1,0,False,False,2025-09-08
wabash,TRAP THOUGHT,Armstrong,1,0,False,False,2025-09-08
wadded,LOT,Armstrong,1,0,False,False,2025-09-08
waddle,LOT,Armstrong,1,0,False,False,2025-09-08
wade,FACE,Armstrong,1,0,False,False,2025-09-08
wadi,HAPPY,Armstrong,1,0,False,False,2025-09-08
wafer,FACE,Armstrong,1,0,False,False,2025-09-08
wafer-thin,FACE LETTER,Armstrong,1,0,False,False,2025-09-08
wag,TRAP,Armstrong,1,0,False,False,2025-09-08
wage,FACE,Armstrong,1,0,False,False,2025-09-08
wagnerian,PALM,Armstrong,1,0,False,False,2025-09-08
wagstaff,BATH,Armstrong,1,0,False,False,2025-09-08
wah-wah,PALM,Armstrong,1,0,False,False,2025-09-08
waif,FACE,Armstrong,1,0,False,False,2025-09-08
wail,FACE,Armstrong,1,0,False,False,2025-09-08
waist,FACE,Armstrong,1,0,False,False,2025-09-08
waist-deep,FACE,Armstrong,1,0,False,False,2025-09-08
waist-high,FACE PRICE,Armstrong,1,0,False,False,2025-09-08
waistband,FACE,Armstrong,1,0,False,False,2025-09-08
waistline,FACE,Armstrong,1,0,False,False,2025-09-08
wait,FACE,Armstrong,1,0,False,False,2025-09-08
waiter,FACE,Armstrong,1,0,False,False,2025-09-08
waitress,FACE,Armstrong,1,0,False,False,2025-09-08
waitrose,FACE GOAT,Armstrong,1,0,False,False,2025-09-08
waiver,FACE,Armstrong,1,0,False,False,2025-09-08
wake,FACE,Armstrong,1,0,False,False,2025-09-08
waldorf,NORTH,Armstrong,1,0,False,False,2025-09-08
wales,FACE,Armstrong,1,0,False,False,2025-09-08
walk,THOUGHT,Armstrong,1,0,False,False,2025-09-08
walk-in,THOUGHT,Armstrong,1,0,False,False,2025-09-08
walkabout,MOUTH,Armstrong,1,0,False,False,2025-09-08
walker,LETTER,Armstrong,1,0,False,False,2025-09-08
walkie-talkie,THOUGHT,Armstrong,1,0,False,False,2025-09-08
walkway,THOUGHT,Armstrong,1,0,False,False,2025-09-08
wall,THOUGHT,Armstrong,1,0,False,False,2025-09-08
wallflower,MOUTH,Armstrong,1,0,False,False,2025-09-08
wallpaper,LETTER,Armstrong,1,0,False,False,2025-09-08
walmart,START,Armstrong,1,0,False,False,2025-09-08
walmesley,THOUGHT,Armstrong,1,0,False,False,2025-09-08
walnut,STRUT,Armstrong,1,0,False,False,2025-09-08
walrus,THOUGHT,Armstrong,1,0,False,False,2025-09-08
walsall,THOUGHT,Armstrong,1,0,False,False,2025-09-08
waltz,THOUGHT,Armstrong,1,0,False,False,2025-09-08
wanderlust,STRUT,Armstrong,1,0,False,False,2025-09-08
wandsworth,COMMA,Armstrong,1,0,False,False,2025-09-08
wanting,LOT,Armstrong,1,0,False,False,2025-09-08
war-torn,FORCE,Armstrong,1,0,False,False,2025-09-08
ward,NORTH,Armstrong,1,0,False,False,2025-09-08
wardell,NORTH,Armstrong,1,0,False,False,2025-09-08
warden,NORTH,Armstrong,1,0,False,False,2025-09-08
wardrobe,GOAT NORTH,Armstrong,1,0,False,False,2025-09-08
ware,SQUARE,Armstrong,1,0,False,False,2025-09-08
warehouse,MOUTH,Armstrong,1,0,False,False,2025-09-08
warehouses,MOUTH,Armstrong,1,0,False,False,2025-09-08
warehousing,MOUTH,Armstrong,1,0,False,False,2025-09-08
wares,SQUARE,Armstrong,1,0,False,False,2025-09-08
warfare,SQUARE,Armstrong,1,0,False,False,2025-09-08
warfarin,NORTH,Armstrong,1,0,False,False,2025-09-08
warhorse,NORTH,Armstrong,1,0,False,False,2025-09-08
waring,SQUARE,Armstrong,1,0,False,False,2025-09-08
warlike,NORTH,Armstrong,1,0,False,False,2025-09-08
warlock,NORTH,Armstrong,1,0,False,False,2025-09-08
warlord,NORTH,Armstrong,1,0,False,False,2025-09-08
warm-up,NORTH,Armstrong,1,0,False,False,2025-09-08
warmer,NORTH LETTER,Armstrong,1,0,False,False,2025-09-08
warming,NORTH,Armstrong,1,0,False,False,2025-09-08
warmonger,STRUT,Armstrong,1,0,False,False,2025-09-08
warmth,NORTH,Armstrong,1,0,False,False,2025-09-08
warned,NORTH,Armstrong,1,0,False,False,2025-09-08
warner,NORTH,Armstrong,1,0,False,False,2025-09-08
warning,NORTH,Armstrong,1,0,False,False,2025-09-08
warp,NORTH,Armstrong,1,0,False,False,2025-09-08
warrant,(CLOTH),Armstrong,1,0,False,False,2025-09-08
warrantors,NORTH,Armstrong,1,0,False,False,2025-09-08
warren,(CLOTH),Armstrong,1,0,False,False,2025-09-08
warrior,(CLOTH),Armstrong,1,0,False,False,2025-09-08
wars,NORTH,Armstrong,1,0,False,False,2025-09-08
warsaw,NORTH,Armstrong,1,0,False,False,2025-09-08
wart,NORTH,Armstrong,1,0,False,False,2025-09-08
wartime,PRICE,Armstrong,1,0,False,False,2025-09-08
warwidow,NORTH,Armstrong,1,0,False,False,2025-09-08
wary,SQUARE,Armstrong,1,0,False,False,2025-09-08
wasabi,PALM HAPPY,Armstrong,1,0,False,False,2025-09-08
wash,CLOTH,Armstrong,1,0,False,False,2025-09-08
washbasin,FACE,Armstrong,1,0,False,False,2025-09-08
washing-machine,FLEECE,Armstrong,1,0,False,False,2025-09-08
wasp,LOT,Armstrong,1,0,False,False,2025-09-08
waste,FACE,Armstrong,1,0,False,False,2025-09-08
watch,LOT,Armstrong,1,0,False,False,2025-09-08
watchband,LOT,Armstrong,1,0,False,False,2025-09-08
watchdog,LOT,Armstrong,1,0,False,False,2025-09-08
watchfully,LOT,Armstrong,1,0,False,False,2025-09-08
water,THOUGHT LETTER,Armstrong,1,0,False,False,2025-09-08
water-bottle,LOT LETTER,Armstrong,1,0,False,False,2025-09-08
water-buffalo,STRUT,Armstrong,1,0,False,False,2025-09-08
water-closet,LOT,Armstrong,1,0,False,False,2025-09-08
water-tower,MOUTH,Armstrong,1,0,False,False,2025-09-08
watercolor,STRUT LETTER,Armstrong,1,0,False,False,2025-09-08
watercolour,LETTER,Armstrong,1,0,False,False,2025-09-08
watercourse,FORCE LETTER,Armstrong,1,0,False,False,2025-09-08
watercraft,BATH LETTER,Armstrong,1,0,False,False,2025-09-08
waterfall,THOUGHT LETTER,Armstrong,1,0,False,False,2025-09-08
waterfoul,MOUTH,Armstrong,1,0,False,False,2025-09-08
waterfront,STRUT LETTER,Armstrong,1,0,False,False,2025-09-08
watergate,LETTER,Armstrong,1,0,False,False,2025-09-08
waterloo,LETTER,Armstrong,1,0,False,False,2025-09-08
watermain,FACE,Armstrong,1,0,False,False,2025-09-08
waterproof,GOOSE,Armstrong,1,0,False,False,2025-09-08
watershed,LETTER,Armstrong,1,0,False,False,2025-09-08
waterspout,MOUTH,Armstrong,1,0,False,False,2025-09-08
waterways,LETTER,Armstrong,1,0,False,False,2025-09-08
wave,FACE,Armstrong,1,0,False,False,2025-09-08
wavelength,DRESS,Armstrong,1,0,False,False,2025-09-08
wawa,PALM,Armstrong,1,0,False,False,2025-09-08
way-out,MOUTH,Armstrong,1,0,False,False,2025-09-08
waybill,FACE,Armstrong,1,0,False,False,2025-09-08
wayfarer,FACE SQUARE,Armstrong,1,0,False,False,2025-09-08
wayfaring,SQUARE,Armstrong,1,0,False,False,2025-09-08
wayne,FACE,Armstrong,1,0,False,False,2025-09-08
ways,FACE,Armstrong,1,0,False,False,2025-09-08
wayside,FACE,Armstrong,1,0,False,False,2025-09-08
wayward,FACE,Armstrong,1,0,False,False,2025-09-08
weak,FLEECE,Armstrong,1,0,False,False,2025-09-08
wealthy,HAPPY,Armstrong,1,0,False,False,2025-09-08
wean,FLEECE,Armstrong,1,0,False,False,2025-09-08
weapons,DRESS,Armstrong,1,0,False,False,2025-09-08
wear,SQUARE,Armstrong,1,0,False,False,2025-09-08
wearable,SQUARE,Armstrong,1,0,False,False,2025-09-08
wearer,SQUARE,Armstrong,1,0,False,False,2025-09-08
weariest,NEAR,Armstrong,1,0,False,False,2025-09-08
wearing,SQUARE,Armstrong,1,0,False,False,2025-09-08
wears,SQUARE,Armstrong,1,0,False,False,2025-09-08
weary,NEAR,Armstrong,1,0,False,False,2025-09-08
weather,DRESS LETTER,Armstrong,1,0,False,False,2025-09-08
weather-chart,LETTER,Armstrong,1,0,False,False,2025-09-08
weather-map,TRAP,Armstrong,1,0,False,False,2025-09-08
weatherby,LETTER,Armstrong,1,0,False,False,2025-09-08
web,DRESS,Armstrong,1,0,False,False,2025-09-08
webb,DRESS,Armstrong,1,0,False,False,2025-09-08
webber,DRESS LETTER,Armstrong,1,0,False,False,2025-09-08
webcam,TRAP,Armstrong,1,0,False,False,2025-09-08
weber,FACE,Armstrong,1,0,False,False,2025-09-08
website,DRESS PRICE,Armstrong,1,0,False,False,2025-09-08
webster,DRESS,Armstrong,1,0,False,False,2025-09-08
wed,DRESS,Armstrong,1,0,False,False,2025-09-08
wedding,DRESS,Armstrong,1,0,False,False,2025-09-08
wedge,DRESS,Armstrong,1,0,False,False,2025-09-08
wedgwood,DRESS,Armstrong,1,0,False,False,2025-09-08
wednesday,DRESS,Armstrong,1,0,False,False,2025-09-08
wee,FLEECE,Armstrong,1,0,False,False,2025-09-08
weed,FLEECE,Armstrong,1,0,False,False,2025-09-08
week,FLEECE,Armstrong,1,0,False,False,2025-09-08
weekend,(FLEECE),Armstrong,1,0,False,False,2025-09-08
weekenders,(FLEECE),Armstrong,1,0,False,False,2025-09-08
weep,FLEECE,Armstrong,1,0,False,False,2025-09-08
weigela,PRICE,Armstrong,1,0,False,False,2025-09-08
weighbridge,FACE,Armstrong,1,0,False,False,2025-09-08
weighed,FACE,Armstrong,1,0,False,False,2025-09-08
weighs,FACE,Armstrong,1,0,False,False,2025-09-08
weight,FACE,Armstrong,1,0,False,False,2025-09-08
weightwatchers,LOT,Armstrong,1,0,False,False,2025-09-08
weir,NEAR,Armstrong,1,0,False,False,2025-09-08
weird,NEAR,Armstrong,1,0,False,False,2025-09-08
welcome,DRESS COMMA,Armstrong,1,0,False,False,2025-09-08
welfare,SQUARE,Armstrong,1,0,False,False,2025-09-08
well-being,DRESS,Armstrong,1,0,False,False,2025-09-08
well-known,GOAT,Armstrong,1,0,False,False,2025-09-08
well-meaning,FLEECE,Armstrong,1,0,False,False,2025-09-08
well-nigh,PRICE,Armstrong,1,0,False,False,2025-09-08
well-worn,FORCE,Armstrong,1,0,False,False,2025-09-08
weltschmerz,SQUARE,Armstrong,1,0,False,False,2025-09-08
wentworth,LETTER,Armstrong,1,0,False,False,2025-09-08
were,LETTER NURSE,Armstrong,1,0,False,False,2025-09-08
werewolf,FOOT SQUARE,Armstrong,1,0,False,False,2025-09-08
wesley,DRESS,Armstrong,1,0,False,False,2025-09-08
west,DRESS,Armstrong,1,0,False,False,2025-09-08
west-end,DRESS,Armstrong,1,0,False,False,2025-09-08
westbourne,FORCE CURE,Armstrong,1,0,False,False,2025-09-08
western,DRESS LETTER,Armstrong,1,0,False,False,2025-09-08
wet,DRESS,Armstrong,1,0,False,False,2025-09-08
wetherby,DRESS,Armstrong,1,0,False,False,2025-09-08
wetherspoon,DRESS,Armstrong,1,0,False,False,2025-09-08
weymouth,FACE,Armstrong,1,0,False,False,2025-09-08
whale,FACE,Armstrong,1,0,False,False,2025-09-08
wharf,NORTH,Armstrong,1,0,False,False,2025-09-08
wharfedale,NORTH,Armstrong,1,0,False,False,2025-09-08
wharves,NORTH,Armstrong,1,0,False,False,2025-09-08
whatever,DRESS LOT LETTER,Armstrong,1,0,False,False,2025-09-08
whatsapp,TRAP,Armstrong,1,0,False,False,2025-09-08
wheatear,NEAR,Armstrong,1,0,False,False,2025-09-08
wheelbarrow,TRAP,Armstrong,1,0,False,False,2025-09-08
wheelchair,SQUARE,Armstrong,1,0,False,False,2025-09-08
wheelchairs,SQUARE,Armstrong,1,0,False,False,2025-09-08
when,DRESS,Armstrong,1,0,False,False,2025-09-08
whenever,DRESS,Armstrong,1,0,False,False,2025-09-08
where,SQUARE,Armstrong,1,0,False,False,2025-09-08
whereabouts,MOUTH,Armstrong,1,0,False,False,2025-09-08
whereas,TRAP,Armstrong,1,0,False,False,2025-09-08
whereby,SQUARE,Armstrong,1,0,False,False,2025-09-08
wherefore,SQUARE,Armstrong,1,0,False,False,2025-09-08
wheresoever,SQUARE,Armstrong,1,0,False,False,2025-09-08
whereto,SQUARE,Armstrong,1,0,False,False,2025-09-08
wherever,LETTER,Armstrong,1,0,False,False,2025-09-08
wherewith,SQUARE,Armstrong,1,0,False,False,2025-09-08
wherewithall,SQUARE,Armstrong,1,0,False,False,2025-09-08
whether,DRESS LETTER,Armstrong,1,0,False,False,2025-09-08
whew,GOOSE,Armstrong,1,0,False,False,2025-09-08
which,KIT,Armstrong,1,0,False,False,2025-09-08
whichever,KIT,Armstrong,1,0,False,False,2025-09-08
while,PRICE,Armstrong,1,0,False,False,2025-09-08
whiplash,TRAP,Armstrong,1,0,False,False,2025-09-08
whirlpool,NURSE,Armstrong,1,0,False,False,2025-09-08
whitbread,DRESS,Armstrong,1,0,False,False,2025-09-08
white,PRICE,Armstrong,1,0,False,False,2025-09-08
whitebeard,NEAR,Armstrong,1,0,False,False,2025-09-08
whitechapel,TRAP,Armstrong,1,0,False,False,2025-09-08
whitefriars,PRICE,Armstrong,1,0,False,False,2025-09-08
whitehall,THOUGHT PRICE,Armstrong,1,0,False,False,2025-09-08
whitehead,DRESS,Armstrong,1,0,False,False,2025-09-08
whitehorse,NORTH,Armstrong,1,0,False,False,2025-09-08
whitey,HAPPY,Armstrong,1,0,False,False,2025-09-08
who,GOOSE,Armstrong,1,0,False,False,2025-09-08
whole,GOAT,Armstrong,1,0,False,False,2025-09-08
wholesale,FACE GOAT,Armstrong,1,0,False,False,2025-09-08
whom,GOOSE,Armstrong,1,0,False,False,2025-09-08
whoopee,FOOT HAPPY,Armstrong,1,0,False,False,2025-09-08
whoopi,FOOT,Armstrong,1,0,False,False,2025-09-08
whoops,FOOT,Armstrong,1,0,False,False,2025-09-08
whoosh,FOOT,Armstrong,1,0,False,False,2025-09-08
whore,FORCE,Armstrong,1,0,False,False,2025-09-08
whose,GOOSE,Armstrong,1,0,False,False,2025-09-08
why,PRICE,Armstrong,1,0,False,False,2025-09-08
wi-fi,PRICE,Armstrong,1,0,False,False,2025-09-08
widdershins,LETTER,Armstrong,1,0,False,False,2025-09-08
widdowson,GOAT,Armstrong,1,0,False,False,2025-09-08
wide,PRICE,Armstrong,1,0,False,False,2025-09-08
wide-body,LOT,Armstrong,1,0,False,False,2025-09-08
wider,PRICE LETTER,Armstrong,1,0,False,False,2025-09-08
widespread,DRESS,Armstrong,1,0,False,False,2025-09-08
widget,KIT,Armstrong,1,0,False,False,2025-09-08
widows,GOAT,Armstrong,1,0,False,False,2025-09-08
wiesbaden,PALM,Armstrong,1,0,False,False,2025-09-08
wife,PRICE,Armstrong,1,0,False,False,2025-09-08
wifi,PRICE,Armstrong,1,0,False,False,2025-09-08
wig,KIT,Armstrong,1,0,False,False,2025-09-08
wight,PRICE,Armstrong,1,0,False,False,2025-09-08
wiki,HAPPY,Armstrong,1,0,False,False,2025-09-08
wikileaks,FLEECE,Armstrong,1,0,False,False,2025-09-08
wilberforce,FORCE,Armstrong,1,0,False,False,2025-09-08
wild,PRICE,Armstrong,1,0,False,False,2025-09-08
wilde,PRICE,Armstrong,1,0,False,False,2025-09-08
wilderness,LETTER,Armstrong,1,0,False,False,2025-09-08
wildfire,PRICE,Armstrong,1,0,False,False,2025-09-08
wildfoul,MOUTH,Armstrong,1,0,False,False,2025-09-08
wildlife,PRICE,Armstrong,1,0,False,False,2025-09-08
wilhemshaven,PALM,Armstrong,1,0,False,False,2025-09-08
will,KIT,Armstrong,1,0,False,False,2025-09-08
william,COMMA,Armstrong,1,0,False,False,2025-09-08
willow-wren,GOAT,Armstrong,1,0,False,False,2025-09-08
willows,GOAT,Armstrong,1,0,False,False,2025-09-08
willpower,MOUTH,Armstrong,1,0,False,False,2025-09-08
wimborne,FORCE,Armstrong,1,0,False,False,2025-09-08
windcheater,FLEECE,Armstrong,1,0,False,False,2025-09-08
windermere,NEAR LETTER,Armstrong,1,0,False,False,2025-09-08
windfall,THOUGHT,Armstrong,1,0,False,False,2025-09-08
window-shop,GOAT,Armstrong,1,0,False,False,2025-09-08
windows,GOAT,Armstrong,1,0,False,False,2025-09-08
windowsill,GOAT,Armstrong,1,0,False,False,2025-09-08
windrush,STRUT,Armstrong,1,0,False,False,2025-09-08
windscreen,FLEECE,Armstrong,1,0,False,False,2025-09-08
windsor,LETTER,Armstrong,1,0,False,False,2025-09-08
windswept,DRESS,Armstrong,1,0,False,False,2025-09-08
wine,PRICE,Armstrong,1,0,False,False,2025-09-08
winger,LETTER,Armstrong,1,0,False,False,2025-09-08
wingnut,STRUT,Armstrong,1,0,False,False,2025-09-08
winnepesaukee,HAPPY,Armstrong,1,0,False,False,2025-09-08
winner,LETTER,Armstrong,1,0,False,False,2025-09-08
winnipeg,DRESS,Armstrong,1,0,False,False,2025-09-08
winter,LETTER,Armstrong,1,0,False,False,2025-09-08
wipe,PRICE,Armstrong,1,0,False,False,2025-09-08
wipers,PRICE,Armstrong,1,0,False,False,2025-09-08
wire,PRICE,Armstrong,1,0,False,False,2025-09-08
wire-cutters,STRUT,Armstrong,1,0,False,False,2025-09-08
wiredrawn,THOUGHT,Armstrong,1,0,False,False,2025-09-08
wireless,PRICE COMMA,Armstrong,1,0,False,False,2025-09-08
wiring,PRICE,Armstrong,1,0,False,False,2025-09-08
wirth,NURSE,Armstrong,1,0,False,False,2025-09-08
wisbech,FLEECE,Armstrong,1,0,False,False,2025-09-08
wisdom,KIT,Armstrong,1,0,False,False,2025-09-08
wise,PRICE,Armstrong,1,0,False,False,2025-09-08
wiseacre,FACE,Armstrong,1,0,False,False,2025-09-08
wish,KIT,Armstrong,1,0,False,False,2025-09-08
witch,KIT,Armstrong,1,0,False,False,2025-09-08
witch-haze,FACE,Armstrong,1,0,False,False,2025-09-08
witchcraft,BATH,Armstrong,1,0,False,False,2025-09-08
with,KIT,Armstrong,1,0,False,False,2025-09-08
withal,KIT,Armstrong,1,0,False,False,2025-09-08
withdrawal,THOUGHT,Armstrong,1,0,False,False,2025-09-08
withdrawn,THOUGHT,Armstrong,1,0,False,False,2025-09-08
withdraws,THOUGHT,Armstrong,1,0,False,False,2025-09-08
withers,KIT,Armstrong,1,0,False,False,2025-09-08
witherspoon,GOOSE LETTER,Armstrong,1,0,False,False,2025-09-08
within,KIT,Armstrong,1,0,False,False,2025-09-08
without,KIT MOUTH,Armstrong,1,0,False,False,2025-09-08
withstood,FOOT,Armstrong,1,0,False,False,2025-09-08
wives,PRICE,Armstrong,1,0,False,False,2025-09-08
wizard,KIT,Armstrong,1,0,False,False,2025-09-08
wo,GOAT,Armstrong,1,0,False,False,2025-09-08
woburn,GOAT,Armstrong,1,0,False,False,2025-09-08
woe,GOAT,Armstrong,1,0,False,False,2025-09-08
woeful,GOAT,Armstrong,1,0,False,False,2025-09-08
wolf,FOOT,Armstrong,1,0,False,False,2025-09-08
wolff,FOOT,Armstrong,1,0,False,False,2025-09-08
wolfgang,TRAP,Armstrong,1,0,False,False,2025-09-08
wolseley,FOOT,Armstrong,1,0,False,False,2025-09-08
wolstenholme,GOAT,Armstrong,1,0,False,False,2025-09-08
wolverhampton,FOOT,Armstrong,1,0,False,False,2025-09-08
wolverine,FOOT FLEECE,Armstrong,1,0,False,False,2025-09-08
woman,FOOT COMMA,Armstrong,1,0,False,False,2025-09-08
womenfolk,GOAT,Armstrong,1,0,False,False,2025-09-08
won,STRUT,Armstrong,1,0,False,False,2025-09-08
wonder,STRUT LETTER,Armstrong,1,0,False,False,2025-09-08
wonderful,STRUT LETTER,Armstrong,1,0,False,False,2025-09-08
wonderwall,LETTER,Armstrong,1,0,False,False,2025-09-08
wonga,COMMA,Armstrong,1,0,False,False,2025-09-08
wood,FOOT,Armstrong,1,0,False,False,2025-09-08
wood-pulp,STRUT,Armstrong,1,0,False,False,2025-09-08
woodcraft,BATH,Armstrong,1,0,False,False,2025-09-08
wooden,FOOT,Armstrong,1,0,False,False,2025-09-08
woodruff,STRUT,Armstrong,1,0,False,False,2025-09-08
woodstock,LOT FOOT,Armstrong,1,0,False,False,2025-09-08
woodwind,FOOT,Armstrong,1,0,False,False,2025-09-08
woof,FOOT,Armstrong,1,0,False,False,2025-09-08
woofer,FOOT LETTER,Armstrong,1,0,False,False,2025-09-08
wooferton,FOOT,Armstrong,1,0,False,False,2025-09-08
woolgatherer,TRAP,Armstrong,1,0,False,False,2025-09-08
woolgathering,TRAP,Armstrong,1,0,False,False,2025-09-08
woolwich,FOOT,Armstrong,1,0,False,False,2025-09-08
woomera,FOOT,Armstrong,1,0,False,False,2025-09-08
woops,FOOT,Armstrong,1,0,False,False,2025-09-08
woos,GOOSE,Armstrong,1,0,False,False,2025-09-08
wooster,FOOT,Armstrong,1,0,False,False,2025-09-08
wootton,FOOT,Armstrong,1,0,False,False,2025-09-08
worcester,FOOT,Armstrong,1,0,False,False,2025-09-08
worcestershire,LETTER,Armstrong,1,0,False,False,2025-09-08
word,NURSE,Armstrong,1,0,False,False,2025-09-08
wordsworth,LETTER NURSE,Armstrong,1,0,False,False,2025-09-08
wordsworthian,NURSE,Armstrong,1,0,False,False,2025-09-08
wore,FORCE,Armstrong,1,0,False,False,2025-09-08
work,NURSE,Armstrong,1,0,False,False,2025-09-08
work-sharing,SQUARE,Armstrong,1,0,False,False,2025-09-08
work-study,STRUT,Armstrong,1,0,False,False,2025-09-08
workbasket,BATH,Armstrong,1,0,False,False,2025-09-08
worker,LETTER,Armstrong,1,0,False,False,2025-09-08
workforce,FORCE,Armstrong,1,0,False,False,2025-09-08
workhorse,NORTH,Armstrong,1,0,False,False,2025-09-08
working-class,BATH,Armstrong,1,0,False,False,2025-09-08
workload,GOAT,Armstrong,1,0,False,False,2025-09-08
workout,MOUTH NURSE,Armstrong,1,0,False,False,2025-09-08
workplace,NURSE,Armstrong,1,0,False,False,2025-09-08
workshop,LOT NURSE,Armstrong,1,0,False,False,2025-09-08
world,NURSE,Armstrong,1,0,False,False,2025-09-08
world-weary,NEAR,Armstrong,1,0,False,False,2025-09-08
worldwide,PRICE NURSE,Armstrong,1,0,False,False,2025-09-08
worm-gear,NEAR,Armstrong,1,0,False,False,2025-09-08
worn,FORCE,Armstrong,1,0,False,False,2025-09-08
worries,STRUT,Armstrong,1,0,False,False,2025-09-08
worry,STRUT,Armstrong,1,0,False,False,2025-09-08
worrying,STRUT,Armstrong,1,0,False,False,2025-09-08
worrywart,NORTH,Armstrong,1,0,False,False,2025-09-08
worse,NURSE,Armstrong,1,0,False,False,2025-09-08
worship,NURSE,Armstrong,1,0,False,False,2025-09-08
worshipped,NURSE,Armstrong,1,0,False,False,2025-09-08
worshippers,NURSE,Armstrong,1,0,False,False,2025-09-08
worst,NURSE,Armstrong,1,0,False,False,2025-09-08
worth,NURSE,Armstrong,1,0,False,False,2025-09-08
worthiest,NURSE,Armstrong,1,0,False,False,2025-09-08
worthily,NURSE,Armstrong,1,0,False,False,2025-09-08
worthiness,NURSE,Armstrong,1,0,False,False,2025-09-08
worthing,NURSE,Armstrong,1,0,False,False,2025-09-08
worthington,NURSE,Armstrong,1,0,False,False,2025-09-08
worthless,NURSE,Armstrong,1,0,False,False,2025-09-08
worthwhile,PRICE NURSE,Armstrong,1,0,False,False,2025-09-08
worthy,HAPPY NURSE,Armstrong,1,0,False,False,2025-09-08
wotcha,COMMA,Armstrong,1,0,False,False,2025-09-08
would,FOOT COMMA,Armstrong,1,0,False,False,2025-09-08
wound,GOOSE,Armstrong,1,0,False,False,2025-09-08
woven,GOAT,Armstrong,1,0,False,False,2025-09-08
wow,MOUTH,Armstrong,1,0,False,False,2025-09-08
wraith,FACE,Armstrong,1,0,False,False,2025-09-08
wraiths,FACE,Armstrong,1,0,False,False,2025-09-08
wrap,TRAP,Armstrong,1,0,False,False,2025-09-08
wreak,FLEECE,Armstrong,1,0,False,False,2025-09-08
wretched,DRESS,Armstrong,1,0,False,False,2025-09-08
wright,PRICE,Armstrong,1,0,False,False,2025-09-08
wringer,LETTER,Armstrong,1,0,False,False,2025-09-08
wristwatch,LOT,Armstrong,1,0,False,False,2025-09-08
write,PRICE,Armstrong,1,0,False,False,2025-09-08
writhe,PRICE,Armstrong,1,0,False,False,2025-09-08
written,KIT,Armstrong,1,0,False,False,2025-09-08
wroclaw,TRAP,Armstrong,1,0,False,False,2025-09-08
wrong,CLOTH,Armstrong,1,0,False,False,2025-09-08
wrote,GOAT,Armstrong,1,0,False,False,2025-09-08
wroth,GOAT,Armstrong,1,0,False,False,2025-09-08
wrought,THOUGHT,Armstrong,1,0,False,False,2025-09-08
wrythe,PRICE,Armstrong,1,0,False,False,2025-09-08
wuppertal,FOOT PALM,Armstrong,1,0,False,False,2025-09-08
wuss,FOOT,Armstrong,1,0,False,False,2025-09-08
wuthering,STRUT,Armstrong,1,0,False,False,2025-09-08
wych,PRICE,Armstrong,1,0,False,False,2025-09-08
wyoming,GOAT,Armstrong,1,0,False,False,2025-09-08
wysiwyg,HAPPY,Armstrong,1,0,False,False,2025-09-08
x-rays,FACE,Armstrong,1,0,False,False,2025-09-08
xanthe,HAPPY,Armstrong,1,0,False,False,2025-09-08
xbox,LOT,Armstrong,1,0,False,False,2025-09-08
xenogears,NEAR,Armstrong,1,0,False,False,2025-09-08
xenosaga,PALM,Armstrong,1,0,False,False,2025-09-08
xerox,LOT,Armstrong,1,0,False,False,2025-09-08
xhosa,(THOUGHT) COMMA (GOAT),Armstrong,1,0,False,False,2025-09-08
yacht-club,STRUT,Armstrong,1,0,False,False,2025-09-08
yahoo,GOOSE,Armstrong,1,0,False,False,2025-09-08
yahoos,GOOSE,Armstrong,1,0,False,False,2025-09-08
yahweh,PALM,Armstrong,1,0,False,False,2025-09-08
yale,FACE,Armstrong,1,0,False,False,2025-09-08
yamaha,PALM,Armstrong,1,0,False,False,2025-09-08
yankee,HAPPY,Armstrong,1,0,False,False,2025-09-08
yard,START,Armstrong,1,0,False,False,2025-09-08
yard-measure,DRESS,Armstrong,1,0,False,False,2025-09-08
yardarm,START,Armstrong,1,0,False,False,2025-09-08
yarmouth,START,Armstrong,1,0,False,False,2025-09-08
yarn,START,Armstrong,1,0,False,False,2025-09-08
yarwood,START,Armstrong,1,0,False,False,2025-09-08
yawp,THOUGHT,Armstrong,1,0,False,False,2025-09-08
yeadon,FACE,Armstrong,1,0,False,False,2025-09-08
year,NEAR,Armstrong,1,0,False,False,2025-09-08
yearling,NEAR,Armstrong,1,0,False,False,2025-09-08
yearlong,NEAR,Armstrong,1,0,False,False,2025-09-08
yearly,NEAR,Armstrong,1,0,False,False,2025-09-08
years,NEAR,Armstrong,1,0,False,False,2025-09-08
yeas,FACE,Armstrong,1,0,False,False,2025-09-08
yellow,DRESS,Armstrong,1,0,False,False,2025-09-08
yellow-flag,GOAT,Armstrong,1,0,False,False,2025-09-08
yellowknife,PRICE,Armstrong,1,0,False,False,2025-09-08
yellows,GOAT,Armstrong,1,0,False,False,2025-09-08
yellowstone,GOAT,Armstrong,1,0,False,False,2025-09-08
yellowwood,GOAT,Armstrong,1,0,False,False,2025-09-08
yeovil,GOAT,Armstrong,1,0,False,False,2025-09-08
yer,LETTER,Armstrong,1,0,False,False,2025-09-08
yes,DRESS,Armstrong,1,0,False,False,2025-09-08
yesterday,LETTER,Armstrong,1,0,False,False,2025-09-08
yesteryear,NEAR LETTER,Armstrong,1,0,False,False,2025-09-08
yet,DRESS,Armstrong,1,0,False,False,2025-09-08
yeti,HAPPY,Armstrong,1,0,False,False,2025-09-08
yew,GOOSE,Armstrong,1,0,False,False,2025-09-08
yippee,HAPPY,Armstrong,1,0,False,False,2025-09-08
ymca,DRESS,Armstrong,1,0,False,False,2025-09-08
yo,GOAT,Armstrong,1,0,False,False,2025-09-08
yoga,GOAT COMMA,Armstrong,1,0,False,False,2025-09-08
yogi,GOAT HAPPY,Armstrong,1,0,False,False,2025-09-08
yoichi,FLEECE,Armstrong,1,0,False,False,2025-09-08
yoicks,CHOICE,Armstrong,1,0,False,False,2025-09-08
yokohama,PALM,Armstrong,1,0,False,False,2025-09-08
yolanda,GOAT,Armstrong,1,0,False,False,2025-09-08
yolk,GOAT,Armstrong,1,0,False,False,2025-09-08
york,NORTH,Armstrong,1,0,False,False,2025-09-08
yorkie,HAPPY,Armstrong,1,0,False,False,2025-09-08
yorkshire,NORTH,Armstrong,1,0,False,False,2025-09-08
yoruba,COMMA,Armstrong,1,0,False,False,2025-09-08
you,GOOSE,Armstrong,1,0,False,False,2025-09-08
young,STRUT,Armstrong,1,0,False,False,2025-09-08
younger,STRUT LETTER,Armstrong,1,0,False,False,2025-09-08
youngest,STRUT,Armstrong,1,0,False,False,2025-09-08
younghusband,STRUT,Armstrong,1,0,False,False,2025-09-08
youngster,STRUT,Armstrong,1,0,False,False,2025-09-08
your,CURE LETTER (FORCE),Armstrong,1,0,False,False,2025-09-08
yours,CURE,Armstrong,1,0,False,False,2025-09-08
yourself,FORCE (LETTER),Armstrong,1,0,False,False,2025-09-08
youths,GOOSE,Armstrong,1,0,False,False,2025-09-08
youtube,GOOSE,Armstrong,1,0,False,False,2025-09-08
yowl,MOUTH,Armstrong,1,0,False,False,2025-09-08
ythan,PRICE,Armstrong,1,0,False,False,2025-09-08
yugoslav,PALM GOOSE,Armstrong,1,0,False,False,2025-09-08
yule,GOOSE,Armstrong,1,0,False,False,2025-09-08
yussuf,FOOT,Armstrong,1,0,False,False,2025-09-08
zageb,PALM,Armstrong,1,0,False,False,2025-09-08
zagreb,DRESS,Armstrong,1,0,False,False,2025-09-08
zambezi,HAPPY,Armstrong,1,0,False,False,2025-09-08
zanzibar,START,Armstrong,1,0,False,False,2025-09-08
zapata,PALM,Armstrong,1,0,False,False,2025-09-08
zaporozhye,GOAT COMMA,Armstrong,1,0,False,False,2025-09-08
zappa,COMMA,Armstrong,1,0,False,False,2025-09-08
zara,START COMMA,Armstrong,1,0,False,False,2025-09-08
zarzuela,START,Armstrong,1,0,False,False,2025-09-08
zebra,(DRESS) COMMA (FLEECE),Armstrong,1,0,False,False,2025-09-08
zeebrugge,FOOT,Armstrong,1,0,False,False,2025-09-08
zeinab,TRAP,Armstrong,1,0,False,False,2025-09-08
zeitgeist,PRICE,Armstrong,1,0,False,False,2025-09-08
zelda,COMMA,Armstrong,1,0,False,False,2025-09-08
zellweger,DRESS,Armstrong,1,0,False,False,2025-09-08
zenith,KIT,Armstrong,1,0,False,False,2025-09-08
zero,NEAR,Armstrong,1,0,False,False,2025-09-08
zero-rated,GOAT,Armstrong,1,0,False,False,2025-09-08
zeroth,GOAT,Armstrong,1,0,False,False,2025-09-08
zeta,COMMA,Armstrong,1,0,False,False,2025-09-08
zeugma,GOOSE,Armstrong,1,0,False,False,2025-09-08
zhirkov,NEAR,Armstrong,1,0,False,False,2025-09-08
zhivago,PALM,Armstrong,1,0,False,False,2025-09-08
zhuzh,FOOT,Armstrong,1,0,False,False,2025-09-08
zhuzhed,FOOT,Armstrong,1,0,False,False,2025-09-08
zhuzhes,FOOT,Armstrong,1,0,False,False,2025-09-08
zhuzhing,FOOT,Armstrong,1,0,False,False,2025-09-08
zigzag,TRAP,Armstrong,1,0,False,False,2025-09-08
zimbabwe,PALM,Armstrong,1,0,False,False,2025-09-08
zimmerman,LETTER,Armstrong,1,0,False,False,2025-09-08
zipped,KIT,Armstrong,1,0,False,False,2025-09-08
zither,KIT,Armstrong,1,0,False,False,2025-09-08
zizzi,HAPPY,Armstrong,1,0,False,False,2025-09-08
zombie,HAPPY,Armstrong,1,0,False,False,2025-09-08
zone,GOAT,Armstrong,1,0,False,False,2025-09-08
zoo,GOOSE,Armstrong,1,0,False,False,2025-09-08
zoom,GOOSE,Armstrong,1,0,False,False,2025-09-08
zucchini,GOOSE,Armstrong,1,0,False,False,2025-09-08
zulu,GOOSE,Armstrong,1,0,False,False,2025-09-08
zulus,GOOSE,Armstrong,1,0,False,False,2025-09-08
zurich,GOOSE,Armstrong,1,0,False,False,2025-09-08
zwieback,FLEECE,Armstrong,1,0,False,False,2025-09-08
zygoma,PRICE,Armstrong,1,0,False,False,2025-09-08
zygopteran,PRICE,Armstrong,1,0,False,False,2025-09-08
zygosis,PRICE,Armstrong,1,0,False,False,2025-09-08
a-bomb,FACE LOT,Armstrong,2,0,False,False,2025-09-08
a-level,DRESS FACE,Armstrong,2,0,False,False,2025-09-08
aachen,PALM,Armstrong,2,0,False,False,2025-09-08
aardvark,START,Armstrong,2,0,False,False,2025-09-08
aaron,SQUARE,Armstrong,2,0,False,False,2025-09-08
abandon,TRAP COMMA,Armstrong,2,0,False,False,2025-09-08
abba,TRAP COMMA,Armstrong,2,0,False,False,2025-09-08
abbatial,FACE,Armstrong,2,0,False,False,2025-09-08
abbey,TRAP HAPPY,Armstrong,2,0,False,False,2025-09-08
abdominal,TRAP LOT KIT,Armstrong,2,0,False,False,2025-09-08
abduct,TRAP STRUT,Armstrong,2,0,False,False,2025-09-08
abdullah,TRAP GOOSE,Armstrong,2,0,False,False,2025-09-08
abel,FACE,Armstrong,2,0,False,False,2025-09-08
abercrombie,TRAP LOT HAPPY LETTER,Armstrong,2,0,False,False,2025-09-08
aberdeen,TRAP FLEECE LETTER,Armstrong,2,0,False,False,2025-09-08
abernathy,TRAP LETTER HAPPY,Armstrong,2,0,False,False,2025-09-08
abidjan,FLEECE TRAP PALM,Armstrong,2,0,False,False,2025-09-08
abigail,FACE KIT TRAP,Armstrong,2,0,False,False,2025-09-08
ability,COMMA KIT HAPPY,Armstrong,2,0,False,False,2025-09-08
abkhaz,PALM,Armstrong,2,0,False,False,2025-09-08
ablation,TRAP FACE,Armstrong,2,0,False,False,2025-09-08
able,FACE,Armstrong,2,0,False,False,2025-09-08
ableism,FACE KIT,Armstrong,2,0,False,False,2025-09-08
ablution,GOOSE,Armstrong,2,0,False,False,2025-09-08
abnormal,TRAP NORTH,Armstrong,2,0,False,False,2025-09-08
abode,GOAT COMMA,Armstrong,2,0,False,False,2025-09-08
abort,NORTH,Armstrong,2,0,False,False,2025-09-08
abortion,NORTH,Armstrong,2,0,False,False,2025-09-08
about,MOUTH,Armstrong,2,0,False,False,2025-09-08
above,STRUT COMMA,Armstrong,2,0,False,False,2025-09-08
aboyne,CHOICE,Armstrong,2,0,False,False,2025-09-08
abraham,TRAP FACE,Armstrong,2,0,False,False,2025-09-08
abrasion,FACE,Armstrong,2,0,False,False,2025-09-08
abroad,COMMA THOUGHT,Armstrong,2,0,False,False,2025-09-08
abs,TRAP,Armstrong,2,0,False,False,2025-09-08
abscission,TRAP KIT,Armstrong,2,0,False,False,2025-09-08
absence,TRAP,Armstrong,2,0,False,False,2025-09-08
absent,COMMA TRAP,Armstrong,2,0,False,False,2025-09-08
absentia,TRAP DRESS,Armstrong,2,0,False,False,2025-09-08
absolute,TRAP GOOSE (COMMA),Armstrong,2,0,False,False,2025-09-08
absolutely,TRAP GOOSE HAPPY,Armstrong,2,0,False,False,2025-09-08
absorb,NORTH,Armstrong,2,0,False,False,2025-09-08
absorbent,NORTH,Armstrong,2,0,False,False,2025-09-08
absorptivity,NORTH KIT HAPPY,Armstrong,2,0,False,False,2025-09-08
abuse,GOOSE COMMA,Armstrong,2,0,False,False,2025-09-08
abusive,GOOSE KIT,Armstrong,2,0,False,False,2025-09-08
abuzz,STRUT,Armstrong,2,0,False,False,2025-09-08
acacia,FACE,Armstrong,2,0,False,False,2025-09-08
academe,FLEECE TRAP,Armstrong,2,0,False,False,2025-09-08
academy,TRAP HAPPY COMMA,Armstrong,2,0,False,False,2025-09-08
acapulco,FOOT GOAT TRAP,Armstrong,2,0,False,False,2025-09-08
accept,DRESS COMMA,Armstrong,2,0,False,False,2025-09-08
acceptable,COMMA DRESS,Armstrong,2,0,False,False,2025-09-08
access,DRESS TRAP,Armstrong,2,0,False,False,2025-09-08
accessary,COMMA DRESS HAPPY,Armstrong,2,0,False,False,2025-09-08
accessibility,KIT HAPPY DRESS,Armstrong,2,0,False,False,2025-09-08
accessible,DRESS COMMA,Armstrong,2,0,False,False,2025-09-08
accessory,LETTER COMMA DRESS HAPPY,Armstrong,2,0,False,False,2025-09-08
acciaccatura,COMMA TRAP CURE,Armstrong,2,0,False,False,2025-09-08
acclaim,FACE,Armstrong,2,0,False,False,2025-09-08
accolade,FACE TRAP,Armstrong,2,0,False,False,2025-09-08
accommodation,COMMA LOT FACE,Armstrong,2,0,False,False,2025-09-08
accomplished,COMMA LOT KIT,Armstrong,2,0,False,False,2025-09-08
accord,NORTH,Armstrong,2,0,False,False,2025-09-08
accordance,COMMA NORTH,Armstrong,2,0,False,False,2025-09-08
according,COMMA NORTH KIT,Armstrong,2,0,False,False,2025-09-08
accost,CLOTH,Armstrong,2,0,False,False,2025-09-08
account,MOUTH COMMA,Armstrong,2,0,False,False,2025-09-08
accountant,COMMA MOUTH,Armstrong,2,0,False,False,2025-09-08
accumululated,GOOSE FACE,Armstrong,2,0,False,False,2025-09-08
accuracy,FOOT TRAP HAPPY,Armstrong,2,0,False,False,2025-09-08
accurist,FOOT TRAP KIT,Armstrong,2,0,False,False,2025-09-08
accusation,FOOT TRAP FACE,Armstrong,2,0,False,False,2025-09-08
accuse,GOOSE,Armstrong,2,0,False,False,2025-09-08
accused,COMMA GOOSE,Armstrong,2,0,False,False,2025-09-08
ace,FACE,Armstrong,2,0,False,False,2025-09-08
acheulian,COMMA GOOSE,Armstrong,2,0,False,False,2025-09-08
achievable,COMMA FLEECE,Armstrong,2,0,False,False,2025-09-08
achieve,COMMA FLEECE,Armstrong,2,0,False,False,2025-09-08
achievement,COMMA FLEECE,Armstrong,2,0,False,False,2025-09-08
achieving,COMMA FLEECE KIT,Armstrong,2,0,False,False,2025-09-08
achoo,COMMA GOOSE,Armstrong,2,0,False,False,2025-09-08
ackee,HAPPY,Armstrong,2,0,False,False,2025-09-08
acorn,NORTH FACE,Armstrong,2,0,False,False,2025-09-08
acoustic,GOOSE KIT,Armstrong,2,0,False,False,2025-09-08
acoustician,GOOSE TRAP KIT,Armstrong,2,0,False,False,2025-09-08
acre,FACE,Armstrong,2,0,False,False,2025-09-08
across,CLOTH COMMA,Armstrong,2,0,False,False,2025-09-08
act,TRAP,Armstrong,2,0,False,False,2025-09-08
action,TRAP,Armstrong,2,0,False,False,2025-09-08
activate,KIT TRAP FACE,Armstrong,2,0,False,False,2025-09-08
activity,KIT TRAP HAPPY,Armstrong,2,0,False,False,2025-09-08
actual,GOOSE TRAP,Armstrong,2,0,False,False,2025-09-08
actually,TRAP (COMMA) HAPPY (GOOSE),Armstrong,2,0,False,False,2025-09-08
acumen,FOOT TRAP,Armstrong,2,0,False,False,2025-09-08
acupressure,DRESS GOOSE LETTER TRAP,Armstrong,2,0,False,False,2025-09-08
acupuncture,STRUT FOOT TRAP LETTER,Armstrong,2,0,False,False,2025-09-08
acute,GOOSE,Armstrong,2,0,False,False,2025-09-08
ad,TRAP,Armstrong,2,0,False,False,2025-09-08
adam,TRAP,Armstrong,2,0,False,False,2025-09-08
adaptation,TRAP FACE,Armstrong,2,0,False,False,2025-09-08
adaptive,TRAP COMMA KIT,Armstrong,2,0,False,False,2025-09-08
add,TRAP,Armstrong,2,0,False,False,2025-09-08
addict,KIT TRAP,Armstrong,2,0,False,False,2025-09-08
addicts,TRAP KIT,Armstrong,2,0,False,False,2025-09-08
addition,KIT,Armstrong,2,0,False,False,2025-09-08
additional,KIT COMMA,Armstrong,2,0,False,False,2025-09-08
address,DRESS COMMA,Armstrong,2,0,False,False,2025-09-08
adelaide,FACE TRAP,Armstrong,2,0,False,False,2025-09-08
adelphi,HAPPY DRESS,Armstrong,2,0,False,False,2025-09-08
adenosine,(KIT) (FLEECE) DRESS,Armstrong,2,0,False,False,2025-09-08
adhere,NEAR TRAP,Armstrong,2,0,False,False,2025-09-08
adhering,NEAR TRAP,Armstrong,2,0,False,False,2025-09-08
adjacency,COMMA FACE HAPPY,Armstrong,2,0,False,False,2025-09-08
adjacent,COMMA FACE,Armstrong,2,0,False,False,2025-09-08
adjoining,COMMA CHOICE KIT,Armstrong,2,0,False,False,2025-09-08
adjoins,COMMA CHOICE,Armstrong,2,0,False,False,2025-09-08
adjourn,COMMA FORCE,Armstrong,2,0,False,False,2025-09-08
adjourned,COMMA FORCE,Armstrong,2,0,False,False,2025-09-08
adjournment,COMMA FORCE,Armstrong,2,0,False,False,2025-09-08
adjudged,STRUT COMMA,Armstrong,2,0,False,False,2025-09-08
adjudication,COMMA GOOSE KIT FACE,Armstrong,2,0,False,False,2025-09-08
adjudications,COMMA GOOSE KIT FACE,Armstrong,2,0,False,False,2025-09-08
adjunct,STRUT TRAP,Armstrong,2,0,False,False,2025-09-08
adjunction,COMMA STRUT TRAP,Armstrong,2,0,False,False,2025-09-08
adjunctive,COMMA TRAP STRUT KIT,Armstrong,2,0,False,False,2025-09-08
adjust,COMMA STRUT,Armstrong,2,0,False,False,2025-09-08
adjustable,COMMA STRUT,Armstrong,2,0,False,False,2025-09-08
adjuster,COMMA STRUT LETTER,Armstrong,2,0,False,False,2025-09-08
administration,COMMA TRAP KIT FACE,Armstrong,2,0,False,False,2025-09-08
admission,COMMA TRAP KIT,Armstrong,2,0,False,False,2025-09-08
admit,KIT,Armstrong,2,0,False,False,2025-09-08
admits,COMMA KIT,Armstrong,2,0,False,False,2025-09-08
adobe,GOAT COMMA HAPPY,Armstrong,2,0,False,False,2025-09-08
adopt,LOT,Armstrong,2,0,False,False,2025-09-08
adorable,FORCE COMMA,Armstrong,2,0,False,False,2025-09-08
adore,FORCE COMMA,Armstrong,2,0,False,False,2025-09-08
adorn,NORTH,Armstrong,2,0,False,False,2025-09-08
adrian,FACE FLEECE?,Armstrong,2,0,False,False,2025-09-08
advanced,COMMA BATH,Armstrong,2,0,False,False,2025-09-08
advantage,BATH COMMA,Armstrong,2,0,False,False,2025-09-08
advantageous,FACE TRAP,Armstrong,2,0,False,False,2025-09-08
adventure,LETTER COMMA DRESS,Armstrong,2,0,False,False,2025-09-08
advert,NURSE TRAP,Armstrong,2,0,False,False,2025-09-08
advertise,PRICE TRAP LETTER,Armstrong,2,0,False,False,2025-09-08
advertised,LETTER TRAP PRICE,Armstrong,2,0,False,False,2025-09-08
advertisement,NURSE/LETTER TRAP PRICE/KIT,Armstrong,2,0,False,False,2025-09-08
advertiser,LETTER TRAP PRICE,Armstrong,2,0,False,False,2025-09-08
advertising,TRAP LETTER PRICE KIT,Armstrong,2,0,False,False,2025-09-08
advice,PRICE COMMA,Armstrong,2,0,False,False,2025-09-08
advisor,PRICE LETTER COMMA,Armstrong,2,0,False,False,2025-09-08
aegean,NEAR,Armstrong,2,0,False,False,2025-09-08
aegis,FLEECE KIT,Armstrong,2,0,False,False,2025-09-08
aegisthus,(FLEECE) KIT,Armstrong,2,0,False,False,2025-09-08
aemilius,FLEECE,Armstrong,2,0,False,False,2025-09-08
aerial,SQUARE FLEECE,Armstrong,2,0,False,False,2025-09-08
aerofoil,CHOICE SQUARE GOAT,Armstrong,2,0,False,False,2025-09-08
aeroplane,FACE SQUARE GOAT,Armstrong,2,0,False,False,2025-09-08
aerospace,GOAT SQUARE FACE,Armstrong,2,0,False,False,2025-09-08
aertex,SQUARE DRESS,Armstrong,2,0,False,False,2025-09-08
aether,LETTER FLEECE,Armstrong,2,0,False,False,2025-09-08
affair,SQUARE,Armstrong,2,0,False,False,2025-09-08
affairs,SQUARE COMMA,Armstrong,2,0,False,False,2025-09-08
affect,COMMA DRESS,Armstrong,2,0,False,False,2025-09-08
affected,COMMA DRESS,Armstrong,2,0,False,False,2025-09-08
affection,COMMA DRESS,Armstrong,2,0,False,False,2025-09-08
affectionate,COMMA DRESS,Armstrong,2,0,False,False,2025-09-08
affective,COMMA DRESS KIT,Armstrong,2,0,False,False,2025-09-08
affiliate,COMMA KIT FACE,Armstrong,2,0,False,False,2025-09-08
affiliated,KIT COMMA FACE,Armstrong,2,0,False,False,2025-09-08
affinity,COMMA KIT HAPPY,Armstrong,2,0,False,False,2025-09-08
affleck,TRAP DRESS,Armstrong,2,0,False,False,2025-09-08
affluenza,COMMA TRAP GOOSE DRESS,Armstrong,2,0,False,False,2025-09-08
afford,FORCE COMMA,Armstrong,2,0,False,False,2025-09-08
affordable,COMMA FORCE,Armstrong,2,0,False,False,2025-09-08
affranchises,COMMA TRAP PRICE,Armstrong,2,0,False,False,2025-09-08
affricative,TRAP KIT,Armstrong,2,0,False,False,2025-09-08
afghan,TRAP,Armstrong,2,0,False,False,2025-09-08
afghanistan,TRAP PALM KIT,Armstrong,2,0,False,False,2025-09-08
afield,COMMA FLEECE,Armstrong,2,0,False,False,2025-09-08
afire,COMMA PRICE,Armstrong,2,0,False,False,2025-09-08
afocal,FACE GOAT,Armstrong,2,0,False,False,2025-09-08
afoot,FOOT COMMA,Armstrong,2,0,False,False,2025-09-08
aforementioned,FORCE DRESS TRAP,Armstrong,2,0,False,False,2025-09-08
afraid,FACE COMMA,Armstrong,2,0,False,False,2025-09-08
afresh,COMMA DRESS,Armstrong,2,0,False,False,2025-09-08
africa,TRAP COMMA KIT,Armstrong,2,0,False,False,2025-09-08
afrikaans,PALM TRAP KIT,Armstrong,2,0,False,False,2025-09-08
afro-wig,GOAT TRAP KIT,Armstrong,2,0,False,False,2025-09-08
after,BATH LETTER,Armstrong,2,0,False,False,2025-09-08
afterlife,PRICE BATH LETTER,Armstrong,2,0,False,False,2025-09-08
aftermath,TRAP LETTER BATH,Armstrong,2,0,False,False,2025-09-08
afternoon,LETTER BATH GOOSE,Armstrong,2,0,False,False,2025-09-08
aftershave,FACE BATH LETTER,Armstrong,2,0,False,False,2025-09-08
afterthought,THOUGHT LETTER BATH,Armstrong,2,0,False,False,2025-09-08
afterwards,LETTER BATH,Armstrong,2,0,False,False,2025-09-08
again,(DRESS) COMMA (FACE),Armstrong,2,0,False,False,2025-09-08
against,(DRESS) COMMA (FACE),Armstrong,2,0,False,False,2025-09-08
agatha,COMMA TRAP,Armstrong,2,0,False,False,2025-09-08
agave,COMMA FACE,Armstrong,2,0,False,False,2025-09-08
age,FACE,Armstrong,2,0,False,False,2025-09-08
ageing,FACE KIT,Armstrong,2,0,False,False,2025-09-08
agency,FACE HAPPY,Armstrong,2,0,False,False,2025-09-08
agenda,COMMA DRESS,Armstrong,2,0,False,False,2025-09-08
agent,FACE,Armstrong,2,0,False,False,2025-09-08
agential,FACE DRESS,Armstrong,2,0,False,False,2025-09-08
ageusia,FACE GOOSE FLEECE,Armstrong,2,0,False,False,2025-09-08
agfa,COMMA TRAP,Armstrong,2,0,False,False,2025-09-08
aggiornamento,COMMA DRESS GOAT CURE,Armstrong,2,0,False,False,2025-09-08
aggressive,COMMA DRESS KIT,Armstrong,2,0,False,False,2025-09-08
aggressively,COMMA DRESS KIT HAPPY,Armstrong,2,0,False,False,2025-09-08
aggressor,COMMA DRESS LETTER,Armstrong,2,0,False,False,2025-09-08
aggrieved,COMMA FLEECE,Armstrong,2,0,False,False,2025-09-08
agile,TRAP PRICE,Armstrong,2,0,False,False,2025-09-08
agility,COMMA KIT HAPPY,Armstrong,2,0,False,False,2025-09-08
agincourt,FORCE TRAP KIT,Armstrong,2,0,False,False,2025-09-08
ago,GOAT COMMA,Armstrong,2,0,False,False,2025-09-08
agony,TRAP HAPPY,Armstrong,2,0,False,False,2025-09-08
agra,PALM TRAP,Armstrong,2,0,False,False,2025-09-08
agranulocytosis,COMMA TRAP GOAT PRICE KIT,Armstrong,2,0,False,False,2025-09-08
agrapha,COMMA TRAP,Armstrong,2,0,False,False,2025-09-08
agrarianism,COMMA SQUARE KIT,Armstrong,2,0,False,False,2025-09-08
agree,COMMA FLEECE,Armstrong,2,0,False,False,2025-09-08
agreeable,COMMA FLEECE,Armstrong,2,0,False,False,2025-09-08
agreed,FLEECE COMMA,Armstrong,2,0,False,False,2025-09-08
agreeing,FLEECE KIT,Armstrong,2,0,False,False,2025-09-08
agreement,FLEECE,Armstrong,2,0,False,False,2025-09-08
agricola,COMMA KIT,Armstrong,2,0,False,False,2025-09-08
agriculture,TRAP STRUT KIT LETTER,Armstrong,2,0,False,False,2025-09-08
agrippa,COMMA KIT,Armstrong,2,0,False,False,2025-09-08
agronomist,COMMA LOT KIT,Armstrong,2,0,False,False,2025-09-08
agronomy,COMMA LOT HAPPY,Armstrong,2,0,False,False,2025-09-08
aground,COMMA MOUTH,Armstrong,2,0,False,False,2025-09-08
aguecheek,FLEECE GOOSE,Armstrong,2,0,False,False,2025-09-08
ah,PALM,Armstrong,2,0,False,False,2025-09-08
aha,PALM,Armstrong,2,0,False,False,2025-09-08
ahead,DRESS,Armstrong,2,0,False,False,2025-09-08
ahmed,DRESS PALM,Armstrong,2,0,False,False,2025-09-08
ahoy,CHOICE,Armstrong,2,0,False,False,2025-09-08
aiden,FACE,Armstrong,2,0,False,False,2025-09-08
aids,FACE,Armstrong,2,0,False,False,2025-09-08
aiken,FACE,Armstrong,2,0,False,False,2025-09-08
aikido,FLEECE PRICE GOAT,Armstrong,2,0,False,False,2025-09-08
aileen,(FLEECE) PRICE,Armstrong,2,0,False,False,2025-09-08
ailing,FACE KIT,Armstrong,2,0,False,False,2025-09-08
aim,FACE,Armstrong,2,0,False,False,2025-09-08
aimee,FACE HAPPY,Armstrong,2,0,False,False,2025-09-08
air,SQUARE,Armstrong,2,0,False,False,2025-09-08
air-bladder,SQUARE TRAP LETTER,Armstrong,2,0,False,False,2025-09-08
air-cooled,SQUARE GOOSE,Armstrong,2,0,False,False,2025-09-08
air-minded,SQUARE PRICE,Armstrong,2,0,False,False,2025-09-08
air-pump,STRUT SQUARE,Armstrong,2,0,False,False,2025-09-08
air-raid,FACE SQUARE,Armstrong,2,0,False,False,2025-09-08
air-shaft,SQUARE BATH,Armstrong,2,0,False,False,2025-09-08
air-to-air,SQUARE,Armstrong,2,0,False,False,2025-09-08
airbag,TRAP SQUARE,Armstrong,2,0,False,False,2025-09-08
airbed,SQUARE DRESS,Armstrong,2,0,False,False,2025-09-08
airbnb,SQUARE FLEECE,Armstrong,2,0,False,False,2025-09-08
airborne,SQUARE FORCE,Armstrong,2,0,False,False,2025-09-08
airbrush,STRUT SQUARE,Armstrong,2,0,False,False,2025-09-08
airbus,STRUT SQUARE,Armstrong,2,0,False,False,2025-09-08
aircraft,BATH SQUARE,Armstrong,2,0,False,False,2025-09-08
aircrew,SQUARE GOOSE,Armstrong,2,0,False,False,2025-09-08
airdrie,SQUARE FLEECE,Armstrong,2,0,False,False,2025-09-08
airdrop,SQUARE LOT,Armstrong,2,0,False,False,2025-09-08
airedale,SQUARE FACE,Armstrong,2,0,False,False,2025-09-08
airfare,SQUARE,Armstrong,2,0,False,False,2025-09-08
airfares,SQUARE,Armstrong,2,0,False,False,2025-09-08
airfield,SQUARE FLEECE,Armstrong,2,0,False,False,2025-09-08
airflow,SQUARE GOAT,Armstrong,2,0,False,False,2025-09-08
airframe,SQUARE FACE,Armstrong,2,0,False,False,2025-09-08
airing,SQUARE KIT,Armstrong,2,0,False,False,2025-09-08
airlifted,SQUARE KIT,Armstrong,2,0,False,False,2025-09-08
airline,SQUARE PRICE,Armstrong,2,0,False,False,2025-09-08
airliner,SQUARE PRICE LETTER,Armstrong,2,0,False,False,2025-09-08
airmail,SQUARE FACE,Armstrong,2,0,False,False,2025-09-08
airman,SQUARE,Armstrong,2,0,False,False,2025-09-08
airplane,SQUARE FACE,Armstrong,2,0,False,False,2025-09-08
airpocalypse,SQUARE LOT KIT,Armstrong,2,0,False,False,2025-09-08
airport,SQUARE FORCE,Armstrong,2,0,False,False,2025-09-08
airscrew,SQUARE GOOSE,Armstrong,2,0,False,False,2025-09-08
airship,SQUARE KIT,Armstrong,2,0,False,False,2025-09-08
airshow,SQUARE GOAT,Armstrong,2,0,False,False,2025-09-08
airsickness,SQUARE KIT,Armstrong,2,0,False,False,2025-09-08
airspace,SQUARE FACE,Armstrong,2,0,False,False,2025-09-08
airspeed,FLEECE SQUARE,Armstrong,2,0,False,False,2025-09-08
airstream,FLEECE SQUARE,Armstrong,2,0,False,False,2025-09-08
airstrip,SQUARE KIT,Armstrong,2,0,False,False,2025-09-08
airway,SQUARE FACE,Armstrong,2,0,False,False,2025-09-08
airy,SQUARE HAPPY,Armstrong,2,0,False,False,2025-09-08
aisha,COMMA (TRAP) (PALM) (FACE) (PRICE) (FLEECE),Armstrong,2,0,False,False,2025-09-08
aiwa,PRICE COMMA,Armstrong,2,0,False,False,2025-09-08
ajaccio,TRAP FLEECE GOAT,Armstrong,2,0,False,False,2025-09-08
ajar,COMMA START,Armstrong,2,0,False,False,2025-09-08
ajax,TRAP FACE,Armstrong,2,0,False,False,2025-09-08
akela,PALM FLEECE,Armstrong,2,0,False,False,2025-09-08
al,TRAP,Armstrong,2,0,False,False,2025-09-08
alabama,COMMA TRAP,Armstrong,2,0,False,False,2025-09-08
alack,COMMA TRAP,Armstrong,2,0,False,False,2025-09-08
alamein,FACE TRAP,Armstrong,2,0,False,False,2025-09-08
alan,TRAP,Armstrong,2,0,False,False,2025-09-08
alarm,START COMMA,Armstrong,2,0,False,False,2025-09-08
alaska,COMMA TRAP,Armstrong,2,0,False,False,2025-09-08
alba,COMMA (TRAP),Armstrong,2,0,False,False,2025-09-08
album,TRAP,Armstrong,2,0,False,False,2025-09-08
albumin,FOOT KIT TRAP,Armstrong,2,0,False,False,2025-09-08
alcatraz,TRAP,Armstrong,2,0,False,False,2025-09-08
alcohol,LOT TRAP,Armstrong,2,0,False,False,2025-09-08
aldershot,LOT LETTER TRAP,Armstrong,2,0,False,False,2025-09-08
ale,FACE,Armstrong,2,0,False,False,2025-09-08
aleph,DRESS TRAP,Armstrong,2,0,False,False,2025-09-08
alert,COMMA NURSE,Armstrong,2,0,False,False,2025-09-08
alex,TRAP,Armstrong,2,0,False,False,2025-09-08
alexander,TRAP BATH LETTER,Armstrong,2,0,False,False,2025-09-08
alexandra,BATH COMMA TRAP,Armstrong,2,0,False,False,2025-09-08
alexis,COMMA DRESS KIT,Armstrong,2,0,False,False,2025-09-08
alfalfa,COMMA TRAP,Armstrong,2,0,False,False,2025-09-08
alfie,HAPPY TRAP,Armstrong,2,0,False,False,2025-09-08
algarve,TRAP START,Armstrong,2,0,False,False,2025-09-08
algeria,TRAP NEAR HAPPY,Armstrong,2,0,False,False,2025-09-08
algorithm,KIT TRAP,Armstrong,2,0,False,False,2025-09-08
alhambra,TRAP COMMA,Armstrong,2,0,False,False,2025-09-08
alibaba,PALM TRAP FLEECE,Armstrong,2,0,False,False,2025-09-08
alicia,COMMA FLEECE,Armstrong,2,0,False,False,2025-09-08
alien,FACE,Armstrong,2,0,False,False,2025-09-08
alight,PRICE COMMA,Armstrong,2,0,False,False,2025-09-08
align,PRICE,Armstrong,2,0,False,False,2025-09-08
alive,PRICE COMMA,Armstrong,2,0,False,False,2025-09-08
alix,TRAP KIT,Armstrong,2,0,False,False,2025-09-08
all,THOUGHT,Armstrong,2,0,False,False,2025-09-08
all-round,MOUTH THOUGHT,Armstrong,2,0,False,False,2025-09-08
allardyce,PRICE TRAP,Armstrong,2,0,False,False,2025-09-08
allege,DRESS,Armstrong,2,0,False,False,2025-09-08
alleged,COMMA DRESS,Armstrong,2,0,False,False,2025-09-08
allegiance,FLEECE,Armstrong,2,0,False,False,2025-09-08
allergic,NURSE KIT,Armstrong,2,0,False,False,2025-09-08
allergy,LETTER TRAP HAPPY,Armstrong,2,0,False,False,2025-09-08
alliance,COMMA PRICE,Armstrong,2,0,False,False,2025-09-08
allow,COMMA MOUTH,Armstrong,2,0,False,False,2025-09-08
allowable,MOUTH,Armstrong,2,0,False,False,2025-09-08
allowance,MOUTH COMMA,Armstrong,2,0,False,False,2025-09-08
allowed,MOUTH,Armstrong,2,0,False,False,2025-09-08
allowing,COMMA MOUTH KIT,Armstrong,2,0,False,False,2025-09-08
allows,MOUTH COMMA,Armstrong,2,0,False,False,2025-09-08
alloy,CHOICE TRAP,Armstrong,2,0,False,False,2025-09-08
alloys,CHOICE TRAP,Armstrong,2,0,False,False,2025-09-08
allure,CURE TRAP,Armstrong,2,0,False,False,2025-09-08
almost,GOAT THOUGHT,Armstrong,2,0,False,False,2025-09-08
alnmouth,MOUTH/COMMA TRAP,Armstrong,2,0,False,False,2025-09-08
alone,GOAT COMMA,Armstrong,2,0,False,False,2025-09-08
along,COMMA LOT,Armstrong,2,0,False,False,2025-09-08
alongside,PRICE COMMA LOT,Armstrong,2,0,False,False,2025-09-08
alopecia,COMMA TRAP GOAT FLEECE,Armstrong,2,0,False,False,2025-09-08
alpha,COMMA TRAP,Armstrong,2,0,False,False,2025-09-08
alphabet,DRESS TRAP,Armstrong,2,0,False,False,2025-09-08
already,DRESS THOUGHT HAPPY,Armstrong,2,0,False,False,2025-09-08
alsace,TRAP,Armstrong,2,0,False,False,2025-09-08
alsager,FACE TRAP LETTER,Armstrong,2,0,False,False,2025-09-08
also,THOUGHT GOAT,Armstrong,2,0,False,False,2025-09-08
also-ran,GOAT THOUGHT TRAP,Armstrong,2,0,False,False,2025-09-08
altamira,BATH TRAP PRICE,Armstrong,2,0,False,False,2025-09-08
altazimuth,BATH TRAP KIT,Armstrong,2,0,False,False,2025-09-08
altdorfer,NORTH TRAP LETTER,Armstrong,2,0,False,False,2025-09-08
alter,THOUGHT LETTER,Armstrong,2,0,False,False,2025-09-08
alternate,THOUGHT LETTER,Armstrong,2,0,False,False,2025-09-08
alternates,LETTER THOUGHT,Armstrong,2,0,False,False,2025-09-08
alternative,LOT NURSE KIT,Armstrong,2,0,False,False,2025-09-08
althorp,NORTH THOUGHT,Armstrong,2,0,False,False,2025-09-08
although,THOUGHT GOAT,Armstrong,2,0,False,False,2025-09-08
altissimo,BATH KIT GOAT,Armstrong,2,0,False,False,2025-09-08
altitude,GOOSE BATH KIT,Armstrong,2,0,False,False,2025-09-08
altkirch,NEAR BATH,Armstrong,2,0,False,False,2025-09-08
alto,BATH GOAT,Armstrong,2,0,False,False,2025-09-08
altocumulus,BATH GOAT GOOSE,Armstrong,2,0,False,False,2025-09-08
altogether,DRESS THOUGHT LETTER,Armstrong,2,0,False,False,2025-09-08
altoona,BATH GOOSE,Armstrong,2,0,False,False,2025-09-08
altruism,BATH GOOSE KIT,Armstrong,2,0,False,False,2025-09-08
aluminum,GOOSE KIT,Armstrong,2,0,False,False,2025-09-08
alumni,PRICE COMMA STRUT,Armstrong,2,0,False,False,2025-09-08
alva,COMMA TRAP,Armstrong,2,0,False,False,2025-09-08
always,FACE THOUGHT,Armstrong,2,0,False,False,2025-09-08
am,TRAP COMMA,Armstrong,2,0,False,False,2025-09-08
amahl,PALM,Armstrong,2,0,False,False,2025-09-08
amanda,COMMA TRAP,Armstrong,2,0,False,False,2025-09-08
amaurosis,NORTH TRAP GOAT KIT,Armstrong,2,0,False,False,2025-09-08
amaze,FACE,Armstrong,2,0,False,False,2025-09-08
amazed,COMMA FACE,Armstrong,2,0,False,False,2025-09-08
amazing,COMMA FACE KIT,Armstrong,2,0,False,False,2025-09-08
amazingly,COMMA FACE KIT HAPPY,Armstrong,2,0,False,False,2025-09-08
amazon,TRAP COMMA LOT,Armstrong,2,0,False,False,2025-09-08
ambiguous,GOOSE TRAP KIT,Armstrong,2,0,False,False,2025-09-08
ambitious,TRAP KIT,Armstrong,2,0,False,False,2025-09-08
amelia,COMMA FLEECE,Armstrong,2,0,False,False,2025-09-08
amended,COMMA DRESS,Armstrong,2,0,False,False,2025-09-08
amendment,COMMA DRESS,Armstrong,2,0,False,False,2025-09-08
amenities,COMMA DRESS KIT,Armstrong,2,0,False,False,2025-09-08
america,DRESS COMMA KIT,Armstrong,2,0,False,False,2025-09-08
americana,COMMA DRESS KIT BATH,Armstrong,2,0,False,False,2025-09-08
amid,KIT COMMA,Armstrong,2,0,False,False,2025-09-08
amidst,COMMA KIT,Armstrong,2,0,False,False,2025-09-08
amiga,COMMA FLEECE,Armstrong,2,0,False,False,2025-09-08
amigo,FLEECE COMMA,Armstrong,2,0,False,False,2025-09-08
amin,PALM KIT,Armstrong,2,0,False,False,2025-09-08
amine,FACE FLEECE,Armstrong,2,0,False,False,2025-09-08
amino,COMMA FLEECE GOAT,Armstrong,2,0,False,False,2025-09-08
amirite,PRICE TRAP,Armstrong,2,0,False,False,2025-09-08
amish,PALM KIT,Armstrong,2,0,False,False,2025-09-08
ammonium,COMMA GOAT HAPPY,Armstrong,2,0,False,False,2025-09-08
ammunition,FOOT TRAP KIT,Armstrong,2,0,False,False,2025-09-08
amoeba,FLEECE COMMA,Armstrong,2,0,False,False,2025-09-08
among,STRUT COMMA,Armstrong,2,0,False,False,2025-09-08
amongst,COMMA STRUT,Armstrong,2,0,False,False,2025-09-08
amoral,FACE FORCE,Armstrong,2,0,False,False,2025-09-08
amos,FACE CLOTH,Armstrong,2,0,False,False,2025-09-08
amount,MOUTH COMMA,Armstrong,2,0,False,False,2025-09-08
amour,CURE,Armstrong,2,0,False,False,2025-09-08
ampere,SQUARE TRAP,Armstrong,2,0,False,False,2025-09-08
amplifier,PRICE TRAP KIT LETTER,Armstrong,2,0,False,False,2025-09-08
amused,COMMA GOOSE,Armstrong,2,0,False,False,2025-09-08
amusement,GOOSE COMMA,Armstrong,2,0,False,False,2025-09-08
amusing,COMMA GOOSE KIT,Armstrong,2,0,False,False,2025-09-08
amy,FACE HAPPY,Armstrong,2,0,False,False,2025-09-08
an,TRAP COMMA,Armstrong,2,0,False,False,2025-09-08
anaheim,PRICE TRAP,Armstrong,2,0,False,False,2025-09-08
analog,LOT TRAP,Armstrong,2,0,False,False,2025-09-08
analogue,LOT TRAP,Armstrong,2,0,False,False,2025-09-08
analysis,KIT TRAP COMMA,Armstrong,2,0,False,False,2025-09-08
anaphors,NORTH TRAP,Armstrong,2,0,False,False,2025-09-08
anatomy,COMMA TRAP HAPPY,Armstrong,2,0,False,False,2025-09-08
ancient,FACE,Armstrong,2,0,False,False,2025-09-08
and,TRAP COMMA,Armstrong,2,0,False,False,2025-09-08
anderson,LETTER TRAP,Armstrong,2,0,False,False,2025-09-08
andorra,COMMA NORTH TRAP,Armstrong,2,0,False,False,2025-09-08
andover,GOAT TRAP LETTER,Armstrong,2,0,False,False,2025-09-08
andrew,GOOSE TRAP,Armstrong,2,0,False,False,2025-09-08
android,TRAP CHOICE,Armstrong,2,0,False,False,2025-09-08
andy,HAPPY TRAP,Armstrong,2,0,False,False,2025-09-08
anemia,COMMA FLEECE,Armstrong,2,0,False,False,2025-09-08
angel,FACE,Armstrong,2,0,False,False,2025-09-08
angela,COMMA TRAP,Armstrong,2,0,False,False,2025-09-08
angelina,COMMA TRAP FLEECE,Armstrong,2,0,False,False,2025-09-08
anger,TRAP LETTER,Armstrong,2,0,False,False,2025-09-08
angie,HAPPY TRAP,Armstrong,2,0,False,False,2025-09-08
angiers,NEAR TRAP,Armstrong,2,0,False,False,2025-09-08
angiogram,GOAT TRAP FLEECE,Armstrong,2,0,False,False,2025-09-08
anglepoise,CHOICE TRAP,Armstrong,2,0,False,False,2025-09-08
anglesey,HAPPY TRAP,Armstrong,2,0,False,False,2025-09-08
anglia,TRAP HAPPY,Armstrong,2,0,False,False,2025-09-08
anglo-saxon,GOAT TRAP,Armstrong,2,0,False,False,2025-09-08
angola,TRAP GOAT COMMA,Armstrong,2,0,False,False,2025-09-08
angora,FORCE TRAP,Armstrong,2,0,False,False,2025-09-08
angry,TRAP HAPPY,Armstrong,2,0,False,False,2025-09-08
anguilla,TRAP COMMA KIT,Armstrong,2,0,False,False,2025-09-08
aniseed,FLEECE TRAP,Armstrong,2,0,False,False,2025-09-08
anita,FLEECE COMMA,Armstrong,2,0,False,False,2025-09-08
anna,COMMA TRAP,Armstrong,2,0,False,False,2025-09-08
annette,COMMA DRESS,Armstrong,2,0,False,False,2025-09-08
annex,COMMA DRESS,Armstrong,2,0,False,False,2025-09-08
annie,HAPPY TRAP,Armstrong,2,0,False,False,2025-09-08
anniversary,NURSE TRAP KIT HAPPY,Armstrong,2,0,False,False,2025-09-08
announced,MOUTH COMMA,Armstrong,2,0,False,False,2025-09-08
announcement,COMMA MOUTH,Armstrong,2,0,False,False,2025-09-08
annoy,CHOICE,Armstrong,2,0,False,False,2025-09-08
annoyed,CHOICE,Armstrong,2,0,False,False,2025-09-08
annoying,COMMA CHOICE COMMA,Armstrong,2,0,False,False,2025-09-08
annual,GOOSE TRAP,Armstrong,2,0,False,False,2025-09-08
annunziata,FOOT TRAP STRUT,Armstrong,2,0,False,False,2025-09-08
anon,COMMA LOT,Armstrong,2,0,False,False,2025-09-08
anonymous,COMMA LOT KIT,Armstrong,2,0,False,False,2025-09-08
anonymously,COMMA LOT KIT HAPPY,Armstrong,2,0,False,False,2025-09-08
another,STRUT LETTER COMMA,Armstrong,2,0,False,False,2025-09-08
antarctica,COMMA START KIT,Armstrong,2,0,False,False,2025-09-08
anteater,FLEECE TRAP LETTER,Armstrong,2,0,False,False,2025-09-08
anteriority,NEAR TRAP NORTH KIT HAPPY,Armstrong,2,0,False,False,2025-09-08
anther,LETTER TRAP,Armstrong,2,0,False,False,2025-09-08
anthropomorphic,NORTH TRAP KIT,Armstrong,2,0,False,False,2025-09-08
anti-aircraft,SQUARE TRAP FLEECE BATH,Armstrong,2,0,False,False,2025-09-08
antibes,FLEECE LOT,Armstrong,2,0,False,False,2025-09-08
antibodies,LOT TRAP FLEECE,Armstrong,2,0,False,False,2025-09-08
antifa,COMMA (FLEECE),Armstrong,2,0,False,False,2025-09-08
antigua,FLEECE COMMA,Armstrong,2,0,False,False,2025-09-08
antilles,TRAP KIT FLEECE,Armstrong,2,0,False,False,2025-09-08
antinovel,LOT TRAP KIT,Armstrong,2,0,False,False,2025-09-08
antique,FLEECE TRAP,Armstrong,2,0,False,False,2025-09-08
antiscorbutic,NORTH TRAP FLEECE GOOSE KIT,Armstrong,2,0,False,False,2025-09-08
antistrophe,HAPPY TRAP KIT,Armstrong,2,0,False,False,2025-09-08
anxiety,TRAP PRICE HAPPY,Armstrong,2,0,False,False,2025-09-08
any,DRESS HAPPY,Armstrong,2,0,False,False,2025-09-08
anybody,LOT HAPPY DRESS,Armstrong,2,0,False,False,2025-09-08
anyhow,MOUTH DRESS HAPPY,Armstrong,2,0,False,False,2025-09-08
anymore,FORCE DRESS HAPPY,Armstrong,2,0,False,False,2025-09-08
anyone,STRUT HAPPY DRESS,Armstrong,2,0,False,False,2025-09-08
anytime,PRICE DRESS HAPPY,Armstrong,2,0,False,False,2025-09-08
anyway,HAPPY DRESS FACE,Armstrong,2,0,False,False,2025-09-08
anywhere,SQUARE HAPPY DRESS,Armstrong,2,0,False,False,2025-09-08
aoife,COMMA FLEECE,Armstrong,2,0,False,False,2025-09-08
apache,TRAP HAPPY,Armstrong,2,0,False,False,2025-09-08
apart,START COMMA,Armstrong,2,0,False,False,2025-09-08
apartment,COMMA START,Armstrong,2,0,False,False,2025-09-08
apatow,MOUTH TRAP,Armstrong,2,0,False,False,2025-09-08
ape,FACE,Armstrong,2,0,False,False,2025-09-08
apeldoorn,FORCE TRAP,Armstrong,2,0,False,False,2025-09-08
aperiodic,NEAR FACE FLEECE LOT KIT,Armstrong,2,0,False,False,2025-09-08
aperiodicity,NEAR FACE FLEECE KIT HAPPY,Armstrong,2,0,False,False,2025-09-08
apex,FACE DRESS,Armstrong,2,0,False,False,2025-09-08
aphid,FACE,Armstrong,2,0,False,False,2025-09-08
aphonia,FACE GOAT HAPPY,Armstrong,2,0,False,False,2025-09-08
apia,PALM FLEECE,Armstrong,2,0,False,False,2025-09-08
apiece,COMMA FLEECE,Armstrong,2,0,False,False,2025-09-08
apocrypha,COMMA LOT,Armstrong,2,0,False,False,2025-09-08
apogee,HAPPY TRAP,Armstrong,2,0,False,False,2025-09-08
apologia,GOAT TRAP HAPPY,Armstrong,2,0,False,False,2025-09-08
apology,COMMA LOT HAPPY,Armstrong,2,0,False,False,2025-09-08
apostrophe,HAPPY LOT HAPPY,Armstrong,2,0,False,False,2025-09-08
appalled,THOUGHT COMMA,Armstrong,2,0,False,False,2025-09-08
appaloosa,COMMA TRAP GOOSE,Armstrong,2,0,False,False,2025-09-08
apparently,TRAP COMMA HAPPY,Armstrong,2,0,False,False,2025-09-08
appeal,COMMA FLEECE,Armstrong,2,0,False,False,2025-09-08
appear,NEAR COMMA,Armstrong,2,0,False,False,2025-09-08
appearance,COMMA NEAR,Armstrong,2,0,False,False,2025-09-08
appeared,COMMA NEAR,Armstrong,2,0,False,False,2025-09-08
appearing,COMMA NEAR,Armstrong,2,0,False,False,2025-09-08
appears,COMMA NEAR,Armstrong,2,0,False,False,2025-09-08
appetite,TRAP COMMA PRICE,Armstrong,2,0,False,False,2025-09-08
applause,COMMA THOUGHT,Armstrong,2,0,False,False,2025-09-08
apple,TRAP,Armstrong,2,0,False,False,2025-09-08
appliance,COMMA PRICE,Armstrong,2,0,False,False,2025-09-08
application,TRAP FACE COMMA,Armstrong,2,0,False,False,2025-09-08
apply,PRICE COMMA,Armstrong,2,0,False,False,2025-09-08
appoint,COMMA CHOICE,Armstrong,2,0,False,False,2025-09-08
appointed,COMMA CHOICE,Armstrong,2,0,False,False,2025-09-08
appraisal,COMMA FACE,Armstrong,2,0,False,False,2025-09-08
apprentice,COMMA DRESS,Armstrong,2,0,False,False,2025-09-08
approach,GOAT COMMA,Armstrong,2,0,False,False,2025-09-08
appropriate,GOAT COMMA,Armstrong,2,0,False,False,2025-09-08
approval,COMMA GOOSE,Armstrong,2,0,False,False,2025-09-08
approximate,COMMA LOT,Armstrong,2,0,False,False,2025-09-08
apps,TRAP,Armstrong,2,0,False,False,2025-09-08
apraxia,FACE TRAP FLEECE,Armstrong,2,0,False,False,2025-09-08
april,FACE KIT/COMMA,Armstrong,2,0,False,False,2025-09-08
apron,FACE,Armstrong,2,0,False,False,2025-09-08
aqaba,COMMA (BATH),Armstrong,2,0,False,False,2025-09-08
aqua,TRAP COMMA,Armstrong,2,0,False,False,2025-09-08
aqualung,TRAP COMMA STRUT,Armstrong,2,0,False,False,2025-09-08
aquanaut,TRAP THOUGHT,Armstrong,2,0,False,False,2025-09-08
arab,TRAP COMMA,Armstrong,2,0,False,False,2025-09-08
arabian,FACE FLEECE,Armstrong,2,0,False,False,2025-09-08
araucania,TRAP THOUGHT FACE FLEECE,Armstrong,2,0,False,False,2025-09-08
arbitrage,START KIT PALM,Armstrong,2,0,False,False,2025-09-08
arbitrageur,START KIT PALM LETTER,Armstrong,2,0,False,False,2025-09-08
arbitrament,START KIT,Armstrong,2,0,False,False,2025-09-08
arbitrary,START KIT (SQUARE) HAPPY,Armstrong,2,0,False,False,2025-09-08
arboreal,START NORTH FLEECE,Armstrong,2,0,False,False,2025-09-08
arboretum,START FLEECE,Armstrong,2,0,False,False,2025-09-08
arbuthnot,STRUT START,Armstrong,2,0,False,False,2025-09-08
arbutus,START GOOSE,Armstrong,2,0,False,False,2025-09-08
arch,START,Armstrong,2,0,False,False,2025-09-08
archangel,START FACE,Armstrong,2,0,False,False,2025-09-08
archbishop,START KIT,Armstrong,2,0,False,False,2025-09-08
archbishopric,START KIT,Armstrong,2,0,False,False,2025-09-08
archduchess,START STRUT DRESS,Armstrong,2,0,False,False,2025-09-08
archenemy,START DRESS HAPPY,Armstrong,2,0,False,False,2025-09-08
archer,START LETTER,Armstrong,2,0,False,False,2025-09-08
archery,START NURSE HAPPY,Armstrong,2,0,False,False,2025-09-08
archibald,START KIT THOUGHT,Armstrong,2,0,False,False,2025-09-08
archie,START HAPPY,Armstrong,2,0,False,False,2025-09-08
architecture,START KIT DRESS LETTER,Armstrong,2,0,False,False,2025-09-08
architrave,START KIT FACE,Armstrong,2,0,False,False,2025-09-08
archival,START PRICE,Armstrong,2,0,False,False,2025-09-08
archive,START PRICE,Armstrong,2,0,False,False,2025-09-08
archway,START FACE,Armstrong,2,0,False,False,2025-09-08
arden,START,Armstrong,2,0,False,False,2025-09-08
area,SQUARE COMMA,Armstrong,2,0,False,False,2025-09-08
areas,SQUARE COMMA,Armstrong,2,0,False,False,2025-09-08
arena,FLEECE COMMA,Armstrong,2,0,False,False,2025-09-08
aretha,FLEECE COMMA,Armstrong,2,0,False,False,2025-09-08
argentina,START FLEECE COMMA,Armstrong,2,0,False,False,2025-09-08
argentine,START PRICE,Armstrong,2,0,False,False,2025-09-08
argento,START GOAT,Armstrong,2,0,False,False,2025-09-08
argillaceous,START KIT FACE,Armstrong,2,0,False,False,2025-09-08
arginine,START PRICE/FLEECE,Armstrong,2,0,False,False,2025-09-08
argos,START (LOT) (GOAT),Armstrong,2,0,False,False,2025-09-08
arguable,START GOOSE,Armstrong,2,0,False,False,2025-09-08
argue,GOOSE START,Armstrong,2,0,False,False,2025-09-08
argued,GOOSE START,Armstrong,2,0,False,False,2025-09-08
argues,GOOSE START,Armstrong,2,0,False,False,2025-09-08
argument,FOOT START,Armstrong,2,0,False,False,2025-09-08
argus,START,Armstrong,2,0,False,False,2025-09-08
ariel,SQUARE FLEECE,Armstrong,2,0,False,False,2025-09-08
arithmetic,KIT,Armstrong,2,0,False,False,2025-09-08
arkell,START,Armstrong,2,0,False,False,2025-09-08
arlene,START (FLEECE),Armstrong,2,0,False,False,2025-09-08
arlette,START DRESS,Armstrong,2,0,False,False,2025-09-08
arm,START,Armstrong,2,0,False,False,2025-09-08
armada,PALM START,Armstrong,2,0,False,False,2025-09-08
armagh,PALM START,Armstrong,2,0,False,False,2025-09-08
armando,START BATH,Armstrong,2,0,False,False,2025-09-08
armchair,START SQUARE,Armstrong,2,0,False,False,2025-09-08
armchairs,START SQUARE,Armstrong,2,0,False,False,2025-09-08
armenia,START FLEECE,Armstrong,2,0,False,False,2025-09-08
armor,START LETTER,Armstrong,2,0,False,False,2025-09-08
armrest,START DRESS,Armstrong,2,0,False,False,2025-09-08
army,START HAPPY,Armstrong,2,0,False,False,2025-09-08
arnold,START,Armstrong,2,0,False,False,2025-09-08
around,MOUTH,Armstrong,2,0,False,False,2025-09-08
arpeggios,START DRESS FLEECE GOAT,Armstrong,2,0,False,False,2025-09-08
arrearage,NEAR,Armstrong,2,0,False,False,2025-09-08
arrival,PRICE,Armstrong,2,0,False,False,2025-09-08
arrowroot,TRAP GOAT GOOSE,Armstrong,2,0,False,False,2025-09-08
arrowsmith,TRAP GOAT KIT,Armstrong,2,0,False,False,2025-09-08
arrowwood,TRAP GOAT FOOT,Armstrong,2,0,False,False,2025-09-08
arse,START,Armstrong,2,0,False,False,2025-09-08
arsenal,START,Armstrong,2,0,False,False,2025-09-08
arsenic,START KIT,Armstrong,2,0,False,False,2025-09-08
arson,START,Armstrong,2,0,False,False,2025-09-08
arthralgia,START THOUGHT FLEECE,Armstrong,2,0,False,False,2025-09-08
arthritic,START KIT,Armstrong,2,0,False,False,2025-09-08
arthropod,START LOT,Armstrong,2,0,False,False,2025-09-08
arthropoda,START LOT,Armstrong,2,0,False,False,2025-09-08
arthropodus,START LOT,Armstrong,2,0,False,False,2025-09-08
arthrous,START,Armstrong,2,0,False,False,2025-09-08
arthur,START LETTER,Armstrong,2,0,False,False,2025-09-08
arthurian,START NURSE FLEECE,Armstrong,2,0,False,False,2025-09-08
article,KIT START,Armstrong,2,0,False,False,2025-09-08
articulated,START KIT GOOSE FACE,Armstrong,2,0,False,False,2025-09-08
artist,KIT START,Armstrong,2,0,False,False,2025-09-08
artistic,START KIT,Armstrong,2,0,False,False,2025-09-08
arts,START,Armstrong,2,0,False,False,2025-09-08
aruba,COMMA GOOSE,Armstrong,2,0,False,False,2025-09-08
as,TRAP COMMA,Armstrong,2,0,False,False,2025-09-08
ascot,TRAP LOT,Armstrong,2,0,False,False,2025-09-08
asda,TRAP COMMA,Armstrong,2,0,False,False,2025-09-08
ashamedly,COMMA FACE,Armstrong,2,0,False,False,2025-09-08
ashanti,COMMA PALM/TRAP HAPPY,Armstrong,2,0,False,False,2025-09-08
ashbourne,TRAP FORCE CURE,Armstrong,2,0,False,False,2025-09-08
ashburton,TRAP NURSE,Armstrong,2,0,False,False,2025-09-08
ashes,TRAP,Armstrong,2,0,False,False,2025-09-08
ashkenazi,TRAP PALM,Armstrong,2,0,False,False,2025-09-08
ashley,TRAP HAPPY,Armstrong,2,0,False,False,2025-09-08
ashmolean,TRAP GOAT FLEECE,Armstrong,2,0,False,False,2025-09-08
ashore,COMMA FORCE,Armstrong,2,0,False,False,2025-09-08
ashton,TRAP,Armstrong,2,0,False,False,2025-09-08
ashtoreth,TRAP DRESS,Armstrong,2,0,False,False,2025-09-08
asia,FACE COMMA,Armstrong,2,0,False,False,2025-09-08
aside,PRICE COMMA,Armstrong,2,0,False,False,2025-09-08
ask,BATH,Armstrong,2,0,False,False,2025-09-08
askance,BATH,Armstrong,2,0,False,False,2025-09-08
aspartame,TRAP LETTER FACE,Armstrong,2,0,False,False,2025-09-08
aspirations,TRAP KIT COMMA FACE,Armstrong,2,0,False,False,2025-09-08
ass,TRAP,Armstrong,2,0,False,False,2025-09-08
assassin,COMMA TRAP KIT,Armstrong,2,0,False,False,2025-09-08
assault,THOUGHT COMMA,Armstrong,2,0,False,False,2025-09-08
assembly,COMMA DRESS HAPPY,Armstrong,2,0,False,False,2025-09-08
assess,COMMA DRESS,Armstrong,2,0,False,False,2025-09-08
assessment,COMMA DRESS,Armstrong,2,0,False,False,2025-09-08
asset,DRESS TRAP,Armstrong,2,0,False,False,2025-09-08
assign,PRICE,Armstrong,2,0,False,False,2025-09-08
assignee,PRICE HAPPY,Armstrong,2,0,False,False,2025-09-08
assignment,PRICE,Armstrong,2,0,False,False,2025-09-08
assist,COMMA KIT,Armstrong,2,0,False,False,2025-09-08
assistance,COMMA KIT,Armstrong,2,0,False,False,2025-09-08
assistant,COMMA KIT,Armstrong,2,0,False,False,2025-09-08
assisted,COMMA KIT,Armstrong,2,0,False,False,2025-09-08
associate,COMMA (GOAT) FLEECE (FACE),Armstrong,2,0,False,False,2025-09-08
associated,COMMA (GOAT) FLEECE FACE,Armstrong,2,0,False,False,2025-09-08
association,FACE GOAT COMMA FLEECE,Armstrong,2,0,False,False,2025-09-08
assort,NORTH,Armstrong,2,0,False,False,2025-09-08
assume,GOOSE COMMA,Armstrong,2,0,False,False,2025-09-08
assurance,COMMA CURE,Armstrong,2,0,False,False,2025-09-08
assure,COMMA CURE,Armstrong,2,0,False,False,2025-09-08
assured,CURE COMMA,Armstrong,2,0,False,False,2025-09-08
assuredly,COMMA CURE,Armstrong,2,0,False,False,2025-09-08
assuredness,COMMA CURE,Armstrong,2,0,False,False,2025-09-08
aston,TRAP,Armstrong,2,0,False,False,2025-09-08
astonishing,COMMA LOT KIT,Armstrong,2,0,False,False,2025-09-08
astoria,FORCE COMMA FLEECE,Armstrong,2,0,False,False,2025-09-08
astra,TRAP COMMA,Armstrong,2,0,False,False,2025-09-08
astrolabe,TRAP FACE,Armstrong,2,0,False,False,2025-09-08
astronaut,TRAP THOUGHT,Armstrong,2,0,False,False,2025-09-08
asylum,COMMA PRICE,Armstrong,2,0,False,False,2025-09-08
asynchronous,FACE KIT STRUT,Armstrong,2,0,False,False,2025-09-08
at,TRAP COMMA,Armstrong,2,0,False,False,2025-09-08
at-home,COMMA GOAT,Armstrong,2,0,False,False,2025-09-08
atari,START HAPPY,Armstrong,2,0,False,False,2025-09-08
ate,PALM,Armstrong,2,0,False,False,2025-09-08
atheist,FACE FLEECE KIT,Armstrong,2,0,False,False,2025-09-08
athena,COMMA FLEECE,Armstrong,2,0,False,False,2025-09-08
athenaeum,TRAP FLEECE,Armstrong,2,0,False,False,2025-09-08
athenian,COMMA FLEECE,Armstrong,2,0,False,False,2025-09-08
athens,TRAP,Armstrong,2,0,False,False,2025-09-08
athey,HAPPY (FACE) TRAP,Armstrong,2,0,False,False,2025-09-08
athirst,COMMA NURSE,Armstrong,2,0,False,False,2025-09-08
athlete,TRAP FLEECE,Armstrong,2,0,False,False,2025-09-08
athletics,DRESS TRAP KIT,Armstrong,2,0,False,False,2025-09-08
athlone,TRAP GOAT,Armstrong,2,0,False,False,2025-09-08
athwart,COMMA NORTH,Armstrong,2,0,False,False,2025-09-08
atlanta,COMMA BATH,Armstrong,2,0,False,False,2025-09-08
atlantic,COMMA BATH,Armstrong,2,0,False,False,2025-09-08
atmosphere,TRAP NEAR,Armstrong,2,0,False,False,2025-09-08
atmospheres,TRAP NEAR,Armstrong,2,0,False,False,2025-09-08
attach,TRAP,Armstrong,2,0,False,False,2025-09-08
attached,COMMA TRAP,Armstrong,2,0,False,False,2025-09-08
attack,TRAP COMMA,Armstrong,2,0,False,False,2025-09-08
attempt,DRESS COMMA,Armstrong,2,0,False,False,2025-09-08
attend,COMMA DRESS,Armstrong,2,0,False,False,2025-09-08
attendance,COMMA DRESS,Armstrong,2,0,False,False,2025-09-08
attendee,COMMA DRESS HAPPY,Armstrong,2,0,False,False,2025-09-08
attention,COMMA DRESS,Armstrong,2,0,False,False,2025-09-08
attire,COMMA PRICE LETTER,Armstrong,2,0,False,False,2025-09-08
attitude,TRAP KIT GOOSE,Armstrong,2,0,False,False,2025-09-08
attorney,COMMA NURSE HAPPY,Armstrong,2,0,False,False,2025-09-08
attract,COMMA TRAP,Armstrong,2,0,False,False,2025-09-08
attraction,COMMA TRAP,Armstrong,2,0,False,False,2025-09-08
attribute,KIT TRAP GOOSE COMMA,Armstrong,2,0,False,False,2025-09-08
atwater,THOUGHT LETTER,Armstrong,2,0,False,False,2025-09-08
atwood,FOOT,Armstrong,2,0,False,False,2025-09-08
aubade,PALM,Armstrong,2,0,False,False,2025-09-08
aubrey,THOUGHT HAPPY,Armstrong,2,0,False,False,2025-09-08
aubrietia,THOUGHT FLEECE,Armstrong,2,0,False,False,2025-09-08
auburn,THOUGHT NURSE,Armstrong,2,0,False,False,2025-09-08
auckland,THOUGHT,Armstrong,2,0,False,False,2025-09-08
auction,THOUGHT,Armstrong,2,0,False,False,2025-09-08
audacious,THOUGHT FACE,Armstrong,2,0,False,False,2025-09-08
audaciously,THOUGHT FACE HAPPY,Armstrong,2,0,False,False,2025-09-08
audacity,THOUGHT TRAP KIT HAPPY,Armstrong,2,0,False,False,2025-09-08
auden,THOUGHT,Armstrong,2,0,False,False,2025-09-08
audi,MOUTH HAPPY,Armstrong,2,0,False,False,2025-09-08
audible,THOUGHT,Armstrong,2,0,False,False,2025-09-08
audience,THOUGHT FLEECE,Armstrong,2,0,False,False,2025-09-08
audio,THOUGHT FLEECE GOAT,Armstrong,2,0,False,False,2025-09-08
audiobook,THOUGHT FLEECE GOAT FOOT,Armstrong,2,0,False,False,2025-09-08
audiology,THOUGHT FLEECE LOT HAPPY,Armstrong,2,0,False,False,2025-09-08
audit,THOUGHT KIT,Armstrong,2,0,False,False,2025-09-08
audition,THOUGHT KIT,Armstrong,2,0,False,False,2025-09-08
auditorium,THOUGHT KIT FORCE FLEECE,Armstrong,2,0,False,False,2025-09-08
audrey,THOUGH HAPPY,Armstrong,2,0,False,False,2025-09-08
audubon,THOUGHT,Armstrong,2,0,False,False,2025-09-08
auger,THOUGHT LETTER,Armstrong,2,0,False,False,2025-09-08
aught,THOUGHT,Armstrong,2,0,False,False,2025-09-08
augment,THOUGHT,Armstrong,2,0,False,False,2025-09-08
augmented,THOUGHT,Armstrong,2,0,False,False,2025-09-08
auguries,THOUGHT FLEECE,Armstrong,2,0,False,False,2025-09-08
augury,THOUGHT HAPPY,Armstrong,2,0,False,False,2025-09-08
august,STRUT THOUGHT COMMA,Armstrong,2,0,False,False,2025-09-08
augusta,THOUGHT STRUT,Armstrong,2,0,False,False,2025-09-08
augustina,THOUGHT STRUT FLEECE,Armstrong,2,0,False,False,2025-09-08
augustine,THOUGHT FLEECE,Armstrong,2,0,False,False,2025-09-08
augustinian,THOUGHT KIT HAPPY,Armstrong,2,0,False,False,2025-09-08
augustus,THOUGHT STRUT,Armstrong,2,0,False,False,2025-09-08
aumerle,THOUGHT NURSE,Armstrong,2,0,False,False,2025-09-08
auntie,BATH HAPPY,Armstrong,2,0,False,False,2025-09-08
aura,NORTH COMMA,Armstrong,2,0,False,False,2025-09-08
aural,NORTH,Armstrong,2,0,False,False,2025-09-08
aurelia,NORTH FLEECE,Armstrong,2,0,False,False,2025-09-08
aurelian,NORTH FLEECE,Armstrong,2,0,False,False,2025-09-08
aurelius,NORTH FLEECE STRUT,Armstrong,2,0,False,False,2025-09-08
aureola,NORTH FLEECE GOAT,Armstrong,2,0,False,False,2025-09-08
auricular,NORTH KIT GOOSE LETTER,Armstrong,2,0,False,False,2025-09-08
auriferous,NORTH KIT NURSE,Armstrong,2,0,False,False,2025-09-08
auriga,PRICE NORTH,Armstrong,2,0,False,False,2025-09-08
aurora,NORTH FORCE,Armstrong,2,0,False,False,2025-09-08
auschwitz,MOUTH KIT,Armstrong,2,0,False,False,2025-09-08
auspices,THOUGHT KIT,Armstrong,2,0,False,False,2025-09-08
auspicious,THOUGHT KIT,Armstrong,2,0,False,False,2025-09-08
aussie,CLOTH HAPPY,Armstrong,2,0,False,False,2025-09-08
austen,CLOTH,Armstrong,2,0,False,False,2025-09-08
austere,THOUGHT NEAR,Armstrong,2,0,False,False,2025-09-08
austerity,THOUGHT KIT HAPPY,Armstrong,2,0,False,False,2025-09-08
austin,CLOTH KIT,Armstrong,2,0,False,False,2025-09-08
australasia,COMMA CLOTH FACE FLEECE,Armstrong,2,0,False,False,2025-09-08
australia,FACE CLOTH FLEECE,Armstrong,2,0,False,False,2025-09-08
austria,CLOTH FLEECE,Armstrong,2,0,False,False,2025-09-08
austro-hungarian,CLOTH GOAT STRUT SQUARE HAPPY,Armstrong,2,0,False,False,2025-09-08
authentic,THOUGHT DRESS KIT,Armstrong,2,0,False,False,2025-09-08
authentication,THOUGHT DRESS KIT FACE,Armstrong,2,0,False,False,2025-09-08
author,THOUGHT LETTER,Armstrong,2,0,False,False,2025-09-08
authorial,FORCE FLEECE,Armstrong,2,0,False,False,2025-09-08
authoritarian,(THOUGHT) FORCE SQUARE FLEECE,Armstrong,2,0,False,False,2025-09-08
authoritative,(THOUGHT) FORCE FACE,Armstrong,2,0,False,False,2025-09-08
authority,THOUGHT (CLOTH) FORCE HAPPY,Armstrong,2,0,False,False,2025-09-08
autism,THOUGHT KIT,Armstrong,2,0,False,False,2025-09-08
autistic,THOUGHT KIT,Armstrong,2,0,False,False,2025-09-08
autobahn,THOUGHT GOAT PALM,Armstrong,2,0,False,False,2025-09-08
autochanger,THOUGHT GOAT FACE LETTER,Armstrong,2,0,False,False,2025-09-08
autoclave,THOUGHT GOAT FACE,Armstrong,2,0,False,False,2025-09-08
autograph,THOUGHT GOAT BATH,Armstrong,2,0,False,False,2025-09-08
autogyros,THOUGHT GOAT PRICE,Armstrong,2,0,False,False,2025-09-08
autoharp,THOUGHT GOAT START,Armstrong,2,0,False,False,2025-09-08
autologous,THOUGHT GOAT,Armstrong,2,0,False,False,2025-09-08
automatic,THOUGHT GOAT TRAP,Armstrong,2,0,False,False,2025-09-08
autopilot,THOUGHT GOAT PRICE,Armstrong,2,0,False,False,2025-09-08
autoroute,THOUGHT GOAT GOOSE/MOUTH,Armstrong,2,0,False,False,2025-09-08
autos,THOUGHT GOAT,Armstrong,2,0,False,False,2025-09-08
autumn,THOUGHT (STRUT),Armstrong,2,0,False,False,2025-09-08
auvergne,GOAT NURSE,Armstrong,2,0,False,False,2025-09-08
auxiliary,THOUGHT KIT HAPPY,Armstrong,2,0,False,False,2025-09-08
ava,FACE,Armstrong,2,0,False,False,2025-09-08
avail,COMMA FACE,Armstrong,2,0,False,False,2025-09-08
availability,COMMA FACE KIT HAPPY,Armstrong,2,0,False,False,2025-09-08
available,FACE COMMA,Armstrong,2,0,False,False,2025-09-08
availing,FACE COMMA,Armstrong,2,0,False,False,2025-09-08
avalon,TRAP LOT,Armstrong,2,0,False,False,2025-09-08
avast,COMMA BATH,Armstrong,2,0,False,False,2025-09-08
avatar,TRAP START,Armstrong,2,0,False,False,2025-09-08
avaunt,THOUGHT,Armstrong,2,0,False,False,2025-09-08
avenge,COMMA DRESS,Armstrong,2,0,False,False,2025-09-08
avenger,COMMA DRESS LETTER,Armstrong,2,0,False,False,2025-09-08
aventurine,COMMA DRESS NURSE FLEECE,Armstrong,2,0,False,False,2025-09-08
avenue,TRAP GOOSE,Armstrong,2,0,False,False,2025-09-08
avenues,TRAP GOOSE,Armstrong,2,0,False,False,2025-09-08
aver,COMMA LETTER,Armstrong,2,0,False,False,2025-09-08
average,TRAP NURSE,Armstrong,2,0,False,False,2025-09-08
averse,COMMA NURSE,Armstrong,2,0,False,False,2025-09-08
aversion,COMMA NURSE,Armstrong,2,0,False,False,2025-09-08
avert,COMMA NURSE,Armstrong,2,0,False,False,2025-09-08
avesta,COMMA DRESS,Armstrong,2,0,False,False,2025-09-08
avestan,COMMA DRESS,Armstrong,2,0,False,False,2025-09-08
aviation,FACE FLEECE,Armstrong,2,0,False,False,2025-09-08
avis,FACE KIT,Armstrong,2,0,False,False,2025-09-08
aviva,COMMA FLEECE,Armstrong,2,0,False,False,2025-09-08
avoca,COMMA GOAT,Armstrong,2,0,False,False,2025-09-08
avocado,PALM GOAT,Armstrong,2,0,False,False,2025-09-08
avoid,CHOICE COMMA,Armstrong,2,0,False,False,2025-09-08
avoidable,COMMA CHOICE,Armstrong,2,0,False,False,2025-09-08
avoidance,CHOICE COMMA,Armstrong,2,0,False,False,2025-09-08
avowed,COMMA MOUTH,Armstrong,2,0,False,False,2025-09-08
avulsion,COMMA STRUT,Armstrong,2,0,False,False,2025-09-08
avuncular,COMMA STRUT,Armstrong,2,0,False,False,2025-09-08
awacs,FACE,Armstrong,2,0,False,False,2025-09-08
await,FACE,Armstrong,2,0,False,False,2025-09-08
awaited,COMMA FACE,Armstrong,2,0,False,False,2025-09-08
awards,COMMA NORTH,Armstrong,2,0,False,False,2025-09-08
aware,SQUARE COMMA,Armstrong,2,0,False,False,2025-09-08
away,COMMA FACE,Armstrong,2,0,False,False,2025-09-08
awe-inspiring,THOUGHT KIT PRICE,Armstrong,2,0,False,False,2025-09-08
awesome,THOUGHT,Armstrong,2,0,False,False,2025-09-08
awestruck,STRUT THOUGHT,Armstrong,2,0,False,False,2025-09-08
awful,THOUGHT,Armstrong,2,0,False,False,2025-09-08
awkward,THOUGHT LETTER,Armstrong,2,0,False,False,2025-09-08
awning,THOUGHT,Armstrong,2,0,False,False,2025-09-08
awol,FACE THOUGHT,Armstrong,2,0,False,False,2025-09-08
aylesbury,FACE HAPPY,Armstrong,2,0,False,False,2025-09-08
ayrshire,SQUARE NEAR/LETTER,Armstrong,2,0,False,False,2025-09-08
ayrton,SQUARE,Armstrong,2,0,False,False,2025-09-08
azala,COMMA FACE,Armstrong,2,0,False,False,2025-09-08
azalea,COMMA FACE,Armstrong,2,0,False,False,2025-09-08
azaleas,COMMA FACE,Armstrong,2,0,False,False,2025-09-08
azania,COMMA FACE,Armstrong,2,0,False,False,2025-09-08
azathioprine,COMMA PRICE FLEECE,Armstrong,2,0,False,False,2025-09-08
azaziel,COMMA FACE,Armstrong,2,0,False,False,2025-09-08
azerbaijan,TRAP PALM PRICE LETTER,Armstrong,2,0,False,False,2025-09-08
azeri,COMMA SQUARE HAPPY,Armstrong,2,0,False,False,2025-09-08
azeris,COMMA SQUARE HAPPY,Armstrong,2,0,False,False,2025-09-08
azithromycin,COMMA KIT GOAT PRICE,Armstrong,2,0,False,False,2025-09-08
aziz,COMMA FLEECE,Armstrong,2,0,False,False,2025-09-08
azote,COMMA/FACE GOAT,Armstrong,2,0,False,False,2025-09-08
azotic,COMMA/FACE GOAT KIT,Armstrong,2,0,False,False,2025-09-08
azov,TRAP LOT,Armstrong,2,0,False,False,2025-09-08
aztec,TRAP,Armstrong,2,0,False,False,2025-09-08
azure,TRAP LETTER/CURE,Armstrong,2,0,False,False,2025-09-08
baa,PALM,Armstrong,2,0,False,False,2025-09-08
babe,FACE,Armstrong,2,0,False,False,2025-09-08
babushka,GOOSE,Armstrong,2,0,False,False,2025-09-08
baby,FACE HAPPY,Armstrong,2,0,False,False,2025-09-08
baby-talk,FACE HAPPY THOUGHT,Armstrong,2,0,False,False,2025-09-08
babysitting,FACE HAPPY KIT,Armstrong,2,0,False,False,2025-09-08
back,TRAP,Armstrong,2,0,False,False,2025-09-08
back-formation,TRAP NORTH FACE,Armstrong,2,0,False,False,2025-09-08
backdoor,TRAP FORCE,Armstrong,2,0,False,False,2025-09-08
background,TRAP MOUTH,Armstrong,2,0,False,False,2025-09-08
backhouse,TRAP MOUTH,Armstrong,2,0,False,False,2025-09-08
backlash,TRAP,Armstrong,2,0,False,False,2025-09-08
backstreet,TRAP FLEECE,Armstrong,2,0,False,False,2025-09-08
backup,TRAP STRUT,Armstrong,2,0,False,False,2025-09-08
bacon,FACE,Armstrong,2,0,False,False,2025-09-08
bad,TRAP,Armstrong,2,0,False,False,2025-09-08
badass,TRAP,Armstrong,2,0,False,False,2025-09-08
badawi,PALM HAPPY,Armstrong,2,0,False,False,2025-09-08
baden-powell,FACE MOUTH,Armstrong,2,0,False,False,2025-09-08
badge,TRAP,Armstrong,2,0,False,False,2025-09-08
badinage,TRAP PALM,Armstrong,2,0,False,False,2025-09-08
badmouth,TRAP MOUTH,Armstrong,2,0,False,False,2025-09-08
bag,TRAP,Armstrong,2,0,False,False,2025-09-08
baggie,TRAP HAPPY,Armstrong,2,0,False,False,2025-09-08
bah,PALM,Armstrong,2,0,False,False,2025-09-08
bahamas,PALM,Armstrong,2,0,False,False,2025-09-08
bahasa,PALM,Armstrong,2,0,False,False,2025-09-08
bahia,PALM/TRAP FLEECE,Armstrong,2,0,False,False,2025-09-08
baht,PALM,Armstrong,2,0,False,False,2025-09-08
bail,FACE,Armstrong,2,0,False,False,2025-09-08
bailey,FACE HAPPY,Armstrong,2,0,False,False,2025-09-08
baird,SQUARE,Armstrong,2,0,False,False,2025-09-08
bairns,SQUARE,Armstrong,2,0,False,False,2025-09-08
bait,FACE,Armstrong,2,0,False,False,2025-09-08
baja,PALM FACE,Armstrong,2,0,False,False,2025-09-08
bajan,FACE PALM,Armstrong,2,0,False,False,2025-09-08
baker,FACE LETTER,Armstrong,2,0,False,False,2025-09-08
bakery,FACE LETTER HAPPY,Armstrong,2,0,False,False,2025-09-08
baking,FACE KIT,Armstrong,2,0,False,False,2025-09-08
balaclava,TRAP PALM,Armstrong,2,0,False,False,2025-09-08
balance-sheet,TRAP FLEECE,Armstrong,2,0,False,False,2025-09-08
baldwin,THOUGHT KIT,Armstrong,2,0,False,False,2025-09-08
bale,FACE,Armstrong,2,0,False,False,2025-09-08
balenciaga,PALM FLEECE DRESS,Armstrong,2,0,False,False,2025-09-08
balfor,TRAP LETTER,Armstrong,2,0,False,False,2025-09-08
bali,PALM HAPPY,Armstrong,2,0,False,False,2025-09-08
balk,THOUGHT,Armstrong,2,0,False,False,2025-09-08
ball,THOUGHT,Armstrong,2,0,False,False,2025-09-08
ballerina,TRAP FLEECE,Armstrong,2,0,False,False,2025-09-08
balloon,GOOSE COMMA,Armstrong,2,0,False,False,2025-09-08
ballpoint,THOUGHT CHOICE,Armstrong,2,0,False,False,2025-09-08
ballroom,THOUGHT GOOSE,Armstrong,2,0,False,False,2025-09-08
balmoral,TRAP NORTH/CLOTH,Armstrong,2,0,False,False,2025-09-08
bamforth,TRAP FORCE,Armstrong,2,0,False,False,2025-09-08
banana,BATH,Armstrong,2,0,False,False,2025-09-08
bandolier,GOAT NEAR,Armstrong,2,0,False,False,2025-09-08
bandung,TRAP COMMA,Armstrong,2,0,False,False,2025-09-08
bang,TRAP,Armstrong,2,0,False,False,2025-09-08
banger,TRAP LETTER,Armstrong,2,0,False,False,2025-09-08
bangkok,TRAP LOT,Armstrong,2,0,False,False,2025-09-08
bangladeshi,TRAP DRESS HAPPY,Armstrong,2,0,False,False,2025-09-08
bank,TRAP,Armstrong,2,0,False,False,2025-09-08
bank-draft,TRAP BATH,Armstrong,2,0,False,False,2025-09-08
bankrupt,TRAP STRUT,Armstrong,2,0,False,False,2025-09-08
banshee,TRAP HAPPY,Armstrong,2,0,False,False,2025-09-08
baobab,FACE TRAP,Armstrong,2,0,False,False,2025-09-08
bar,START,Armstrong,2,0,False,False,2025-09-08
barack,PALM,Armstrong,2,0,False,False,2025-09-08
barbadian,START FACE HAPPY,Armstrong,2,0,False,False,2025-09-08
barbados,FACE START (LOT),Armstrong,2,0,False,False,2025-09-08
barbara,START COMMA,Armstrong,2,0,False,False,2025-09-08
barbarian,START SQUARE HAPPY,Armstrong,2,0,False,False,2025-09-08
barbarity,START HAPPY,Armstrong,2,0,False,False,2025-09-08
barbecue,GOOSE START,Armstrong,2,0,False,False,2025-09-08
barbecued,GOOSE START,Armstrong,2,0,False,False,2025-09-08
barber,START LETTER,Armstrong,2,0,False,False,2025-09-08
barbershop,START LETTER LOT,Armstrong,2,0,False,False,2025-09-08
barbican,START,Armstrong,2,0,False,False,2025-09-08
barbie,START HAPPY,Armstrong,2,0,False,False,2025-09-08
barbiturates,START CURE,Armstrong,2,0,False,False,2025-09-08
barbour,START LETTER,Armstrong,2,0,False,False,2025-09-08
barbuda,START GOOSE COMMA,Armstrong,2,0,False,False,2025-09-08
barcelona,GOAT START COMMA,Armstrong,2,0,False,False,2025-09-08
barcode,START GOAT,Armstrong,2,0,False,False,2025-09-08
bardot,START GOAT,Armstrong,2,0,False,False,2025-09-08
bare,SQUARE,Armstrong,2,0,False,False,2025-09-08
barefaced,SQUARE FACE,Armstrong,2,0,False,False,2025-09-08
barefacedly,SQUARE FACE,Armstrong,2,0,False,False,2025-09-08
barefoot,SQUARE FOOT,Armstrong,2,0,False,False,2025-09-08
barelegged,SQUARE DRESS,Armstrong,2,0,False,False,2025-09-08
barely,SQUARE HAPPY,Armstrong,2,0,False,False,2025-09-08
barenboim,SQUARE CHOICE,Armstrong,2,0,False,False,2025-09-08
bareness,SQUARE,Armstrong,2,0,False,False,2025-09-08
bares,SQUARE,Armstrong,2,0,False,False,2025-09-08
barf,START,Armstrong,2,0,False,False,2025-09-08
barfly,START HAPPY,Armstrong,2,0,False,False,2025-09-08
barford,START LETTER,Armstrong,2,0,False,False,2025-09-08
bargain,START,Armstrong,2,0,False,False,2025-09-08
barge,START,Armstrong,2,0,False,False,2025-09-08
bargoed,START GOAT,Armstrong,2,0,False,False,2025-09-08
baring,SQUARE KIT,Armstrong,2,0,False,False,2025-09-08
barkley,START HAPPY,Armstrong,2,0,False,False,2025-09-08
barley,START HAPPY,Armstrong,2,0,False,False,2025-09-08
barlow,START GOAT,Armstrong,2,0,False,False,2025-09-08
barn,START,Armstrong,2,0,False,False,2025-09-08
barnard,START,Armstrong,2,0,False,False,2025-09-08
barnes,START,Armstrong,2,0,False,False,2025-09-08
barnett,START,Armstrong,2,0,False,False,2025-09-08
barney,START HAPPY,Armstrong,2,0,False,False,2025-09-08
baron,SQUARE/TRAP,Armstrong,2,0,False,False,2025-09-08
barr,START,Armstrong,2,0,False,False,2025-09-08
barrage,START (TRAP),Armstrong,2,0,False,False,2025-09-08
barrow-man,TRAP GOAT,Armstrong,2,0,False,False,2025-09-08
barrymore,SQUARE/TRAP HAPPY FORCE,Armstrong,2,0,False,False,2025-09-08
barsham,START,Armstrong,2,0,False,False,2025-09-08
bartholomew,START GOOSE LOT,Armstrong,2,0,False,False,2025-09-08
barwise,START PRICE,Armstrong,2,0,False,False,2025-09-08
base,FACE,Armstrong,2,0,False,False,2025-09-08
baseball,FACE THOUGHT,Armstrong,2,0,False,False,2025-09-08
based,FACE,Armstrong,2,0,False,False,2025-09-08
basel,PALM,Armstrong,2,0,False,False,2025-09-08
bash,TRAP,Armstrong,2,0,False,False,2025-09-08
basic,FACE KIT,Armstrong,2,0,False,False,2025-09-08
basil,TRAP/FACE KIT,Armstrong,2,0,False,False,2025-09-08
basinger,KIT LETTER,Armstrong,2,0,False,False,2025-09-08
basingstoke,FACE KIT GOAT,Armstrong,2,0,False,False,2025-09-08
basis,FACE KIT,Armstrong,2,0,False,False,2025-09-08
basket,BATH,Armstrong,2,0,False,False,2025-09-08
basketball,THOUGHT BATH,Armstrong,2,0,False,False,2025-09-08
basking,BATH KIT,Armstrong,2,0,False,False,2025-09-08
basso,PALM,Armstrong,2,0,False,False,2025-09-08
basta,PALM,Armstrong,2,0,False,False,2025-09-08
batch,TRAP,Armstrong,2,0,False,False,2025-09-08
bath,BATH,Armstrong,2,0,False,False,2025-09-08
bath-chair,BATH SQUARE,Armstrong,2,0,False,False,2025-09-08
bather,FACE LETTER,Armstrong,2,0,False,False,2025-09-08
bathgate,BATH FACE,Armstrong,2,0,False,False,2025-09-08
bathhouse,BATH MOUTH,Armstrong,2,0,False,False,2025-09-08
bathing,(FACE) KIT,Armstrong,2,0,False,False,2025-09-08
bathing-costume,FACE KIT CLOTH GOOSE,Armstrong,2,0,False,False,2025-09-08
bathing-suit,FACE KIT GOOSE,Armstrong,2,0,False,False,2025-09-08
batho,FACE GOAT,Armstrong,2,0,False,False,2025-09-08
bathrobe,BATH GOAT,Armstrong,2,0,False,False,2025-09-08
bathroom,GOOSE BATH,Armstrong,2,0,False,False,2025-09-08
baths,BATH,Armstrong,2,0,False,False,2025-09-08
bathtub,STRUT BATH,Armstrong,2,0,False,False,2025-09-08
bathurst,TRAP NURSE,Armstrong,2,0,False,False,2025-09-08
bathyscaphe,BATH FACE/TRAP,Armstrong,2,0,False,False,2025-09-08
bathyspheres,BATH NEAR,Armstrong,2,0,False,False,2025-09-08
batman,TRAP,Armstrong,2,0,False,False,2025-09-08
battersea,TRAP NURSE HAPPY,Armstrong,2,0,False,False,2025-09-08
battle,TRAP,Armstrong,2,0,False,False,2025-09-08
bauble,THOUGHT,Armstrong,2,0,False,False,2025-09-08
bavaria,SQUARE HAPPY,Armstrong,2,0,False,False,2025-09-08
bay-wreath,FACE FLEECE,Armstrong,2,0,False,False,2025-09-08
bayberry,DRESS FACE HAPPY,Armstrong,2,0,False,False,2025-09-08
bayswater,FACE THOUGHT LETTER,Armstrong,2,0,False,False,2025-09-08
baywatch,FACE LOT,Armstrong,2,0,False,False,2025-09-08
baz,TRAP,Armstrong,2,0,False,False,2025-09-08
bazaar,START,Armstrong,2,0,False,False,2025-09-08
bazooka,GOOSE,Armstrong,2,0,False,False,2025-09-08
be,FLEECE,Armstrong,2,0,False,False,2025-09-08
bea,FLEECE,Armstrong,2,0,False,False,2025-09-08
beach,FLEECE,Armstrong,2,0,False,False,2025-09-08
beachy,FLEECE HAPPY,Armstrong,2,0,False,False,2025-09-08
beadle,FLEECE,Armstrong,2,0,False,False,2025-09-08
beads,FLEECE,Armstrong,2,0,False,False,2025-09-08
beagle,FLEECE,Armstrong,2,0,False,False,2025-09-08
beak,FLEECE,Armstrong,2,0,False,False,2025-09-08
beaker,FLEECE LETTER,Armstrong,2,0,False,False,2025-09-08
beam,FLEECE,Armstrong,2,0,False,False,2025-09-08
bean,FLEECE,Armstrong,2,0,False,False,2025-09-08
bean-bag,TRAP FLEECE,Armstrong,2,0,False,False,2025-09-08
beanie,HAPPY FLEECE,Armstrong,2,0,False,False,2025-09-08
beanstalk,THOUGHT FLEECE,Armstrong,2,0,False,False,2025-09-08
bear,SQUARE,Armstrong,2,0,False,False,2025-09-08
bearable,SQUARE STRUT,Armstrong,2,0,False,False,2025-09-08
beard,NEAR,Armstrong,2,0,False,False,2025-09-08
bearer,SQUARE LETTER,Armstrong,2,0,False,False,2025-09-08
bearing,SQUARE KIT,Armstrong,2,0,False,False,2025-09-08
bears,SQUARE,Armstrong,2,0,False,False,2025-09-08
bearskin,SQUARE KIT,Armstrong,2,0,False,False,2025-09-08
bearsted,SQUARE DRESS,Armstrong,2,0,False,False,2025-09-08
beat,FLEECE,Armstrong,2,0,False,False,2025-09-08
beatles,FLEECE,Armstrong,2,0,False,False,2025-09-08
beau,GOAT,Armstrong,2,0,False,False,2025-09-08
beaufort,GOAT NORTH,Armstrong,2,0,False,False,2025-09-08
beaujolais,GOAT FACE,Armstrong,2,0,False,False,2025-09-08
beaumont,GOAT LOT,Armstrong,2,0,False,False,2025-09-08
beauregard,GOAT START,Armstrong,2,0,False,False,2025-09-08
beautiful,KIT GOOSE FOOT,Armstrong,2,0,False,False,2025-09-08
beauty,GOOSE HAPPY,Armstrong,2,0,False,False,2025-09-08
beauty-parlour,START GOOSE HAPPY LETTER,Armstrong,2,0,False,False,2025-09-08
bebo,FLEECE GOAT,Armstrong,2,0,False,False,2025-09-08
became,FACE COMMA,Armstrong,2,0,False,False,2025-09-08
because,KIT (COMMA) (STRUT),Armstrong,2,0,False,False,2025-09-08
become,STRUT COMMA,Armstrong,2,0,False,False,2025-09-08
bed,DRESS,Armstrong,2,0,False,False,2025-09-08
bed-bug,STRUT DRESS,Armstrong,2,0,False,False,2025-09-08
bedroom,GOOSE DRESS,Armstrong,2,0,False,False,2025-09-08
bedspread,DRESS,Armstrong,2,0,False,False,2025-09-08
bedwarmer,NORTH DRESS LETTER,Armstrong,2,0,False,False,2025-09-08
bee,FLEECE,Armstrong,2,0,False,False,2025-09-08
beech,FLEECE,Armstrong,2,0,False,False,2025-09-08
beecher,FLEECE,Armstrong,2,0,False,False,2025-09-08
beefeater,FLEECE LETTER,Armstrong,2,0,False,False,2025-09-08
beefsteak,FACE FLEECE,Armstrong,2,0,False,False,2025-09-08
beehive,PRICE FLEECE,Armstrong,2,0,False,False,2025-09-08
been,(KIT) (FLEECE),Armstrong,2,0,False,False,2025-09-08
beer,NEAR,Armstrong,2,0,False,False,2025-09-08
beersheba,NEAR FLEECE,Armstrong,2,0,False,False,2025-09-08
beery,NEAR HAPPY,Armstrong,2,0,False,False,2025-09-08
beetle,FLEECE,Armstrong,2,0,False,False,2025-09-08
beetroot,GOOSE FLEECE,Armstrong,2,0,False,False,2025-09-08
befits,KIT COMMA,Armstrong,2,0,False,False,2025-09-08
before,(KIT) FORCE COMMA,Armstrong,2,0,False,False,2025-09-08
beforehand,FORCE TRAP,Armstrong,2,0,False,False,2025-09-08
beginning,COMMA KIT,Armstrong,2,0,False,False,2025-09-08
begrudge,STRUT,Armstrong,2,0,False,False,2025-09-08
begrudgingly,STRUT KIT HAPPY,Armstrong,2,0,False,False,2025-09-08
behalf,BATH,Armstrong,2,0,False,False,2025-09-08
behave,FACE,Armstrong,2,0,False,False,2025-09-08
behaviour,FACE LETTER,Armstrong,2,0,False,False,2025-09-08
behind,PRICE KIT/FLEECE,Armstrong,2,0,False,False,2025-09-08
beige,FACE,Armstrong,2,0,False,False,2025-09-08
beijing,FACE KIT,Armstrong,2,0,False,False,2025-09-08
being,FLEECE KIT,Armstrong,2,0,False,False,2025-09-08
beirut,FACE GOOSE,Armstrong,2,0,False,False,2025-09-08
beleaguered,FLEECE LETTER,Armstrong,2,0,False,False,2025-09-08
belfast,BATH DRESS,Armstrong,2,0,False,False,2025-09-08
belgrave,FACE DRESS,Armstrong,2,0,False,False,2025-09-08
believe,(COMMA) FLEECE,Armstrong,2,0,False,False,2025-09-08
belike,PRICE COMMA,Armstrong,2,0,False,False,2025-09-08
bella,COMMA DRESS,Armstrong,2,0,False,False,2025-09-08
bellflower,MOUTH L DRESS LETTER,Armstrong,2,0,False,False,2025-09-08
bellows,GOAT DRESS,Armstrong,2,0,False,False,2025-09-08
bellwether,DRESS LETTER,Armstrong,2,0,False,False,2025-09-08
belong,CLOTH,Armstrong,2,0,False,False,2025-09-08
beloved,STRUT COMMA/FLEECE,Armstrong,2,0,False,False,2025-09-08
below,GOAT COMMA,Armstrong,2,0,False,False,2025-09-08
beluga,GOOSE COMMA,Armstrong,2,0,False,False,2025-09-08
belushi,HAPPY GOOSE,Armstrong,2,0,False,False,2025-09-08
belvedere,NEAR DRESS,Armstrong,2,0,False,False,2025-09-08
bemba,COMMA DRESS,Armstrong,2,0,False,False,2025-09-08
benares,START DRESS,Armstrong,2,0,False,False,2025-09-08
benchmark,START DRESS,Armstrong,2,0,False,False,2025-09-08
benedictine,FLEECE DRESS KIT,Armstrong,2,0,False,False,2025-09-08
benefits,KIT DRESS,Armstrong,2,0,False,False,2025-09-08
benelux,STRUT DRESS,Armstrong,2,0,False,False,2025-09-08
bengali,DRESS PALM HAPPY,Armstrong,2,0,False,False,2025-09-08
benghazi,PALM DRESS HAPPY,Armstrong,2,0,False,False,2025-09-08
benidorm,NORTH DRESS KIT,Armstrong,2,0,False,False,2025-09-08
benign,PRICE,Armstrong,2,0,False,False,2025-09-08
benignly,PRICE HAPPY,Armstrong,2,0,False,False,2025-09-08
beograd,GOAT DRESS TRAP,Armstrong,2,0,False,False,2025-09-08
bere,NEAR,Armstrong,2,0,False,False,2025-09-08
bergamot,NURSE GOAT LOT,Armstrong,2,0,False,False,2025-09-08
bergen,NURSE,Armstrong,2,0,False,False,2025-09-08
bergerac,NURSE TRAP,Armstrong,2,0,False,False,2025-09-08
bering,SQUARE KIT,Armstrong,2,0,False,False,2025-09-08
berkeley,NURSE HAPPY,Armstrong,2,0,False,False,2025-09-08
berlioz,SQUARE HAPPY GOAT,Armstrong,2,0,False,False,2025-09-08
bermuda,LETTER GOOSE,Armstrong,2,0,False,False,2025-09-08
bernard,LETTER NURSE/START,Armstrong,2,0,False,False,2025-09-08
berry,DRESS HAPPY,Armstrong,2,0,False,False,2025-09-08
berth,NURSE,Armstrong,2,0,False,False,2025-09-08
bertha,COMMA NURSE,Armstrong,2,0,False,False,2025-09-08
beseech,FLEECE,Armstrong,2,0,False,False,2025-09-08
best,DRESS,Armstrong,2,0,False,False,2025-09-08
best-selling,DRESS KIT,Armstrong,2,0,False,False,2025-09-08
beta,COMMA FACE,Armstrong,2,0,False,False,2025-09-08
betcha,COMMA DRESS,Armstrong,2,0,False,False,2025-09-08
beth,DRESS,Armstrong,2,0,False,False,2025-09-08
bethesda,DRESS,Armstrong,2,0,False,False,2025-09-08
bethlehem,DRESS,Armstrong,2,0,False,False,2025-09-08
bethnal,DRESS,Armstrong,2,0,False,False,2025-09-08
beto,DRESS GOAT,Armstrong,2,0,False,False,2025-09-08
betroth,GOAT,Armstrong,2,0,False,False,2025-09-08
better,DRESS LETTER,Armstrong,2,0,False,False,2025-09-08
between,FLEECE COMMA,Armstrong,2,0,False,False,2025-09-08
beulah,GOOSE,Armstrong,2,0,False,False,2025-09-08
beware,SQUARE (COMMA),Armstrong,2,0,False,False,2025-09-08
beyfus,FACE,Armstrong,2,0,False,False,2025-09-08
beyond,LOT CLOTH,Armstrong,2,0,False,False,2025-09-08
bezel,DRESS,Armstrong,2,0,False,False,2025-09-08
bhaji,PALM HAPPY,Armstrong,2,0,False,False,2025-09-08
bhutan,GOOSE PALM,Armstrong,2,0,False,False,2025-09-08
bianca,COMMA FLEECE BATH,Armstrong,2,0,False,False,2025-09-08
bible,PRICE,Armstrong,2,0,False,False,2025-09-08
biceps,DRESS PRICE,Armstrong,2,0,False,False,2025-09-08
bickersteth,DRESS KIT LETTER,Armstrong,2,0,False,False,2025-09-08
bicycle,PRICE KIT,Armstrong,2,0,False,False,2025-09-08
bid,KIT,Armstrong,2,0,False,False,2025-09-08
bidet,FACE,Armstrong,2,0,False,False,2025-09-08
bieber,LETTER FLEECE,Armstrong,2,0,False,False,2025-09-08
bier,NEAR,Armstrong,2,0,False,False,2025-09-08
big,KIT,Armstrong,2,0,False,False,2025-09-08
bigger,LETTER KIT,Armstrong,2,0,False,False,2025-09-08
biggest,COMMA KIT,Armstrong,2,0,False,False,2025-09-08
biggie,HAPPY KIT,Armstrong,2,0,False,False,2025-09-08
bigmouth,MOUTH KIT,Armstrong,2,0,False,False,2025-09-08
bike,PRICE,Armstrong,2,0,False,False,2025-09-08
biker,PRICE LETTER,Armstrong,2,0,False,False,2025-09-08
bikini,FLEECE HAPPY,Armstrong,2,0,False,False,2025-09-08
bilharzia,START HAPPY KIT,Armstrong,2,0,False,False,2025-09-08
billboard,FORCE KIT,Armstrong,2,0,False,False,2025-09-08
billionaire,SQUARE KIT,Armstrong,2,0,False,False,2025-09-08
binaural,NORTH PRICE,Armstrong,2,0,False,False,2025-09-08
biodiversity,GOAT (PRICE) NURSE KIT HAPPY,Armstrong,2,0,False,False,2025-09-08
biofuels,GOAT PRICE GOOSE,Armstrong,2,0,False,False,2025-09-08
biography,HAPPY COMMA PRICE LOT TRAP,Armstrong,2,0,False,False,2025-09-08
biology,HAPPY COMMA LOT,Armstrong,2,0,False,False,2025-09-08
biomass,TRAP GOAT PRICE,Armstrong,2,0,False,False,2025-09-08
biophysics,GOAT PRICE KIT,Armstrong,2,0,False,False,2025-09-08
biopic,GOAT PRICE KIT,Armstrong,2,0,False,False,2025-09-08
biorhythm,KIT GOAT PRICE,Armstrong,2,0,False,False,2025-09-08
biosphere,NEAR PRICE GOAT,Armstrong,2,0,False,False,2025-09-08
biotechnology,GOAT PRICE DRESS LOT,Armstrong,2,0,False,False,2025-09-08
biowaste,GOAT PRICE FACE,Armstrong,2,0,False,False,2025-09-08
bipolar,PRICE GOAT LETTER,Armstrong,2,0,False,False,2025-09-08
birch,NURSE,Armstrong,2,0,False,False,2025-09-08
bird,NURSE,Armstrong,2,0,False,False,2025-09-08
birdbath,BATH NURSE,Armstrong,2,0,False,False,2025-09-08
birdie,HAPPY NURSE,Armstrong,2,0,False,False,2025-09-08
birdwatcher,LOT NURSE,Armstrong,2,0,False,False,2025-09-08
birmingham,LETTER COMMA NURSE (TRAP) KIT,Armstrong,2,0,False,False,2025-09-08
birth,NURSE,Armstrong,2,0,False,False,2025-09-08
birthday,NURSE FACE,Armstrong,2,0,False,False,2025-09-08
birther,LETTER NURSE,Armstrong,2,0,False,False,2025-09-08
birthmark,NURSE START,Armstrong,2,0,False,False,2025-09-08
birthrate,NURSE FACE,Armstrong,2,0,False,False,2025-09-08
birthright,NURSE PRICE,Armstrong,2,0,False,False,2025-09-08
birthstone,NURSE GOAT,Armstrong,2,0,False,False,2025-09-08
bissau,MOUTH,Armstrong,2,0,False,False,2025-09-08
bit,KIT,Armstrong,2,0,False,False,2025-09-08
bitch,KIT,Armstrong,2,0,False,False,2025-09-08
bites,PRICE,Armstrong,2,0,False,False,2025-09-08
bithynia,PRICE FLEECE,Armstrong,2,0,False,False,2025-09-08
bittersweet,FLEECE LETTER KIT,Armstrong,2,0,False,False,2025-09-08
biunique,PRICE GOOSE FLEECE,Armstrong,2,0,False,False,2025-09-08
biuniqueness,PRICE GOOSE FLEECE,Armstrong,2,0,False,False,2025-09-08
biweekly,PRICE FLEECE HAPPY,Armstrong,2,0,False,False,2025-09-08
biz,KIT,Armstrong,2,0,False,False,2025-09-08
bizarre,KIT START,Armstrong,2,0,False,False,2025-09-08
blabbermouth,MOUTH TRAP LETTER,Armstrong,2,0,False,False,2025-09-08
black,TRAP,Armstrong,2,0,False,False,2025-09-08
blackadder,TRAP LETTER,Armstrong,2,0,False,False,2025-09-08
blades,FACE,Armstrong,2,0,False,False,2025-09-08
blah,PALM,Armstrong,2,0,False,False,2025-09-08
blair,SQUARE,Armstrong,2,0,False,False,2025-09-08
blaire,SQUARE,Armstrong,2,0,False,False,2025-09-08
blairgowrie,MOUTH SQUARE HAPPY,Armstrong,2,0,False,False,2025-09-08
blake,FACE,Armstrong,2,0,False,False,2025-09-08
blame,FACE,Armstrong,2,0,False,False,2025-09-08
blamed,FACE,Armstrong,2,0,False,False,2025-09-08
blast,BATH,Armstrong,2,0,False,False,2025-09-08
blather,TRAP LETTER,Armstrong,2,0,False,False,2025-09-08
blawith,FACE,Armstrong,2,0,False,False,2025-09-08
blaydon,FACE,Armstrong,2,0,False,False,2025-09-08
blazer,FACE LETTER,Armstrong,2,0,False,False,2025-09-08
bleach,FLEECE,Armstrong,2,0,False,False,2025-09-08
bleak,FLEECE,Armstrong,2,0,False,False,2025-09-08
bleary,NEAR HAPPY,Armstrong,2,0,False,False,2025-09-08
blimey,HAPPY PRICE,Armstrong,2,0,False,False,2025-09-08
blithely,PRICE HAPPY,Armstrong,2,0,False,False,2025-09-08
blithering,KIT LETTER KIT,Armstrong,2,0,False,False,2025-09-08
blithesome,PRICE STRUT,Armstrong,2,0,False,False,2025-09-08
blitzkrieg,FLEECE KIT,Armstrong,2,0,False,False,2025-09-08
blockbuster,STRUT LOT LETTER,Armstrong,2,0,False,False,2025-09-08
blocking,LOT KIT,Armstrong,2,0,False,False,2025-09-08
bloemfontein,FACE GOOSE LOT,Armstrong,2,0,False,False,2025-09-08
blog,LOT CLOTH,Armstrong,2,0,False,False,2025-09-08
blogger,LETTER LOT/CLOTH,Armstrong,2,0,False,False,2025-09-08
blogosphere,LOT NEAR,Armstrong,2,0,False,False,2025-09-08
blood,STRUT,Armstrong,2,0,False,False,2025-09-08
blood-bath,BATH STRUT,Armstrong,2,0,False,False,2025-09-08
blood-poisoning,CHOICE STRUT KIT,Armstrong,2,0,False,False,2025-09-08
blood-pressure,DRESS LETTER STRUT,Armstrong,2,0,False,False,2025-09-08
blood-transfusion,GOOSE STRUT TRAP,Armstrong,2,0,False,False,2025-09-08
blood-type,PRICE STRUT,Armstrong,2,0,False,False,2025-09-08
bloodbaths,BATH STRUT,Armstrong,2,0,False,False,2025-09-08
bloodhound,STRUT MOUTH,Armstrong,2,0,False,False,2025-09-08
bloom,GOOSE,Armstrong,2,0,False,False,2025-09-08
bloor,CURE,Armstrong,2,0,False,False,2025-09-08
blotchy,LOT HAPPY,Armstrong,2,0,False,False,2025-09-08
blouse,MOUTH,Armstrong,2,0,False,False,2025-09-08
blow,GOAT,Armstrong,2,0,False,False,2025-09-08
blowfish,GOAT KIT,Armstrong,2,0,False,False,2025-09-08
blowfly,GOAT PRICE,Armstrong,2,0,False,False,2025-09-08
blown,GOAT,Armstrong,2,0,False,False,2025-09-08
blows,GOAT,Armstrong,2,0,False,False,2025-09-08
blowtorch,FORCE GOAT,Armstrong,2,0,False,False,2025-09-08
bludgeoned,STRUT,Armstrong,2,0,False,False,2025-09-08
blue,GOOSE,Armstrong,2,0,False,False,2025-09-08
bluebeard,NEAR GOOSE,Armstrong,2,0,False,False,2025-09-08
bluebells,GOOSE DRESS,Armstrong,2,0,False,False,2025-09-08
blueberry,GOOSE DRESS HAPPY,Armstrong,2,0,False,False,2025-09-08
blues,GOOSE,Armstrong,2,0,False,False,2025-09-08
bluetooth,GOOSE,Armstrong,2,0,False,False,2025-09-08
blumenthal,PALM GOOSE DRESS,Armstrong,2,0,False,False,2025-09-08
blur,NURSE,Armstrong,2,0,False,False,2025-09-08
blurred,NURSE,Armstrong,2,0,False,False,2025-09-08
blurring,NURSE KIT,Armstrong,2,0,False,False,2025-09-08
blurry,NURSE HAPPY,Armstrong,2,0,False,False,2025-09-08
blush,STRUT,Armstrong,2,0,False,False,2025-09-08
blusher,STRUT LETTER,Armstrong,2,0,False,False,2025-09-08
blythe,PRICE,Armstrong,2,0,False,False,2025-09-08
bmw,DRESS FLEECE STRUT GOOSE,Armstrong,2,0,False,False,2025-09-08
boa,PALM GOAT,Armstrong,2,0,False,False,2025-09-08
boar,FORCE,Armstrong,2,0,False,False,2025-09-08
board,FORCE,Armstrong,2,0,False,False,2025-09-08
boarder,FORCE LETTER,Armstrong,2,0,False,False,2025-09-08
boarding,FORCE KIT,Armstrong,2,0,False,False,2025-09-08
boardwalk,THOUGHT FORCE,Armstrong,2,0,False,False,2025-09-08
boas,TRAP COMMA,Armstrong,2,0,False,False,2025-09-08
boat,GOAT,Armstrong,2,0,False,False,2025-09-08
boateng,DRESS GOAT,Armstrong,2,0,False,False,2025-09-08
boaz,TRAP GOAT,Armstrong,2,0,False,False,2025-09-08
bob,LOT,Armstrong,2,0,False,False,2025-09-08
bobby,HAPPY LOT,Armstrong,2,0,False,False,2025-09-08
boccaccio,PALM HAPPY GOAT,Armstrong,2,0,False,False,2025-09-08
bodega,GOAT COMMA FACE,Armstrong,2,0,False,False,2025-09-08
bodge,LOT,Armstrong,2,0,False,False,2025-09-08
bodhran,PALM LOT,Armstrong,2,0,False,False,2025-09-08
bodied,LOT FLEECE,Armstrong,2,0,False,False,2025-09-08
body,HAPPY LOT,Armstrong,2,0,False,False,2025-09-08
body-builder,LOT HAPPY KIT LETTER,Armstrong,2,0,False,False,2025-09-08
body-snatchers,TRAP LOT HAPPY LETTER,Armstrong,2,0,False,False,2025-09-08
bodywork,HAPPY LOT NURSE,Armstrong,2,0,False,False,2025-09-08
bog,CLOTH,Armstrong,2,0,False,False,2025-09-08
bogey,HAPPY GOAT,Armstrong,2,0,False,False,2025-09-08
boil,CHOICE,Armstrong,2,0,False,False,2025-09-08
boiler,CHOICE LETTER,Armstrong,2,0,False,False,2025-09-08
boing,CHOICE,Armstrong,2,0,False,False,2025-09-08
boink,CHOICE,Armstrong,2,0,False,False,2025-09-08
boise,CHOICE,Armstrong,2,0,False,False,2025-09-08
bolitho,PRICE GOAT,Armstrong,2,0,False,False,2025-09-08
bollywood,FOOT HAPPY LOT,Armstrong,2,0,False,False,2025-09-08
bolshie,HAPPY GOAT,Armstrong,2,0,False,False,2025-09-08
bolt,GOAT,Armstrong,2,0,False,False,2025-09-08
bolton,GOAT,Armstrong,2,0,False,False,2025-09-08
bombardier,NEAR START,Armstrong,2,0,False,False,2025-09-08
bombing,LOT KIT,Armstrong,2,0,False,False,2025-09-08
bombshell,DRESS LOT,Armstrong,2,0,False,False,2025-09-08
bonanza,COMMA TRAP,Armstrong,2,0,False,False,2025-09-08
bonding,LOT KIT,Armstrong,2,0,False,False,2025-09-08
bonfire,PRICE LOT,Armstrong,2,0,False,False,2025-09-08
bonnie,LOT HAPPY,Armstrong,2,0,False,False,2025-09-08
boo,GOOSE,Armstrong,2,0,False,False,2025-09-08
boo-boo,GOOSE,Armstrong,2,0,False,False,2025-09-08
boogie,GOOSE HAPPY,Armstrong,2,0,False,False,2025-09-08
boojum,GOOSE,Armstrong,2,0,False,False,2025-09-08
book,FOOT,Armstrong,2,0,False,False,2025-09-08
book-club,STRUT FOOT,Armstrong,2,0,False,False,2025-09-08
booker,LETTER FOOT,Armstrong,2,0,False,False,2025-09-08
bookkeeping,FLEECE FOOT KIT,Armstrong,2,0,False,False,2025-09-08
bookmark,FOOT START,Armstrong,2,0,False,False,2025-09-08
bookshop,LOT FOOT,Armstrong,2,0,False,False,2025-09-08
bookstore,FORCE FOOT,Armstrong,2,0,False,False,2025-09-08
boom,GOOSE,Armstrong,2,0,False,False,2025-09-08
boong,FOOT,Armstrong,2,0,False,False,2025-09-08
boor,FORCE CURE,Armstrong,2,0,False,False,2025-09-08
boorish,FORCE CURE KIT,Armstrong,2,0,False,False,2025-09-08
boorishly,FORCE CURE KIT HAPPY,Armstrong,2,0,False,False,2025-09-08
boorishness,FORCE CURE KIT,Armstrong,2,0,False,False,2025-09-08
boors,CURE,Armstrong,2,0,False,False,2025-09-08
boost,GOOSE,Armstrong,2,0,False,False,2025-09-08
boot-camp,TRAP GOOSE,Armstrong,2,0,False,False,2025-09-08
booths,GOOSE,Armstrong,2,0,False,False,2025-09-08
bootleg,DRESS GOOSE,Armstrong,2,0,False,False,2025-09-08
boots,GOOSE,Armstrong,2,0,False,False,2025-09-08
booty,GOOSE HAPPY,Armstrong,2,0,False,False,2025-09-08
booze,GOOSE,Armstrong,2,0,False,False,2025-09-08
borax,FORCE TRAP,Armstrong,2,0,False,False,2025-09-08
bordeaux,GOAT NORTH,Armstrong,2,0,False,False,2025-09-08
bore,FORCE,Armstrong,2,0,False,False,2025-09-08
bored,FORCE,Armstrong,2,0,False,False,2025-09-08
bork,NORTH,Armstrong,2,0,False,False,2025-09-08
born,NORTH,Armstrong,2,0,False,False,2025-09-08
borne,FORCE,Armstrong,2,0,False,False,2025-09-08
borneo,FORCE FLEECE GOAT,Armstrong,2,0,False,False,2025-09-08
boron,FORCE,Armstrong,2,0,False,False,2025-09-08
borough,STRUT (COMMA) GOAT,Armstrong,2,0,False,False,2025-09-08
borrow,(CLOTH) GOAT,Armstrong,2,0,False,False,2025-09-08
borrowed,GOAT CLOTH,Armstrong,2,0,False,False,2025-09-08
borzois,CHOICE CURE,Armstrong,2,0,False,False,2025-09-08
bosch,LOT,Armstrong,2,0,False,False,2025-09-08
bosom,FOOT,Armstrong,2,0,False,False,2025-09-08
boston,CLOTH,Armstrong,2,0,False,False,2025-09-08
bosworth,LOT LETTER,Armstrong,2,0,False,False,2025-09-08
botch,LOT,Armstrong,2,0,False,False,2025-09-08
both,GOAT,Armstrong,2,0,False,False,2025-09-08
botham,GOAT,Armstrong,2,0,False,False,2025-09-08
bother,LOT LETTER,Armstrong,2,0,False,False,2025-09-08
botheration,LOT LETTER FACE,Armstrong,2,0,False,False,2025-09-08
bothering,LOT LETTER KIT,Armstrong,2,0,False,False,2025-09-08
bothers,LOT LETTER,Armstrong,2,0,False,False,2025-09-08
botswana,LOT PALM,Armstrong,2,0,False,False,2025-09-08
botulism,LOT GOOSE KIT,Armstrong,2,0,False,False,2025-09-08
bouffant,GOOSE LOT,Armstrong,2,0,False,False,2025-09-08
bougainvillea,GOOSE KIT HAPPY,Armstrong,2,0,False,False,2025-09-08
bougie,GOOSE HAPPY,Armstrong,2,0,False,False,2025-09-08
boulogne,CHOICE (GOOSE) (FOOT),Armstrong,2,0,False,False,2025-09-08
bouquet,GOOSE FACE,Armstrong,2,0,False,False,2025-09-08
bourbon,CURE,Armstrong,2,0,False,False,2025-09-08
bourdain,FACE FORCE CURE,Armstrong,2,0,False,False,2025-09-08
bourdon,CURE,Armstrong,2,0,False,False,2025-09-08
bourgeois,CURE TRAP,Armstrong,2,0,False,False,2025-09-08
bourgeoisie,CURE TRAP HAPPY,Armstrong,2,0,False,False,2025-09-08
bourgeouisie,PALM NORTH HAPPY,Armstrong,2,0,False,False,2025-09-08
bourn,CURE,Armstrong,2,0,False,False,2025-09-08
bourne,CURE,Armstrong,2,0,False,False,2025-09-08
bournemouth,FORCE MOUTH/COMMA,Armstrong,2,0,False,False,2025-09-08
bourse,CURE,Armstrong,2,0,False,False,2025-09-08
boursin,CURE KIT,Armstrong,2,0,False,False,2025-09-08
bout,MOUTH,Armstrong,2,0,False,False,2025-09-08
boutique,FLEECE GOOSE,Armstrong,2,0,False,False,2025-09-08
bouzouki,GOOSE HAPPY,Armstrong,2,0,False,False,2025-09-08
bow,MOUTH/GOAT,Armstrong,2,0,False,False,2025-09-08
bow-wow,MOUTH (GOAT),Armstrong,2,0,False,False,2025-09-08
bowater,GOAT/MOUTH THOUGHT LETTER,Armstrong,2,0,False,False,2025-09-08
bowden,GOAT,Armstrong,2,0,False,False,2025-09-08
bowel,MOUTH,Armstrong,2,0,False,False,2025-09-08
bower,MOUTH LETTER,Armstrong,2,0,False,False,2025-09-08
bowery,MOUTH LETTER HAPPY,Armstrong,2,0,False,False,2025-09-08
bowes,GOAT,Armstrong,2,0,False,False,2025-09-08
bowker,MOUTH LETTER,Armstrong,2,0,False,False,2025-09-08
bowman,GOAT,Armstrong,2,0,False,False,2025-09-08
bowra,MOUTH,Armstrong,2,0,False,False,2025-09-08
bows,GOAT MOUTH,Armstrong,2,0,False,False,2025-09-08
bowsaw,GOAT THOUGHT,Armstrong,2,0,False,False,2025-09-08
bowser,MOUTH LETTER,Armstrong,2,0,False,False,2025-09-08
bowshot,GOAT LOT,Armstrong,2,0,False,False,2025-09-08
bowstring,GOAT KIT,Armstrong,2,0,False,False,2025-09-08
bowyer,LETTER GOAT,Armstrong,2,0,False,False,2025-09-08
boxing-gloves,STRUT LOT KIT,Armstrong,2,0,False,False,2025-09-08
boxing-match,TRAP LOT KIT,Armstrong,2,0,False,False,2025-09-08
boy,CHOICE,Armstrong,2,0,False,False,2025-09-08
boyce,CHOICE,Armstrong,2,0,False,False,2025-09-08
boycott,LOT CHOICE,Armstrong,2,0,False,False,2025-09-08
boyd,CHOICE,Armstrong,2,0,False,False,2025-09-08
boyega,COMMA CHOICE FACE,Armstrong,2,0,False,False,2025-09-08
boyfriend,DRESS CHOICE,Armstrong,2,0,False,False,2025-09-08
boyle,CHOICE,Armstrong,2,0,False,False,2025-09-08
bra,PALM,Armstrong,2,0,False,False,2025-09-08
brad,TRAP,Armstrong,2,0,False,False,2025-09-08
bradley,TRAP HAPPY,Armstrong,2,0,False,False,2025-09-08
brady,FACE HAPPY,Armstrong,2,0,False,False,2025-09-08
braemar,FACE ‘ LETTER,Armstrong,2,0,False,False,2025-09-08
braggadocio,GOAT TRAP FLEECE,Armstrong,2,0,False,False,2025-09-08
brahmanic,PALM TRAP KIT,Armstrong,2,0,False,False,2025-09-08
brahmin,PALM KIT,Armstrong,2,0,False,False,2025-09-08
braille,FACE,Armstrong,2,0,False,False,2025-09-08
brain,FACE,Armstrong,2,0,False,False,2025-09-08
braintree,HAPPY FACE,Armstrong,2,0,False,False,2025-09-08
brake,FACE,Armstrong,2,0,False,False,2025-09-08
brass,BATH,Armstrong,2,0,False,False,2025-09-08
brasserie,BATH NEAR HAPPY,Armstrong,2,0,False,False,2025-09-08
bravado,PALM GOAT,Armstrong,2,0,False,False,2025-09-08
brave,FACE,Armstrong,2,0,False,False,2025-09-08
bravo,PALM GOAT,Armstrong,2,0,False,False,2025-09-08
brawny,THOUGHT HAPPY,Armstrong,2,0,False,False,2025-09-08
brazen,FACE,Armstrong,2,0,False,False,2025-09-08
brazil,COMMA KIT,Armstrong,2,0,False,False,2025-09-08
breach,FLEECE,Armstrong,2,0,False,False,2025-09-08
breadbasket,DRESS BATH,Armstrong,2,0,False,False,2025-09-08
breadcrumbs,DRESS STRUT,Armstrong,2,0,False,False,2025-09-08
breadstuffs,DRESS STRUT,Armstrong,2,0,False,False,2025-09-08
break,FACE,Armstrong,2,0,False,False,2025-09-08
break-in,FACE KIT,Armstrong,2,0,False,False,2025-09-08
break-up,STRUT FACE,Armstrong,2,0,False,False,2025-09-08
breakdown,FACE MOUTH,Armstrong,2,0,False,False,2025-09-08
breakers,FACE LETTER,Armstrong,2,0,False,False,2025-09-08
breakthrough,FACE GOOSE,Armstrong,2,0,False,False,2025-09-08
breakwater,FACE THOUGHT LETTER,Armstrong,2,0,False,False,2025-09-08
bream,FLEECE,Armstrong,2,0,False,False,2025-09-08
brearley,NEAR HAPPY,Armstrong,2,0,False,False,2025-09-08
breastfeeding,DRESS FLEECE,Armstrong,2,0,False,False,2025-09-08
breath,DRESS,Armstrong,2,0,False,False,2025-09-08
breathtaking,DRESS FACE,Armstrong,2,0,False,False,2025-09-08
breech,FLEECE,Armstrong,2,0,False,False,2025-09-08
brereton,SQUARE,Armstrong,2,0,False,False,2025-09-08
brett,DRESS,Armstrong,2,0,False,False,2025-09-08
breughel,CHOICE,Armstrong,2,0,False,False,2025-09-08
brewer,GOOSE LETTER,Armstrong,2,0,False,False,2025-09-08
brewery,GOOSE NURSE HAPPY,Armstrong,2,0,False,False,2025-09-08
brezhnev,DRESS,Armstrong,2,0,False,False,2025-09-08
brian,PRICE,Armstrong,2,0,False,False,2025-09-08
bride,PRICE,Armstrong,2,0,False,False,2025-09-08
bridegroom,PRICE GOOSE,Armstrong,2,0,False,False,2025-09-08
bridesmaids,PRICE FACE,Armstrong,2,0,False,False,2025-09-08
bridge,KIT,Armstrong,2,0,False,False,2025-09-08
bridgwater,KIT THOUGHT LETTER,Armstrong,2,0,False,False,2025-09-08
bridle-path,PRICE BATH,Armstrong,2,0,False,False,2025-09-08
bridle-paths,PRICE BATH,Armstrong,2,0,False,False,2025-09-08
brie,FLEECE,Armstrong,2,0,False,False,2025-09-08
brierley,NEAR HAPPY,Armstrong,2,0,False,False,2025-09-08
brigadier,NEAR LETTER,Armstrong,2,0,False,False,2025-09-08
bright,PRICE,Armstrong,2,0,False,False,2025-09-08
brigitte,KIT,Armstrong,2,0,False,False,2025-09-08
britney,KIT HAPPY,Armstrong,2,0,False,False,2025-09-08
broach,GOAT,Armstrong,2,0,False,False,2025-09-08
broad,THOUGHT,Armstrong,2,0,False,False,2025-09-08
broadband,THOUGHT,Armstrong,2,0,False,False,2025-09-08
broadcast,THOUGHT BATH,Armstrong,2,0,False,False,2025-09-08
broadminded,THOUGHT PRICE,Armstrong,2,0,False,False,2025-09-08
broadmoor,THOUGHT FORCE/CURE,Armstrong,2,0,False,False,2025-09-08
broadsheet,THOUGHT FLEECE,Armstrong,2,0,False,False,2025-09-08
broadsword,THOUGHT NURSE,Armstrong,2,0,False,False,2025-09-08
brogues,GOAT,Armstrong,2,0,False,False,2025-09-08
broke,GOAT,Armstrong,2,0,False,False,2025-09-08
broken,GOAT,Armstrong,2,0,False,False,2025-09-08
bromsgrove,GOAT,Armstrong,2,0,False,False,2025-09-08
brontosaurus,LOT NORTH,Armstrong,2,0,False,False,2025-09-08
brooch,GOAT,Armstrong,2,0,False,False,2025-09-08
brood-mares,GOOSE SQUARE,Armstrong,2,0,False,False,2025-09-08
brook,FOOT,Armstrong,2,0,False,False,2025-09-08
brooklyn,FOOT,Armstrong,2,0,False,False,2025-09-08
brophy,GOAT HAPPY,Armstrong,2,0,False,False,2025-09-08
broth,CLOTH,Armstrong,2,0,False,False,2025-09-08
brother,STRUT LETTER,Armstrong,2,0,False,False,2025-09-08
brother-in-law,STRUT LETTER THOUGHT,Armstrong,2,0,False,False,2025-09-08
brotherhood,STRUT LETTER FOOT,Armstrong,2,0,False,False,2025-09-08
brought,THOUGHT,Armstrong,2,0,False,False,2025-09-08
brow,MOUTH,Armstrong,2,0,False,False,2025-09-08
browbeaten,MOUTH FLEECE,Armstrong,2,0,False,False,2025-09-08
brown,MOUTH,Armstrong,2,0,False,False,2025-09-08
brownie,MOUTH HAPPY,Armstrong,2,0,False,False,2025-09-08
browse,MOUTH,Armstrong,2,0,False,False,2025-09-08
browser,MOUTH LETTER,Armstrong,2,0,False,False,2025-09-08
broxbourne,LOT / FORCE,Armstrong,2,0,False,False,2025-09-08
bruges,GOOSE,Armstrong,2,0,False,False,2025-09-08
bruise,GOOSE,Armstrong,2,0,False,False,2025-09-08
brummie,STRUT HAPPY,Armstrong,2,0,False,False,2025-09-08
brunette,GOOSE DRESS,Armstrong,2,0,False,False,2025-09-08
bruno,GOOSE GOAT,Armstrong,2,0,False,False,2025-09-08
brush,STRUT,Armstrong,2,0,False,False,2025-09-08
brush-up,STRUT,Armstrong,2,0,False,False,2025-09-08
brussels,STRUT,Armstrong,2,0,False,False,2025-09-08
brutal,GOOSE,Armstrong,2,0,False,False,2025-09-08
bubblegum,STRUT,Armstrong,2,0,False,False,2025-09-08
buchanan,GOOSE TRAP,Armstrong,2,0,False,False,2025-09-08
buckingham,STRUT,Armstrong,2,0,False,False,2025-09-08
buckwheat,STRUT FLEECE,Armstrong,2,0,False,False,2025-09-08
bucolic,GOOSE LOT,Armstrong,2,0,False,False,2025-09-08
bud,STRUT,Armstrong,2,0,False,False,2025-09-08
buddha,FOOT,Armstrong,2,0,False,False,2025-09-08
buddy,STRUT HAPPY,Armstrong,2,0,False,False,2025-09-08
budget,STRUT,Armstrong,2,0,False,False,2025-09-08
budgetary,STRUT HAPPY,Armstrong,2,0,False,False,2025-09-08
budgie,HAPPY,Armstrong,2,0,False,False,2025-09-08
budgies,STRUT HAPPY,Armstrong,2,0,False,False,2025-09-08
budweiser,STRUT PRICE LETTER,Armstrong,2,0,False,False,2025-09-08
buff,STRUT,Armstrong,2,0,False,False,2025-09-08
buffalo,STRUT GOAT,Armstrong,2,0,False,False,2025-09-08
buffer,STRUT LETTER,Armstrong,2,0,False,False,2025-09-08
buffet,STRUT FACE,Armstrong,2,0,False,False,2025-09-08
bug,STRUT,Armstrong,2,0,False,False,2025-09-08
buganda,GOOSE,Armstrong,2,0,False,False,2025-09-08
bugatti,GOOSE TRAP HAPPY,Armstrong,2,0,False,False,2025-09-08
buggy,STRUT HAPPY,Armstrong,2,0,False,False,2025-09-08
bugle,GOOSE,Armstrong,2,0,False,False,2025-09-08
bugler,GOOSE LETTER,Armstrong,2,0,False,False,2025-09-08
build-up,KIT STRUT,Armstrong,2,0,False,False,2025-09-08
building,KIT,Armstrong,2,0,False,False,2025-09-08
built-up,KIT STRUT,Armstrong,2,0,False,False,2025-09-08
bukowski,MOUTH HAPPY,Armstrong,2,0,False,False,2025-09-08
bulgarian,SQUARE FLEECE,Armstrong,2,0,False,False,2025-09-08
bulk,STRUT,Armstrong,2,0,False,False,2025-09-08
bull,FOOT,Armstrong,2,0,False,False,2025-09-08
bulldog,FOOT CLOTH,Armstrong,2,0,False,False,2025-09-08
bulletin,KIT STRUT/FOOT,Armstrong,2,0,False,False,2025-09-08
bullets,FOOT,Armstrong,2,0,False,False,2025-09-08
bulrush,FOOT STRUT,Armstrong,2,0,False,False,2025-09-08
bulwer,FOOT LETTER,Armstrong,2,0,False,False,2025-09-08
bumblebee,STRUT HAPPY,Armstrong,2,0,False,False,2025-09-08
bump,STRUT,Armstrong,2,0,False,False,2025-09-08
bundist,FOOT KIT,Armstrong,2,0,False,False,2025-09-08
bungalow,STRUT GOAT,Armstrong,2,0,False,False,2025-09-08
bungalows,STRUT GOAT,Armstrong,2,0,False,False,2025-09-08
bungee,STRUT HAPPY,Armstrong,2,0,False,False,2025-09-08
bunk,STRUT,Armstrong,2,0,False,False,2025-09-08
burbank,NURSE TRAP,Armstrong,2,0,False,False,2025-09-08
burberry,NURSE HAPPY,Armstrong,2,0,False,False,2025-09-08
burch,NURSE,Armstrong,2,0,False,False,2025-09-08
burden,NURSE,Armstrong,2,0,False,False,2025-09-08
bureau,CURE GOAT,Armstrong,2,0,False,False,2025-09-08
burette,CURE DRESS,Armstrong,2,0,False,False,2025-09-08
burford,NURSE LETTER,Armstrong,2,0,False,False,2025-09-08
burger,LETTER NURSE,Armstrong,2,0,False,False,2025-09-08
burgess,NURSE DRESS,Armstrong,2,0,False,False,2025-09-08
burgh,NURSE,Armstrong,2,0,False,False,2025-09-08
burglar,NURSE LETTER,Armstrong,2,0,False,False,2025-09-08
burglary,NURSE LETTER HAPPY,Armstrong,2,0,False,False,2025-09-08
burgoyne,NURSE CHOICE,Armstrong,2,0,False,False,2025-09-08
burgundy,NURSE HAPPY,Armstrong,2,0,False,False,2025-09-08
burke,NURSE,Armstrong,2,0,False,False,2025-09-08
burley,NURSE HAPPY,Armstrong,2,0,False,False,2025-09-08
burlington,NURSE KIT,Armstrong,2,0,False,False,2025-09-08
burma,COMMA NURSE,Armstrong,2,0,False,False,2025-09-08
burning,NURSE,Armstrong,2,0,False,False,2025-09-08
burns,NURSE,Armstrong,2,0,False,False,2025-09-08
burpee,NURSE HAPPY,Armstrong,2,0,False,False,2025-09-08
burro,FOOT GOAT,Armstrong,2,0,False,False,2025-09-08
burrows,STRUT GOAT,Armstrong,2,0,False,False,2025-09-08
burry,NURSE HAPPY,Armstrong,2,0,False,False,2025-09-08
burton,NURSE,Armstrong,2,0,False,False,2025-09-08
burundi,NURSE FOOT HAPPY,Armstrong,2,0,False,False,2025-09-08
burwell,NURSE,Armstrong,2,0,False,False,2025-09-08
bus,STRUT,Armstrong,2,0,False,False,2025-09-08
busby,STRUT HAPPY,Armstrong,2,0,False,False,2025-09-08
buscemi,GOOSE HAPPY,Armstrong,2,0,False,False,2025-09-08
bused,STRUT,Armstrong,2,0,False,False,2025-09-08
bush,FOOT,Armstrong,2,0,False,False,2025-09-08
bushcraft,FOOT BATH,Armstrong,2,0,False,False,2025-09-08
bushey,FOOT HAPPY,Armstrong,2,0,False,False,2025-09-08
bushido,FOOT FLEECE GOAT,Armstrong,2,0,False,False,2025-09-08
bushnell,FOOT,Armstrong,2,0,False,False,2025-09-08
bushy,FOOT HAPPY,Armstrong,2,0,False,False,2025-09-08
business,KIT COMMA,Armstrong,2,0,False,False,2025-09-08
bust,STRUT,Armstrong,2,0,False,False,2025-09-08
busy,KIT HAPPY,Armstrong,2,0,False,False,2025-09-08
but,STRUT COMMA,Armstrong,2,0,False,False,2025-09-08
butch,FOOT,Armstrong,2,0,False,False,2025-09-08
butcher,FOOT LETTER,Armstrong,2,0,False,False,2025-09-08
butchery,FOOT LETTER HAPPY,Armstrong,2,0,False,False,2025-09-08
butler,STRUT LETTER,Armstrong,2,0,False,False,2025-09-08
butt,STRUT,Armstrong,2,0,False,False,2025-09-08
butter,STRUT LETTER,Armstrong,2,0,False,False,2025-09-08
buttercup,STRUT LETTER STRUT,Armstrong,2,0,False,False,2025-09-08
butterfly,STRUT PRICE LETTER,Armstrong,2,0,False,False,2025-09-08
butterscotch,STRUT LETTER LOT,Armstrong,2,0,False,False,2025-09-08
butterworth,STRUT LETTER NURSE,Armstrong,2,0,False,False,2025-09-08
button,STRUT,Armstrong,2,0,False,False,2025-09-08
buy,PRICE,Armstrong,2,0,False,False,2025-09-08
buyer,PRICE LETTER,Armstrong,2,0,False,False,2025-09-08
buzz,STRUT,Armstrong,2,0,False,False,2025-09-08
buzzard,STRUT LETTER,Armstrong,2,0,False,False,2025-09-08
buzzer,STRUT LETTER,Armstrong,2,0,False,False,2025-09-08
buzzing,STRUT,Armstrong,2,0,False,False,2025-09-08
by,PRICE,Armstrong,2,0,False,False,2025-09-08
by-paths,PRICE BATH,Armstrong,2,0,False,False,2025-09-08
by-product,LOT PRICE,Armstrong,2,0,False,False,2025-09-08
by-your-leave,PRICE FORCE FLEECE,Armstrong,2,0,False,False,2025-09-08
byfleet,FLEECE PRICE,Armstrong,2,0,False,False,2025-09-08
bygone,PRICE CLOTH,Armstrong,2,0,False,False,2025-09-08
bylaws,PRICE THOUGHT,Armstrong,2,0,False,False,2025-09-08
bypass,PRICE BATH,Armstrong,2,0,False,False,2025-09-08
byroad,PRICE GOAT,Armstrong,2,0,False,False,2025-09-08
byron,PRICE,Armstrong,2,0,False,False,2025-09-08
byway,PRICE FACE,Armstrong,2,0,False,False,2025-09-08
byword,PRICE NURSE,Armstrong,2,0,False,False,2025-09-08
cab,TRAP,Armstrong,2,0,False,False,2025-09-08
cabdriver,TRAP PRICE LETTER,Armstrong,2,0,False,False,2025-09-08
cabinet,TRAP DRESS,Armstrong,2,0,False,False,2025-09-08
cable,FACE,Armstrong,2,0,False,False,2025-09-08
cache,TRAP,Armstrong,2,0,False,False,2025-09-08
cadaver,BATH LETTER,Armstrong,2,0,False,False,2025-09-08
cadillac,TRAP KIT,Armstrong,2,0,False,False,2025-09-08
caesura,FACE CURE,Armstrong,2,0,False,False,2025-09-08
caffeine,TRAP FLEECE,Armstrong,2,0,False,False,2025-09-08
cage,FACE,Armstrong,2,0,False,False,2025-09-08
cagey,FACE HAPPY,Armstrong,2,0,False,False,2025-09-08
caiman,FACE,Armstrong,2,0,False,False,2025-09-08
caird,SQUARE,Armstrong,2,0,False,False,2025-09-08
cairn,SQUARE,Armstrong,2,0,False,False,2025-09-08
cairngorm,SQUARE NORTH,Armstrong,2,0,False,False,2025-09-08
cairns,SQUARE,Armstrong,2,0,False,False,2025-09-08
cairo,PRICE GOAT,Armstrong,2,0,False,False,2025-09-08
caister,FACE LETTER,Armstrong,2,0,False,False,2025-09-08
caithness,FACE KIT,Armstrong,2,0,False,False,2025-09-08
cake,FACE,Armstrong,2,0,False,False,2025-09-08
cakewalk,FACE THOUGHT,Armstrong,2,0,False,False,2025-09-08
calculate,TRAP FOOT FACE,Armstrong,2,0,False,False,2025-09-08
calder,LETTER,Armstrong,2,0,False,False,2025-09-08
caleb,FACE DRESS,Armstrong,2,0,False,False,2025-09-08
calendar,TRAP LETTER,Armstrong,2,0,False,False,2025-09-08
calf,BATH,Armstrong,2,0,False,False,2025-09-08
calf-love,BATH STRUT,Armstrong,2,0,False,False,2025-09-08
california,TRAP NORTH,Armstrong,2,0,False,False,2025-09-08
call,THOUGHT,Armstrong,2,0,False,False,2025-09-08
caltrop,BATH LOT,Armstrong,2,0,False,False,2025-09-08
calve,BATH,Armstrong,2,0,False,False,2025-09-08
calves,BATH,Armstrong,2,0,False,False,2025-09-08
camberwell,TRAP LETTER DRESS,Armstrong,2,0,False,False,2025-09-08
cambodia,TRAP GOAT HAPPY,Armstrong,2,0,False,False,2025-09-08
camborne,TRAP FORCE,Armstrong,2,0,False,False,2025-09-08
cambourne,TRAP FORCE,Armstrong,2,0,False,False,2025-09-08
cambridge,FACE KIT,Armstrong,2,0,False,False,2025-09-08
camcorder,TRAP NORTH LETTER,Armstrong,2,0,False,False,2025-09-08
came,FACE,Armstrong,2,0,False,False,2025-09-08
camera,TRAP COMMA,Armstrong,2,0,False,False,2025-09-08
cameron,TRAP COMMA (LETTER),Armstrong,2,0,False,False,2025-09-08
cameroon,TRAP LETTER GOOSE,Armstrong,2,0,False,False,2025-09-08
camouflage,TRAP PALM COMMA,Armstrong,2,0,False,False,2025-09-08
campaign,TRAP FACE,Armstrong,2,0,False,False,2025-09-08
campbell,TRAP,Armstrong,2,0,False,False,2025-09-08
campfire,TRAP PRICE,Armstrong,2,0,False,False,2025-09-08
camping,TRAP,Armstrong,2,0,False,False,2025-09-08
campsite,TRAP PRICE,Armstrong,2,0,False,False,2025-09-08
can,TRAP COMMA,Armstrong,2,0,False,False,2025-09-08
canada,TRAP COMMA,Armstrong,2,0,False,False,2025-09-08
canary,SQUARE HAPPY,Armstrong,2,0,False,False,2025-09-08
cancer,TRAP LETTER,Armstrong,2,0,False,False,2025-09-08
cannot,(TRAP) LOT,Armstrong,2,0,False,False,2025-09-08
canoeing,GOOSE,Armstrong,2,0,False,False,2025-09-08
cantata,PALM,Armstrong,2,0,False,False,2025-09-08
canterbury,BATH LETTER HAPPY,Armstrong,2,0,False,False,2025-09-08
cantors,BATH NORTH,Armstrong,2,0,False,False,2025-09-08
cap,TRAP,Armstrong,2,0,False,False,2025-09-08
capable,FACE,Armstrong,2,0,False,False,2025-09-08
capacity,TRAP KIT,Armstrong,2,0,False,False,2025-09-08
cape,FACE,Armstrong,2,0,False,False,2025-09-08
capital,KIT TRAP,Armstrong,2,0,False,False,2025-09-08
capitol,TRAP,Armstrong,2,0,False,False,2025-09-08
capped,TRAP,Armstrong,2,0,False,False,2025-09-08
cappuccino,COMMA FLEECE GOAT,Armstrong,2,0,False,False,2025-09-08
captain,TRAP,Armstrong,2,0,False,False,2025-09-08
captcha,TRAP COMMA,Armstrong,2,0,False,False,2025-09-08
capture,TRAP LETTER,Armstrong,2,0,False,False,2025-09-08
capuche,GOOSE,Armstrong,2,0,False,False,2025-09-08
capuchin,GOOSE,Armstrong,2,0,False,False,2025-09-08
car,START,Armstrong,2,0,False,False,2025-09-08
car-ferry,DRESS START HAPPY,Armstrong,2,0,False,False,2025-09-08
carbon,START,Armstrong,2,0,False,False,2025-09-08
carbonic,START LOT,Armstrong,2,0,False,False,2025-09-08
carboxyl,START LOT,Armstrong,2,0,False,False,2025-09-08
carbuncle,START STRUT,Armstrong,2,0,False,False,2025-09-08
carburetor,START LETTER (FACE),Armstrong,2,0,False,False,2025-09-08
carcinogen,START KIT,Armstrong,2,0,False,False,2025-09-08
card,START,Armstrong,2,0,False,False,2025-09-08
card-carrying,START TRAP HAPPY,Armstrong,2,0,False,False,2025-09-08
cardboard,START FORCE,Armstrong,2,0,False,False,2025-09-08
cardiff,START KIT,Armstrong,2,0,False,False,2025-09-08
cardigan,START KIT,Armstrong,2,0,False,False,2025-09-08
cardiovascular,GOAT START BATH,Armstrong,2,0,False,False,2025-09-08
cardsharper,START LETTER,Armstrong,2,0,False,False,2025-09-08
care,SQUARE,Armstrong,2,0,False,False,2025-09-08
cared,SQUARE,Armstrong,2,0,False,False,2025-09-08
career,NEAR LETTER COMMA,Armstrong,2,0,False,False,2025-09-08
careers,NEAR LETTER,Armstrong,2,0,False,False,2025-09-08
carefree,SQUARE FLEECE,Armstrong,2,0,False,False,2025-09-08
careful,SQUARE STRUT,Armstrong,2,0,False,False,2025-09-08
carefulness,SQUARE STRUT,Armstrong,2,0,False,False,2025-09-08
careladen,SQUARE FACE,Armstrong,2,0,False,False,2025-09-08
careless,SQUARE,Armstrong,2,0,False,False,2025-09-08
carelessly,SQUARE HAPPY,Armstrong,2,0,False,False,2025-09-08
caremark,SQUARE START,Armstrong,2,0,False,False,2025-09-08
carer,SQUARE LETTER,Armstrong,2,0,False,False,2025-09-08
caretaker,FACE SQUARE LETTER,Armstrong,2,0,False,False,2025-09-08
careworn,SQUARE FORCE,Armstrong,2,0,False,False,2025-09-08
carey,SQUARE HAPPY,Armstrong,2,0,False,False,2025-09-08
carfare,START SQUARE,Armstrong,2,0,False,False,2025-09-08
carfax,START,Armstrong,2,0,False,False,2025-09-08
cargo,START GOAT,Armstrong,2,0,False,False,2025-09-08
caribbean,FLEECE NEAR (TRAP),Armstrong,2,0,False,False,2025-09-08
caricature,(CURE) COMMA TRAP,Armstrong,2,0,False,False,2025-09-08
caricatured,CURE,Armstrong,2,0,False,False,2025-09-08
caring,SQUARE,Armstrong,2,0,False,False,2025-09-08
carla,START,Armstrong,2,0,False,False,2025-09-08
carleen,START FLEECE,Armstrong,2,0,False,False,2025-09-08
carlos,LOT START,Armstrong,2,0,False,False,2025-09-08
carlton,START,Armstrong,2,0,False,False,2025-09-08
carmaker,START FACE,Armstrong,2,0,False,False,2025-09-08
carmen,START,Armstrong,2,0,False,False,2025-09-08
carmichael,START PRICE,Armstrong,2,0,False,False,2025-09-08
carnaby,START HAPPY,Armstrong,2,0,False,False,2025-09-08
carnation,START FACE,Armstrong,2,0,False,False,2025-09-08
carnegie,(DRESS) START (FACE) HAPPY,Armstrong,2,0,False,False,2025-09-08
carney,START,Armstrong,2,0,False,False,2025-09-08
carnival,START,Armstrong,2,0,False,False,2025-09-08
carnivorous,START KIT,Armstrong,2,0,False,False,2025-09-08
carol,TRAP,Armstrong,2,0,False,False,2025-09-08
caroline,TRAP PRICE,Armstrong,2,0,False,False,2025-09-08
carp,START,Armstrong,2,0,False,False,2025-09-08
carpathian,FACE START,Armstrong,2,0,False,False,2025-09-08
carpenter,START LETTER,Armstrong,2,0,False,False,2025-09-08
carpet,START,Armstrong,2,0,False,False,2025-09-08
carpology,START LOT HAPPY,Armstrong,2,0,False,False,2025-09-08
carr,START,Armstrong,2,0,False,False,2025-09-08
carriage,TRAP,Armstrong,2,0,False,False,2025-09-08
carrie,TRAP HAPPY,Armstrong,2,0,False,False,2025-09-08
carrier-bag,TRAP LETTER,Armstrong,2,0,False,False,2025-09-08
carrier-bags,LETTER TRAP,Armstrong,2,0,False,False,2025-09-08
carruthers,TRAP STRUT LETTERS,Armstrong,2,0,False,False,2025-09-08
carry,TRAP HAPPY,Armstrong,2,0,False,False,2025-09-08
carry-on,TRAP HAPPY LOT,Armstrong,2,0,False,False,2025-09-08
carson,START,Armstrong,2,0,False,False,2025-09-08
carstairs,SQUARE,Armstrong,2,0,False,False,2025-09-08
cart,START,Armstrong,2,0,False,False,2025-09-08
carthage,START,Armstrong,2,0,False,False,2025-09-08
carthew,START GOOSE,Armstrong,2,0,False,False,2025-09-08
carthusian,START GOOSE,Armstrong,2,0,False,False,2025-09-08
cartoon,GOOSE START,Armstrong,2,0,False,False,2025-09-08
cartouche,START GOOSE,Armstrong,2,0,False,False,2025-09-08
carvery,START LETTER HAPPY,Armstrong,2,0,False,False,2025-09-08
carving,START,Armstrong,2,0,False,False,2025-09-08
carving-fork,START NORTH,Armstrong,2,0,False,False,2025-09-08
carving-knife,START PRICE,Armstrong,2,0,False,False,2025-09-08
cary,SQUARE HAPPY,Armstrong,2,0,False,False,2025-09-08
carzey,START HAPPY,Armstrong,2,0,False,False,2025-09-08
casa,PALM,Armstrong,2,0,False,False,2025-09-08
cascade,TRAP,Armstrong,2,0,False,False,2025-09-08
case,FACE,Armstrong,2,0,False,False,2025-09-08
cash,TRAP,Armstrong,2,0,False,False,2025-09-08
cashier,TRAP NEAR,Armstrong,2,0,False,False,2025-09-08
cashmere,TRAP NEAR,Armstrong,2,0,False,False,2025-09-08
casino,FLEECE GOAT,Armstrong,2,0,False,False,2025-09-08
cask,BATH,Armstrong,2,0,False,False,2025-09-08
casket,BATH,Armstrong,2,0,False,False,2025-09-08
cassava,PALM,Armstrong,2,0,False,False,2025-09-08
cassie,TRAP HAPPY,Armstrong,2,0,False,False,2025-09-08
cassis,TRAP,Armstrong,2,0,False,False,2025-09-08
cast,BATH,Armstrong,2,0,False,False,2025-09-08
cast-iron,BATH PRICE,Armstrong,2,0,False,False,2025-09-08
castile,TRAP FLEECE,Armstrong,2,0,False,False,2025-09-08
casting,BATH,Armstrong,2,0,False,False,2025-09-08
castle,BATH,Armstrong,2,0,False,False,2025-09-08
castleford,BATH LETTER,Armstrong,2,0,False,False,2025-09-08
casual,TRAP GOOSE,Armstrong,2,0,False,False,2025-09-08
casually,TRAP GOOSE HAPPY,Armstrong,2,0,False,False,2025-09-08
casualty,TRAP GOOSE HAPPY,Armstrong,2,0,False,False,2025-09-08
cat,TRAP,Armstrong,2,0,False,False,2025-09-08
catacomb,TRAP GOOSE,Armstrong,2,0,False,False,2025-09-08
catalogue,TRAP LOT,Armstrong,2,0,False,False,2025-09-08
catalpa,TRAP COMMA,Armstrong,2,0,False,False,2025-09-08
catapult,TRAP STRUT,Armstrong,2,0,False,False,2025-09-08
catastrophe,TRAP HAPPY,Armstrong,2,0,False,False,2025-09-08
catch,TRAP,Armstrong,2,0,False,False,2025-09-08
catch-as-catch-can,TRAP,Armstrong,2,0,False,False,2025-09-08
catch-up,TRAP STRUP,Armstrong,2,0,False,False,2025-09-08
cate,FACE,Armstrong,2,0,False,False,2025-09-08
categorically,CLOTH/FORCE TRAP HAPPY,Armstrong,2,0,False,False,2025-09-08
category,TRAP LETTER COMMA,Armstrong,2,0,False,False,2025-09-08
caterham,FACE LETTER,Armstrong,2,0,False,False,2025-09-08
caterpillar,TRAP LETTER KIT,Armstrong,2,0,False,False,2025-09-08
catfood,TRAP GOOSE,Armstrong,2,0,False,False,2025-09-08
cathay,TRAP FACE,Armstrong,2,0,False,False,2025-09-08
cathcart,TRAP START,Armstrong,2,0,False,False,2025-09-08
cathedral,COMMA FLEECE,Armstrong,2,0,False,False,2025-09-08
catherine,TRAP KIT,Armstrong,2,0,False,False,2025-09-08
catheter,TRAP LETTER,Armstrong,2,0,False,False,2025-09-08
catholic,TRAP KIT,Armstrong,2,0,False,False,2025-09-08
cathy,TRAP HAPPY,Armstrong,2,0,False,False,2025-09-08
catwalk,TRAP THOUGHT,Armstrong,2,0,False,False,2025-09-08
caucasian,FACE THOUGHT,Armstrong,2,0,False,False,2025-09-08
caucasus,THOUGHT,Armstrong,2,0,False,False,2025-09-08
caught,THOUGHT,Armstrong,2,0,False,False,2025-09-08
cauliflower,THOUGHT MOUTH,Armstrong,2,0,False,False,2025-09-08
causal,THOUGHT,Armstrong,2,0,False,False,2025-09-08
causality,THOUGHT HAPPY,Armstrong,2,0,False,False,2025-09-08
causation,THOUGHT FACE,Armstrong,2,0,False,False,2025-09-08
cause,THOUGHT,Armstrong,2,0,False,False,2025-09-08
caustic,THOUGHT KIT,Armstrong,2,0,False,False,2025-09-08
causticity,THOUGHT KIT HAPPY,Armstrong,2,0,False,False,2025-09-08
caution,THOUGHT,Armstrong,2,0,False,False,2025-09-08
cautioned,THOUGHT,Armstrong,2,0,False,False,2025-09-08
cavalier,TRAP NEAR,Armstrong,2,0,False,False,2025-09-08
cave,FACE,Armstrong,2,0,False,False,2025-09-08
cavendish,TRAP KIT,Armstrong,2,0,False,False,2025-09-08
cavill,TRAP,Armstrong,2,0,False,False,2025-09-08
cavity,TRAP HAPPY,Armstrong,2,0,False,False,2025-09-08
cawdor,THOUGHT NORTH,Armstrong,2,0,False,False,2025-09-08
cawood,FACE FOOT,Armstrong,2,0,False,False,2025-09-08
cayman,FACE,Armstrong,2,0,False,False,2025-09-08
celeb,COMMA DRESS,Armstrong,2,0,False,False,2025-09-08
celebrate,DRESS FACE,Armstrong,2,0,False,False,2025-09-08
celebrity,KIT DRESS,Armstrong,2,0,False,False,2025-09-08
celina,COMMA FLEECE,Armstrong,2,0,False,False,2025-09-08
cellophane,FACE DRESS (GOAT),Armstrong,2,0,False,False,2025-09-08
censorious,FORCE FLEECE STRUT,Armstrong,2,0,False,False,2025-09-08
censure,LETTER,Armstrong,2,0,False,False,2025-09-08
centaurus,NORTH,Armstrong,2,0,False,False,2025-09-08
centaury,NORTH HAPPY,Armstrong,2,0,False,False,2025-09-08
center,DRESS LETTER,Armstrong,2,0,False,False,2025-09-08
centilitre,DRESS FLEECE,Armstrong,2,0,False,False,2025-09-08
centime,DRESS FLEECE,Armstrong,2,0,False,False,2025-09-08
centimetre,DRESS FLEECE,Armstrong,2,0,False,False,2025-09-08
centre,DRESS,Armstrong,2,0,False,False,2025-09-08
centrifugal,DRESS GOOSE,Armstrong,2,0,False,False,2025-09-08
centrifugation,DRESS FOOT FACE,Armstrong,2,0,False,False,2025-09-08
centrifuge,DRESS GOOSE,Armstrong,2,0,False,False,2025-09-08
century,DRESS LETTER COMMA,Armstrong,2,0,False,False,2025-09-08
cephalothorax,GOAT,Armstrong,2,0,False,False,2025-09-08
ceremony,DRESS HAPPY,Armstrong,2,0,False,False,2025-09-08
certain,NURSE,Armstrong,2,0,False,False,2025-09-08
certainly,NURSE HAPPY,Armstrong,2,0,False,False,2025-09-08
certificate,KIT NURSE,Armstrong,2,0,False,False,2025-09-08
cha-cha,PALM,Armstrong,2,0,False,False,2025-09-08
chaff,BATH,Armstrong,2,0,False,False,2025-09-08
chafing,FACE,Armstrong,2,0,False,False,2025-09-08
chain,FACE,Armstrong,2,0,False,False,2025-09-08
chainsaws,FACE THOUGHT,Armstrong,2,0,False,False,2025-09-08
chair,SQUARE,Armstrong,2,0,False,False,2025-09-08
chair-lift,SQUARE KIT,Armstrong,2,0,False,False,2025-09-08
chairman,SQUARE,Armstrong,2,0,False,False,2025-09-08
chairmen,SQUARE,Armstrong,2,0,False,False,2025-09-08
chairs,SQUARE,Armstrong,2,0,False,False,2025-09-08
chairwoman,SQUARE FOOT,Armstrong,2,0,False,False,2025-09-08
chalets,FACE,Armstrong,2,0,False,False,2025-09-08
chalk,THOUGHT,Armstrong,2,0,False,False,2025-09-08
challenge,TRAP,Armstrong,2,0,False,False,2025-09-08
chambers,FACE LETTER,Armstrong,2,0,False,False,2025-09-08
champagne,TRAP FACE,Armstrong,2,0,False,False,2025-09-08
champion,TRAP,Armstrong,2,0,False,False,2025-09-08
championship,TRAP KIT,Armstrong,2,0,False,False,2025-09-08
chandelier,TRAP NEAR,Armstrong,2,0,False,False,2025-09-08
change,FACE,Armstrong,2,0,False,False,2025-09-08
character,TRAP COMMA LETTER,Armstrong,2,0,False,False,2025-09-08
charcoal,START GOAT,Armstrong,2,0,False,False,2025-09-08
charge,START,Armstrong,2,0,False,False,2025-09-08
charger,START LETTER,Armstrong,2,0,False,False,2025-09-08
charity,TRAP HAPPY,Armstrong,2,0,False,False,2025-09-08
charles,START,Armstrong,2,0,False,False,2025-09-08
charlie,START HAPPY,Armstrong,2,0,False,False,2025-09-08
charlotte,START COMMA,Armstrong,2,0,False,False,2025-09-08
charm,START,Armstrong,2,0,False,False,2025-09-08
charmaine,START FACE,Armstrong,2,0,False,False,2025-09-08
charming,START,Armstrong,2,0,False,False,2025-09-08
chart,START,Armstrong,2,0,False,False,2025-09-08
charwoman,START FOOT,Armstrong,2,0,False,False,2025-09-08
chas,TRAP,Armstrong,2,0,False,False,2025-09-08
chase,FACE,Armstrong,2,0,False,False,2025-09-08
chassis,HAPPY,Armstrong,2,0,False,False,2025-09-08
chauffeur,GOAT NURSE,Armstrong,2,0,False,False,2025-09-08
cheadle,FLEECE,Armstrong,2,0,False,False,2025-09-08
cheap,FLEECE,Armstrong,2,0,False,False,2025-09-08
cheapside,FLEECE PRICE,Armstrong,2,0,False,False,2025-09-08
cheat,FLEECE,Armstrong,2,0,False,False,2025-09-08
check,DRESS,Armstrong,2,0,False,False,2025-09-08
checkout,DRESS MOUTH,Armstrong,2,0,False,False,2025-09-08
checkpoint,DRESS CHOICE,Armstrong,2,0,False,False,2025-09-08
cheeky,FLEECE HAPPY,Armstrong,2,0,False,False,2025-09-08
cheer,NEAR,Armstrong,2,0,False,False,2025-09-08
cheerful,NEAR,Armstrong,2,0,False,False,2025-09-08
cheering,NEAR,Armstrong,2,0,False,False,2025-09-08
cheerleader,NEAR LETTER,Armstrong,2,0,False,False,2025-09-08
cheers,NEAR,Armstrong,2,0,False,False,2025-09-08
cheery,NEAR HAPPY,Armstrong,2,0,False,False,2025-09-08
chef,DRESS,Armstrong,2,0,False,False,2025-09-08
chekhov,DRESS LOT,Armstrong,2,0,False,False,2025-09-08
chelsea,DRESS HAPPY,Armstrong,2,0,False,False,2025-09-08
chemolysis,FLEECE GOAT PRICE,Armstrong,2,0,False,False,2025-09-08
cherwell,START,Armstrong,2,0,False,False,2025-09-08
cheshire,DRESS LETTER,Armstrong,2,0,False,False,2025-09-08
chesterfield,DRESS LETTER FLEECE,Armstrong,2,0,False,False,2025-09-08
chestnut,DRESS STRUT,Armstrong,2,0,False,False,2025-09-08
chewing-gum,GOOSE STRUT,Armstrong,2,0,False,False,2025-09-08
chewy,GOOSE HAPPY,Armstrong,2,0,False,False,2025-09-08
chi,FLEECE,Armstrong,2,0,False,False,2025-09-08
chi-chi,FLEECE HAPPY,Armstrong,2,0,False,False,2025-09-08
chia,NEAR,Armstrong,2,0,False,False,2025-09-08
chic,FLEECE,Armstrong,2,0,False,False,2025-09-08
chicago,PALM GOAT,Armstrong,2,0,False,False,2025-09-08
chickadee,KIT HAPPY,Armstrong,2,0,False,False,2025-09-08
chickpea,KIT HAPPY,Armstrong,2,0,False,False,2025-09-08
chiffchaff,KIT TRAP,Armstrong,2,0,False,False,2025-09-08
child,PRICE,Armstrong,2,0,False,False,2025-09-08
child-bearing,PRICE SQUARE,Armstrong,2,0,False,False,2025-09-08
children,KIT (COMMA),Armstrong,2,0,False,False,2025-09-08
chili,KIT HAPPY,Armstrong,2,0,False,False,2025-09-08
china,PRICE COMMA,Armstrong,2,0,False,False,2025-09-08
chinese,PRICE FLEECE,Armstrong,2,0,False,False,2025-09-08
chipmunk,KIT STRUT,Armstrong,2,0,False,False,2025-09-08
chippewa,KIT PALM,Armstrong,2,0,False,False,2025-09-08
chiropractic,PRICE GOAT TRAP,Armstrong,2,0,False,False,2025-09-08
chit-chat,KIT TRAP,Armstrong,2,0,False,False,2025-09-08
chocho,GOAT,Armstrong,2,0,False,False,2025-09-08
chocolate,CLOTH,Armstrong,2,0,False,False,2025-09-08
chocolatey,CLOTH HAPPY,Armstrong,2,0,False,False,2025-09-08
choice,CHOICE,Armstrong,2,0,False,False,2025-09-08
cholesterol,LOT DRESS,Armstrong,2,0,False,False,2025-09-08
choose,GOOSE,Armstrong,2,0,False,False,2025-09-08
choral,FORCE,Armstrong,2,0,False,False,2025-09-08
chorale,PALM,Armstrong,2,0,False,False,2025-09-08
chord,NORTH,Armstrong,2,0,False,False,2025-09-08
chose,GOAT,Armstrong,2,0,False,False,2025-09-08
chosen,GOAT,Armstrong,2,0,False,False,2025-09-08
chow-chow,MOUTH,Armstrong,2,0,False,False,2025-09-08
christmas,COMMA KIT,Armstrong,2,0,False,False,2025-09-08
christopher,LETTER COMMA KIT,Armstrong,2,0,False,False,2025-09-08
chrome,GOAT,Armstrong,2,0,False,False,2025-09-08
chronograph,BATH GOAT,Armstrong,2,0,False,False,2025-09-08
chronological,LOT KIT,Armstrong,2,0,False,False,2025-09-08
chugalug,STRUT,Armstrong,2,0,False,False,2025-09-08
chukchee,HAPPY STRUT,Armstrong,2,0,False,False,2025-09-08
chunky,STRUT HAPPY,Armstrong,2,0,False,False,2025-09-08
church,NURSE,Armstrong,2,0,False,False,2025-09-08
churchill,NURSE KIT,Armstrong,2,0,False,False,2025-09-08
churro,GOOSE GOAT,Armstrong,2,0,False,False,2025-09-08
chutzpa,FOOT COMMA,Armstrong,2,0,False,False,2025-09-08
chuvash,TRAP GOOSE,Armstrong,2,0,False,False,2025-09-08
chuzzlewit,STRUT KIT,Armstrong,2,0,False,False,2025-09-08
ciao,MOUTH,Armstrong,2,0,False,False,2025-09-08
ciba,COMMA FLEECE,Armstrong,2,0,False,False,2025-09-08
cigarette,KIT DRESS,Armstrong,2,0,False,False,2025-09-08
ciggie,HAPPY KIT,Armstrong,2,0,False,False,2025-09-08
cimetidine,PRICE DRESS KIT,Armstrong,2,0,False,False,2025-09-08
cinema,PALM KIT,Armstrong,2,0,False,False,2025-09-08
cinquefoils,CHOICE KIT,Armstrong,2,0,False,False,2025-09-08
circa,COMMA NURSE,Armstrong,2,0,False,False,2025-09-08
circle,NURSE,Armstrong,2,0,False,False,2025-09-08
circuit,NURSE KIT,Armstrong,2,0,False,False,2025-09-08
circumcision,KIT STRUT NURSE,Armstrong,2,0,False,False,2025-09-08
circumstances,NURSE STRUT BATH,Armstrong,2,0,False,False,2025-09-08
circumstantial,BATH NURSE STRUT,Armstrong,2,0,False,False,2025-09-08
circumstantiate,BATH NURSE STRUT TRAP HAPPY FACE,Armstrong,2,0,False,False,2025-09-08
circus,NURSE,Armstrong,2,0,False,False,2025-09-08
cither,LETTER KIT,Armstrong,2,0,False,False,2025-09-08
citizen,KIT,Armstrong,2,0,False,False,2025-09-08
city,KIT HAPPY,Armstrong,2,0,False,False,2025-09-08
ciudad,FLEECE GOOSE PALM/TRAP,Armstrong,2,0,False,False,2025-09-08
civil,KIT,Armstrong,2,0,False,False,2025-09-08
clad,TRAP,Armstrong,2,0,False,False,2025-09-08
claims,FACE,Armstrong,2,0,False,False,2025-09-08
clair,SQUARE,Armstrong,2,0,False,False,2025-09-08
claire,SQUARE,Armstrong,2,0,False,False,2025-09-08
clairvoyant,SQUARE CHOICE,Armstrong,2,0,False,False,2025-09-08
clara,SQUARE COMMA START,Armstrong,2,0,False,False,2025-09-08
clare,SQUARE,Armstrong,2,0,False,False,2025-09-08
claremont,SQUARE LOT,Armstrong,2,0,False,False,2025-09-08
clark,START,Armstrong,2,0,False,False,2025-09-08
clarkson,START,Armstrong,2,0,False,False,2025-09-08
clash,TRAP,Armstrong,2,0,False,False,2025-09-08
class,BATH,Armstrong,2,0,False,False,2025-09-08
classic,TRAP KIT,Armstrong,2,0,False,False,2025-09-08
classical,TRAP KIT,Armstrong,2,0,False,False,2025-09-08
classified,TRAP PRICE KIT,Armstrong,2,0,False,False,2025-09-08
clause,THOUGHT,Armstrong,2,0,False,False,2025-09-08
clavier,NEAR,Armstrong,2,0,False,False,2025-09-08
clawback,THOUGHT TRAP,Armstrong,2,0,False,False,2025-09-08
claws,THOUGHT,Armstrong,2,0,False,False,2025-09-08
claydon,FACE,Armstrong,2,0,False,False,2025-09-08
claypan,FACE TRAP,Armstrong,2,0,False,False,2025-09-08
clean,FLEECE,Armstrong,2,0,False,False,2025-09-08
cleancut,FLEECE STRUT,Armstrong,2,0,False,False,2025-09-08
clear,NEAR,Armstrong,2,0,False,False,2025-09-08
clear-cut,NEAR STRUT,Armstrong,2,0,False,False,2025-09-08
clear-sighted,NEAR PRICE,Armstrong,2,0,False,False,2025-09-08
clearcole,NEAR GOAT,Armstrong,2,0,False,False,2025-09-08
cleared,NEAR,Armstrong,2,0,False,False,2025-09-08
clearer,NEAR LETTER,Armstrong,2,0,False,False,2025-09-08
clearest,NEAR,Armstrong,2,0,False,False,2025-09-08
clearly,NEAR HAPPY,Armstrong,2,0,False,False,2025-09-08
clearness,NEAR,Armstrong,2,0,False,False,2025-09-08
clearwater,NEAR THOUGHT LETTER,Armstrong,2,0,False,False,2025-09-08
clearway,NEAR FACE,Armstrong,2,0,False,False,2025-09-08
cleethorpe,NORTH FLEECE,Armstrong,2,0,False,False,2025-09-08
clegg,DRESS,Armstrong,2,0,False,False,2025-09-08
clerestories,NEAR FORCE HAPPY,Armstrong,2,0,False,False,2025-09-08
click,KIT,Armstrong,2,0,False,False,2025-09-08
climate,PRICE,Armstrong,2,0,False,False,2025-09-08
climbing,PRICE KIT,Armstrong,2,0,False,False,2025-09-08
clingy,HAPPY KIT,Armstrong,2,0,False,False,2025-09-08
clip,KIT,Armstrong,2,0,False,False,2025-09-08
clip-joint,CHOICE KIT,Armstrong,2,0,False,False,2025-09-08
clique,FLEECE,Armstrong,2,0,False,False,2025-09-08
clive,PRICE,Armstrong,2,0,False,False,2025-09-08
clock-tower,MOUTH LOT LETTER,Armstrong,2,0,False,False,2025-09-08
clock-watching,LOT KIT,Armstrong,2,0,False,False,2025-09-08
clogs,CLOTH,Armstrong,2,0,False,False,2025-09-08
clooney,GOOSE HAPPY,Armstrong,2,0,False,False,2025-09-08
close-up,STRUT GOAT,Armstrong,2,0,False,False,2025-09-08
closed-door,FORCE GOAT,Armstrong,2,0,False,False,2025-09-08
closer,LETTER GOAT,Armstrong,2,0,False,False,2025-09-08
closing,GOAT KIT,Armstrong,2,0,False,False,2025-09-08
closure,LETTER GOAT,Armstrong,2,0,False,False,2025-09-08
closures,GOAT LETTER,Armstrong,2,0,False,False,2025-09-08
clothe,GOAT,Armstrong,2,0,False,False,2025-09-08
clothes,GOAT,Armstrong,2,0,False,False,2025-09-08
clothes-hangers,GOAT TRAP LETTER,Armstrong,2,0,False,False,2025-09-08
clothing,GOAT KIT,Armstrong,2,0,False,False,2025-09-08
cloture,GOAT LETTER,Armstrong,2,0,False,False,2025-09-08
cloud,MOUTH,Armstrong,2,0,False,False,2025-09-08
clough,STRUT,Armstrong,2,0,False,False,2025-09-08
cloys,CHOICE,Armstrong,2,0,False,False,2025-09-08
club,STRUT,Armstrong,2,0,False,False,2025-09-08
clung,STRUT,Armstrong,2,0,False,False,2025-09-08
clutch,STRUT,Armstrong,2,0,False,False,2025-09-08
co-op,LOT,Armstrong,2,0,False,False,2025-09-08
co-respondent,GOAT LOT,Armstrong,2,0,False,False,2025-09-08
co-star,START GOAT,Armstrong,2,0,False,False,2025-09-08
co-starring,GOAT START KIT,Armstrong,2,0,False,False,2025-09-08
co-worker,GOAT LETTER NURSE,Armstrong,2,0,False,False,2025-09-08
coach,GOAT,Armstrong,2,0,False,False,2025-09-08
coachella,GOAT DRESS,Armstrong,2,0,False,False,2025-09-08
coalbunker,STRUT GOAT LETTER,Armstrong,2,0,False,False,2025-09-08
coalseam,FLEECE GOAT,Armstrong,2,0,False,False,2025-09-08
coarse-grained,FORCE FACE,Armstrong,2,0,False,False,2025-09-08
coarsely,FORCE HAPPY,Armstrong,2,0,False,False,2025-09-08
coarsen,FORCE,Armstrong,2,0,False,False,2025-09-08
coarseness,FORCE,Armstrong,2,0,False,False,2025-09-08
coarser,FORCE LETTER,Armstrong,2,0,False,False,2025-09-08
coast,GOAT,Armstrong,2,0,False,False,2025-09-08
coat-hanger,TRAP LETTER GOAT,Armstrong,2,0,False,False,2025-09-08
coauthor,LETTER GOAT THOUGHT,Armstrong,2,0,False,False,2025-09-08
cobalt,LOT GOAT,Armstrong,2,0,False,False,2025-09-08
cobweb,DRESS LOT,Armstrong,2,0,False,False,2025-09-08
coca-cola,GOAT COMMA,Armstrong,2,0,False,False,2025-09-08
cocaine,FACE GOAT,Armstrong,2,0,False,False,2025-09-08
cochin,GOAT HAPPY,Armstrong,2,0,False,False,2025-09-08
cockroach,GOAT LOT,Armstrong,2,0,False,False,2025-09-08
coco,GOAT,Armstrong,2,0,False,False,2025-09-08
cocoa,GOAT,Armstrong,2,0,False,False,2025-09-08
coconut,STRUT GOAT,Armstrong,2,0,False,False,2025-09-08
code,GOAT,Armstrong,2,0,False,False,2025-09-08
coffee,CLOTH HAPPY,Armstrong,2,0,False,False,2025-09-08
coffee-house,MOUTH GOAT HAPPY,Armstrong,2,0,False,False,2025-09-08
coffer,CLOTH LETTER,Armstrong,2,0,False,False,2025-09-08
coffey,HAPPY CLOTH,Armstrong,2,0,False,False,2025-09-08
coffin,CLOTH KIT,Armstrong,2,0,False,False,2025-09-08
cogency,GOAT happy,Armstrong,2,0,False,False,2025-09-08
cogent,GOAT,Armstrong,2,0,False,False,2025-09-08
cognitive,LOT KIT,Armstrong,2,0,False,False,2025-09-08
cohabitation,TRAP GOAT KIT FACE,Armstrong,2,0,False,False,2025-09-08
cohere,NEAR GOAT,Armstrong,2,0,False,False,2025-09-08
cohosh,LOT GOAT,Armstrong,2,0,False,False,2025-09-08
coiffure,PALM CURE,Armstrong,2,0,False,False,2025-09-08
coil,CHOICE,Armstrong,2,0,False,False,2025-09-08
coin,CHOICE,Armstrong,2,0,False,False,2025-09-08
coir,CHOICE,Armstrong,2,0,False,False,2025-09-08
cold,GOAT,Armstrong,2,0,False,False,2025-09-08
coldstream,FLEECE GOAT,Armstrong,2,0,False,False,2025-09-08
coleraine,FACE GOAT,Armstrong,2,0,False,False,2025-09-08
coliseum,NEAR KIT,Armstrong,2,0,False,False,2025-09-08
collaborative,TRAP KIT,Armstrong,2,0,False,False,2025-09-08
colleague,FLEECE LOT,Armstrong,2,0,False,False,2025-09-08
collection,COMMA DRESS,Armstrong,2,0,False,False,2025-09-08
college,KIT LOT,Armstrong,2,0,False,False,2025-09-08
collegiate,FLEECE,Armstrong,2,0,False,False,2025-09-08
collision,KIT,Armstrong,2,0,False,False,2025-09-08
collywobbles,LOT HAPPY,Armstrong,2,0,False,False,2025-09-08
colne,GOAT,Armstrong,2,0,False,False,2025-09-08
colney,GOAT HAPPY,Armstrong,2,0,False,False,2025-09-08
colon,GOAT,Armstrong,2,0,False,False,2025-09-08
color,LETTER,Armstrong,2,0,False,False,2025-09-08
colorado,PALM LOT GOAT,Armstrong,2,0,False,False,2025-09-08
colorful,LETTER FOOT STRUT,Armstrong,2,0,False,False,2025-09-08
colour,STRUT LETTER,Armstrong,2,0,False,False,2025-09-08
coloured,STRUT LETTER,Armstrong,2,0,False,False,2025-09-08
colourful,LETTER STRUT FOOT,Armstrong,2,0,False,False,2025-09-08
columba,COMMA STRUT,Armstrong,2,0,False,False,2025-09-08
colyer,LETTER LOT,Armstrong,2,0,False,False,2025-09-08
combat,TRAP LOT,Armstrong,2,0,False,False,2025-09-08
combinatorial,FORCE LOT HAPPY KIT,Armstrong,2,0,False,False,2025-09-08
combine,PRICE,Armstrong,2,0,False,False,2025-09-08
combos,GOAT LOT,Armstrong,2,0,False,False,2025-09-08
come,STRUT,Armstrong,2,0,False,False,2025-09-08
come-hither,KIT STRUT LETTER,Armstrong,2,0,False,False,2025-09-08
comedy,HAPPY COMMA LOT,Armstrong,2,0,False,False,2025-09-08
comey,HAPPY LOT,Armstrong,2,0,False,False,2025-09-08
comfort,STRUT LETTER,Armstrong,2,0,False,False,2025-09-08
comfortable,STRUT LOT KIT,Armstrong,2,0,False,False,2025-09-08
coming-out,MOUTH,Armstrong,2,0,False,False,2025-09-08
comment,DRESS LOT,Armstrong,2,0,False,False,2025-09-08
commenting,LOT DRESS KIT,Armstrong,2,0,False,False,2025-09-08
commercial,NURSE,Armstrong,2,0,False,False,2025-09-08
commie,HAPPY LOT,Armstrong,2,0,False,False,2025-09-08
commission,KIT,Armstrong,2,0,False,False,2025-09-08
commissioner,LETTER KIT,Armstrong,2,0,False,False,2025-09-08
committee,HAPPY KIT,Armstrong,2,0,False,False,2025-09-08
commonly,LOT HAPPY,Armstrong,2,0,False,False,2025-09-08
commonwealth,DRESS LOT,Armstrong,2,0,False,False,2025-09-08
commune,GOOSE LOT,Armstrong,2,0,False,False,2025-09-08
communication,GOOSE KIT FACE,Armstrong,2,0,False,False,2025-09-08
communist,FOOT LOT KIT,Armstrong,2,0,False,False,2025-09-08
community,COMMA GOOSE KIT HAPPY,Armstrong,2,0,False,False,2025-09-08
commuter,GOOSE LETTER,Armstrong,2,0,False,False,2025-09-08
comorbid,NORTH GOAT KIT,Armstrong,2,0,False,False,2025-09-08
companies,COMMA STRUT HAPPY,Armstrong,2,0,False,False,2025-09-08
company,STRUT HAPPY,Armstrong,2,0,False,False,2025-09-08
compaq,LOT TRAP,Armstrong,2,0,False,False,2025-09-08
compare,SQUARE,Armstrong,2,0,False,False,2025-09-08
compared,SQUARE,Armstrong,2,0,False,False,2025-09-08
compares,SQUARE,Armstrong,2,0,False,False,2025-09-08
comparing,SQUARE KIT,Armstrong,2,0,False,False,2025-09-08
compeer,NEAR LOT,Armstrong,2,0,False,False,2025-09-08
compensation,DRESS LOT FACE,Armstrong,2,0,False,False,2025-09-08
compere,SQUARE LOT,Armstrong,2,0,False,False,2025-09-08
competition,KIT COMMA LOT,Armstrong,2,0,False,False,2025-09-08
complaints,FACE,Armstrong,2,0,False,False,2025-09-08
complete,COMMA FLEECE,Armstrong,2,0,False,False,2025-09-08
complex,DRESS LOT,Armstrong,2,0,False,False,2025-09-08
compliments,LOT KIT,Armstrong,2,0,False,False,2025-09-08
components,GOAT,Armstrong,2,0,False,False,2025-09-08
composer,LETTER GOAT,Armstrong,2,0,False,False,2025-09-08
composure,GOAT LETTER,Armstrong,2,0,False,False,2025-09-08
computer,GOOSE COMMA LETTER,Armstrong,2,0,False,False,2025-09-08
concave,FACE LOT,Armstrong,2,0,False,False,2025-09-08
concept,DRESS LOT,Armstrong,2,0,False,False,2025-09-08
concern,NURSE,Armstrong,2,0,False,False,2025-09-08
concert,LETTER LOT,Armstrong,2,0,False,False,2025-09-08
concerted,NURSE,Armstrong,2,0,False,False,2025-09-08
concertgebouw,MOUTH NURSE LOT,Armstrong,2,0,False,False,2025-09-08
concerto,SQUARE GOAT,Armstrong,2,0,False,False,2025-09-08
conchie,HAPPY LOT,Armstrong,2,0,False,False,2025-09-08
concierge,SQUARE LOT HAPPY,Armstrong,2,0,False,False,2025-09-08
conclude,GOOSE,Armstrong,2,0,False,False,2025-09-08
conclusion,GOOSE,Armstrong,2,0,False,False,2025-09-08
concord,NORTH LOT,Armstrong,2,0,False,False,2025-09-08
concorde,NORTH FORCE LOT,Armstrong,2,0,False,False,2025-09-08
concrete,FLEECE LOT,Armstrong,2,0,False,False,2025-09-08
concubine,FOOT LOT PRICE,Armstrong,2,0,False,False,2025-09-08
concupsicent,GOOSE KIT,Armstrong,2,0,False,False,2025-09-08
condemnation,DRESS LOT FACE,Armstrong,2,0,False,False,2025-09-08
condition,KIT,Armstrong,2,0,False,False,2025-09-08
conditions,KIT,Armstrong,2,0,False,False,2025-09-08
condors,NORTH LOT,Armstrong,2,0,False,False,2025-09-08
condos,GOAT LOT,Armstrong,2,0,False,False,2025-09-08
conference,LETTER COMMA LOT,Armstrong,2,0,False,False,2025-09-08
confession,DRESS,Armstrong,2,0,False,False,2025-09-08
confetti,HAPPY DRESS,Armstrong,2,0,False,False,2025-09-08
confirm,NURSE,Armstrong,2,0,False,False,2025-09-08
confirmation,LETTER LOT FACE,Armstrong,2,0,False,False,2025-09-08
confrere,SQUARE,Armstrong,2,0,False,False,2025-09-08
confuse,GOOSE,Armstrong,2,0,False,False,2025-09-08
confusion,GOOSE,Armstrong,2,0,False,False,2025-09-08
conga,COMMA LOT,Armstrong,2,0,False,False,2025-09-08
congee,HAPPY LOT,Armstrong,2,0,False,False,2025-09-08
congrats,COMMA TRAP,Armstrong,2,0,False,False,2025-09-08
congratulations,TRAP GOOSE FACE,Armstrong,2,0,False,False,2025-09-08
conjunctiva,STRUT LOT PRICE,Armstrong,2,0,False,False,2025-09-08
connect,DRESS,Armstrong,2,0,False,False,2025-09-08
connectivity,KIT (LOT) DRESS HAPPY,Armstrong,2,0,False,False,2025-09-08
connelly,COMMA HAPPY,Armstrong,2,0,False,False,2025-09-08
connemara,START LOT,Armstrong,2,0,False,False,2025-09-08
conquistadors,NORTH LOT FLEECE,Armstrong,2,0,False,False,2025-09-08
conrad,TRAP LOT,Armstrong,2,0,False,False,2025-09-08
conroy,CHOICE LOT,Armstrong,2,0,False,False,2025-09-08
consecutive,FOOT DRESS KIT,Armstrong,2,0,False,False,2025-09-08
conservation,LETTER LOT FACE,Armstrong,2,0,False,False,2025-09-08
conservative,NURSE KIT,Armstrong,2,0,False,False,2025-09-08
conservatory,NURSE NORTH HAPPY,Armstrong,2,0,False,False,2025-09-08
consider,KIT LETTER,Armstrong,2,0,False,False,2025-09-08
consignment,PRICE,Armstrong,2,0,False,False,2025-09-08
console,GOAT LOT,Armstrong,2,0,False,False,2025-09-08
consort,NORTH FORCE LOT,Armstrong,2,0,False,False,2025-09-08
consortium,NORTH HAPPY,Armstrong,2,0,False,False,2025-09-08
conspiracy,KIT HAPPY,Armstrong,2,0,False,False,2025-09-08
constant,LOT,Armstrong,2,0,False,False,2025-09-08
constituency,KIT GOOSE HAPPY,Armstrong,2,0,False,False,2025-09-08
constitute,GOOSE LOT KIT,Armstrong,2,0,False,False,2025-09-08
constitutionality,GOOSE LOT KIT HAPPY,Armstrong,2,0,False,False,2025-09-08
construct,STRUT LOT,Armstrong,2,0,False,False,2025-09-08
construction,STRUT,Armstrong,2,0,False,False,2025-09-08
consubstantial,BATH STRUT TRAP LOT,Armstrong,2,0,False,False,2025-09-08
consubstantiality,BATH STRUT HAPPY TRAP KIT,Armstrong,2,0,False,False,2025-09-08
consultancy,STRUT HAPPY,Armstrong,2,0,False,False,2025-09-08
consultant,STRUT LOT,Armstrong,2,0,False,False,2025-09-08
consumer,GOOSE LETTER,Armstrong,2,0,False,False,2025-09-08
contact,TRAP LOT,Armstrong,2,0,False,False,2025-09-08
contain,FACE,Armstrong,2,0,False,False,2025-09-08
continual,GOOSE KIT,Armstrong,2,0,False,False,2025-09-08
continue,GOOSE COMMA KIT,Armstrong,2,0,False,False,2025-09-08
continued,GOOSE KIT,Armstrong,2,0,False,False,2025-09-08
continues,GOOSE KIT,Armstrong,2,0,False,False,2025-09-08
continuing,GOOSE KIT,Armstrong,2,0,False,False,2025-09-08
contort,NORTH LOT,Armstrong,2,0,False,False,2025-09-08
contortion,NORTH,Armstrong,2,0,False,False,2025-09-08
contour,CURE (FORCE),Armstrong,2,0,False,False,2025-09-08
contoured,CURE LOT,Armstrong,2,0,False,False,2025-09-08
contouring,CURE LOT KIT,Armstrong,2,0,False,False,2025-09-08
contours,CURE LOT,Armstrong,2,0,False,False,2025-09-08
contract,TRAP LOT,Armstrong,2,0,False,False,2025-09-08
contralto,BATH LOT GOAT,Armstrong,2,0,False,False,2025-09-08
contrary,SQUARE HAPPY,Armstrong,2,0,False,False,2025-09-08
contrast,BATH LOT,Armstrong,2,0,False,False,2025-09-08
contribution,GOOSE LOT KIT,Armstrong,2,0,False,False,2025-09-08
contributor,KIT FOOT LETTER,Armstrong,2,0,False,False,2025-09-08
control,GOAT,Armstrong,2,0,False,False,2025-09-08
controversial,COMMA NURSE,Armstrong,2,0,False,False,2025-09-08
controversially,NURSE HAPPY,Armstrong,2,0,False,False,2025-09-08
controversy,LETTER HAPPY,Armstrong,2,0,False,False,2025-09-08
contusion,GOOSE,Armstrong,2,0,False,False,2025-09-08
convenient,FLEECE,Armstrong,2,0,False,False,2025-09-08
conversation,LETTER FACE,Armstrong,2,0,False,False,2025-09-08
conversion,NURSE,Armstrong,2,0,False,False,2025-09-08
convertible,NURSE KIT,Armstrong,2,0,False,False,2025-09-08
convolution,GOOSE LOT,Armstrong,2,0,False,False,2025-09-08
cooch,GOOSE,Armstrong,2,0,False,False,2025-09-08
cook,FOOT,Armstrong,2,0,False,False,2025-09-08
cookbook,FOOT,Armstrong,2,0,False,False,2025-09-08
cooke,FOOT,Armstrong,2,0,False,False,2025-09-08
cookie,HAPPY FOOT,Armstrong,2,0,False,False,2025-09-08
cookies,FOOT HAPPY,Armstrong,2,0,False,False,2025-09-08
cool,GOOSE,Armstrong,2,0,False,False,2025-09-08
coolabah,PALM GOOSE,Armstrong,2,0,False,False,2025-09-08
cooling-tower,MOUTH GOOSE KIT LETTER,Armstrong,2,0,False,False,2025-09-08
cooper,GOOSE LETTER,Armstrong,2,0,False,False,2025-09-08
cope,GOAT,Armstrong,2,0,False,False,2025-09-08
copenhagen,FACE GOAT,Armstrong,2,0,False,False,2025-09-08
copy,HAPPY LOT,Armstrong,2,0,False,False,2025-09-08
copyright,LOT PRICE HAPPY,Armstrong,2,0,False,False,2025-09-08
coral,(CLOTH),Armstrong,2,0,False,False,2025-09-08
corby,NORTH HAPPY,Armstrong,2,0,False,False,2025-09-08
cord,NORTH,Armstrong,2,0,False,False,2025-09-08
corda,COMMA NORTH,Armstrong,2,0,False,False,2025-09-08
cordelia,NORTH FLEECE HAPPY,Armstrong,2,0,False,False,2025-09-08
cordoba,COMMA NORTH GOAT,Armstrong,2,0,False,False,2025-09-08
core,FORCE,Armstrong,2,0,False,False,2025-09-08
coreferential,DRESS GOAT,Armstrong,2,0,False,False,2025-09-08
coreligionist,GOAT KIT,Armstrong,2,0,False,False,2025-09-08
corfu,NORTH,Armstrong,2,0,False,False,2025-09-08
corgi,NORTH HAPPY,Armstrong,2,0,False,False,2025-09-08
cork,NORTH,Armstrong,2,0,False,False,2025-09-08
corkscrews,GOOSE NORTH,Armstrong,2,0,False,False,2025-09-08
corn,NORTH,Armstrong,2,0,False,False,2025-09-08
corncob,LOT NORTH,Armstrong,2,0,False,False,2025-09-08
corner,NORTH LETTER,Armstrong,2,0,False,False,2025-09-08
cornflower,MOUTH NORTH LETTER,Armstrong,2,0,False,False,2025-09-08
cornish,NORTH KIT,Armstrong,2,0,False,False,2025-09-08
cornstarch,START NORTH,Armstrong,2,0,False,False,2025-09-08
cornucopia,FOOT NORTH GOAT HAPPY,Armstrong,2,0,False,False,2025-09-08
cornus,NORTH,Armstrong,2,0,False,False,2025-09-08
cornwall,THOUGHT NORTH,Armstrong,2,0,False,False,2025-09-08
coronary,(CLOTH) SQUARE HAPPY,Armstrong,2,0,False,False,2025-09-08
coronavirus,GOAT LETTER COMMA PRICE,Armstrong,2,0,False,False,2025-09-08
coroner,(CLOTH) LETTER,Armstrong,2,0,False,False,2025-09-08
corporal,NORTH,Armstrong,2,0,False,False,2025-09-08
corporate,LETTER NORTH,Armstrong,2,0,False,False,2025-09-08
corporeal,NORTH HAPPY,Armstrong,2,0,False,False,2025-09-08
corpse,NORTH,Armstrong,2,0,False,False,2025-09-08
correlate,(CLOTH) FACE,Armstrong,2,0,False,False,2025-09-08
correspond,(CLOTH) NORTH,Armstrong,2,0,False,False,2025-09-08
corridors,NORTH KIT,Armstrong,2,0,False,False,2025-09-08
corrosion,GOAT,Armstrong,2,0,False,False,2025-09-08
corruption,STRUT,Armstrong,2,0,False,False,2025-09-08
corsage,PALM NORTH,Armstrong,2,0,False,False,2025-09-08
corsair,SQUARE NORTH,Armstrong,2,0,False,False,2025-09-08
corse,NORTH,Armstrong,2,0,False,False,2025-09-08
corset,NORTH,Armstrong,2,0,False,False,2025-09-08
corsica,COMMA NORTH KIT,Armstrong,2,0,False,False,2025-09-08
cortado,PALM NORTH GOAT,Armstrong,2,0,False,False,2025-09-08
cortez,DRESS NORTH,Armstrong,2,0,False,False,2025-09-08
corvette,NORTH DRESS,Armstrong,2,0,False,False,2025-09-08
corvina,NORTH FLEECE,Armstrong,2,0,False,False,2025-09-08
corvine,NORTH PRICE,Armstrong,2,0,False,False,2025-09-08
corwen,NORTH,Armstrong,2,0,False,False,2025-09-08
cosmetic,LOT DRESS KIT,Armstrong,2,0,False,False,2025-09-08
cosmetologist,LOT DRESS KIT,Armstrong,2,0,False,False,2025-09-08
cosmo,LOT GOAT,Armstrong,2,0,False,False,2025-09-08
cosmogeny,LOT DRESS HAPPY,Armstrong,2,0,False,False,2025-09-08
cosmographer,LOT BATH LETTER,Armstrong,2,0,False,False,2025-09-08
cosmology,LOT HAPPY,Armstrong,2,0,False,False,2025-09-08
cosmos,(LOT) (GOAT),Armstrong,2,0,False,False,2025-09-08
cost,CLOTH,Armstrong,2,0,False,False,2025-09-08
costarring,START GOAT KIT,Armstrong,2,0,False,False,2025-09-08
costume,GOOSE LOT,Armstrong,2,0,False,False,2025-09-08
cothi,HAPPY,Armstrong,2,0,False,False,2025-09-08
cotswold,GOAT LOT,Armstrong,2,0,False,False,2025-09-08
couch,MOUTH,Armstrong,2,0,False,False,2025-09-08
couchette,GOOSE DRESS,Armstrong,2,0,False,False,2025-09-08
cougar,GOOSE LETTER,Armstrong,2,0,False,False,2025-09-08
cough,CLOTH,Armstrong,2,0,False,False,2025-09-08
could,FOOT COMMA,Armstrong,2,0,False,False,2025-09-08
council,MOUTH,Armstrong,2,0,False,False,2025-09-08
council-chamber,FACE LETTER MOUTH,Armstrong,2,0,False,False,2025-09-08
countermeasure,DRESS MOUTH LETTER,Armstrong,2,0,False,False,2025-09-08
countermove,GOOSE MOUTH LETTER,Armstrong,2,0,False,False,2025-09-08
counterpart,LETTER MOUTH START,Armstrong,2,0,False,False,2025-09-08
counterpoint,CHOICE MOUTH LETTER,Armstrong,2,0,False,False,2025-09-08
counterpoise,CHOICE MOUTH LETTER,Armstrong,2,0,False,False,2025-09-08
counterrevolutionary,DRESS MOUTH LETTER GOOSE SQUARE HAPPY,Armstrong,2,0,False,False,2025-09-08
countersign,PRICE MOUTH LETTER,Armstrong,2,0,False,False,2025-09-08
countersunk,STRUT MOUTH LETTER,Armstrong,2,0,False,False,2025-09-08
country,STRUT HAPPY,Armstrong,2,0,False,False,2025-09-08
country-house,MOUTH STRUT HAPPY,Armstrong,2,0,False,False,2025-09-08
countryside,PRICE STRUT HAPPY,Armstrong,2,0,False,False,2025-09-08
countrywide,HAPPY STRUT PRICE,Armstrong,2,0,False,False,2025-09-08
county,MOUTH HAPPY,Armstrong,2,0,False,False,2025-09-08
couple,STRUT,Armstrong,2,0,False,False,2025-09-08
courage,STRUT KIT,Armstrong,2,0,False,False,2025-09-08
courageous,FACE STRUT,Armstrong,2,0,False,False,2025-09-08
courbet,CURE KIT,Armstrong,2,0,False,False,2025-09-08
courgette,FORCE DRESS,Armstrong,2,0,False,False,2025-09-08
courier,FOOT CURE,Armstrong,2,0,False,False,2025-09-08
courland,CURE,Armstrong,2,0,False,False,2025-09-08
course,FORCE,Armstrong,2,0,False,False,2025-09-08
court,FORCE,Armstrong,2,0,False,False,2025-09-08
courtelle,FORCE DRESS,Armstrong,2,0,False,False,2025-09-08
courtier,FORCE HAPPY LETTER,Armstrong,2,0,False,False,2025-09-08
courtyard,START FORCE,Armstrong,2,0,False,False,2025-09-08
courvoisier,CURE PALM HAPPY,Armstrong,2,0,False,False,2025-09-08
cousin,STRUT KIT,Armstrong,2,0,False,False,2025-09-08
cousins,STRUT KIT,Armstrong,2,0,False,False,2025-09-08
couture,GOOSE CURE,Armstrong,2,0,False,False,2025-09-08
couturier,GOOSE CURE HAPPY,Armstrong,2,0,False,False,2025-09-08
couvade,PALM GOOSE,Armstrong,2,0,False,False,2025-09-08
cover,STRUT LETTER,Armstrong,2,0,False,False,2025-09-08
cover-charge,STRUT LETTER START,Armstrong,2,0,False,False,2025-09-08
cover-up,STRUT LETTER,Armstrong,2,0,False,False,2025-09-08
coverage,STRUT LETTER,Armstrong,2,0,False,False,2025-09-08
coverall,STRUT LETTER,Armstrong,2,0,False,False,2025-09-08
covet,STRUT KIT,Armstrong,2,0,False,False,2025-09-08
covey,HAPPY STRUT,Armstrong,2,0,False,False,2025-09-08
covid-19,KIT GOAT PRICE FLEECE,Armstrong,2,0,False,False,2025-09-08
cow,MOUTH,Armstrong,2,0,False,False,2025-09-08
cowan,MOUTH,Armstrong,2,0,False,False,2025-09-08
cowbell,MOUTH DRESS,Armstrong,2,0,False,False,2025-09-08
cowberry,MOUTH DRESS HAPPY,Armstrong,2,0,False,False,2025-09-08
cowbind,MOUTH PRICE,Armstrong,2,0,False,False,2025-09-08
cowbird,MOUTH NURSE,Armstrong,2,0,False,False,2025-09-08
cowboy,CHOICE MOUTH,Armstrong,2,0,False,False,2025-09-08
cowboys,CHOICE MOUTH,Armstrong,2,0,False,False,2025-09-08
cowcatcher,MOUTH TRAP LETTER,Armstrong,2,0,False,False,2025-09-08
cowell,MOUTH,Armstrong,2,0,False,False,2025-09-08
cowgill,MOUTH KIT,Armstrong,2,0,False,False,2025-09-08
cowgirl,MOUTH NURSE,Armstrong,2,0,False,False,2025-09-08
cowl,MOUTH,Armstrong,2,0,False,False,2025-09-08
cowley,MOUTH HAPPY,Armstrong,2,0,False,False,2025-09-08
cowling,MOUTH KIT,Armstrong,2,0,False,False,2025-09-08
cowman,MOUTH,Armstrong,2,0,False,False,2025-09-08
cowpat,MOUTH TRAP,Armstrong,2,0,False,False,2025-09-08
cowpoke,MOUTH GOAT,Armstrong,2,0,False,False,2025-09-08
cowpox,MOUTH LOT,Armstrong,2,0,False,False,2025-09-08
cowrie,MOUTH HAPPY,Armstrong,2,0,False,False,2025-09-08
cows,MOUTH,Armstrong,2,0,False,False,2025-09-08
cowsheds,MOUTH DRESS,Armstrong,2,0,False,False,2025-09-08
coy,CHOICE,Armstrong,2,0,False,False,2025-09-08
coyer,CHOICE LETTER,Armstrong,2,0,False,False,2025-09-08
coypu,CHOICE GOOSE,Armstrong,2,0,False,False,2025-09-08
cozens,STRUT,Armstrong,2,0,False,False,2025-09-08
crackdown,MOUTH TRAP,Armstrong,2,0,False,False,2025-09-08
cracker-barrel,TRAP LETTER,Armstrong,2,0,False,False,2025-09-08
cradle,FACE,Armstrong,2,0,False,False,2025-09-08
craft,BATH,Armstrong,2,0,False,False,2025-09-08
craignure,FACE CURE,Armstrong,2,0,False,False,2025-09-08
craquelure,CURE TRAP,Armstrong,2,0,False,False,2025-09-08
crash,TRAP,Armstrong,2,0,False,False,2025-09-08
crashes,TRAP,Armstrong,2,0,False,False,2025-09-08
crathorn,FACE NORTH,Armstrong,2,0,False,False,2025-09-08
crawfish,THOUGHT KIT,Armstrong,2,0,False,False,2025-09-08
crawford,THOUGHT,Armstrong,2,0,False,False,2025-09-08
crayfish,FACE KIT,Armstrong,2,0,False,False,2025-09-08
crayford,FACE,Armstrong,2,0,False,False,2025-09-08
craze,FACE,Armstrong,2,0,False,False,2025-09-08
crazy,FACE HAPPY,Armstrong,2,0,False,False,2025-09-08
creak,FLEECE,Armstrong,2,0,False,False,2025-09-08
cream,FLEECE,Armstrong,2,0,False,False,2025-09-08
create,FACE FLEECE,Armstrong,2,0,False,False,2025-09-08
creative,KIT FLEECE FACE,Armstrong,2,0,False,False,2025-09-08
creativity,FACE FLEECE KIT HAPPY,Armstrong,2,0,False,False,2025-09-08
creature,FLEECE LETTER,Armstrong,2,0,False,False,2025-09-08
credit,DRESS KIT,Armstrong,2,0,False,False,2025-09-08
creek,FLEECE,Armstrong,2,0,False,False,2025-09-08
creep,FLEECE,Armstrong,2,0,False,False,2025-09-08
crematorium,FORCE HAPPY,Armstrong,2,0,False,False,2025-09-08
creolization,NEAR PRICE FACE,Armstrong,2,0,False,False,2025-09-08
crepe-paper,FACE LETTER,Armstrong,2,0,False,False,2025-09-08
cressida,COMMA DRESS KIT,Armstrong,2,0,False,False,2025-09-08
creutzfeldt-jakob,CHOICE DRESS TRAP,Armstrong,2,0,False,False,2025-09-08
crew,GOOSE,Armstrong,2,0,False,False,2025-09-08
crewcut,STRUT GOOSE,Armstrong,2,0,False,False,2025-09-08
crib,KIT,Armstrong,2,0,False,False,2025-09-08
cricket,KIT,Armstrong,2,0,False,False,2025-09-08
crime,PRICE,Armstrong,2,0,False,False,2025-09-08
crisis,KIT PRICE,Armstrong,2,0,False,False,2025-09-08
criteria,PRICE NEAR HAPPY,Armstrong,2,0,False,False,2025-09-08
critic,KIT,Armstrong,2,0,False,False,2025-09-08
critique,FLEECE KIT,Armstrong,2,0,False,False,2025-09-08
croatia,FACE COMMA GOAT,Armstrong,2,0,False,False,2025-09-08
crochet,GOAT FACE,Armstrong,2,0,False,False,2025-09-08
crocodile,PRICE LOT,Armstrong,2,0,False,False,2025-09-08
croft,STRUT CLOTH,Armstrong,2,0,False,False,2025-09-08
crook,FOOT,Armstrong,2,0,False,False,2025-09-08
crop,LOT,Armstrong,2,0,False,False,2025-09-08
cross,CLOTH,Armstrong,2,0,False,False,2025-09-08
cross-check,DRESS CLOTH,Armstrong,2,0,False,False,2025-09-08
crossbeam,FLEECE CLOTH,Armstrong,2,0,False,False,2025-09-08
crosstalk,THOUGHT CLOTH,Armstrong,2,0,False,False,2025-09-08
crouch,MOUTH,Armstrong,2,0,False,False,2025-09-08
crow,GOAT,Armstrong,2,0,False,False,2025-09-08
crowd,MOUTH,Armstrong,2,0,False,False,2025-09-08
crowed,GOAT,Armstrong,2,0,False,False,2025-09-08
crowfoot,GOAT FOOT,Armstrong,2,0,False,False,2025-09-08
crown,MOUTH,Armstrong,2,0,False,False,2025-09-08
crowther,MOUTH LETTER,Armstrong,2,0,False,False,2025-09-08
croydon,CHOICE,Armstrong,2,0,False,False,2025-09-08
crucial,GOOSE,Armstrong,2,0,False,False,2025-09-08
cruciferous,GOOSE KIT LETTER,Armstrong,2,0,False,False,2025-09-08
crude,GOOSE,Armstrong,2,0,False,False,2025-09-08
cruel,GOOSE,Armstrong,2,0,False,False,2025-09-08
cruise,GOOSE,Armstrong,2,0,False,False,2025-09-08
crunchie,HAPPY STRUT,Armstrong,2,0,False,False,2025-09-08
crusader,GOOSE FACE LETTER,Armstrong,2,0,False,False,2025-09-08
crush,STRUT,Armstrong,2,0,False,False,2025-09-08
crustacean,STRUT FACE,Armstrong,2,0,False,False,2025-09-08
crutches,STRUT,Armstrong,2,0,False,False,2025-09-08
crybaby,FACE PRICE HAPPY,Armstrong,2,0,False,False,2025-09-08
cryptocurrency,STRUT KIT GOAT HAPPY,Armstrong,2,0,False,False,2025-09-08
cuba,GOOSE COMMA,Armstrong,2,0,False,False,2025-09-08
cube,GOOSE,Armstrong,2,0,False,False,2025-09-08
cubeb,DRESS GOOSE,Armstrong,2,0,False,False,2025-09-08
cubic,GOOSE KIT,Armstrong,2,0,False,False,2025-09-08
cubicle,GOOSE KIT,Armstrong,2,0,False,False,2025-09-08
cubisitic,GOOSE KIT,Armstrong,2,0,False,False,2025-09-08
cuckoos,GOOSE,Armstrong,2,0,False,False,2025-09-08
cucumber,STRUT GOOSE LETTER,Armstrong,2,0,False,False,2025-09-08
cudbear,SQUARE STRUT,Armstrong,2,0,False,False,2025-09-08
cuddle,STRUT,Armstrong,2,0,False,False,2025-09-08
cudgel,STRUT,Armstrong,2,0,False,False,2025-09-08
cue,GOOSE,Armstrong,2,0,False,False,2025-09-08
cuff,STRUT,Armstrong,2,0,False,False,2025-09-08
cuff-links,STRUT KIT,Armstrong,2,0,False,False,2025-09-08
cufic,GOOSE KIT,Armstrong,2,0,False,False,2025-09-08
cul-de-sac,TRAP STRUT,Armstrong,2,0,False,False,2025-09-08
cult,STRUT,Armstrong,2,0,False,False,2025-09-08
cultural,STRUT LETTER,Armstrong,2,0,False,False,2025-09-08
culture,STRUT LETTER,Armstrong,2,0,False,False,2025-09-08
cumberbatch,TRAP LETTER STRUT,Armstrong,2,0,False,False,2025-09-08
cumbernauld,THOUGHT STRUT LETTER,Armstrong,2,0,False,False,2025-09-08
cumbria,STRUT HAPPY,Armstrong,2,0,False,False,2025-09-08
cumulative,GOOSE KIT,Armstrong,2,0,False,False,2025-09-08
cup,STRUT,Armstrong,2,0,False,False,2025-09-08
cupboard,STRUT FORCE,Armstrong,2,0,False,False,2025-09-08
cupid,GOOSE KIT,Armstrong,2,0,False,False,2025-09-08
cupidity,GOOSE KIT HAPPY,Armstrong,2,0,False,False,2025-09-08
cuppa,COMMA STRUT,Armstrong,2,0,False,False,2025-09-08
cupric,GOOSE KIT,Armstrong,2,0,False,False,2025-09-08
curate,FACE CURE,Armstrong,2,0,False,False,2025-09-08
curated,CURE FACE,Armstrong,2,0,False,False,2025-09-08
curatorial,FORCE CURE HAPPY,Armstrong,2,0,False,False,2025-09-08
curb,NURSE,Armstrong,2,0,False,False,2025-09-08
cure,CURE,Armstrong,2,0,False,False,2025-09-08
cured,CURE,Armstrong,2,0,False,False,2025-09-08
curfew,GOOSE NURSE,Armstrong,2,0,False,False,2025-09-08
curiosity,CURE HAPPY CLOTH KIT,Armstrong,2,0,False,False,2025-09-08
curly,NURSE HAPPY,Armstrong,2,0,False,False,2025-09-08
curmudgeon,STRUT NURSE,Armstrong,2,0,False,False,2025-09-08
currency,STRUT HAPPY,Armstrong,2,0,False,False,2025-09-08
current,STRUT COMMA,Armstrong,2,0,False,False,2025-09-08
currently,STRUT HAPPY,Armstrong,2,0,False,False,2025-09-08
curry,STRUT HAPPY,Armstrong,2,0,False,False,2025-09-08
curry-powder,MOUTH STRUT HAPPY LETTER,Armstrong,2,0,False,False,2025-09-08
curve,NURSE,Armstrong,2,0,False,False,2025-09-08
curwen,NURSE,Armstrong,2,0,False,False,2025-09-08
curzon,NURSE,Armstrong,2,0,False,False,2025-09-08
cushing,FOOT KIT,Armstrong,2,0,False,False,2025-09-08
cushion,FOOT,Armstrong,2,0,False,False,2025-09-08
custodial,STRUT GOAT HAPPY,Armstrong,2,0,False,False,2025-09-08
custodian,STRUT GOAT HAPPY,Armstrong,2,0,False,False,2025-09-08
custody,STRUT HAPPY,Armstrong,2,0,False,False,2025-09-08
customer,STRUT LETTER,Armstrong,2,0,False,False,2025-09-08
customization,STRUT PRICE FACE,Armstrong,2,0,False,False,2025-09-08
customized,STRUT PRICE,Armstrong,2,0,False,False,2025-09-08
customs,STRUT,Armstrong,2,0,False,False,2025-09-08
cut,STRUT,Armstrong,2,0,False,False,2025-09-08
cut-and-cover,STRUT LETTER,Armstrong,2,0,False,False,2025-09-08
cut-out,MOUTH STRUT,Armstrong,2,0,False,False,2025-09-08
cute,GOOSE,Armstrong,2,0,False,False,2025-09-08
cuthbert,STRUT NURSE,Armstrong,2,0,False,False,2025-09-08
cutie,HAPPY GOOSE,Armstrong,2,0,False,False,2025-09-08
cutlery,STRUT LETTER HAPPY,Armstrong,2,0,False,False,2025-09-08
cwm,FOOT,Armstrong,2,0,False,False,2025-09-08
cyber,LETTER PRICE,Armstrong,2,0,False,False,2025-09-08
cyborg,PRICE NORTH,Armstrong,2,0,False,False,2025-09-08
cycle,PRICE,Armstrong,2,0,False,False,2025-09-08
cycling,PRICE KIT,Armstrong,2,0,False,False,2025-09-08
cyclorama,GOAT PRICE PALM,Armstrong,2,0,False,False,2025-09-08
cynosure,CURE KIT,Armstrong,2,0,False,False,2025-09-08
cyprus,PRICE,Armstrong,2,0,False,False,2025-09-08
cyrus,PRICE,Armstrong,2,0,False,False,2025-09-08
czarina,START FLEECE,Armstrong,2,0,False,False,2025-09-08
dacha,COMMA TRAP,Armstrong,2,0,False,False,2025-09-08
dachau,MOUTH TRAP,Armstrong,2,0,False,False,2025-09-08
dachshund,FOOT TRAP,Armstrong,2,0,False,False,2025-09-08
dad,TRAP,Armstrong,2,0,False,False,2025-09-08
dada,PALM TRAP,Armstrong,2,0,False,False,2025-09-08
daesh,DRESS,Armstrong,2,0,False,False,2025-09-08
daft,BATH,Armstrong,2,0,False,False,2025-09-08
dahrendorf,NORTH TRAP,Armstrong,2,0,False,False,2025-09-08
daily,FACE HAPPY,Armstrong,2,0,False,False,2025-09-08
daimler,FACE LETTER,Armstrong,2,0,False,False,2025-09-08
dairy,SQUARE HAPPY,Armstrong,2,0,False,False,2025-09-08
dairy-farm,START SQUARE HAPPY,Armstrong,2,0,False,False,2025-09-08
daisy,FACE HAPPY,Armstrong,2,0,False,False,2025-09-08
daith,FACE,Armstrong,2,0,False,False,2025-09-08
dakota,COMMA GOAT,Armstrong,2,0,False,False,2025-09-08
dal,PALM,Armstrong,2,0,False,False,2025-09-08
dale,FACE,Armstrong,2,0,False,False,2025-09-08
dali,PALM HAPPY,Armstrong,2,0,False,False,2025-09-08
dalmatian,FACE,Armstrong,2,0,False,False,2025-09-08
daly,FACE,Armstrong,2,0,False,False,2025-09-08
dame,FACE,Armstrong,2,0,False,False,2025-09-08
damian,FACE HAPPY,Armstrong,2,0,False,False,2025-09-08
damon,FACE,Armstrong,2,0,False,False,2025-09-08
dancer,BATH LETTER,Armstrong,2,0,False,False,2025-09-08
dandelion,PRICE TRAP,Armstrong,2,0,False,False,2025-09-08
dandruff,STRUT TRAP,Armstrong,2,0,False,False,2025-09-08
danger,FACE LETTER,Armstrong,2,0,False,False,2025-09-08
dangerous,FACE LETTER,Armstrong,2,0,False,False,2025-09-08
darcy,START HAPPY,Armstrong,2,0,False,False,2025-09-08
dare,SQUARE,Armstrong,2,0,False,False,2025-09-08
daredevil,DRESS SQUARE,Armstrong,2,0,False,False,2025-09-08
daresay,SQUARE FACE,Armstrong,2,0,False,False,2025-09-08
darfield,START FLEECE,Armstrong,2,0,False,False,2025-09-08
daring,SQUARE KIT,Armstrong,2,0,False,False,2025-09-08
darjeeling,START FLEECE KIT,Armstrong,2,0,False,False,2025-09-08
dark,START,Armstrong,2,0,False,False,2025-09-08
darling,START KIT,Armstrong,2,0,False,False,2025-09-08
dartmoor,FORCE CURE,Armstrong,2,0,False,False,2025-09-08
darts,START,Armstrong,2,0,False,False,2025-09-08
darwen,START,Armstrong,2,0,False,False,2025-09-08
darwin,START KIT,Armstrong,2,0,False,False,2025-09-08
darwinian,START KIT,Armstrong,2,0,False,False,2025-09-08
darwinism,START KIT,Armstrong,2,0,False,False,2025-09-08
dashboard,FORCE TRAP,Armstrong,2,0,False,False,2025-09-08
dasyure,CURE TRAP,Armstrong,2,0,False,False,2025-09-08
data,(BATH) COMMA (FACE),Armstrong,2,0,False,False,2025-09-08
database,FACE BATH,Armstrong,2,0,False,False,2025-09-08
date,FACE PALM,Armstrong,2,0,False,False,2025-09-08
daub,THOUGHT,Armstrong,2,0,False,False,2025-09-08
daughter,THOUGHT LETTER,Armstrong,2,0,False,False,2025-09-08
daunting,THOUGHT KIT,Armstrong,2,0,False,False,2025-09-08
dauphin,THOUGHT KIT,Armstrong,2,0,False,False,2025-09-08
dauphine,THOUGHT FLEECE,Armstrong,2,0,False,False,2025-09-08
dave,FACE,Armstrong,2,0,False,False,2025-09-08
davey,HAPPY FACE,Armstrong,2,0,False,False,2025-09-08
david,FACE KIT,Armstrong,2,0,False,False,2025-09-08
davie,HAPPY FACE,Armstrong,2,0,False,False,2025-09-08
davies,FACE HAPPY,Armstrong,2,0,False,False,2025-09-08
davis,FACE KIT,Armstrong,2,0,False,False,2025-09-08
dawn,THOUGHT,Armstrong,2,0,False,False,2025-09-08
dawson,THOUGHT,Armstrong,2,0,False,False,2025-09-08
day-care,SQUARE FACE,Armstrong,2,0,False,False,2025-09-08
day-return,FACE NURSE,Armstrong,2,0,False,False,2025-09-08
daybed,FACE DRESS,Armstrong,2,0,False,False,2025-09-08
daybreak,FACE,Armstrong,2,0,False,False,2025-09-08
daycare,FACE SQUARE,Armstrong,2,0,False,False,2025-09-08
daydream,FLEECE FACE,Armstrong,2,0,False,False,2025-09-08
daylight,PRICE FACE,Armstrong,2,0,False,False,2025-09-08
dayroom,FACE GOOSE,Armstrong,2,0,False,False,2025-09-08
days,FACE,Armstrong,2,0,False,False,2025-09-08
daytime,FACE PRICE,Armstrong,2,0,False,False,2025-09-08
daytona,FACE GOAT,Armstrong,2,0,False,False,2025-09-08
dazzle,TRAP,Armstrong,2,0,False,False,2025-09-08
de-stalinization,PALM FLEECE KIT PRICE FACE,Armstrong,2,0,False,False,2025-09-08
dead,DRESS,Armstrong,2,0,False,False,2025-09-08
dealership,LETTER FLEECE KIT,Armstrong,2,0,False,False,2025-09-08
dean,FLEECE,Armstrong,2,0,False,False,2025-09-08
deanna,COMMA FLEECE TRAP,Armstrong,2,0,False,False,2025-09-08
dear,NEAR,Armstrong,2,0,False,False,2025-09-08
dearer,NEAR LETTER,Armstrong,2,0,False,False,2025-09-08
dearie,NEAR HAPPY,Armstrong,2,0,False,False,2025-09-08
dearly,NEAR HAPPY,Armstrong,2,0,False,False,2025-09-08
dearness,NEAR,Armstrong,2,0,False,False,2025-09-08
dearth,NURSE,Armstrong,2,0,False,False,2025-09-08
deary,NEAR HAPPY,Armstrong,2,0,False,False,2025-09-08
death,DRESS,Armstrong,2,0,False,False,2025-09-08
deathwatch,LOT DRESS,Armstrong,2,0,False,False,2025-09-08
debate,FACE COMMA,Armstrong,2,0,False,False,2025-09-08
debauch,THOUGHT,Armstrong,2,0,False,False,2025-09-08
debauchee,HAPPY THOUGHT,Armstrong,2,0,False,False,2025-09-08
debbie,DRESS HAPPY,Armstrong,2,0,False,False,2025-09-08
debit,DRESS KIT,Armstrong,2,0,False,False,2025-09-08
deborah,DRESS COMMA,Armstrong,2,0,False,False,2025-09-08
debued,GOOSE FACE,Armstrong,2,0,False,False,2025-09-08
debut,FACE GOOSE,Armstrong,2,0,False,False,2025-09-08
debutante,PALM GOOSE,Armstrong,2,0,False,False,2025-09-08
debutz,GOOSE FACE,Armstrong,2,0,False,False,2025-09-08
decade,FACE DRESS,Armstrong,2,0,False,False,2025-09-08
decaf,TRAP FLEECE,Armstrong,2,0,False,False,2025-09-08
december,DRESS LETTER,Armstrong,2,0,False,False,2025-09-08
decision,KIT,Armstrong,2,0,False,False,2025-09-08
declare,SQUARE,Armstrong,2,0,False,False,2025-09-08
declared,SQUARE,Armstrong,2,0,False,False,2025-09-08
declares,SQUARE,Armstrong,2,0,False,False,2025-09-08
decors,NORTH,Armstrong,2,0,False,False,2025-09-08
decoys,CHOICE FLEECE,Armstrong,2,0,False,False,2025-09-08
decreolize,NEAR FLEECE PRICE FACE,Armstrong,2,0,False,False,2025-09-08
deemed,FLEECE,Armstrong,2,0,False,False,2025-09-08
deep,FLEECE,Armstrong,2,0,False,False,2025-09-08
deer,NEAR,Armstrong,2,0,False,False,2025-09-08
deerskin,NEAR KIT,Armstrong,2,0,False,False,2025-09-08
deerstalker,THOUGHT NEAR LETTER,Armstrong,2,0,False,False,2025-09-08
default,COMMA FLEECE,Armstrong,2,0,False,False,2025-09-08
defeat,FLEECE COMMA,Armstrong,2,0,False,False,2025-09-08
defence,COMMA DRESS,Armstrong,2,0,False,False,2025-09-08
defend,COMMA DRESS,Armstrong,2,0,False,False,2025-09-08
definitely,DRESS KIT HAPPY,Armstrong,2,0,False,False,2025-09-08
definition,DRESS KIT,Armstrong,2,0,False,False,2025-09-08
defloration,FORCE FLEECE FACE,Armstrong,2,0,False,False,2025-09-08
defraudation,THOUGHT FLEECE FACE,Armstrong,2,0,False,False,2025-09-08
degrade,KIT FACE,Armstrong,2,0,False,False,2025-09-08
degree,FLEECE COMMA,Armstrong,2,0,False,False,2025-09-08
deimos,FACE CLOTH,Armstrong,2,0,False,False,2025-09-08
delayed,FACE,Armstrong,2,0,False,False,2025-09-08
delays,FACE,Armstrong,2,0,False,False,2025-09-08
deli,HAPPY DRESS,Armstrong,2,0,False,False,2025-09-08
deliberate,KIT,Armstrong,2,0,False,False,2025-09-08
delicious,KIT (COMMA),Armstrong,2,0,False,False,2025-09-08
delighted,PRICE KIT,Armstrong,2,0,False,False,2025-09-08
deliver,KIT LETTER,Armstrong,2,0,False,False,2025-09-08
delivery,LETTER COMMA KIT HAPPY,Armstrong,2,0,False,False,2025-09-08
deloitte,CHOICE,Armstrong,2,0,False,False,2025-09-08
delta,COMMA DRESS,Armstrong,2,0,False,False,2025-09-08
deluge,GOOSE DRESS,Armstrong,2,0,False,False,2025-09-08
delusion,GOOSE,Armstrong,2,0,False,False,2025-09-08
deluxe,STRUT,Armstrong,2,0,False,False,2025-09-08
dematerialization,NEAR FLEECE HAPPY PRICE FACE,Armstrong,2,0,False,False,2025-09-08
dementia,COMMA DRESS,Armstrong,2,0,False,False,2025-09-08
demigod,LOT DRESS KIT,Armstrong,2,0,False,False,2025-09-08
demimondaine,THOUGHT DRESS LOT FACE,Armstrong,2,0,False,False,2025-09-08
democrat,TRAP DRESS,Armstrong,2,0,False,False,2025-09-08
democratic,COMMA DRESS TRAP KIT,Armstrong,2,0,False,False,2025-09-08
demodulation,LOT FLEECE FACE,Armstrong,2,0,False,False,2025-09-08
demure,CURE,Armstrong,2,0,False,False,2025-09-08
den,DRESS,Armstrong,2,0,False,False,2025-09-08
denaturize,FACE FLEECE CURE PRICE,Armstrong,2,0,False,False,2025-09-08
deneb,DRESS,Armstrong,2,0,False,False,2025-09-08
denies,PRICE,Armstrong,2,0,False,False,2025-09-08
denmark,START DRESS,Armstrong,2,0,False,False,2025-09-08
deoribonucleic,GOOSE FLEECE LOT FACE KIT,Armstrong,2,0,False,False,2025-09-08
department,START COMMA,Armstrong,2,0,False,False,2025-09-08
departure,START LETTER,Armstrong,2,0,False,False,2025-09-08
depend,COMMA DRESS,Armstrong,2,0,False,False,2025-09-08
deploy,CHOICE,Armstrong,2,0,False,False,2025-09-08
deployed,CHOICE,Armstrong,2,0,False,False,2025-09-08
deployment,CHOICE,Armstrong,2,0,False,False,2025-09-08
deport,FORCE,Armstrong,2,0,False,False,2025-09-08
depositing,LOT KIT,Armstrong,2,0,False,False,2025-09-08
depressurization,DRESS FLEECE LETTER PRICE FACE,Armstrong,2,0,False,False,2025-09-08
depth-charge,START DRESS,Armstrong,2,0,False,False,2025-09-08
deputy,DRESS FOOT HAPPY,Armstrong,2,0,False,False,2025-09-08
derailed,FACE FLEECE,Armstrong,2,0,False,False,2025-09-08
derby,HAPPY NURSE,Armstrong,2,0,False,False,2025-09-08
derision,KIT,Armstrong,2,0,False,False,2025-09-08
derive,PRICE,Armstrong,2,0,False,False,2025-09-08
dermabrasion,FACE NURSE,Armstrong,2,0,False,False,2025-09-08
derriere,SQUARE DRESS,Armstrong,2,0,False,False,2025-09-08
derwent,START DRESS,Armstrong,2,0,False,False,2025-09-08
describe,PRICE,Armstrong,2,0,False,False,2025-09-08
deserve,NURSE,Armstrong,2,0,False,False,2025-09-08
design,PRICE COMMA,Armstrong,2,0,False,False,2025-09-08
designer,PRICE LETTER,Armstrong,2,0,False,False,2025-09-08
desirable,COMMA PRICE,Armstrong,2,0,False,False,2025-09-08
desire,PRICE COMMA,Armstrong,2,0,False,False,2025-09-08
desktop,LOT DRESS,Armstrong,2,0,False,False,2025-09-08
desmond,DRESS,Armstrong,2,0,False,False,2025-09-08
despite,PRICE COMMA,Armstrong,2,0,False,False,2025-09-08
destabilization,FACE FLEECE PRICE,Armstrong,2,0,False,False,2025-09-08
destroy,CHOICE,Armstrong,2,0,False,False,2025-09-08
destroyed,CHOICE,Armstrong,2,0,False,False,2025-09-08
destroyer,CHOICE LETTER,Armstrong,2,0,False,False,2025-09-08
destroys,CHOICE,Armstrong,2,0,False,False,2025-09-08
detail,FACE FLEECE,Armstrong,2,0,False,False,2025-09-08
deter,NURSE,Armstrong,2,0,False,False,2025-09-08
determined,NURSE,Armstrong,2,0,False,False,2025-09-08
detour,CURE FLEECE,Armstrong,2,0,False,False,2025-09-08
detoured,CURE FLEECE,Armstrong,2,0,False,False,2025-09-08
detouring,CURE FLEECE KIT,Armstrong,2,0,False,False,2025-09-08
detours,CURE FLEECE,Armstrong,2,0,False,False,2025-09-08
detroit,CHOICE,Armstrong,2,0,False,False,2025-09-08
deutschmark,CHOICE START,Armstrong,2,0,False,False,2025-09-08
develop,COMMA DRESS,Armstrong,2,0,False,False,2025-09-08
developer,LETTER DRESS,Armstrong,2,0,False,False,2025-09-08
development,DRESS COMMA,Armstrong,2,0,False,False,2025-09-08
device,COMMA PRICE,Armstrong,2,0,False,False,2025-09-08
devon,DRESS,Armstrong,2,0,False,False,2025-09-08
devotion,GOAT KIT,Armstrong,2,0,False,False,2025-09-08
devourer,MOUTH KIT LETTER,Armstrong,2,0,False,False,2025-09-08
dew-worm,GOOSE NURSE,Armstrong,2,0,False,False,2025-09-08
dhal,PALM,Armstrong,2,0,False,False,2025-09-08
di,PRICE,Armstrong,2,0,False,False,2025-09-08
diablo,TRAP HAPPY GOAT,Armstrong,2,0,False,False,2025-09-08
diadem,DRESS PRICE,Armstrong,2,0,False,False,2025-09-08
diaghilev,DRESS HAPPY TRAP,Armstrong,2,0,False,False,2025-09-08
diagnosis,GOAT PRICE KIT,Armstrong,2,0,False,False,2025-09-08
dialogue,LOT PRICE,Armstrong,2,0,False,False,2025-09-08
diamante,NEAR FACE,Armstrong,2,0,False,False,2025-09-08
diana,COMMA PRICE TRAP,Armstrong,2,0,False,False,2025-09-08
diarist,COMMA PRICE KIT,Armstrong,2,0,False,False,2025-09-08
diary,PRICE LETTER COMMA HAPPY,Armstrong,2,0,False,False,2025-09-08
diatribe,PRICE,Armstrong,2,0,False,False,2025-09-08
diaz,TRAP FLEECE,Armstrong,2,0,False,False,2025-09-08
dicast,TRAP PRICE,Armstrong,2,0,False,False,2025-09-08
did,KIT,Armstrong,2,0,False,False,2025-09-08
die,PRICE,Armstrong,2,0,False,False,2025-09-08
diecast,BATH PRICE,Armstrong,2,0,False,False,2025-09-08
died,PRICE,Armstrong,2,0,False,False,2025-09-08
dies,PRICE,Armstrong,2,0,False,False,2025-09-08
diet,PRICE,Armstrong,2,0,False,False,2025-09-08
differ,LETTER KIT,Armstrong,2,0,False,False,2025-09-08
different,KIT LETTER,Armstrong,2,0,False,False,2025-09-08
difficult,KIT,Armstrong,2,0,False,False,2025-09-08
diffusion,GOOSE KIT,Armstrong,2,0,False,False,2025-09-08
diffusivity,GOOSE KIT HAPPY,Armstrong,2,0,False,False,2025-09-08
dig,KIT,Armstrong,2,0,False,False,2025-09-08
digbeth,DRESS KIT,Armstrong,2,0,False,False,2025-09-08
digest,PRICE DRESS,Armstrong,2,0,False,False,2025-09-08
digested,PRICE DRESS,Armstrong,2,0,False,False,2025-09-08
digestion,PRICE DRESS,Armstrong,2,0,False,False,2025-09-08
digestive,PRICE DRESS KIT,Armstrong,2,0,False,False,2025-09-08
digital,KIT,Armstrong,2,0,False,False,2025-09-08
diglossia,PRICE CLOTH HAPPY,Armstrong,2,0,False,False,2025-09-08
dignity,KIT HAPPY,Armstrong,2,0,False,False,2025-09-08
digressed,PRICE DRESS,Armstrong,2,0,False,False,2025-09-08
digression,PRICE DRESS,Armstrong,2,0,False,False,2025-09-08
dilemma,COMMA PRICE DRESS,Armstrong,2,0,False,False,2025-09-08
dilithium,KIT HAPPY,Armstrong,2,0,False,False,2025-09-08
diminution,GOOSE KIT,Armstrong,2,0,False,False,2025-09-08
dimitri,FLEECE HAPPY KIT,Armstrong,2,0,False,False,2025-09-08
dina,COMMA PRICE,Armstrong,2,0,False,False,2025-09-08
dingaan,PALM KIT,Armstrong,2,0,False,False,2025-09-08
dining-room,GOOSE PRICE KIT,Armstrong,2,0,False,False,2025-09-08
dinner,LETTER KIT,Armstrong,2,0,False,False,2025-09-08
dinosaur,PRICE NORTH,Armstrong,2,0,False,False,2025-09-08
dinothere,NEAR PRICE,Armstrong,2,0,False,False,2025-09-08
diploma,GOAT COMMA KIT,Armstrong,2,0,False,False,2025-09-08
director,DRESS LETTER (PRICE),Armstrong,2,0,False,False,2025-09-08
directorial,FORCE PRICE DRESS HAPPY,Armstrong,2,0,False,False,2025-09-08
direst,PRICE COMMA,Armstrong,2,0,False,False,2025-09-08
dirty,NURSE HAPPY,Armstrong,2,0,False,False,2025-09-08
disable,FACE KIT,Armstrong,2,0,False,False,2025-09-08
disagreement,FLEECE KIT,Armstrong,2,0,False,False,2025-09-08
disallow,KIT MOUTH,Armstrong,2,0,False,False,2025-09-08
disappear,NEAR KIT,Armstrong,2,0,False,False,2025-09-08
disappeared,NEAR KIT,Armstrong,2,0,False,False,2025-09-08
disappointed,CHOICE KIT,Armstrong,2,0,False,False,2025-09-08
disaster,KIT BATH LETTER,Armstrong,2,0,False,False,2025-09-08
disclaimer,FACE LETTER KIT,Armstrong,2,0,False,False,2025-09-08
disclosure,GOAT LETTER KIT,Armstrong,2,0,False,False,2025-09-08
discourse,FORCE KIT,Armstrong,2,0,False,False,2025-09-08
discover,STRUT LETTER KIT,Armstrong,2,0,False,False,2025-09-08
discreet,FLEECE KIT,Armstrong,2,0,False,False,2025-09-08
discuss,STRUT KIT,Armstrong,2,0,False,False,2025-09-08
discussion,STRUT KIT,Armstrong,2,0,False,False,2025-09-08
disgorge,NORTH KIT,Armstrong,2,0,False,False,2025-09-08
disguise,PRICE KIT,Armstrong,2,0,False,False,2025-09-08
dishforth,FORCE KIT,Armstrong,2,0,False,False,2025-09-08
dishtowel,MOUTH KIT,Armstrong,2,0,False,False,2025-09-08
disk-drive,PRICE KIT,Armstrong,2,0,False,False,2025-09-08
disobliges,PRICE KIT,Armstrong,2,0,False,False,2025-09-08
disobligingly,PRICE KIT HAPPY,Armstrong,2,0,False,False,2025-09-08
dispatch,TRAP KIT,Armstrong,2,0,False,False,2025-09-08
displays,FACE KIT,Armstrong,2,0,False,False,2025-09-08
displeasure,LETTER KIT DRESS,Armstrong,2,0,False,False,2025-09-08
dispute,GOOSE KIT,Armstrong,2,0,False,False,2025-09-08
disruption,STRUT KIT,Armstrong,2,0,False,False,2025-09-08
dissuasion,FACE KIT,Armstrong,2,0,False,False,2025-09-08
distance,KIT,Armstrong,2,0,False,False,2025-09-08
distort,NORTH KIT,Armstrong,2,0,False,False,2025-09-08
distortion,NORTH KIT,Armstrong,2,0,False,False,2025-09-08
distribute,GOOSE KIT,Armstrong,2,0,False,False,2025-09-08
distributed,FOOT KIT,Armstrong,2,0,False,False,2025-09-08
distribution,KIT GOOSE,Armstrong,2,0,False,False,2025-09-08
distributor,KIT FOOT LETTER,Armstrong,2,0,False,False,2025-09-08
disturbing,NURSE KIT,Armstrong,2,0,False,False,2025-09-08
ditch,KIT,Armstrong,2,0,False,False,2025-09-08
dithering,KIT LETTER,Armstrong,2,0,False,False,2025-09-08
diva,COMMA FLEECE,Armstrong,2,0,False,False,2025-09-08
dive,PRICE,Armstrong,2,0,False,False,2025-09-08
diversion,NURSE (PRICE) LETTER,Armstrong,2,0,False,False,2025-09-08
diversity,NURSE (PRICE) LETTER,Armstrong,2,0,False,False,2025-09-08
diving,PRICE KIT,Armstrong,2,0,False,False,2025-09-08
division,KIT,Armstrong,2,0,False,False,2025-09-08
divorce,FORCE (COMMA) KIT,Armstrong,2,0,False,False,2025-09-08
diy,PRICE,Armstrong,2,0,False,False,2025-09-08
djs,FACE FLEECE,Armstrong,2,0,False,False,2025-09-08
do,GOAT GOOSE COMMA,Armstrong,2,0,False,False,2025-09-08
do-or-die,PRICE GOOSE NORTH,Armstrong,2,0,False,False,2025-09-08
do-si-do,GOAT HAPPY,Armstrong,2,0,False,False,2025-09-08
document,LOT FOOT DRESS,Armstrong,2,0,False,False,2025-09-08
documentary,FOOT LOT DRESS HAPPY,Armstrong,2,0,False,False,2025-09-08
documents,DRESS LOT FOOT,Armstrong,2,0,False,False,2025-09-08
docuseries,NEAR LOT GOOSE HAPPY,Armstrong,2,0,False,False,2025-09-08
dodge,LOT,Armstrong,2,0,False,False,2025-09-08
does,COMMA GOAT,Armstrong,2,0,False,False,2025-09-08
dog,LOT CLOTH,Armstrong,2,0,False,False,2025-09-08
dog-eared,NEAR LOT CLOTH,Armstrong,2,0,False,False,2025-09-08
dog-end,DRESS LOT CLOTH,Armstrong,2,0,False,False,2025-09-08
doge,GOAT,Armstrong,2,0,False,False,2025-09-08
dogfood,LOT GOOSE,Armstrong,2,0,False,False,2025-09-08
doggie,HAPPY LOT CLOTH,Armstrong,2,0,False,False,2025-09-08
dogleg,LOT DRESS,Armstrong,2,0,False,False,2025-09-08
dogwatch,LOT,Armstrong,2,0,False,False,2025-09-08
doha,PALM GOAT,Armstrong,2,0,False,False,2025-09-08
doig,CHOICE,Armstrong,2,0,False,False,2025-09-08
doing,GOOSE KIT,Armstrong,2,0,False,False,2025-09-08
doit,CHOICE,Armstrong,2,0,False,False,2025-09-08
dolby,HAPPY GOAT,Armstrong,2,0,False,False,2025-09-08
doll,LOT,Armstrong,2,0,False,False,2025-09-08
dollar,LOT LETTER,Armstrong,2,0,False,False,2025-09-08
domain,GOAT FACE,Armstrong,2,0,False,False,2025-09-08
dombey,HAPPY LOT,Armstrong,2,0,False,False,2025-09-08
dominica,FLEECE COMMA KIT,Armstrong,2,0,False,False,2025-09-08
donate,GOAT FACE,Armstrong,2,0,False,False,2025-09-08
doncaster,TRAP LOT LETTER,Armstrong,2,0,False,False,2025-09-08
done,STRUT,Armstrong,2,0,False,False,2025-09-08
donegal,THOUGHT LOT,Armstrong,2,0,False,False,2025-09-08
donna,COMMA LOT,Armstrong,2,0,False,False,2025-09-08
donut,STRUT GOAT,Armstrong,2,0,False,False,2025-09-08
doo-wop,GOOSE LOT,Armstrong,2,0,False,False,2025-09-08
doodlebug,STRUT GOOSE,Armstrong,2,0,False,False,2025-09-08
doom,GOOSE,Armstrong,2,0,False,False,2025-09-08
door,FORCE,Armstrong,2,0,False,False,2025-09-08
doorhandle,FORCE TRAP,Armstrong,2,0,False,False,2025-09-08
doorjamp,FORCE TRAP,Armstrong,2,0,False,False,2025-09-08
doorknob,LOT FORCE,Armstrong,2,0,False,False,2025-09-08
doorplate,FACE FORCE,Armstrong,2,0,False,False,2025-09-08
doorway,NORTH FORCE FACE,Armstrong,2,0,False,False,2025-09-08
dopey,HAPPY GOAT,Armstrong,2,0,False,False,2025-09-08
dora,FORCE,Armstrong,2,0,False,False,2025-09-08
dordogne,CHOICE NORTH,Armstrong,2,0,False,False,2025-09-08
dorothy,COMMA NORTH HAPPY,Armstrong,2,0,False,False,2025-09-08
dorset,NORTH KIT,Armstrong,2,0,False,False,2025-09-08
dosh,LOT,Armstrong,2,0,False,False,2025-09-08
doss,CLOTH,Armstrong,2,0,False,False,2025-09-08
dot,LOT,Armstrong,2,0,False,False,2025-09-08
doth,STRUT,Armstrong,2,0,False,False,2025-09-08
doting,GOAT KIT,Armstrong,2,0,False,False,2025-09-08
double,STRUT,Armstrong,2,0,False,False,2025-09-08
double-clutch,STRUT,Armstrong,2,0,False,False,2025-09-08
double-time,STRUT PRICE,Armstrong,2,0,False,False,2025-09-08
doubt,MOUTH,Armstrong,2,0,False,False,2025-09-08
douchebag,GOOSE TRAP,Armstrong,2,0,False,False,2025-09-08
doug,STRUT,Armstrong,2,0,False,False,2025-09-08
dough,GOAT,Armstrong,2,0,False,False,2025-09-08
doughnut,STRUT GOAT,Armstrong,2,0,False,False,2025-09-08
douglas,STRUT,Armstrong,2,0,False,False,2025-09-08
dourine,CURE FLEECE,Armstrong,2,0,False,False,2025-09-08
douro,CURE GOAT,Armstrong,2,0,False,False,2025-09-08
dovercourt,FORCE GOAT LETTER,Armstrong,2,0,False,False,2025-09-08
dow-jones,MOUTH GOAT,Armstrong,2,0,False,False,2025-09-08
dowdy,MOUTH HAPPY,Armstrong,2,0,False,False,2025-09-08
dowel,MOUTH,Armstrong,2,0,False,False,2025-09-08
down,MOUTH,Armstrong,2,0,False,False,2025-09-08
downbeat,FLEECE MOUTH,Armstrong,2,0,False,False,2025-09-08
downdraft,BATH MOUTH,Armstrong,2,0,False,False,2025-09-08
download,GOAT MOUTH,Armstrong,2,0,False,False,2025-09-08
downpour,FORCE MOUTH,Armstrong,2,0,False,False,2025-09-08
downstairs,SQUARE MOUTH,Armstrong,2,0,False,False,2025-09-08
downtown,MOUTH,Armstrong,2,0,False,False,2025-09-08
doyle,CHOICE,Armstrong,2,0,False,False,2025-09-08
dracula,FOOT TRAP,Armstrong,2,0,False,False,2025-09-08
draft,BATH,Armstrong,2,0,False,False,2025-09-08
drag,TRAP,Armstrong,2,0,False,False,2025-09-08
dragon,TRAP,Armstrong,2,0,False,False,2025-09-08
drama,PALM COMMA,Armstrong,2,0,False,False,2025-09-08
dramatic,TRAP KIT,Armstrong,2,0,False,False,2025-09-08
drapes,FACE,Armstrong,2,0,False,False,2025-09-08
drastic,BATH KIT,Armstrong,2,0,False,False,2025-09-08
drawback,THOUGHT TRAP,Armstrong,2,0,False,False,2025-09-08
drawling,THOUGHT KIT,Armstrong,2,0,False,False,2025-09-08
drawn,THOUGHT,Armstrong,2,0,False,False,2025-09-08
draws,THOUGHT,Armstrong,2,0,False,False,2025-09-08
drawstring,THOUGHT KIT,Armstrong,2,0,False,False,2025-09-08
drayton,FACE,Armstrong,2,0,False,False,2025-09-08
dreadlocks,LOT DRESS,Armstrong,2,0,False,False,2025-09-08
dream,FLEECE,Armstrong,2,0,False,False,2025-09-08
dreariest,NEAR HAPPY,Armstrong,2,0,False,False,2025-09-08
dreary,NEAR HAPPY,Armstrong,2,0,False,False,2025-09-08
dressing-gown,MOUTH DRESS KIT,Armstrong,2,0,False,False,2025-09-08
dreyfus,FACE,Armstrong,2,0,False,False,2025-09-08
drive,PRICE,Armstrong,2,0,False,False,2025-09-08
drive-in,PRICE KIT,Armstrong,2,0,False,False,2025-09-08
driven,KIT,Armstrong,2,0,False,False,2025-09-08
driver,LETTER PRICE,Armstrong,2,0,False,False,2025-09-08
droitwich,CHOICE KIT,Armstrong,2,0,False,False,2025-09-08
drop,LOT,Armstrong,2,0,False,False,2025-09-08
drove,GOAT,Armstrong,2,0,False,False,2025-09-08
drudgery,STRUT LETTER HAPPY,Armstrong,2,0,False,False,2025-09-08
drug,STRUT,Armstrong,2,0,False,False,2025-09-08
drum-major,STRUT FACE LETTER,Armstrong,2,0,False,False,2025-09-08
drunk,STRUT,Armstrong,2,0,False,False,2025-09-08
drunken,STRUT,Armstrong,2,0,False,False,2025-09-08
dry-clean,PRICE FLEECE,Armstrong,2,0,False,False,2025-09-08
dry-walling,PRICE THOUGHT,Armstrong,2,0,False,False,2025-09-08
dual,GOOSE,Armstrong,2,0,False,False,2025-09-08
dubbed,STRUT,Armstrong,2,0,False,False,2025-09-08
dubious,GOOSE HAPPY,Armstrong,2,0,False,False,2025-09-08
dublin,STRUT KIT,Armstrong,2,0,False,False,2025-09-08
dubois,GOOSE PALM,Armstrong,2,0,False,False,2025-09-08
dubonnet,GOOSE LOT FACE,Armstrong,2,0,False,False,2025-09-08
duce,GOOSE,Armstrong,2,0,False,False,2025-09-08
duchesne,GOOSE FACE,Armstrong,2,0,False,False,2025-09-08
duchess,DRESS STRUT,Armstrong,2,0,False,False,2025-09-08
duck-egg,DRESS STRUT,Armstrong,2,0,False,False,2025-09-08
duckworth,LETTER STRUT,Armstrong,2,0,False,False,2025-09-08
dude,GOOSE,Armstrong,2,0,False,False,2025-09-08
dudgeon,STRUT,Armstrong,2,0,False,False,2025-09-08
dudley,STRUT HAPPY,Armstrong,2,0,False,False,2025-09-08
due,GOOSE,Armstrong,2,0,False,False,2025-09-08
duffey,HAPPY STRUT,Armstrong,2,0,False,False,2025-09-08
duffy,STRUT HAPPY,Armstrong,2,0,False,False,2025-09-08
dug,STRUT,Armstrong,2,0,False,False,2025-09-08
dukakis,GOOSE PALM,Armstrong,2,0,False,False,2025-09-08
duke,GOOSE,Armstrong,2,0,False,False,2025-09-08
duluth,GOOSE,Armstrong,2,0,False,False,2025-09-08
dumaine,GOOSE FACE,Armstrong,2,0,False,False,2025-09-08
dumfries,STRUT PRICE,Armstrong,2,0,False,False,2025-09-08
dundee,STRUT HAPPY,Armstrong,2,0,False,False,2025-09-08
dune,GOOSE,Armstrong,2,0,False,False,2025-09-08
dunlop,LOT STRUT,Armstrong,2,0,False,False,2025-09-08
duolingo,GOAT GOOSE KIT,Armstrong,2,0,False,False,2025-09-08
duos,GOAT GOOSE,Armstrong,2,0,False,False,2025-09-08
duplex,GOOSE DRESS,Armstrong,2,0,False,False,2025-09-08
duplicitous,GOOSE KIT,Armstrong,2,0,False,False,2025-09-08
durham,STRUT,Armstrong,2,0,False,False,2025-09-08
during,CURE KIT,Armstrong,2,0,False,False,2025-09-08
dusk,STRUT,Armstrong,2,0,False,False,2025-09-08
dusseldorf,NORTH (GOOSE) (FOOT),Armstrong,2,0,False,False,2025-09-08
dust-wrapper,TRAP STRUT LETTER,Armstrong,2,0,False,False,2025-09-08
dutch,STRUT,Armstrong,2,0,False,False,2025-09-08
duterte,SQUARE GOOSE,Armstrong,2,0,False,False,2025-09-08
duthie,HAPPY GOOSE,Armstrong,2,0,False,False,2025-09-08
duthy,STRUT HAPPY,Armstrong,2,0,False,False,2025-09-08
duty,GOOSE HAPPY,Armstrong,2,0,False,False,2025-09-08
duvalier,GOOSE TRAP HAPPY,Armstrong,2,0,False,False,2025-09-08
duvets,FACE GOOSE,Armstrong,2,0,False,False,2025-09-08
dwarf,NORTH,Armstrong,2,0,False,False,2025-09-08
dwarfism,NORTH KIT,Armstrong,2,0,False,False,2025-09-08
dwarves,NORTH,Armstrong,2,0,False,False,2025-09-08
dye,PRICE,Armstrong,2,0,False,False,2025-09-08
dye-works,PRICE NURSE,Armstrong,2,0,False,False,2025-09-08
dyestuffs,STRUT PRICE,Armstrong,2,0,False,False,2025-09-08
dynamic,PRICE TRAP KIT,Armstrong,2,0,False,False,2025-09-08
e-cigarette,DRESS FLEECE KIT,Armstrong,2,0,False,False,2025-09-08
each,FLEECE,Armstrong,2,0,False,False,2025-09-08
eager,FLEECE LETTER,Armstrong,2,0,False,False,2025-09-08
eagle,FLEECE,Armstrong,2,0,False,False,2025-09-08
eaglet,FLEECE KIT,Armstrong,2,0,False,False,2025-09-08
eames,(FLEECE) (FACE),Armstrong,2,0,False,False,2025-09-08
eamon,FACE,Armstrong,2,0,False,False,2025-09-08
ear,NEAR,Armstrong,2,0,False,False,2025-09-08
earflap,NEAR TRAP,Armstrong,2,0,False,False,2025-09-08
earful,NEAR,Armstrong,2,0,False,False,2025-09-08
earl,NURSE,Armstrong,2,0,False,False,2025-09-08
earlier,NURSE HAPPY LETTER,Armstrong,2,0,False,False,2025-09-08
earliest,NURSE HAPPY,Armstrong,2,0,False,False,2025-09-08
earlobe,NEAR GOAT,Armstrong,2,0,False,False,2025-09-08
early,NURSE HAPPY,Armstrong,2,0,False,False,2025-09-08
earmuff,STRUT NEAR,Armstrong,2,0,False,False,2025-09-08
earn,NURSE,Armstrong,2,0,False,False,2025-09-08
earphones,NEAR GOAT,Armstrong,2,0,False,False,2025-09-08
earplug,STRUT NEAR,Armstrong,2,0,False,False,2025-09-08
earring,NEAR KIT,Armstrong,2,0,False,False,2025-09-08
ears,NEAR,Armstrong,2,0,False,False,2025-09-08
earshot,NEAR LOT,Armstrong,2,0,False,False,2025-09-08
earth,NURSE,Armstrong,2,0,False,False,2025-09-08
eartha,COMMA NURSE,Armstrong,2,0,False,False,2025-09-08
earthenware,NURSE SQUARE,Armstrong,2,0,False,False,2025-09-08
earthly,NURSE HAPPY,Armstrong,2,0,False,False,2025-09-08
earthquake,FACE NURSE,Armstrong,2,0,False,False,2025-09-08
earthworm,NURSE,Armstrong,2,0,False,False,2025-09-08
earwax,NEAR TRAP,Armstrong,2,0,False,False,2025-09-08
earwig,NEAR KIT,Armstrong,2,0,False,False,2025-09-08
earworm,NEAR NURSE,Armstrong,2,0,False,False,2025-09-08
east-southeast,MOUTH FLEECE,Armstrong,2,0,False,False,2025-09-08
eastbourne,FORCE CURE FLEECE,Armstrong,2,0,False,False,2025-09-08
eastcheap,FLEECE,Armstrong,2,0,False,False,2025-09-08
eastern,LETTER FLEECE,Armstrong,2,0,False,False,2025-09-08
eastwood,FOOT FLEECE,Armstrong,2,0,False,False,2025-09-08
easy,HAPPY FLEECE,Armstrong,2,0,False,False,2025-09-08
eat,FLEECE,Armstrong,2,0,False,False,2025-09-08
eating-place,FACE FLEECE KIT,Armstrong,2,0,False,False,2025-09-08
ebay,FLEECE FACE,Armstrong,2,0,False,False,2025-09-08
ebbtide,DRESS PRICE,Armstrong,2,0,False,False,2025-09-08
ebony,DRESS HAPPY,Armstrong,2,0,False,False,2025-09-08
eco-friendly,GOAT FLEECE DRESS HAPPY,Armstrong,2,0,False,False,2025-09-08
ecological,LOT FLEECE KIT,Armstrong,2,0,False,False,2025-09-08
economic,(DRESS) (FLEECE) LOT KIT,Armstrong,2,0,False,False,2025-09-08
economics,LOT (FLEECE) (DRESS) KIT,Armstrong,2,0,False,False,2025-09-08
economy,HAPPY LOT,Armstrong,2,0,False,False,2025-09-08
ecorche,NORTH FACE,Armstrong,2,0,False,False,2025-09-08
ecorse,NORTH,Armstrong,2,0,False,False,2025-09-08
ectoplasm,TRAP DRESS GOAT,Armstrong,2,0,False,False,2025-09-08
ed,DRESS,Armstrong,2,0,False,False,2025-09-08
eddie,HAPPY DRESS,Armstrong,2,0,False,False,2025-09-08
edge,DRESS,Armstrong,2,0,False,False,2025-09-08
edging-shears,NEAR DRESS KIT,Armstrong,2,0,False,False,2025-09-08
edgware,DRESS SQUARE,Armstrong,2,0,False,False,2025-09-08
edgy,HAPPY DRESS,Armstrong,2,0,False,False,2025-09-08
edible,KIT DRESS,Armstrong,2,0,False,False,2025-09-08
edinburgh,DRESS STRUT COMMA,Armstrong,2,0,False,False,2025-09-08
edition,KIT,Armstrong,2,0,False,False,2025-09-08
editor,KIT DRESS LETTER,Armstrong,2,0,False,False,2025-09-08
editorial,FORCE DRESS HAPPY,Armstrong,2,0,False,False,2025-09-08
editorialization,FORCE DRESS KIT HAPPY PRICE FACE,Armstrong,2,0,False,False,2025-09-08
editors,LETTER DRESS KIT,Armstrong,2,0,False,False,2025-09-08
education,DRESS FACE,Armstrong,2,0,False,False,2025-09-08
edward,LETTER DRESS,Armstrong,2,0,False,False,2025-09-08
eerie,NEAR HAPPY,Armstrong,2,0,False,False,2025-09-08
eeyore,FORCE FLEECE,Armstrong,2,0,False,False,2025-09-08
effendi,DRESS HAPPY,Armstrong,2,0,False,False,2025-09-08
effie,HAPPY DRESS,Armstrong,2,0,False,False,2025-09-08
effort,DRESS LETTER,Armstrong,2,0,False,False,2025-09-08
effusions,GOOSE,Armstrong,2,0,False,False,2025-09-08
egerton,DRESS LETTER,Armstrong,2,0,False,False,2025-09-08
egg,DRESS,Armstrong,2,0,False,False,2025-09-08
egocentric,FLEECE GOAT DRESS KIT,Armstrong,2,0,False,False,2025-09-08
egoism,FLEECE GOAT KIT,Armstrong,2,0,False,False,2025-09-08
egress,FLEECE DRESS,Armstrong,2,0,False,False,2025-09-08
egypt,KIT FLEECE,Armstrong,2,0,False,False,2025-09-08
eid,FLEECE,Armstrong,2,0,False,False,2025-09-08
eight,FACE,Armstrong,2,0,False,False,2025-09-08
eighteen,FACE FLEECE,Armstrong,2,0,False,False,2025-09-08
eighth,FACE,Armstrong,2,0,False,False,2025-09-08
eileen,(FLEECE) PRICE,Armstrong,2,0,False,False,2025-09-08
eirsat-1,SQUARE TRAP STRUT,Armstrong,2,0,False,False,2025-09-08
eisenhower,MOUTH PRICE LETTER,Armstrong,2,0,False,False,2025-09-08
either,LETTER (FLEECE) (PRICE),Armstrong,2,0,False,False,2025-09-08
elastic,TRAP KIT,Armstrong,2,0,False,False,2025-09-08
elba,COMMA DRESS,Armstrong,2,0,False,False,2025-09-08
elbowroom,GOAT DRESS GOOSE,Armstrong,2,0,False,False,2025-09-08
elderflower,MOUTH DRESS LETTER,Armstrong,2,0,False,False,2025-09-08
elderly,LETTER DRESS HAPPY,Armstrong,2,0,False,False,2025-09-08
electrocardiogram,GOAT DRESS START HAPPY TRAP,Armstrong,2,0,False,False,2025-09-08
electrocution,GOOSE DRESS GOAT,Armstrong,2,0,False,False,2025-09-08
electrolier,NEAR DRESS GOAT,Armstrong,2,0,False,False,2025-09-08
electrolux,STRUT GOAT DRESS,Armstrong,2,0,False,False,2025-09-08
electrolytic,GOAT DRESS LOT KIT,Armstrong,2,0,False,False,2025-09-08
electronics,DRESS LOT KIT,Armstrong,2,0,False,False,2025-09-08
electroshock,GOAT DRESS LOT,Armstrong,2,0,False,False,2025-09-08
eleemosynary,DRESS (FLEECE) CLOTH LETTER HAPPY,Armstrong,2,0,False,False,2025-09-08
elena,(DRESS) (FACE) COMMA,Armstrong,2,0,False,False,2025-09-08
elijah,(PRICE),Armstrong,2,0,False,False,2025-09-08
elim,FLEECE,Armstrong,2,0,False,False,2025-09-08
elision,KIT,Armstrong,2,0,False,False,2025-09-08
elite,FLEECE,Armstrong,2,0,False,False,2025-09-08
eliza,COMMA PRICE,Armstrong,2,0,False,False,2025-09-08
elizabeth,COMMA KIT,Armstrong,2,0,False,False,2025-09-08
ellesmere,NEAR DRESS,Armstrong,2,0,False,False,2025-09-08
elocution,GOOSE DRESS,Armstrong,2,0,False,False,2025-09-08
elope,KIT GOAT,Armstrong,2,0,False,False,2025-09-08
elsa,COMMA DRESS,Armstrong,2,0,False,False,2025-09-08
elsewhere,DRESS SQUARE,Armstrong,2,0,False,False,2025-09-08
email,FLEECE FACE,Armstrong,2,0,False,False,2025-09-08
embarcadero,DRESS START SQUARE GOAT,Armstrong,2,0,False,False,2025-09-08
embodied,LOT HAPPY,Armstrong,2,0,False,False,2025-09-08
embouchure,CURE GOOSE LOT,Armstrong,2,0,False,False,2025-09-08
embrace,FACE DRESS,Armstrong,2,0,False,False,2025-09-08
embrasure,FACE,Armstrong,2,0,False,False,2025-09-08
embroidered,CHOICE DRESS LETTER,Armstrong,2,0,False,False,2025-09-08
emerge,NURSE,Armstrong,2,0,False,False,2025-09-08
emergency,NURSE HAPPY,Armstrong,2,0,False,False,2025-09-08
emma,DRESS COMMA,Armstrong,2,0,False,False,2025-09-08
emmanuel,GOOSE DRESS TRAP,Armstrong,2,0,False,False,2025-09-08
emmentaler,PALM START DRESS LETTER,Armstrong,2,0,False,False,2025-09-08
emoji,GOAT HAPPY,Armstrong,2,0,False,False,2025-09-08
emotion,GOAT,Armstrong,2,0,False,False,2025-09-08
empanada,PALM DRESS,Armstrong,2,0,False,False,2025-09-08
empathy,COMMA DRESS HAPPY,Armstrong,2,0,False,False,2025-09-08
emperor,LETTER DRESS,Armstrong,2,0,False,False,2025-09-08
empire,PRICE DRESS,Armstrong,2,0,False,False,2025-09-08
employ,CHOICE DRESS,Armstrong,2,0,False,False,2025-09-08
employee,FLEECE DRESS CHOICE,Armstrong,2,0,False,False,2025-09-08
employer,CHOICE DRESS LETTER,Armstrong,2,0,False,False,2025-09-08
employment,CHOICE DRESS,Armstrong,2,0,False,False,2025-09-08
emporium,FORCE HAPPY,Armstrong,2,0,False,False,2025-09-08
enable,FACE,Armstrong,2,0,False,False,2025-09-08
enarthrosis,START GOAT KIT,Armstrong,2,0,False,False,2025-09-08
encephalitis,DRESS PRICE,Armstrong,2,0,False,False,2025-09-08
encephalomyelitis,PRICE DRESS GOAT,Armstrong,2,0,False,False,2025-09-08
enchilada,PALM DRESS KIT,Armstrong,2,0,False,False,2025-09-08
enchiladas,PALM DRESS KIT,Armstrong,2,0,False,False,2025-09-08
enclave,FACE DRESS,Armstrong,2,0,False,False,2025-09-08
enclosure,GOAT LETTER,Armstrong,2,0,False,False,2025-09-08
encore,FORCE . LOT,Armstrong,2,0,False,False,2025-09-08
encourage,STRUT / NURSE,Armstrong,2,0,False,False,2025-09-08
encouraged,(STRUT) (NURSE),Armstrong,2,0,False,False,2025-09-08
encroach,GOAT,Armstrong,2,0,False,False,2025-09-08
end,DRESS,Armstrong,2,0,False,False,2025-09-08
endgame,FACE DRESS,Armstrong,2,0,False,False,2025-09-08
endometriosis,FLEECE DRESS GOAT HAPPY KIT,Armstrong,2,0,False,False,2025-09-08
endorsement,NORTH DRESS,Armstrong,2,0,False,False,2025-09-08
endosmosis,LOT DRESS GOAT KIT,Armstrong,2,0,False,False,2025-09-08
endothermic,GOAT DRESS NURSE KIT,Armstrong,2,0,False,False,2025-09-08
endowment,MOUTH DRESS,Armstrong,2,0,False,False,2025-09-08
enduring,CURE KIT,Armstrong,2,0,False,False,2025-09-08
energise,LETTER DRESS PRICE,Armstrong,2,0,False,False,2025-09-08
energize,PRICE LETTER DRESS,Armstrong,2,0,False,False,2025-09-08
energy,HAPPY LETTER DRESS,Armstrong,2,0,False,False,2025-09-08
engage,FACE DRESS,Armstrong,2,0,False,False,2025-09-08
engagement,FACE DRESS,Armstrong,2,0,False,False,2025-09-08
engels,DRESS,Armstrong,2,0,False,False,2025-09-08
engineer,NEAR DRESS KIT,Armstrong,2,0,False,False,2025-09-08
engineering,NEAR DRESS KIT,Armstrong,2,0,False,False,2025-09-08
engineers,NEAR DRESS KIT,Armstrong,2,0,False,False,2025-09-08
england,COMMA KIT,Armstrong,2,0,False,False,2025-09-08
englewood,DRESS FOOT,Armstrong,2,0,False,False,2025-09-08
engorge,NORTH,Armstrong,2,0,False,False,2025-09-08
enjoy,CHOICE,Armstrong,2,0,False,False,2025-09-08
enjoyable,CHOICE,Armstrong,2,0,False,False,2025-09-08
enjoyed,CHOICE,Armstrong,2,0,False,False,2025-09-08
enjoyment,CHOICE,Armstrong,2,0,False,False,2025-09-08
enlarge,START,Armstrong,2,0,False,False,2025-09-08
enough,STRUT,Armstrong,2,0,False,False,2025-09-08
ensemble,LOT,Armstrong,2,0,False,False,2025-09-08
ensued,GOOSE KIT,Armstrong,2,0,False,False,2025-09-08
ensured,CURE KIT,Armstrong,2,0,False,False,2025-09-08
ent,DRESS,Armstrong,2,0,False,False,2025-09-08
enter,DRESS LETTER,Armstrong,2,0,False,False,2025-09-08
enterprise,PRICE LETTER DRESS,Armstrong,2,0,False,False,2025-09-08
entertainment,DRESS LETTER FACE,Armstrong,2,0,False,False,2025-09-08
enthusiasm,TRAP GOOSE DRESS HAPPY,Armstrong,2,0,False,False,2025-09-08
enthusiastic,DRESS GOOSE HAPPY TRAP KIT,Armstrong,2,0,False,False,2025-09-08
entire,PRICE LETTER,Armstrong,2,0,False,False,2025-09-08
entirely,PRICE LETTER HAPPY,Armstrong,2,0,False,False,2025-09-08
entitled,PRICE,Armstrong,2,0,False,False,2025-09-08
entourage,PALM LOT LETTER,Armstrong,2,0,False,False,2025-09-08
entrepreneur,CURE LOT,Armstrong,2,0,False,False,2025-09-08
entrepreneurial,CURSE DRESS HAPPY,Armstrong,2,0,False,False,2025-09-08
entrepreneurs,NURSE LOT,Armstrong,2,0,False,False,2025-09-08
envelope,GOAT (DRESS) (LOT),Armstrong,2,0,False,False,2025-09-08
environment,PRICE,Armstrong,2,0,False,False,2025-09-08
environmental,PRICE DRESS,Armstrong,2,0,False,False,2025-09-08
envoys,CHOICE (DRESS) (LOT),Armstrong,2,0,False,False,2025-09-08
envy,HAPPY DRESS,Armstrong,2,0,False,False,2025-09-08
enzyme,PRICE DRESS,Armstrong,2,0,False,False,2025-09-08
eosinophil,GOAT FLEECE KIT,Armstrong,2,0,False,False,2025-09-08
epic,DRESS KIT,Armstrong,2,0,False,False,2025-09-08
epicure,CURE DRESS KIT,Armstrong,2,0,False,False,2025-09-08
epicurus,GOOSE DRESS KIT,Armstrong,2,0,False,False,2025-09-08
epidemiology,FLEECE DRESS KIT HAPPY LOT,Armstrong,2,0,False,False,2025-09-08
epilepsy,DRESS KIT HAPPY,Armstrong,2,0,False,False,2025-09-08
episode,DRESS GOAT KIT,Armstrong,2,0,False,False,2025-09-08
epoxy,LOT HAPPY,Armstrong,2,0,False,False,2025-09-08
epsilon,DRESS,Armstrong,2,0,False,False,2025-09-08
equal,FLEECE,Armstrong,2,0,False,False,2025-09-08
equation,FACE,Armstrong,2,0,False,False,2025-09-08
equatorial,FORCE DRESS HAPPY,Armstrong,2,0,False,False,2025-09-08
era,COMMA KIT/FLEECE,Armstrong,2,0,False,False,2025-09-08
erasmus,TRAP,Armstrong,2,0,False,False,2025-09-08
erasure,FACE LETTER,Armstrong,2,0,False,False,2025-09-08
ere,SQUARE,Armstrong,2,0,False,False,2025-09-08
erfurt,SQUARE NURSE,Armstrong,2,0,False,False,2025-09-08
ergonomic,NURSE LOT KIT,Armstrong,2,0,False,False,2025-09-08
ergot,NURSE GOAT,Armstrong,2,0,False,False,2025-09-08
erie,NEAR HAPPY,Armstrong,2,0,False,False,2025-09-08
erlangen,SQUARE TRAP,Armstrong,2,0,False,False,2025-09-08
erosion,GOAT,Armstrong,2,0,False,False,2025-09-08
error,LETTER DRESS,Armstrong,2,0,False,False,2025-09-08
errors,DRESS LETTER,Armstrong,2,0,False,False,2025-09-08
erythromycin,KIT GOAT PRICE,Armstrong,2,0,False,False,2025-09-08
escape,FACE,Armstrong,2,0,False,False,2025-09-08
escort,NORTH FORCE DRESS,Armstrong,2,0,False,False,2025-09-08
esmeralda,COMMA DRESS LETTER,Armstrong,2,0,False,False,2025-09-08
especially,DRESS COMMA HAPPY,Armstrong,2,0,False,False,2025-09-08
essay,DRESS FACE,Armstrong,2,0,False,False,2025-09-08
essays,FACE DRESS,Armstrong,2,0,False,False,2025-09-08
established,TRAP KIT,Armstrong,2,0,False,False,2025-09-08
estate,FACE,Armstrong,2,0,False,False,2025-09-08
estcourt,FORCE DRESS,Armstrong,2,0,False,False,2025-09-08
esteem,FLEECE,Armstrong,2,0,False,False,2025-09-08
esterhazy,PALM DRESS LETTER HAPPY,Armstrong,2,0,False,False,2025-09-08
estonia,DRESS GOAT HAPPY,Armstrong,2,0,False,False,2025-09-08
etcetera,DRESS COMMA,Armstrong,2,0,False,False,2025-09-08
etched,DRESS,Armstrong,2,0,False,False,2025-09-08
ethanol,DRESS LOT,Armstrong,2,0,False,False,2025-09-08
ether,LETTER FLEECE,Armstrong,2,0,False,False,2025-09-08
ethical,DRESS KIT,Armstrong,2,0,False,False,2025-09-08
ethiopia,GOAT FLEECE HAPPY,Armstrong,2,0,False,False,2025-09-08
ethnic,DRESS KIT,Armstrong,2,0,False,False,2025-09-08
ethnicity,DRESS KIT HAPPY,Armstrong,2,0,False,False,2025-09-08
ethnography,DRESS LOT HAPPY,Armstrong,2,0,False,False,2025-09-08
etiquette,DRESS KIT,Armstrong,2,0,False,False,2025-09-08
etta,COMMA DRESS,Armstrong,2,0,False,False,2025-09-08
eucalyptus,GOOSE KIT,Armstrong,2,0,False,False,2025-09-08
euclidean,GOOSE KIT,Armstrong,2,0,False,False,2025-09-08
eugene,GOOSE FLEECE,Armstrong,2,0,False,False,2025-09-08
eugenics,GOOSE DRESS KIT,Armstrong,2,0,False,False,2025-09-08
eulogy,GOOSE HAPPY,Armstrong,2,0,False,False,2025-09-08
eumenides,GOOSE DRESS KIT FLEECE,Armstrong,2,0,False,False,2025-09-08
euphemia,GOOSE FLEECE HAPPY,Armstrong,2,0,False,False,2025-09-08
euphemism,GOOSE KIT,Armstrong,2,0,False,False,2025-09-08
euphoney,GOOSE HAPPY,Armstrong,2,0,False,False,2025-09-08
euphonies,GOOSE HAPPY,Armstrong,2,0,False,False,2025-09-08
euphonium,GOOSE GOAT HAPPY,Armstrong,2,0,False,False,2025-09-08
euphoria,GOOSE FORCE HAPPY,Armstrong,2,0,False,False,2025-09-08
euphrates,GOOSE FACE FLEECE,Armstrong,2,0,False,False,2025-09-08
euphues,GOOSE FLEECE,Armstrong,2,0,False,False,2025-09-08
euphuisms,GOOSE KIT,Armstrong,2,0,False,False,2025-09-08
eurasia,COMMA CURE FACE,Armstrong,2,0,False,False,2025-09-08
eurasian,FACE CURE,Armstrong,2,0,False,False,2025-09-08
euro,CURE GOAT,Armstrong,2,0,False,False,2025-09-08
eurocheque,GOAT CURE DRESS,Armstrong,2,0,False,False,2025-09-08
europa,GOAT COMMA CURE,Armstrong,2,0,False,False,2025-09-08
europe,COMMA CURE,Armstrong,2,0,False,False,2025-09-08
european,FLEECE NEAR CURE,Armstrong,2,0,False,False,2025-09-08
euros,GOAT CURE,Armstrong,2,0,False,False,2025-09-08
eurovision,KIT CURE GOAT,Armstrong,2,0,False,False,2025-09-08
eva,COMMA FACE/FLEECE,Armstrong,2,0,False,False,2025-09-08
evaluation,GOOSE TRAP FACE,Armstrong,2,0,False,False,2025-09-08
evangelion,TRAP FLEECE DRESS,Armstrong,2,0,False,False,2025-09-08
evasion,FACE,Armstrong,2,0,False,False,2025-09-08
event,DRESS,Armstrong,2,0,False,False,2025-09-08
ever,DRESS LETTER,Armstrong,2,0,False,False,2025-09-08
everchanging,LETTER DRESS FACE KIT,Armstrong,2,0,False,False,2025-09-08
everglades,FACE LETTER DRESS,Armstrong,2,0,False,False,2025-09-08
evergreen,FLEECE LETTER DRESS,Armstrong,2,0,False,False,2025-09-08
evermore,FORCE DRESS LETTER,Armstrong,2,0,False,False,2025-09-08
everton,DRESS LETTER,Armstrong,2,0,False,False,2025-09-08
every,DRESS HAPPY,Armstrong,2,0,False,False,2025-09-08
everybody,LOT DRESS HAPPY,Armstrong,2,0,False,False,2025-09-08
everyone,DRESS STRUT HAPPY,Armstrong,2,0,False,False,2025-09-08
everything,DRESS HAPPY KIT,Armstrong,2,0,False,False,2025-09-08
everywhere,SQUARE HAPPY DRESS,Armstrong,2,0,False,False,2025-09-08
evidence,DRESS KIT,Armstrong,2,0,False,False,2025-09-08
ewe,GOOSE,Armstrong,2,0,False,False,2025-09-08
exaggerated,TRAP DRESS LETTER FACE,Armstrong,2,0,False,False,2025-09-08
excellent,COMMA DRESS,Armstrong,2,0,False,False,2025-09-08
except,DRESS,Armstrong,2,0,False,False,2025-09-08
exchange,FACE DRESS,Armstrong,2,0,False,False,2025-09-08
excision,KIT DRESS,Armstrong,2,0,False,False,2025-09-08
exciting,PRICE DRESS,Armstrong,2,0,False,False,2025-09-08
exclude,GOOSE DRESS,Armstrong,2,0,False,False,2025-09-08
exclusive,GOOSE DRESS KIT,Armstrong,2,0,False,False,2025-09-08
exclusivity,GOOSE KIT HAPPY DRESS,Armstrong,2,0,False,False,2025-09-08
excursion,NURSE DRESS,Armstrong,2,0,False,False,2025-09-08
execute,GOOSE DRESS,Armstrong,2,0,False,False,2025-09-08
execution,GOOSE DRESS,Armstrong,2,0,False,False,2025-09-08
executive,FOOT DRESS KIT,Armstrong,2,0,False,False,2025-09-08
exemplar,START DRESS,Armstrong,2,0,False,False,2025-09-08
exercise,PRICE LETTER DRESS,Armstrong,2,0,False,False,2025-09-08
exhaust,THOUGHT DRESS,Armstrong,2,0,False,False,2025-09-08
exhibit,KIT DRESS,Armstrong,2,0,False,False,2025-09-08
exhibition,KIT DRESS,Armstrong,2,0,False,False,2025-09-08
exhort,NORTH DRESS,Armstrong,2,0,False,False,2025-09-08
exmoor,FORCE CURE DRESS,Armstrong,2,0,False,False,2025-09-08
exogenous,LOT DRESS,Armstrong,2,0,False,False,2025-09-08
expat,TRAP DRESS,Armstrong,2,0,False,False,2025-09-08
experience,NEAR COMMA DRESS HAPPY,Armstrong,2,0,False,False,2025-09-08
explain,FACE DRESS,Armstrong,2,0,False,False,2025-09-08
exploit,CHOICE DRESS,Armstrong,2,0,False,False,2025-09-08
exploitation,CHOICE DRESS FACE,Armstrong,2,0,False,False,2025-09-08
exploitative,CHOICE DRESS KIT,Armstrong,2,0,False,False,2025-09-08
explore,FORCE DRESS,Armstrong,2,0,False,False,2025-09-08
explorer,LETTER DRESS FORCE,Armstrong,2,0,False,False,2025-09-08
explosion,GOAT DRESS,Armstrong,2,0,False,False,2025-09-08
export,FORCE DRESS,Armstrong,2,0,False,False,2025-09-08
exposed,GOAT DRESS,Armstrong,2,0,False,False,2025-09-08
expository,LOT DRESS KIT FORCE,Armstrong,2,0,False,False,2025-09-08
exposure,GOAT LETTER DRESS,Armstrong,2,0,False,False,2025-09-08
external,NURSE DRESS,Armstrong,2,0,False,False,2025-09-08
extort,NORTH DRESS,Armstrong,2,0,False,False,2025-09-08
extortion,NORTH DRESS,Armstrong,2,0,False,False,2025-09-08
extra,COMMA DRESS,Armstrong,2,0,False,False,2025-09-08
extraterritoriality,FORCE DRESS LETTER KIT HAPPY TRAP,Armstrong,2,0,False,False,2025-09-08
extreme,FLEECE DRESS,Armstrong,2,0,False,False,2025-09-08
extrusion,GOOSE DRESS,Armstrong,2,0,False,False,2025-09-08
exudes,GOOSE DRESS,Armstrong,2,0,False,False,2025-09-08
exuviae,GOOSE DRESS FACE,Armstrong,2,0,False,False,2025-09-08
eye,PRICE,Armstrong,2,0,False,False,2025-09-08
eye-baths,BATH PRICE,Armstrong,2,0,False,False,2025-09-08
eye-catching,TRAP PRICE KIT,Armstrong,2,0,False,False,2025-09-08
eye-shadow,TRAP PRICE GOAT,Armstrong,2,0,False,False,2025-09-08
eyebath,BATH PRICE,Armstrong,2,0,False,False,2025-09-08
eyebrow,MOUTH PRICE,Armstrong,2,0,False,False,2025-09-08
eyebrows,MOUTH PRICE,Armstrong,2,0,False,False,2025-09-08
eyeglasses,PRICE BATH,Armstrong,2,0,False,False,2025-09-08
eyelashes,TRAP PRICE,Armstrong,2,0,False,False,2025-09-08
eyes,PRICE,Armstrong,2,0,False,False,2025-09-08
eyeshade,PRICE FACE,Armstrong,2,0,False,False,2025-09-08
eyeshot,PRICE LOT,Armstrong,2,0,False,False,2025-09-08
eyesight,PRICE,Armstrong,2,0,False,False,2025-09-08
eyewash,PRICE LOT,Armstrong,2,0,False,False,2025-09-08
eyewitness,PRICE KIT,Armstrong,2,0,False,False,2025-09-08
fa,PALM,Armstrong,2,0,False,False,2025-09-08
fab,TRAP,Armstrong,2,0,False,False,2025-09-08
faber,FACE LETTER,Armstrong,2,0,False,False,2025-09-08
fabulous,TRAP FOOT,Armstrong,2,0,False,False,2025-09-08
facade,PALM,Armstrong,2,0,False,False,2025-09-08
face,FACE,Armstrong,2,0,False,False,2025-09-08
face-cream,FACE FLEECE,Armstrong,2,0,False,False,2025-09-08
face-powder,FACE MOUTH,Armstrong,2,0,False,False,2025-09-08
facebook,FOOT FACE,Armstrong,2,0,False,False,2025-09-08
facial,FACE,Armstrong,2,0,False,False,2025-09-08
fact,TRAP,Armstrong,2,0,False,False,2025-09-08
factorial,TRAP FORCE HAPPY,Armstrong,2,0,False,False,2025-09-08
fail-safe,FACE,Armstrong,2,0,False,False,2025-09-08
failed,FACE,Armstrong,2,0,False,False,2025-09-08
fair,SQUARE,Armstrong,2,0,False,False,2025-09-08
fair-minded,SQUARE PRICE,Armstrong,2,0,False,False,2025-09-08
fair-weather,DRESS SQUARE LETTER,Armstrong,2,0,False,False,2025-09-08
fairbairn,SQUARE,Armstrong,2,0,False,False,2025-09-08
fairbanks,TRAP SQUARE,Armstrong,2,0,False,False,2025-09-08
fairbrother,SQUARE STRUT,Armstrong,2,0,False,False,2025-09-08
fairchild,SQUARE PRICE,Armstrong,2,0,False,False,2025-09-08
fairclough,STRUT SQUARE,Armstrong,2,0,False,False,2025-09-08
fairer,SQUARE LETTER,Armstrong,2,0,False,False,2025-09-08
fairest,SQUARE,Armstrong,2,0,False,False,2025-09-08
fairfax,SQUARE TRAP,Armstrong,2,0,False,False,2025-09-08
fairfield,SQUARE FLEECE,Armstrong,2,0,False,False,2025-09-08
fairford,SQUARE,Armstrong,2,0,False,False,2025-09-08
fairground,SQUARE MOUTH,Armstrong,2,0,False,False,2025-09-08
fairing,SQUARE,Armstrong,2,0,False,False,2025-09-08
fairlight,SQUARE PRICE,Armstrong,2,0,False,False,2025-09-08
fairly,SQUARE HAPPY,Armstrong,2,0,False,False,2025-09-08
fairman,SQUARE,Armstrong,2,0,False,False,2025-09-08
fairmont,SQUARE,Armstrong,2,0,False,False,2025-09-08
fairness,SQUARE DRESS,Armstrong,2,0,False,False,2025-09-08
fairport,SQUARE FORCE,Armstrong,2,0,False,False,2025-09-08
fairs,SQUARE,Armstrong,2,0,False,False,2025-09-08
fairway,SQUARE FACE,Armstrong,2,0,False,False,2025-09-08
fairy,SQUARE HAPPY,Armstrong,2,0,False,False,2025-09-08
fairytale,SQUARE FACE,Armstrong,2,0,False,False,2025-09-08
faith,FACE,Armstrong,2,0,False,False,2025-09-08
faithful,FACE STRUT,Armstrong,2,0,False,False,2025-09-08
faithless,FACE DRESS,Armstrong,2,0,False,False,2025-09-08
fake,FACE,Armstrong,2,0,False,False,2025-09-08
falcon,THOUGHT/TRAP,Armstrong,2,0,False,False,2025-09-08
fallow-deer,TRAP GOAT NEAR,Armstrong,2,0,False,False,2025-09-08
fallowfield,TRAP GOAT FLEECE,Armstrong,2,0,False,False,2025-09-08
falls,THOUGHT,Armstrong,2,0,False,False,2025-09-08
false,THOUGHT,Armstrong,2,0,False,False,2025-09-08
falsifiablity,PRICE KIT HAPPY,Armstrong,2,0,False,False,2025-09-08
fame,FACE,Armstrong,2,0,False,False,2025-09-08
families,TRAP,Armstrong,2,0,False,False,2025-09-08
family,TRAP HAPPY,Armstrong,2,0,False,False,2025-09-08
famous,FACE COMMA,Armstrong,2,0,False,False,2025-09-08
fantastic,TRAP KIT,Armstrong,2,0,False,False,2025-09-08
fantasy,HAPPY COMMA BATH,Armstrong,2,0,False,False,2025-09-08
far,START,Armstrong,2,0,False,False,2025-09-08
far-famed,START FACE,Armstrong,2,0,False,False,2025-09-08
far-fetched,START DRESS,Armstrong,2,0,False,False,2025-09-08
far-flung,START STRUT,Armstrong,2,0,False,False,2025-09-08
far-seeing,START ‘ FLEECE,Armstrong,2,0,False,False,2025-09-08
farage,START,Armstrong,2,0,False,False,2025-09-08
faraway,START COMMA FACE,Armstrong,2,0,False,False,2025-09-08
fare-stage,SQUARE FACE,Armstrong,2,0,False,False,2025-09-08
fares,SQUARE,Armstrong,2,0,False,False,2025-09-08
farewell,DRESS SQUARE,Armstrong,2,0,False,False,2025-09-08
farfetched,START DRESS,Armstrong,2,0,False,False,2025-09-08
faring,SQUARE,Armstrong,2,0,False,False,2025-09-08
farmer,START LETTER,Armstrong,2,0,False,False,2025-09-08
farmhouse,START MOUTH,Armstrong,2,0,False,False,2025-09-08
faro,START GOAT,Armstrong,2,0,False,False,2025-09-08
farrago,PALM GOAT,Armstrong,2,0,False,False,2025-09-08
farther,START LETTER,Armstrong,2,0,False,False,2025-09-08
farthest,START,Armstrong,2,0,False,False,2025-09-08
farthing,START,Armstrong,2,0,False,False,2025-09-08
farthingale,START,Armstrong,2,0,False,False,2025-09-08
fascia,COMMA (TRAP) (FACE),Armstrong,2,0,False,False,2025-09-08
fascistic,TRAP KIT,Armstrong,2,0,False,False,2025-09-08
fashion,TRAP,Armstrong,2,0,False,False,2025-09-08
fast,BATH,Armstrong,2,0,False,False,2025-09-08
fast-forward,BATH NORTH,Armstrong,2,0,False,False,2025-09-08
faster,BATH LETTER,Armstrong,2,0,False,False,2025-09-08
fastest,BATH,Armstrong,2,0,False,False,2025-09-08
fat,TRAP,Armstrong,2,0,False,False,2025-09-08
fate,FACE,Armstrong,2,0,False,False,2025-09-08
father,PALM START LETTER,Armstrong,2,0,False,False,2025-09-08
father-in-law,PALM THOUGHT,Armstrong,2,0,False,False,2025-09-08
fatherhood,PALM FOOT,Armstrong,2,0,False,False,2025-09-08
fathering,PALM,Armstrong,2,0,False,False,2025-09-08
fatherland,PALM,Armstrong,2,0,False,False,2025-09-08
fatherless,PALM DRESS,Armstrong,2,0,False,False,2025-09-08
fatherly,PALM HAPPY,Armstrong,2,0,False,False,2025-09-08
fathom,TRAP,Armstrong,2,0,False,False,2025-09-08
fatigue,FLEECE,Armstrong,2,0,False,False,2025-09-08
fauci,MOUTH HAPPY,Armstrong,2,0,False,False,2025-09-08
favour,FACE LETTER,Armstrong,2,0,False,False,2025-09-08
favourite,FACE,Armstrong,2,0,False,False,2025-09-08
fawcett,THOUGHT,Armstrong,2,0,False,False,2025-09-08
fawkes,THOUGHT,Armstrong,2,0,False,False,2025-09-08
fear,NEAR,Armstrong,2,0,False,False,2025-09-08
feared,NEAR,Armstrong,2,0,False,False,2025-09-08
fearful,NEAR STRUT,Armstrong,2,0,False,False,2025-09-08
fearfully,NEAR STRUT,Armstrong,2,0,False,False,2025-09-08
fearing,NEAR,Armstrong,2,0,False,False,2025-09-08
fearless,NEAR DRESS,Armstrong,2,0,False,False,2025-09-08
fears,NEAR,Armstrong,2,0,False,False,2025-09-08
fearsome,NEAR,Armstrong,2,0,False,False,2025-09-08
feat,FLEECE,Armstrong,2,0,False,False,2025-09-08
feather,DRESS LETTER,Armstrong,2,0,False,False,2025-09-08
feature,FLEECE LETTER,Armstrong,2,0,False,False,2025-09-08
february,DRESS HAPPY,Armstrong,2,0,False,False,2025-09-08
fedora,FORCE,Armstrong,2,0,False,False,2025-09-08
feeble,FLEECE,Armstrong,2,0,False,False,2025-09-08
feed,FLEECE,Armstrong,2,0,False,False,2025-09-08
feedback,FLEECE TRAP,Armstrong,2,0,False,False,2025-09-08
feet,FLEECE,Armstrong,2,0,False,False,2025-09-08
feijoa,FACE,Armstrong,2,0,False,False,2025-09-08
fellow-feeling,DRESS GOAT FLEECE,Armstrong,2,0,False,False,2025-09-08
fellows,GOAT,Armstrong,2,0,False,False,2025-09-08
fellowship,GOAT KIT,Armstrong,2,0,False,False,2025-09-08
female,FLEECE FACE,Armstrong,2,0,False,False,2025-09-08
fer-de-lance,SQUARE BATH,Armstrong,2,0,False,False,2025-09-08
ferdinand,NURSE,Armstrong,2,0,False,False,2025-09-08
fergie,NURSE HAPPY,Armstrong,2,0,False,False,2025-09-08
ferguson,NURSE,Armstrong,2,0,False,False,2025-09-08
fernando,LETTER BATH GOAT,Armstrong,2,0,False,False,2025-09-08
ferrari,START HAPPY,Armstrong,2,0,False,False,2025-09-08
ferruginous,DRESS GOOSE,Armstrong,2,0,False,False,2025-09-08
festival,DRESS KIT,Armstrong,2,0,False,False,2025-09-08
fetch,DRESS,Armstrong,2,0,False,False,2025-09-08
feud,GOOSE,Armstrong,2,0,False,False,2025-09-08
fever,FLEECE LETTER,Armstrong,2,0,False,False,2025-09-08
few,GOOSE,Armstrong,2,0,False,False,2025-09-08
fewer,GOOSE LETTER,Armstrong,2,0,False,False,2025-09-08
ffolkes,GOAT,Armstrong,2,0,False,False,2025-09-08
fiat,(TRAP) FLEECE,Armstrong,2,0,False,False,2025-09-08
fiberglass,PRICE NURSE BATH,Armstrong,2,0,False,False,2025-09-08
fibre,PRICE,Armstrong,2,0,False,False,2025-09-08
fibromyalgia,GOAT PRICE,Armstrong,2,0,False,False,2025-09-08
fibrosis,PRICE GOAT,Armstrong,2,0,False,False,2025-09-08
fierce,NEAR,Armstrong,2,0,False,False,2025-09-08
fiercely,NEAR HAPPY,Armstrong,2,0,False,False,2025-09-08
fifa,FLEECE COMMA,Armstrong,2,0,False,False,2025-09-08
fife,PRICE,Armstrong,2,0,False,False,2025-09-08
fifi,FLEECE HAPPY,Armstrong,2,0,False,False,2025-09-08
fifth,KIT,Armstrong,2,0,False,False,2025-09-08
fifty,KIT HAPPY,Armstrong,2,0,False,False,2025-09-08
fight,PRICE,Armstrong,2,0,False,False,2025-09-08
figure,KIT (LETTER),Armstrong,2,0,False,False,2025-09-08
figurine,KIT FLEECE,Armstrong,2,0,False,False,2025-09-08
figurines,KIT FLEECE,Armstrong,2,0,False,False,2025-09-08
fiji,FLEECE HAPPY,Armstrong,2,0,False,False,2025-09-08
file,PRICE,Armstrong,2,0,False,False,2025-09-08
film,KIT,Armstrong,2,0,False,False,2025-09-08
final,PRICE,Armstrong,2,0,False,False,2025-09-08
finale,PALM HAPPY,Armstrong,2,0,False,False,2025-09-08
finally,PRICE HAPPY,Armstrong,2,0,False,False,2025-09-08
finance,TRAP PRICE,Armstrong,2,0,False,False,2025-09-08
financial,PRICE TRAP,Armstrong,2,0,False,False,2025-09-08
financially,PRICE TRAP HAPPY,Armstrong,2,0,False,False,2025-09-08
find,PRICE,Armstrong,2,0,False,False,2025-09-08
fine-tooth,PRICE GOOSE,Armstrong,2,0,False,False,2025-09-08
fined,PRICE,Armstrong,2,0,False,False,2025-09-08
finger,KIT LETTER,Armstrong,2,0,False,False,2025-09-08
finish,KIT,Armstrong,2,0,False,False,2025-09-08
fiona,FLEECE GOAT COMMA,Armstrong,2,0,False,False,2025-09-08
fir,NURSE,Armstrong,2,0,False,False,2025-09-08
fire,PRICE LETTER,Armstrong,2,0,False,False,2025-09-08
fire-alarm,PRICE LETTER START,Armstrong,2,0,False,False,2025-09-08
fire-brigade,PRICE LETTER FACE,Armstrong,2,0,False,False,2025-09-08
fire-escape,PRICE LETTER FACE,Armstrong,2,0,False,False,2025-09-08
firearm,PRICE LETTER START,Armstrong,2,0,False,False,2025-09-08
fireplug,PRICE LETTER STRUT,Armstrong,2,0,False,False,2025-09-08
firepower,PRICE LETTER MOUTH,Armstrong,2,0,False,False,2025-09-08
fireproof,PRICE LETTER GOOSE,Armstrong,2,0,False,False,2025-09-08
firestorm,PRICE LETTER NORTH,Armstrong,2,0,False,False,2025-09-08
firetrap,PRICE LETTER TRAP,Armstrong,2,0,False,False,2025-09-08
firewatcher,PRICE LOT LETTER,Armstrong,2,0,False,False,2025-09-08
firm,NURSE,Armstrong,2,0,False,False,2025-09-08
firmware,NURSE SQUARE,Armstrong,2,0,False,False,2025-09-08
first,NURSE,Armstrong,2,0,False,False,2025-09-08
first-born,NURSE NORTH,Armstrong,2,0,False,False,2025-09-08
firth,NURSE,Armstrong,2,0,False,False,2025-09-08
fish,KIT,Armstrong,2,0,False,False,2025-09-08
fisherman,KIT LETTER,Armstrong,2,0,False,False,2025-09-08
fishing-rod,KIT LOT,Armstrong,2,0,False,False,2025-09-08
fishmonger,KIT STRUT,Armstrong,2,0,False,False,2025-09-08
fissure,KIT LETTER,Armstrong,2,0,False,False,2025-09-08
fisticuffs,KIT STRUT,Armstrong,2,0,False,False,2025-09-08
fitness,KIT COMMA,Armstrong,2,0,False,False,2025-09-08
five,PRICE,Armstrong,2,0,False,False,2025-09-08
five-star,PRICE START,Armstrong,2,0,False,False,2025-09-08
fjord,NORTH,Armstrong,2,0,False,False,2025-09-08
flag,TRAP,Armstrong,2,0,False,False,2025-09-08
flagstaff,TRAP BATH,Armstrong,2,0,False,False,2025-09-08
flair,SQUARE,Armstrong,2,0,False,False,2025-09-08
flamenco,DRESS GOAT,Armstrong,2,0,False,False,2025-09-08
flames,FACE,Armstrong,2,0,False,False,2025-09-08
flanagan,TRAP COMMA,Armstrong,2,0,False,False,2025-09-08
flare,SQUARE,Armstrong,2,0,False,False,2025-09-08
flare-path,SQUARE BATH,Armstrong,2,0,False,False,2025-09-08
flared,SQUARE,Armstrong,2,0,False,False,2025-09-08
flash,TRAP,Armstrong,2,0,False,False,2025-09-08
flashback,TRAP,Armstrong,2,0,False,False,2025-09-08
flashmob,TRAP LOT,Armstrong,2,0,False,False,2025-09-08
flask,BATH,Armstrong,2,0,False,False,2025-09-08
flat,TRAP,Armstrong,2,0,False,False,2025-09-08
flatshare,TRAP SQUARE,Armstrong,2,0,False,False,2025-09-08
flaunts,THOUGHT,Armstrong,2,0,False,False,2025-09-08
flawed,THOUGHT,Armstrong,2,0,False,False,2025-09-08
flaws,THOUGHT,Armstrong,2,0,False,False,2025-09-08
flea,FLEECE,Armstrong,2,0,False,False,2025-09-08
fleabag,FLEECE TRAP,Armstrong,2,0,False,False,2025-09-08
fleet,FLEECE,Armstrong,2,0,False,False,2025-09-08
fleetwood,FLEECE FOOT,Armstrong,2,0,False,False,2025-09-08
flesh-wound,DRESS GOOSE,Armstrong,2,0,False,False,2025-09-08
fletcher,DRESS LETTER,Armstrong,2,0,False,False,2025-09-08
fleur,NURSE,Armstrong,2,0,False,False,2025-09-08
flight,PRICE,Armstrong,2,0,False,False,2025-09-08
flip-flops,KIT LOT,Armstrong,2,0,False,False,2025-09-08
float,GOAT,Armstrong,2,0,False,False,2025-09-08
flood,STRUT,Armstrong,2,0,False,False,2025-09-08
flood-tide,STRUT PRICE,Armstrong,2,0,False,False,2025-09-08
floodgate,STRUT FACE,Armstrong,2,0,False,False,2025-09-08
floodlight,STRUT PRICE,Armstrong,2,0,False,False,2025-09-08
floor,FORCE,Armstrong,2,0,False,False,2025-09-08
floor-walker,FORCE THOUGHT LETTER,Armstrong,2,0,False,False,2025-09-08
floored,FORCE,Armstrong,2,0,False,False,2025-09-08
flooring,FORCE,Armstrong,2,0,False,False,2025-09-08
flora,FORCE COMMA,Armstrong,2,0,False,False,2025-09-08
floral,FORCE,Armstrong,2,0,False,False,2025-09-08
flores,DRESS,Armstrong,2,0,False,False,2025-09-08
florid,CLOTH,Armstrong,2,0,False,False,2025-09-08
florida,CLOTH,Armstrong,2,0,False,False,2025-09-08
florin,CLOTH,Armstrong,2,0,False,False,2025-09-08
florist,CLOTH,Armstrong,2,0,False,False,2025-09-08
floss,CLOTH,Armstrong,2,0,False,False,2025-09-08
flour,MOUTH LETTER,Armstrong,2,0,False,False,2025-09-08
flourish,(STRUT) (NURSE),Armstrong,2,0,False,False,2025-09-08
flow,GOAT,Armstrong,2,0,False,False,2025-09-08
flowchart,GOAT START,Armstrong,2,0,False,False,2025-09-08
flowed,GOAT,Armstrong,2,0,False,False,2025-09-08
flower,MOUTH LETTER,Armstrong,2,0,False,False,2025-09-08
flower-girl,LETTER NURSE,Armstrong,2,0,False,False,2025-09-08
flows,GOAT,Armstrong,2,0,False,False,2025-09-08
floyd,CHOICE,Armstrong,2,0,False,False,2025-09-08
fluent,GOOSE,Armstrong,2,0,False,False,2025-09-08
fluffy,STRUT HAPPY,Armstrong,2,0,False,False,2025-09-08
flugelhorn,GOOSE NORTH,Armstrong,2,0,False,False,2025-09-08
fluke,GOOSE,Armstrong,2,0,False,False,2025-09-08
flush,STRUT,Armstrong,2,0,False,False,2025-09-08
fly,PRICE,Armstrong,2,0,False,False,2025-09-08
fly-fishing,PRICE KIT,Armstrong,2,0,False,False,2025-09-08
flycatcher,PRICE TRAP LETTER,Armstrong,2,0,False,False,2025-09-08
flysheet,PRICE FLEECE,Armstrong,2,0,False,False,2025-09-08
flyweights,PRICE FACE,Armstrong,2,0,False,False,2025-09-08
flywheel,PRICE FLEECE,Armstrong,2,0,False,False,2025-09-08
focaccia,PALM,Armstrong,2,0,False,False,2025-09-08
focus,GOAT STRUT,Armstrong,2,0,False,False,2025-09-08
fog,CLOTH,Armstrong,2,0,False,False,2025-09-08
fogey,GOAT HAPPY,Armstrong,2,0,False,False,2025-09-08
foggy,LOT HAPPY,Armstrong,2,0,False,False,2025-09-08
foil,CHOICE,Armstrong,2,0,False,False,2025-09-08
folio,GOAT FLEECE,Armstrong,2,0,False,False,2025-09-08
folk,GOAT,Armstrong,2,0,False,False,2025-09-08
folkestone,GOAT,Armstrong,2,0,False,False,2025-09-08
folklore,GOAT FORCE,Armstrong,2,0,False,False,2025-09-08
folksy,GOAT HAPPY,Armstrong,2,0,False,False,2025-09-08
folktale,GOAT FACE,Armstrong,2,0,False,False,2025-09-08
follow,LOT GOAT,Armstrong,2,0,False,False,2025-09-08
follow-up,LOT GOAT STRUT,Armstrong,2,0,False,False,2025-09-08
followed,LOT GOAT,Armstrong,2,0,False,False,2025-09-08
follows,LOT GOAT,Armstrong,2,0,False,False,2025-09-08
fontaine,LOT FACE,Armstrong,2,0,False,False,2025-09-08
food,GOOSE,Armstrong,2,0,False,False,2025-09-08
foodie,GOOSE HAPPY,Armstrong,2,0,False,False,2025-09-08
foodstuffs,GOOSE STRUT,Armstrong,2,0,False,False,2025-09-08
fool,GOOSE,Armstrong,2,0,False,False,2025-09-08
foolproof,GOOSE,Armstrong,2,0,False,False,2025-09-08
foot,FOOT,Armstrong,2,0,False,False,2025-09-08
football,FOOT THOUGHT,Armstrong,2,0,False,False,2025-09-08
footballer,FOOT THOUGHT LETTER,Armstrong,2,0,False,False,2025-09-08
footbath,FOOT BATH,Armstrong,2,0,False,False,2025-09-08
footfaults,FOOT THOUGHT,Armstrong,2,0,False,False,2025-09-08
footloose,FOOT GOOSE,Armstrong,2,0,False,False,2025-09-08
footpath,FOOT BATH,Armstrong,2,0,False,False,2025-09-08
footpaths,FOOT BATH,Armstrong,2,0,False,False,2025-09-08
footprint,FOOT KIT,Armstrong,2,0,False,False,2025-09-08
footsie,FOOT HAPPY,Armstrong,2,0,False,False,2025-09-08
footstep,DRESS FOOT,Armstrong,2,0,False,False,2025-09-08
footwear,FOOT SQUARE,Armstrong,2,0,False,False,2025-09-08
for,NORTH/LETTER,Armstrong,2,0,False,False,2025-09-08
forbear,SQUARE NORTH,Armstrong,2,0,False,False,2025-09-08
forbears,NORTH SQUARE,Armstrong,2,0,False,False,2025-09-08
forbes,NORTH,Armstrong,2,0,False,False,2025-09-08
forbidden,NORTH KIT LETTER,Armstrong,2,0,False,False,2025-09-08
force,FORCE,Armstrong,2,0,False,False,2025-09-08
force-land,FORCE,Armstrong,2,0,False,False,2025-09-08
force-landed,FORCE,Armstrong,2,0,False,False,2025-09-08
force-landing,FORCE,Armstrong,2,0,False,False,2025-09-08
forceps,FORCE DRESS,Armstrong,2,0,False,False,2025-09-08
ford,FORCE,Armstrong,2,0,False,False,2025-09-08
fordyce,FORCE PRICE,Armstrong,2,0,False,False,2025-09-08
fore,FORCE,Armstrong,2,0,False,False,2025-09-08
forecast,BATH FORCE,Armstrong,2,0,False,False,2025-09-08
foreclosure,FORCE GOAT,Armstrong,2,0,False,False,2025-09-08
forecourt,FORCE,Armstrong,2,0,False,False,2025-09-08
forefathers,FORCE PALM LETTER,Armstrong,2,0,False,False,2025-09-08
forefront,STRUT FORCE,Armstrong,2,0,False,False,2025-09-08
foregather,FORCE TRAP,Armstrong,2,0,False,False,2025-09-08
forehead,FORCE DRESS,Armstrong,2,0,False,False,2025-09-08
foreman,FORCE,Armstrong,2,0,False,False,2025-09-08
foremost,GOAT FORCE,Armstrong,2,0,False,False,2025-09-08
forename,FORCE FACE,Armstrong,2,0,False,False,2025-09-08
forenoon,FORCE GOOSE,Armstrong,2,0,False,False,2025-09-08
foreplay,FORCE FACE,Armstrong,2,0,False,False,2025-09-08
foreswear,FORCE SQUARE,Armstrong,2,0,False,False,2025-09-08
forewarned,FORCE NORTH,Armstrong,2,0,False,False,2025-09-08
foreword,FORCE NURSE,Armstrong,2,0,False,False,2025-09-08
forfar,FORCE LETTER,Armstrong,2,0,False,False,2025-09-08
forfeit,NORTH KIT,Armstrong,2,0,False,False,2025-09-08
forgather,NORTH TRAP LETTER,Armstrong,2,0,False,False,2025-09-08
forgathering,NORTH TRAP LETTER,Armstrong,2,0,False,False,2025-09-08
forge,FORCE,Armstrong,2,0,False,False,2025-09-08
forget,DRESS LETTER,Armstrong,2,0,False,False,2025-09-08
forgive,LETTER KIT,Armstrong,2,0,False,False,2025-09-08
forgo,NORTH GOAT,Armstrong,2,0,False,False,2025-09-08
forgoing,NORTH GOAT,Armstrong,2,0,False,False,2025-09-08
forgotten,NORTH LOT,Armstrong,2,0,False,False,2025-09-08
fork,NORTH,Armstrong,2,0,False,False,2025-09-08
forklift,NORTH KIT,Armstrong,2,0,False,False,2025-09-08
format,TRAP NORTH,Armstrong,2,0,False,False,2025-09-08
formation,NORTH FACE,Armstrong,2,0,False,False,2025-09-08
former,NORTH LETTER,Armstrong,2,0,False,False,2025-09-08
formula,FOOT NORTH,Armstrong,2,0,False,False,2025-09-08
forswear,NORTH SQUARE,Armstrong,2,0,False,False,2025-09-08
forswore,NORTH,Armstrong,2,0,False,False,2025-09-08
fort,FORCE,Armstrong,2,0,False,False,2025-09-08
forth,FORCE,Armstrong,2,0,False,False,2025-09-08
forthwith,FORCE KIT,Armstrong,2,0,False,False,2025-09-08
fortnite,FORCE PRICE,Armstrong,2,0,False,False,2025-09-08
fortuitous,NORTH GOOSE,Armstrong,2,0,False,False,2025-09-08
fortuitously,NORTH GOOSE HAPPY,Armstrong,2,0,False,False,2025-09-08
fortunes,NORTH GOOSE,Armstrong,2,0,False,False,2025-09-08
forward,NORTH LETTER,Armstrong,2,0,False,False,2025-09-08
fosse,CLOTH HAPPY,Armstrong,2,0,False,False,2025-09-08
foster,CLOTH LETTER,Armstrong,2,0,False,False,2025-09-08
foster-brother,CLOTH STRUT LETTER,Armstrong,2,0,False,False,2025-09-08
foster-father,PALM CLOTH LETTER,Armstrong,2,0,False,False,2025-09-08
foster-mother,STRUT CLOTHER LETTER,Armstrong,2,0,False,False,2025-09-08
fothergill,LOT LETTER KIT,Armstrong,2,0,False,False,2025-09-08
fought,THOUGHT,Armstrong,2,0,False,False,2025-09-08
foul,MOUTH,Armstrong,2,0,False,False,2025-09-08
foul-mouthed,MOUTH,Armstrong,2,0,False,False,2025-09-08
foul-spoken,MOUTH GOAT,Armstrong,2,0,False,False,2025-09-08
fouling,MOUTH,Armstrong,2,0,False,False,2025-09-08
found,MOUTH,Armstrong,2,0,False,False,2025-09-08
foundation,MOUTH,Armstrong,2,0,False,False,2025-09-08
founder,MOUTH LETTER,Armstrong,2,0,False,False,2025-09-08
four,FORCE,Armstrong,2,0,False,False,2025-09-08
four-wheeler,FORCE FLEECE,Armstrong,2,0,False,False,2025-09-08
foureyes,FORCE PRICE,Armstrong,2,0,False,False,2025-09-08
fourier,FOOT FLEECE LETTER,Armstrong,2,0,False,False,2025-09-08
fourleaves,FORCE FLEECE,Armstrong,2,0,False,False,2025-09-08
fourletter,FORCE LETTER,Armstrong,2,0,False,False,2025-09-08
fourpart,FORCE START,Armstrong,2,0,False,False,2025-09-08
foursquare,FORCE SQUARE,Armstrong,2,0,False,False,2025-09-08
fourth,FORCE,Armstrong,2,0,False,False,2025-09-08
fowl,MOUTH,Armstrong,2,0,False,False,2025-09-08
foxglove,LOT STRUT,Armstrong,2,0,False,False,2025-09-08
foyle,CHOICE,Armstrong,2,0,False,False,2025-09-08
fragile,TRAP (PRICE),Armstrong,2,0,False,False,2025-09-08
fragments,TRAP,Armstrong,2,0,False,False,2025-09-08
fragrance,FACE,Armstrong,2,0,False,False,2025-09-08
frame,FACE,Armstrong,2,0,False,False,2025-09-08
framework,FACE NURSE,Armstrong,2,0,False,False,2025-09-08
francesca,BATH DRESS COMMA,Armstrong,2,0,False,False,2025-09-08
franchise,BATH PRICE,Armstrong,2,0,False,False,2025-09-08
frank,TRAP,Armstrong,2,0,False,False,2025-09-08
frankie,TRAP HAPPY,Armstrong,2,0,False,False,2025-09-08
fraser,FACE LETTER,Armstrong,2,0,False,False,2025-09-08
fraud,THOUGHT,Armstrong,2,0,False,False,2025-09-08
fraudster,THOUGHT LETTER,Armstrong,2,0,False,False,2025-09-08
fraudulence,THOUGHT,Armstrong,2,0,False,False,2025-09-08
fraudulent,THOUGHT,Armstrong,2,0,False,False,2025-09-08
frazer,FACE LETTER,Armstrong,2,0,False,False,2025-09-08
freak,FLEECE,Armstrong,2,0,False,False,2025-09-08
free,FLEECE,Armstrong,2,0,False,False,2025-09-08
freebee,FLEECE HAPPY,Armstrong,2,0,False,False,2025-09-08
freeborn,FLEECE NORTH,Armstrong,2,0,False,False,2025-09-08
freedom,FLEECE,Armstrong,2,0,False,False,2025-09-08
freehold,FLEECE GOAT,Armstrong,2,0,False,False,2025-09-08
freeman,FLEECE,Armstrong,2,0,False,False,2025-09-08
freemason,FLEECE FACE,Armstrong,2,0,False,False,2025-09-08
freestyle,FLEECE PRICE,Armstrong,2,0,False,False,2025-09-08
freezer,FLEECE LETTER,Armstrong,2,0,False,False,2025-09-08
freight,FACE,Armstrong,2,0,False,False,2025-09-08
frequent,FLEECE,Armstrong,2,0,False,False,2025-09-08
frere,SQUARE,Armstrong,2,0,False,False,2025-09-08
fresh,DRESS,Armstrong,2,0,False,False,2025-09-08
freud,CHOICE,Armstrong,2,0,False,False,2025-09-08
friday,PRICE FACE,Armstrong,2,0,False,False,2025-09-08
friedrich,FLEECE,Armstrong,2,0,False,False,2025-09-08
frisbee,KIT HAPPY,Armstrong,2,0,False,False,2025-09-08
fro,GOAT,Armstrong,2,0,False,False,2025-09-08
frog,CLOTH,Armstrong,2,0,False,False,2025-09-08
froggy,LOT HAPPY,Armstrong,2,0,False,False,2025-09-08
frogmarch,LOT START,Armstrong,2,0,False,False,2025-09-08
from,COMMA,Armstrong,2,0,False,False,2025-09-08
front,STRUT,Armstrong,2,0,False,False,2025-09-08
frontrunner,STRUT LETTER,Armstrong,2,0,False,False,2025-09-08
frost,CLOTH,Armstrong,2,0,False,False,2025-09-08
froth,CLOTH,Armstrong,2,0,False,False,2025-09-08
frozen,GOAT,Armstrong,2,0,False,False,2025-09-08
fructose,STRUT GOAT,Armstrong,2,0,False,False,2025-09-08
frugal,GOOSE,Armstrong,2,0,False,False,2025-09-08
frugality,GOOSE HAPPY,Armstrong,2,0,False,False,2025-09-08
fruit,GOOSE,Armstrong,2,0,False,False,2025-09-08
frustrate,STRUT FACE,Armstrong,2,0,False,False,2025-09-08
frustration,STRUT FACE,Armstrong,2,0,False,False,2025-09-08
fuchsia,COMMA,Armstrong,2,0,False,False,2025-09-08
fuddy-duddy,STRUT,Armstrong,2,0,False,False,2025-09-08
fudge,STRUT,Armstrong,2,0,False,False,2025-09-08
fudgesicle,STRUT KIT,Armstrong,2,0,False,False,2025-09-08
fuel,GOOSE,Armstrong,2,0,False,False,2025-09-08
fugacious,GOOSE FACE,Armstrong,2,0,False,False,2025-09-08
fugitive,GOOSE KIT,Armstrong,2,0,False,False,2025-09-08
fugue,GOOSE,Armstrong,2,0,False,False,2025-09-08
fujitsu,GOOSE KIT,Armstrong,2,0,False,False,2025-09-08
fulfilment,FOOT KIIT,Armstrong,2,0,False,False,2025-09-08
fulham,FOOT,Armstrong,2,0,False,False,2025-09-08
full,FOOT,Armstrong,2,0,False,False,2025-09-08
full-length,FOOT DRESS,Armstrong,2,0,False,False,2025-09-08
full-time,FOOT PRICE,Armstrong,2,0,False,False,2025-09-08
fully,FOOT HAPPY,Armstrong,2,0,False,False,2025-09-08
fun,STRUT,Armstrong,2,0,False,False,2025-09-08
fun-loving,STRUT,Armstrong,2,0,False,False,2025-09-08
funchal,FOOT,Armstrong,2,0,False,False,2025-09-08
function,STRUT,Armstrong,2,0,False,False,2025-09-08
funeral,GOOSE NURSE,Armstrong,2,0,False,False,2025-09-08
funereal,GOOSE NURSE FLEECE,Armstrong,2,0,False,False,2025-09-08
funfairs,STRUT SQUARE,Armstrong,2,0,False,False,2025-09-08
fungal,STRUT,Armstrong,2,0,False,False,2025-09-08
funky,STRUT HAPPY,Armstrong,2,0,False,False,2025-09-08
fur,NURSE,Armstrong,2,0,False,False,2025-09-08
furious,CURE HAPPY,Armstrong,2,0,False,False,2025-09-08
furniture,KIT LETTER,Armstrong,2,0,False,False,2025-09-08
furry,NURSE HAPPY,Armstrong,2,0,False,False,2025-09-08
furth,NURSE,Armstrong,2,0,False,False,2025-09-08
further,LETTER NURSE,Armstrong,2,0,False,False,2025-09-08
furtherer,NURSE LETTER,Armstrong,2,0,False,False,2025-09-08
furthering,NURSE,Armstrong,2,0,False,False,2025-09-08
furthermore,FORCE NURSE,Armstrong,2,0,False,False,2025-09-08
furthest,NURSE,Armstrong,2,0,False,False,2025-09-08
furuncle,STRUT NURSE,Armstrong,2,0,False,False,2025-09-08
fury,CURE HAPPY,Armstrong,2,0,False,False,2025-09-08
fuschia,GOOSE,Armstrong,2,0,False,False,2025-09-08
fusilier,GOOSE NEAR,Armstrong,2,0,False,False,2025-09-08
fusion,GOOSE,Armstrong,2,0,False,False,2025-09-08
fussbudget,STRUT,Armstrong,2,0,False,False,2025-09-08
futura,GOOSE NURSE,Armstrong,2,0,False,False,2025-09-08
future,GOOSE LETTER,Armstrong,2,0,False,False,2025-09-08
futureless,GOOSE LETTER DRESS,Armstrong,2,0,False,False,2025-09-08
futurespeak,GOOSE LETTER FLEECE,Armstrong,2,0,False,False,2025-09-08
futurism,GOOSE LETTER KIT,Armstrong,2,0,False,False,2025-09-08
futurist,GOOSE LETTER KIT,Armstrong,2,0,False,False,2025-09-08
futuristic,GOOSE LETTER KIT,Armstrong,2,0,False,False,2025-09-08
futurities,GOOSE LETTER KIT HAPPY,Armstrong,2,0,False,False,2025-09-08
futurologist,GOOSE LETTER LOT KIT,Armstrong,2,0,False,False,2025-09-08
fuzz,STRUT,Armstrong,2,0,False,False,2025-09-08
fuzzy,STRUT HAPPY,Armstrong,2,0,False,False,2025-09-08
fuzzy-wuzzy,STRUT HAPPY,Armstrong,2,0,False,False,2025-09-08
gable,FACE,Armstrong,2,0,False,False,2025-09-08
gabon,TRAP,Armstrong,2,0,False,False,2025-09-08
gabriel,FACE HAPPY,Armstrong,2,0,False,False,2025-09-08
gadget,TRAP,Armstrong,2,0,False,False,2025-09-08
gadzooks,GOOSE,Armstrong,2,0,False,False,2025-09-08
gaelic,FACE KIT,Armstrong,2,0,False,False,2025-09-08
gaga,PALM,Armstrong,2,0,False,False,2025-09-08
gail,FACE,Armstrong,2,0,False,False,2025-09-08
gaiman,FACE,Armstrong,2,0,False,False,2025-09-08
gains,FACE,Armstrong,2,0,False,False,2025-09-08
gairloch,SQUARE,Armstrong,2,0,False,False,2025-09-08
gala,COMMA (TRAP),Armstrong,2,0,False,False,2025-09-08
galactose,GOAT TRAP,Armstrong,2,0,False,False,2025-09-08
galatians,FACE,Armstrong,2,0,False,False,2025-09-08
galaxy,TRAP COMMA HAPPY,Armstrong,2,0,False,False,2025-09-08
gale,FACE,Armstrong,2,0,False,False,2025-09-08
galere,SQUARE,Armstrong,2,0,False,False,2025-09-08
gallagher,TRAP COMMA,Armstrong,2,0,False,False,2025-09-08
galleria,TRAP NEAR,Armstrong,2,0,False,False,2025-09-08
gallery,TRAP LETTER COMMA HAPPY,Armstrong,2,0,False,False,2025-09-08
galloway,TRAP COMMA FACE,Armstrong,2,0,False,False,2025-09-08
gallowglass,TRAP GOAT BATH,Armstrong,2,0,False,False,2025-09-08
galore,FORCE,Armstrong,2,0,False,False,2025-09-08
gamer,FACE LETTER,Armstrong,2,0,False,False,2025-09-08
games,FACE,Armstrong,2,0,False,False,2025-09-08
gamey,FACE HAPPY,Armstrong,2,0,False,False,2025-09-08
gaming,FACE,Armstrong,2,0,False,False,2025-09-08
gang,TRAP,Armstrong,2,0,False,False,2025-09-08
gap,TRAP,Armstrong,2,0,False,False,2025-09-08
garage,START (TRAP),Armstrong,2,0,False,False,2025-09-08
garbage,START,Armstrong,2,0,False,False,2025-09-08
garbanzo,START BATH,Armstrong,2,0,False,False,2025-09-08
garcia,NEAR (START) (COMMA),Armstrong,2,0,False,False,2025-09-08
garda,START COMMA,Armstrong,2,0,False,False,2025-09-08
garden,START,Armstrong,2,0,False,False,2025-09-08
gardner,START LETTER,Armstrong,2,0,False,False,2025-09-08
gareth,TRAP COMMA,Armstrong,2,0,False,False,2025-09-08
garfield,START FLEECE,Armstrong,2,0,False,False,2025-09-08
garfish,START KIT,Armstrong,2,0,False,False,2025-09-08
gargantua,START GOOSE,Armstrong,2,0,False,False,2025-09-08
gargantuan,START GOOSE,Armstrong,2,0,False,False,2025-09-08
gargoyle,START CHOICE,Armstrong,2,0,False,False,2025-09-08
garlic,START KIT,Armstrong,2,0,False,False,2025-09-08
garner,START LETTER,Armstrong,2,0,False,False,2025-09-08
garth,START,Armstrong,2,0,False,False,2025-09-08
garvin,START,Armstrong,2,0,False,False,2025-09-08
gary,TRAP HAPPY,Armstrong,2,0,False,False,2025-09-08
gas,TRAP,Armstrong,2,0,False,False,2025-09-08
gas-guzzler,TRAP STRUT LETTER,Armstrong,2,0,False,False,2025-09-08
gas-oven,TRAP STRUT,Armstrong,2,0,False,False,2025-09-08
gascoigne,CHOICE,Armstrong,2,0,False,False,2025-09-08
gasmask,TRAP BATH,Armstrong,2,0,False,False,2025-09-08
gastropub,TRAP GOAT STRUT,Armstrong,2,0,False,False,2025-09-08
gate-crasher,TRAP FACE,Armstrong,2,0,False,False,2025-09-08
gateleg,FACE DRESS,Armstrong,2,0,False,False,2025-09-08
gather,TRAP LETTER,Armstrong,2,0,False,False,2025-09-08
gathering,TRAP LETTER,Armstrong,2,0,False,False,2025-09-08
gaucho,MOUTH,Armstrong,2,0,False,False,2025-09-08
gauge,FACE,Armstrong,2,0,False,False,2025-09-08
gave,FACE,Armstrong,2,0,False,False,2025-09-08
gavin,TRAP,Armstrong,2,0,False,False,2025-09-08
gawain,PALM,Armstrong,2,0,False,False,2025-09-08
gawp,THOUGHT,Armstrong,2,0,False,False,2025-09-08
gaydon,FACE,Armstrong,2,0,False,False,2025-09-08
gayle,FACE,Armstrong,2,0,False,False,2025-09-08
gays,FACE,Armstrong,2,0,False,False,2025-09-08
gaza,PALM COMMA,Armstrong,2,0,False,False,2025-09-08
gaze,FACE,Armstrong,2,0,False,False,2025-09-08
gazebo,FLEECE GOAT,Armstrong,2,0,False,False,2025-09-08
gazette,COMMA DRESS,Armstrong,2,0,False,False,2025-09-08
gear,NEAR,Armstrong,2,0,False,False,2025-09-08
gear-case,NEAR FACE,Armstrong,2,0,False,False,2025-09-08
geared,NEAR,Armstrong,2,0,False,False,2025-09-08
gearing,NEAR,Armstrong,2,0,False,False,2025-09-08
gears,NEAR,Armstrong,2,0,False,False,2025-09-08
gearshift,NEAR KIT,Armstrong,2,0,False,False,2025-09-08
gee-gee,HAPPY,Armstrong,2,0,False,False,2025-09-08
geek,FLEECE,Armstrong,2,0,False,False,2025-09-08
geiger,PRICE LETTER,Armstrong,2,0,False,False,2025-09-08
geisha,FACE,Armstrong,2,0,False,False,2025-09-08
gemini,DRESS PRICE,Armstrong,2,0,False,False,2025-09-08
gemma,DRESS COMMA,Armstrong,2,0,False,False,2025-09-08
gendarme,START,Armstrong,2,0,False,False,2025-09-08
generation,LETTER FACE COMMA,Armstrong,2,0,False,False,2025-09-08
geneva,FLEECE COMMA,Armstrong,2,0,False,False,2025-09-08
genie,FLEECE HAPPY,Armstrong,2,0,False,False,2025-09-08
genito-urinary,DRESS GOAT GOOSE SQUARE HAPPY,Armstrong,2,0,False,False,2025-09-08
genre,THOUGHT COMMA,Armstrong,2,0,False,False,2025-09-08
genuine,DRESS GOOSE (PRICE),Armstrong,2,0,False,False,2025-09-08
geoffrey,DRESS HAPPY,Armstrong,2,0,False,False,2025-09-08
geometric,NEAR FLEECE DRESS,Armstrong,2,0,False,False,2025-09-08
geopark,FLEECE GOAT START,Armstrong,2,0,False,False,2025-09-08
georg,NORTH,Armstrong,2,0,False,False,2025-09-08
georgette,NORTH DRESS,Armstrong,2,0,False,False,2025-09-08
georgia,NORTH,Armstrong,2,0,False,False,2025-09-08
georgie,NORTH HAPPY,Armstrong,2,0,False,False,2025-09-08
georgina,NORTH FLEECE,Armstrong,2,0,False,False,2025-09-08
geothermal,FLEECE GOAT NURSE,Armstrong,2,0,False,False,2025-09-08
gerber,NURSE LETTER,Armstrong,2,0,False,False,2025-09-08
gere,NEAR,Armstrong,2,0,False,False,2025-09-08
germany,HAPPY NURSE,Armstrong,2,0,False,False,2025-09-08
gerontological,LOT,Armstrong,2,0,False,False,2025-09-08
gerrard,START,Armstrong,2,0,False,False,2025-09-08
gertrude,NURSE GOOSE,Armstrong,2,0,False,False,2025-09-08
gestalt,BATH COMMA,Armstrong,2,0,False,False,2025-09-08
gestapo,PALM GOAT,Armstrong,2,0,False,False,2025-09-08
gesundheit,FOOT PRICE,Armstrong,2,0,False,False,2025-09-08
get,DRESS,Armstrong,2,0,False,False,2025-09-08
get-together,DRESS LETTER,Armstrong,2,0,False,False,2025-09-08
getaway,DRESS COMMA FACE,Armstrong,2,0,False,False,2025-09-08
getcha,DRESS,Armstrong,2,0,False,False,2025-09-08
gethsemane,DRESS FACE,Armstrong,2,0,False,False,2025-09-08
getty,DRESS HAPPY,Armstrong,2,0,False,False,2025-09-08
ghana,PALM COMMA,Armstrong,2,0,False,False,2025-09-08
ghastlier,BATH LETTER,Armstrong,2,0,False,False,2025-09-08
ghastliest,BATH,Armstrong,2,0,False,False,2025-09-08
ghastly,BATH HAPPY,Armstrong,2,0,False,False,2025-09-08
ghia,NEAR,Armstrong,2,0,False,False,2025-09-08
ghosts,GOAT,Armstrong,2,0,False,False,2025-09-08
giant,PRICE,Armstrong,2,0,False,False,2025-09-08
gift,KIT,Armstrong,2,0,False,False,2025-09-08
gig,KIT,Armstrong,2,0,False,False,2025-09-08
gigantic,PRICE TRAP KIT,Armstrong,2,0,False,False,2025-09-08
gilmour,KIT FORCE,Armstrong,2,0,False,False,2025-09-08
gilroy,KIT CHOICE,Armstrong,2,0,False,False,2025-09-08
ginger,KIT LETTER,Armstrong,2,0,False,False,2025-09-08
ginseng,DRESS,Armstrong,2,0,False,False,2025-09-08
giraffe,BATH,Armstrong,2,0,False,False,2025-09-08
girl,NURSE,Armstrong,2,0,False,False,2025-09-08
girlfriend,DRESS NURSE,Armstrong,2,0,False,False,2025-09-08
girth,NURSE,Armstrong,2,0,False,False,2025-09-08
gite,FLEECE,Armstrong,2,0,False,False,2025-09-08
giuseppe,FOOT DRESS,Armstrong,2,0,False,False,2025-09-08
give,KIT,Armstrong,2,0,False,False,2025-09-08
glaisher,FACE LETTER,Armstrong,2,0,False,False,2025-09-08
glaister,FACE LETTER,Armstrong,2,0,False,False,2025-09-08
glamorgan,NORTH,Armstrong,2,0,False,False,2025-09-08
glamour,TRAP LETTER,Armstrong,2,0,False,False,2025-09-08
glasgow,TRAP GOAT,Armstrong,2,0,False,False,2025-09-08
glass,BATH,Armstrong,2,0,False,False,2025-09-08
glassware,BATH SQUARE,Armstrong,2,0,False,False,2025-09-08
glaswegian,TRAP FLEECE,Armstrong,2,0,False,False,2025-09-08
glauber,MOUTH LETTER,Armstrong,2,0,False,False,2025-09-08
glaucoma,THOUGHT GOAT,Armstrong,2,0,False,False,2025-09-08
gleam,FLEECE,Armstrong,2,0,False,False,2025-09-08
glebe,FLEECE,Armstrong,2,0,False,False,2025-09-08
global,GOAT,Armstrong,2,0,False,False,2025-09-08
globe,GOAT,Armstrong,2,0,False,False,2025-09-08
gloria,FORCE HAPPY,Armstrong,2,0,False,False,2025-09-08
glorious,FORCE HAPPY,Armstrong,2,0,False,False,2025-09-08
glory,FORCE HAPPY,Armstrong,2,0,False,False,2025-09-08
glossy,CLOTH HAPPY,Armstrong,2,0,False,False,2025-09-08
gloucester,CLOTH DRESS LETTER,Armstrong,2,0,False,False,2025-09-08
gloucestershire,CLOTH LETTER,Armstrong,2,0,False,False,2025-09-08
glover,STRUT LETTER,Armstrong,2,0,False,False,2025-09-08
gloves,STRUT,Armstrong,2,0,False,False,2025-09-08
glow,GOAT,Armstrong,2,0,False,False,2025-09-08
glow-worm,GOAT NURSE,Armstrong,2,0,False,False,2025-09-08
glowed,GOAT,Armstrong,2,0,False,False,2025-09-08
glower,MOUTH LETTER,Armstrong,2,0,False,False,2025-09-08
glows,GOAT,Armstrong,2,0,False,False,2025-09-08
glucose,GOOSE GOAT,Armstrong,2,0,False,False,2025-09-08
gluten,GOOSE,Armstrong,2,0,False,False,2025-09-08
glycol,PRICE LOT,Armstrong,2,0,False,False,2025-09-08
gnocchi,HAPPY,Armstrong,2,0,False,False,2025-09-08
go,GOAT,Armstrong,2,0,False,False,2025-09-08
go-ahead,GOAT DRESS,Armstrong,2,0,False,False,2025-09-08
go-by,GOAT PRICE,Armstrong,2,0,False,False,2025-09-08
go-go,GOAT,Armstrong,2,0,False,False,2025-09-08
goal,GOAT,Armstrong,2,0,False,False,2025-09-08
goalkeeper,GOAT FLEECE,Armstrong,2,0,False,False,2025-09-08
goatsbeard,GOAT NEAR,Armstrong,2,0,False,False,2025-09-08
god-awful,LOT THOUGHT,Armstrong,2,0,False,False,2025-09-08
god-fearing,LOT NEAR,Armstrong,2,0,False,False,2025-09-08
godfather,LOT PALM LETTER,Armstrong,2,0,False,False,2025-09-08
godiva,LOT FLEECE COMMA,Armstrong,2,0,False,False,2025-09-08
godmother,LOT STRUT LETTER,Armstrong,2,0,False,False,2025-09-08
goes,GOAT,Armstrong,2,0,False,False,2025-09-08
golborne,FORCE,Armstrong,2,0,False,False,2025-09-08
gold,GOAT,Armstrong,2,0,False,False,2025-09-08
gold-dust,GOAT STRUT,Armstrong,2,0,False,False,2025-09-08
gold-rush,GOAT STRUT,Armstrong,2,0,False,False,2025-09-08
goldblum,GOAT GOOSE,Armstrong,2,0,False,False,2025-09-08
golf,THOUGHT,Armstrong,2,0,False,False,2025-09-08
golf-club,THOUGHT STRUT,Armstrong,2,0,False,False,2025-09-08
golf-course,THOUGHT FORCE,Armstrong,2,0,False,False,2025-09-08
golfer,THOUGHT LETTER,Armstrong,2,0,False,False,2025-09-08
golgi,GOAT HAPPY,Armstrong,2,0,False,False,2025-09-08
gomez,DRESS GOAT,Armstrong,2,0,False,False,2025-09-08
gonadotrophin,GOAT,Armstrong,2,0,False,False,2025-09-08
gong,CLOTH,Armstrong,2,0,False,False,2025-09-08
good,FOOT,Armstrong,2,0,False,False,2025-09-08
good-for-nothing,FOOT LETTER STRUT,Armstrong,2,0,False,False,2025-09-08
good-time,FOOT PRICE,Armstrong,2,0,False,False,2025-09-08
goodies,FOOT HAPPY,Armstrong,2,0,False,False,2025-09-08
goodman,FOOT,Armstrong,2,0,False,False,2025-09-08
goodwife,FOOT PRICE,Armstrong,2,0,False,False,2025-09-08
goodyear,FOOT NEAR,Armstrong,2,0,False,False,2025-09-08
goofy,GOOSE HAPPY,Armstrong,2,0,False,False,2025-09-08
google,GOOSE,Armstrong,2,0,False,False,2025-09-08
googolplex,GOOSE DRESS,Armstrong,2,0,False,False,2025-09-08
goose,GOOSE,Armstrong,2,0,False,False,2025-09-08
goosebumps,GOOSE STRUT,Armstrong,2,0,False,False,2025-09-08
gooseflesh,GOOSE DRESS,Armstrong,2,0,False,False,2025-09-08
gopher,GOAT LETTER,Armstrong,2,0,False,False,2025-09-08
gorbachev,NORTH,Armstrong,2,0,False,False,2025-09-08
gorblimey,NORTH PRICE HAPPY,Armstrong,2,0,False,False,2025-09-08
gore,FORCE,Armstrong,2,0,False,False,2025-09-08
gorge,NORTH,Armstrong,2,0,False,False,2025-09-08
gorging,NORTH,Armstrong,2,0,False,False,2025-09-08
gorse,NORTH,Armstrong,2,0,False,False,2025-09-08
gory,FORCE HAPPY,Armstrong,2,0,False,False,2025-09-08
gosh,LOT,Armstrong,2,0,False,False,2025-09-08
gossip,LOT KIT,Armstrong,2,0,False,False,2025-09-08
got,LOT,Armstrong,2,0,False,False,2025-09-08
gotcha,LOT COMMA,Armstrong,2,0,False,False,2025-09-08
gouache,PALM,Armstrong,2,0,False,False,2025-09-08
gouge,MOUTH,Armstrong,2,0,False,False,2025-09-08
gourd,CURE,Armstrong,2,0,False,False,2025-09-08
gourlay,CURE FACE,Armstrong,2,0,False,False,2025-09-08
gourmand,CURE,Armstrong,2,0,False,False,2025-09-08
gourmet,CURE FACE,Armstrong,2,0,False,False,2025-09-08
governance,STRUT LETTER,Armstrong,2,0,False,False,2025-09-08
government,STRUT LETTER,Armstrong,2,0,False,False,2025-09-08
gow,MOUTH,Armstrong,2,0,False,False,2025-09-08
gower,MOUTH LETTER,Armstrong,2,0,False,False,2025-09-08
gowrie,MOUTH HAPPY,Armstrong,2,0,False,False,2025-09-08
goya,CHOICE,Armstrong,2,0,False,False,2025-09-08
goyt,CHOICE,Armstrong,2,0,False,False,2025-09-08
grab,TRAP,Armstrong,2,0,False,False,2025-09-08
grace,FACE,Armstrong,2,0,False,False,2025-09-08
gracie,FACE HAPPY,Armstrong,2,0,False,False,2025-09-08
gracious,FACE,Armstrong,2,0,False,False,2025-09-08
grade,FACE,Armstrong,2,0,False,False,2025-09-08
gradual,TRAP,Armstrong,2,0,False,False,2025-09-08
graduate,TRAP/FACE GOOSE,Armstrong,2,0,False,False,2025-09-08
graffiti,FLEECE HAPPY COMMA,Armstrong,2,0,False,False,2025-09-08
grammar,TRAP LETTER,Armstrong,2,0,False,False,2025-09-08
granddad,TRAP,Armstrong,2,0,False,False,2025-09-08
granddaughter,TRAP THOUGHT,Armstrong,2,0,False,False,2025-09-08
grandee,TRAP HAPPY,Armstrong,2,0,False,False,2025-09-08
grandfather,TRAP PALM LETTER,Armstrong,2,0,False,False,2025-09-08
grandma,TRAP PALM,Armstrong,2,0,False,False,2025-09-08
grandmother,TRAP STRUT LETTER,Armstrong,2,0,False,False,2025-09-08
grandpa,TRAP PALM,Armstrong,2,0,False,False,2025-09-08
grandson,TRAP STRUT,Armstrong,2,0,False,False,2025-09-08
granta,BATH COMMA,Armstrong,2,0,False,False,2025-09-08
grantors,BATH NORTH,Armstrong,2,0,False,False,2025-09-08
grapefruit,FACE GOOSE,Armstrong,2,0,False,False,2025-09-08
graph,(BATH) (TRAP),Armstrong,2,0,False,False,2025-09-08
grapheme,BATH/TRAP FLEECE,Armstrong,2,0,False,False,2025-09-08
graphene,BATH/TRAP FLEECE,Armstrong,2,0,False,False,2025-09-08
graphics,TRAP KIT,Armstrong,2,0,False,False,2025-09-08
graphology,TRAP BATH LOT HAPPY,Armstrong,2,0,False,False,2025-09-08
grass,BATH,Armstrong,2,0,False,False,2025-09-08
grassroots,BATH GOOSE,Armstrong,2,0,False,False,2025-09-08
graupel,MOUTH,Armstrong,2,0,False,False,2025-09-08
grave,FACE,Armstrong,2,0,False,False,2025-09-08
gravity,TRAP HAPPY,Armstrong,2,0,False,False,2025-09-08
graybeard,FACE NEAR,Armstrong,2,0,False,False,2025-09-08
grayson,FACE,Armstrong,2,0,False,False,2025-09-08
graze,FACE,Armstrong,2,0,False,False,2025-09-08
greatly,FACE HAPPY,Armstrong,2,0,False,False,2025-09-08
grebe,FLEECE,Armstrong,2,0,False,False,2025-09-08
greek,FLEECE,Armstrong,2,0,False,False,2025-09-08
greenbaum,FLEECE MOUTH,Armstrong,2,0,False,False,2025-09-08
greenhouse,FLEECE MOUTH,Armstrong,2,0,False,False,2025-09-08
greenstreet,FLEECE,Armstrong,2,0,False,False,2025-09-08
greenstuffs,FLEECE STRUT,Armstrong,2,0,False,False,2025-09-08
greensward,FLEECE NORTH,Armstrong,2,0,False,False,2025-09-08
greet,FLEECE,Armstrong,2,0,False,False,2025-09-08
gregorian,FORCE,Armstrong,2,0,False,False,2025-09-08
gregory,DRESS HAPPY,Armstrong,2,0,False,False,2025-09-08
grenada,FACE COMMA,Armstrong,2,0,False,False,2025-09-08
grenadier,FACE NEAR,Armstrong,2,0,False,False,2025-09-08
gretchen,DRESS,Armstrong,2,0,False,False,2025-09-08
grew,GOOSE,Armstrong,2,0,False,False,2025-09-08
greybeard,FACE NEAR,Armstrong,2,0,False,False,2025-09-08
grierson,NEAR,Armstrong,2,0,False,False,2025-09-08
gripe,PRICE,Armstrong,2,0,False,False,2025-09-08
grippe,(FLEECE) (PRICE),Armstrong,2,0,False,False,2025-09-08
grocery,GOAT LETTER COMMA,Armstrong,2,0,False,False,2025-09-08
groin,CHOICE,Armstrong,2,0,False,False,2025-09-08
groom,GOOSE,Armstrong,2,0,False,False,2025-09-08
groove,GOOSE,Armstrong,2,0,False,False,2025-09-08
grosbeak,GOAT FLEECE,Armstrong,2,0,False,False,2025-09-08
grosgrain,GOAT FACE,Armstrong,2,0,False,False,2025-09-08
gross,GOAT,Armstrong,2,0,False,False,2025-09-08
grosvenor,GOAT LETTER,Armstrong,2,0,False,False,2025-09-08
groucho,MOUTH GOAT,Armstrong,2,0,False,False,2025-09-08
ground,MOUTH,Armstrong,2,0,False,False,2025-09-08
groundsheet,MOUTH FLEECE,Armstrong,2,0,False,False,2025-09-08
group,GOOSE,Armstrong,2,0,False,False,2025-09-08
grove,GOAT,Armstrong,2,0,False,False,2025-09-08
grovelling,LOT,Armstrong,2,0,False,False,2025-09-08
grow,GOAT,Armstrong,2,0,False,False,2025-09-08
growl,MOUTH,Armstrong,2,0,False,False,2025-09-08
grown,GOAT,Armstrong,2,0,False,False,2025-09-08
grown-up,GOAT STRUT,Armstrong,2,0,False,False,2025-09-08
grows,GOAT,Armstrong,2,0,False,False,2025-09-08
growth,GOAT,Armstrong,2,0,False,False,2025-09-08
grudge,STRUT,Armstrong,2,0,False,False,2025-09-08
gruff,STRUT,Armstrong,2,0,False,False,2025-09-08
gruyere,SQUARE,Armstrong,2,0,False,False,2025-09-08
guacamole,GOOSE PALM GOAT FACE,Armstrong,2,0,False,False,2025-09-08
guadeloupe,GOOSE PALM,Armstrong,2,0,False,False,2025-09-08
guam,PALM,Armstrong,2,0,False,False,2025-09-08
guarantee,(FLEECE) (HAPPY) TRAP,Armstrong,2,0,False,False,2025-09-08
guarantors,NORTH TRAP,Armstrong,2,0,False,False,2025-09-08
guard,START,Armstrong,2,0,False,False,2025-09-08
guardian,START COMMA,Armstrong,2,0,False,False,2025-09-08
guatemala,PALM COMMA,Armstrong,2,0,False,False,2025-09-08
guava,PALM,Armstrong,2,0,False,False,2025-09-08
gucci,GOOSE HAPPY,Armstrong,2,0,False,False,2025-09-08
gudgeon,STRUT,Armstrong,2,0,False,False,2025-09-08
guernsey,HAPPY NURSE,Armstrong,2,0,False,False,2025-09-08
guidance,PRICE,Armstrong,2,0,False,False,2025-09-08
guide,PRICE,Armstrong,2,0,False,False,2025-09-08
guideline,PRICE,Armstrong,2,0,False,False,2025-09-08
guido,FLEECE GOAT,Armstrong,2,0,False,False,2025-09-08
guinea,KIT HAPPY,Armstrong,2,0,False,False,2025-09-08
guineapig,KIT FLEECE,Armstrong,2,0,False,False,2025-09-08
guinevere,NEAR,Armstrong,2,0,False,False,2025-09-08
guitar,START,Armstrong,2,0,False,False,2025-09-08
guitarist,START,Armstrong,2,0,False,False,2025-09-08
guitaristic,START KIT,Armstrong,2,0,False,False,2025-09-08
gujarat,FOOT,Armstrong,2,0,False,False,2025-09-08
gujarati,PALM (FOOT),Armstrong,2,0,False,False,2025-09-08
gujerat,FOOT,Armstrong,2,0,False,False,2025-09-08
gulf,STRUT,Armstrong,2,0,False,False,2025-09-08
gumboil,STRUT CHOICE,Armstrong,2,0,False,False,2025-09-08
gun-carriage,STRUT TRAP,Armstrong,2,0,False,False,2025-09-08
gunpowder,STRUT MOUTH LETTER,Armstrong,2,0,False,False,2025-09-08
gunslinger,LETTER STRUT KIT,Armstrong,2,0,False,False,2025-09-08
gupta,FOOT,Armstrong,2,0,False,False,2025-09-08
guru,GOOSE,Armstrong,2,0,False,False,2025-09-08
gush,STRUT,Armstrong,2,0,False,False,2025-09-08
gustav,FOOT PALM,Armstrong,2,0,False,False,2025-09-08
gustave,FOOT PALM,Armstrong,2,0,False,False,2025-09-08
gut,STRUT,Armstrong,2,0,False,False,2025-09-08
guthrie,STRUT HAPPY,Armstrong,2,0,False,False,2025-09-08
guy,PRICE,Armstrong,2,0,False,False,2025-09-08
guys,PRICE,Armstrong,2,0,False,False,2025-09-08
gwyneth,KIT COMMA,Armstrong,2,0,False,False,2025-09-08
gwyther,PRICE LETTER,Armstrong,2,0,False,False,2025-09-08
gymkhana,KIT PALM,Armstrong,2,0,False,False,2025-09-08
gymnastic,KIT BATH,Armstrong,2,0,False,False,2025-09-08
ha,PALM/TRAP,Armstrong,2,0,False,False,2025-09-08
haberdasher,TRAP LETTER,Armstrong,2,0,False,False,2025-09-08
habit,TRAP KIT,Armstrong,2,0,False,False,2025-09-08
habitat,TRAP KIT,Armstrong,2,0,False,False,2025-09-08
hacek,PALM DRESS,Armstrong,2,0,False,False,2025-09-08
had,TRAP COMMA,Armstrong,2,0,False,False,2025-09-08
hagan,FACE,Armstrong,2,0,False,False,2025-09-08
hague,FACE,Armstrong,2,0,False,False,2025-09-08
hah,PALM,Armstrong,2,0,False,False,2025-09-08
haha,PALM,Armstrong,2,0,False,False,2025-09-08
hahn,PALM,Armstrong,2,0,False,False,2025-09-08
haifa,PRICE COMMA,Armstrong,2,0,False,False,2025-09-08
hail,FACE,Armstrong,2,0,False,False,2025-09-08
hail-fellow-well-met,GOAT FACE DRESS,Armstrong,2,0,False,False,2025-09-08
hair,SQUARE,Armstrong,2,0,False,False,2025-09-08
hair-dye,PRICE SQUARE,Armstrong,2,0,False,False,2025-09-08
hair-shirt,SQUARE NURSE,Armstrong,2,0,False,False,2025-09-08
hair-slide,SQUARE PRICE,Armstrong,2,0,False,False,2025-09-08
hair-trigger,SQUARE KIT LETTER,Armstrong,2,0,False,False,2025-09-08
hairball,SQUARE THOUGHT,Armstrong,2,0,False,False,2025-09-08
hairbrush,STRUT SQUARE,Armstrong,2,0,False,False,2025-09-08
haircut,STRUT SQUARE,Armstrong,2,0,False,False,2025-09-08
hairdo,SQUARE GOOSE,Armstrong,2,0,False,False,2025-09-08
hairdresser,SQUARE DRESS LETTER,Armstrong,2,0,False,False,2025-09-08
hairdressing,SQUARE DRESS KIT,Armstrong,2,0,False,False,2025-09-08
haired,SQUARE,Armstrong,2,0,False,False,2025-09-08
hairgrip,SQUARE KIT,Armstrong,2,0,False,False,2025-09-08
hairless,SQUARE,Armstrong,2,0,False,False,2025-09-08
hairlike,SQUARE KIT,Armstrong,2,0,False,False,2025-09-08
hairline,SQUARE PRICE,Armstrong,2,0,False,False,2025-09-08
hairnet,SQUARE DRESS,Armstrong,2,0,False,False,2025-09-08
hairpiece,SQUARE FLEECE,Armstrong,2,0,False,False,2025-09-08
hairpin,SQUARE KIT,Armstrong,2,0,False,False,2025-09-08
hairsplitting,SQUARE KIT,Armstrong,2,0,False,False,2025-09-08
hairspring,SQUARE KIT,Armstrong,2,0,False,False,2025-09-08
hairstreak,FLEECE SQUARE,Armstrong,2,0,False,False,2025-09-08
hairstyle,SQUARE PRICE,Armstrong,2,0,False,False,2025-09-08
hairstylist,SQUARE PRICE KIT,Armstrong,2,0,False,False,2025-09-08
haiti,FACE HAPPY,Armstrong,2,0,False,False,2025-09-08
haitian,FACE,Armstrong,2,0,False,False,2025-09-08
hakim,FLEECE (TRAP),Armstrong,2,0,False,False,2025-09-08
halal,PALM,Armstrong,2,0,False,False,2025-09-08
hale,FACE,Armstrong,2,0,False,False,2025-09-08
halesowen,FACE GOAT,Armstrong,2,0,False,False,2025-09-08
half,BATH,Armstrong,2,0,False,False,2025-09-08
half-a-dozen,STRUT BATH,Armstrong,2,0,False,False,2025-09-08
half-brother,STRUT BATH LETTER,Armstrong,2,0,False,False,2025-09-08
half-hearted,BATH PALM,Armstrong,2,0,False,False,2025-09-08
half-heartedly,BATH PALM HAPPY,Armstrong,2,0,False,False,2025-09-08
half-hour,BATH MOUTH LETTER,Armstrong,2,0,False,False,2025-09-08
half-life,BATH PRICE,Armstrong,2,0,False,False,2025-09-08
half-measures,DRESS BATH LETTER,Armstrong,2,0,False,False,2025-09-08
half-price,BATH PRICE,Armstrong,2,0,False,False,2025-09-08
half-sister,BATH KIT LETTER,Armstrong,2,0,False,False,2025-09-08
half-time,PRICE BATH,Armstrong,2,0,False,False,2025-09-08
halftime,BATH PRICE,Armstrong,2,0,False,False,2025-09-08
halftone,BATH GOAT,Armstrong,2,0,False,False,2025-09-08
halftrack,BATH TRAP,Armstrong,2,0,False,False,2025-09-08
halftruth,GOOSE BATH,Armstrong,2,0,False,False,2025-09-08
hall,THOUGHT,Armstrong,2,0,False,False,2025-09-08
halle,HAPPY TRAP,Armstrong,2,0,False,False,2025-09-08
hallmark,START THOUGHT,Armstrong,2,0,False,False,2025-09-08
halo,FACE GOAT,Armstrong,2,0,False,False,2025-09-08
halothane,GOAT FACE,Armstrong,2,0,False,False,2025-09-08
halt,THOUGHT,Armstrong,2,0,False,False,2025-09-08
haltere,NEAR THOUGHT/TRAP,Armstrong,2,0,False,False,2025-09-08
halves,BATH,Armstrong,2,0,False,False,2025-09-08
hamilton,TRAP,Armstrong,2,0,False,False,2025-09-08
hamish,FACE KIT,Armstrong,2,0,False,False,2025-09-08
hammer,LETTER TRAP,Armstrong,2,0,False,False,2025-09-08
hammerbeam,FLEECE TRAP LETTER,Armstrong,2,0,False,False,2025-09-08
hamsa,COMMA TRAP,Armstrong,2,0,False,False,2025-09-08
hamstrung,STRUT TRAP,Armstrong,2,0,False,False,2025-09-08
hand-cream,FLEECE TRAP,Armstrong,2,0,False,False,2025-09-08
hand-organ,NORTH TRAP,Armstrong,2,0,False,False,2025-09-08
handbag,TRAP,Armstrong,2,0,False,False,2025-09-08
handball,THOUGHT TRAP,Armstrong,2,0,False,False,2025-09-08
handbrake,FACE TRAP,Armstrong,2,0,False,False,2025-09-08
handcuffs,STRUT TRAP,Armstrong,2,0,False,False,2025-09-08
handful,FOOT TRAP,Armstrong,2,0,False,False,2025-09-08
handicap,TRAP HAPPY,Armstrong,2,0,False,False,2025-09-08
handkerchief,(KIT) LETTER (FLEECE) TRAP,Armstrong,2,0,False,False,2025-09-08
handover,GOAT TRAP LETTER,Armstrong,2,0,False,False,2025-09-08
handsaws,THOUGHT TRAP,Armstrong,2,0,False,False,2025-09-08
hang,TRAP,Armstrong,2,0,False,False,2025-09-08
hangar,LETTER TRAP,Armstrong,2,0,False,False,2025-09-08
hanger,LETTER TRAP,Armstrong,2,0,False,False,2025-09-08
hanna-barbera,START TRAP SQUARE,Armstrong,2,0,False,False,2025-09-08
hanoi,CHOICE TRAP,Armstrong,2,0,False,False,2025-09-08
hanukkah,PALM COMMA TRAP,Armstrong,2,0,False,False,2025-09-08
happened,TRAP,Armstrong,2,0,False,False,2025-09-08
happy,TRAP HAPPY,Armstrong,2,0,False,False,2025-09-08
happy-go-lucky,GOAT TRAP HAPPY STRUT,Armstrong,2,0,False,False,2025-09-08
harare,START HAPPY,Armstrong,2,0,False,False,2025-09-08
harbor,LETTER START,Armstrong,2,0,False,False,2025-09-08
harbour,START LETTER,Armstrong,2,0,False,False,2025-09-08
harcourt,FORCE START,Armstrong,2,0,False,False,2025-09-08
hard,START,Armstrong,2,0,False,False,2025-09-08
hardcastle,BATH START,Armstrong,2,0,False,False,2025-09-08
hardcore,START FORCE,Armstrong,2,0,False,False,2025-09-08
hardcover,STRUT START LETTER,Armstrong,2,0,False,False,2025-09-08
harder,START LETTER,Armstrong,2,0,False,False,2025-09-08
hardware,SQUARE START,Armstrong,2,0,False,False,2025-09-08
hardy,START HAPPY,Armstrong,2,0,False,False,2025-09-08
hare,SQUARE,Armstrong,2,0,False,False,2025-09-08
harelip,SQUARE KIT,Armstrong,2,0,False,False,2025-09-08
harewood,SQUARE FOOT,Armstrong,2,0,False,False,2025-09-08
harfleur,START LETTER,Armstrong,2,0,False,False,2025-09-08
harford,START LETTER,Armstrong,2,0,False,False,2025-09-08
hargeaves,START FLEECE,Armstrong,2,0,False,False,2025-09-08
harlem,START,Armstrong,2,0,False,False,2025-09-08
harley-davidson,FACE START HAPPY KIT,Armstrong,2,0,False,False,2025-09-08
harlot,START GOAT,Armstrong,2,0,False,False,2025-09-08
harlow,START GOAT,Armstrong,2,0,False,False,2025-09-08
harm,START,Armstrong,2,0,False,False,2025-09-08
harmonica,START LOT KIT,Armstrong,2,0,False,False,2025-09-08
harmony,START HAPPY,Armstrong,2,0,False,False,2025-09-08
harness,START,Armstrong,2,0,False,False,2025-09-08
harp,START,Armstrong,2,0,False,False,2025-09-08
harpenden,START,Armstrong,2,0,False,False,2025-09-08
harper,START LETTER,Armstrong,2,0,False,False,2025-09-08
harpoon,START GOOSE,Armstrong,2,0,False,False,2025-09-08
harpsichord,FORCE KIT NORTH,Armstrong,2,0,False,False,2025-09-08
harris,TRAP KIT,Armstrong,2,0,False,False,2025-09-08
harrison,TRAP KIT,Armstrong,2,0,False,False,2025-09-08
harry,TRAP HAPPY,Armstrong,2,0,False,False,2025-09-08
harsh,START,Armstrong,2,0,False,False,2025-09-08
harshest,START KIT,Armstrong,2,0,False,False,2025-09-08
hart,START,Armstrong,2,0,False,False,2025-09-08
harvard,START,Armstrong,2,0,False,False,2025-09-08
harvest,START KIT,Armstrong,2,0,False,False,2025-09-08
harvester,START KIT LETTER,Armstrong,2,0,False,False,2025-09-08
harvey,START HAPPY,Armstrong,2,0,False,False,2025-09-08
harwell,START DRESS,Armstrong,2,0,False,False,2025-09-08
harwood,START FOOT,Armstrong,2,0,False,False,2025-09-08
has,TRAP COMMA,Armstrong,2,0,False,False,2025-09-08
has-been,TRAP FLEECE/KIT,Armstrong,2,0,False,False,2025-09-08
hasbro,TRAP GOAT,Armstrong,2,0,False,False,2025-09-08
hashimoto,FLEECE GOAT TRAP,Armstrong,2,0,False,False,2025-09-08
hatchback,TRAP,Armstrong,2,0,False,False,2025-09-08
hate,FACE,Armstrong,2,0,False,False,2025-09-08
hathern,TRAP LETTER,Armstrong,2,0,False,False,2025-09-08
hathersage,TRAP LETTER,Armstrong,2,0,False,False,2025-09-08
haulm,THOUGHT,Armstrong,2,0,False,False,2025-09-08
haunted,THOUGHT,Armstrong,2,0,False,False,2025-09-08
hausa,MOUTH COMMA,Armstrong,2,0,False,False,2025-09-08
have,TRAP COMMA,Armstrong,2,0,False,False,2025-09-08
have-not,LOT TRAP/COMMA,Armstrong,2,0,False,False,2025-09-08
haven,FACE,Armstrong,2,0,False,False,2025-09-08
haw-haws,THOUGHT,Armstrong,2,0,False,False,2025-09-08
hawaii,COMMA PRICE HAPPY,Armstrong,2,0,False,False,2025-09-08
hawarden,FACE NORTH,Armstrong,2,0,False,False,2025-09-08
hawfinch,THOUGHT KIT,Armstrong,2,0,False,False,2025-09-08
hawick,CHOICE KIT,Armstrong,2,0,False,False,2025-09-08
hawk,THOUGHT,Armstrong,2,0,False,False,2025-09-08
hawkins,THOUGHT KIT,Armstrong,2,0,False,False,2025-09-08
hawksmoor,FORCE CURE,Armstrong,2,0,False,False,2025-09-08
haworth,LETTER MOUTH,Armstrong,2,0,False,False,2025-09-08
hawthorne,THOUGHT NORTH,Armstrong,2,0,False,False,2025-09-08
hayden,FACE,Armstrong,2,0,False,False,2025-09-08
haydon,FACE,Armstrong,2,0,False,False,2025-09-08
hayes,FACE,Armstrong,2,0,False,False,2025-09-08
hayfork,NORTH FACE,Armstrong,2,0,False,False,2025-09-08
hayley,FACE HAPPY,Armstrong,2,0,False,False,2025-09-08
hayman,FACE,Armstrong,2,0,False,False,2025-09-08
haymarket,START FACE,Armstrong,2,0,False,False,2025-09-08
hayrick,FACE KIT,Armstrong,2,0,False,False,2025-09-08
haystack,FACE TRAP,Armstrong,2,0,False,False,2025-09-08
hayward,FACE NORTH,Armstrong,2,0,False,False,2025-09-08
haywire,FACE PRICE LETTER,Armstrong,2,0,False,False,2025-09-08
haywood,FACE FOOT,Armstrong,2,0,False,False,2025-09-08
hazard,TRAP,Armstrong,2,0,False,False,2025-09-08
hazel,FACE,Armstrong,2,0,False,False,2025-09-08
hazelnut,STRUT FACE,Armstrong,2,0,False,False,2025-09-08
he,FLEECE,Armstrong,2,0,False,False,2025-09-08
head,DRESS,Armstrong,2,0,False,False,2025-09-08
headache,FACE DRESS,Armstrong,2,0,False,False,2025-09-08
headboard,FORCE DRESS,Armstrong,2,0,False,False,2025-09-08
headgear,NEAR DRESS,Armstrong,2,0,False,False,2025-09-08
headhunter,STRUT DRESS LETTER,Armstrong,2,0,False,False,2025-09-08
headline,PRICE DRESS,Armstrong,2,0,False,False,2025-09-08
headquarters,DRESS LETTER FORCE,Armstrong,2,0,False,False,2025-09-08
headscarf,START DRESS,Armstrong,2,0,False,False,2025-09-08
headscarves,START DRESS,Armstrong,2,0,False,False,2025-09-08
headset,DRESS,Armstrong,2,0,False,False,2025-09-08
health,DRESS,Armstrong,2,0,False,False,2025-09-08
healthcare,DRESS SQUARE,Armstrong,2,0,False,False,2025-09-08
healthy,HAPPY DRESS,Armstrong,2,0,False,False,2025-09-08
heap,FLEECE,Armstrong,2,0,False,False,2025-09-08
hear,NEAR,Armstrong,2,0,False,False,2025-09-08
heard,NURSE,Armstrong,2,0,False,False,2025-09-08
hearer,NEAR LETTER,Armstrong,2,0,False,False,2025-09-08
hears,NEAR,Armstrong,2,0,False,False,2025-09-08
hearsay,NEAR FACE,Armstrong,2,0,False,False,2025-09-08
heart,START,Armstrong,2,0,False,False,2025-09-08
heart-warming,NORTH START KIT,Armstrong,2,0,False,False,2025-09-08
heartbeat,FLEECE START,Armstrong,2,0,False,False,2025-09-08
hearth,START,Armstrong,2,0,False,False,2025-09-08
hearthrug,STRUT START,Armstrong,2,0,False,False,2025-09-08
hearthstone,START GOAT,Armstrong,2,0,False,False,2025-09-08
heartthrob,LOT START,Armstrong,2,0,False,False,2025-09-08
heat,FLEECE,Armstrong,2,0,False,False,2025-09-08
heather,DRESS LETTER,Armstrong,2,0,False,False,2025-09-08
heatwave,FACE FLEECE,Armstrong,2,0,False,False,2025-09-08
heavy,DRESS HAPPY,Armstrong,2,0,False,False,2025-09-08
heavyweight,HAPPY DRESS FACE,Armstrong,2,0,False,False,2025-09-08
hebdomadal,DRESS LOT,Armstrong,2,0,False,False,2025-09-08
hebrew,FLEECE GOOSE,Armstrong,2,0,False,False,2025-09-08
hebrides,DRESS FLEECE,Armstrong,2,0,False,False,2025-09-08
heckmondwike,PRICE DRESS,Armstrong,2,0,False,False,2025-09-08
hectares,SQUARE DRESS,Armstrong,2,0,False,False,2025-09-08
hecuba,FOOT DRESS,Armstrong,2,0,False,False,2025-09-08
hedgehog,LOT DRESS,Armstrong,2,0,False,False,2025-09-08
hedges,DRESS,Armstrong,2,0,False,False,2025-09-08
heehaws,THOUGHT FLEECE,Armstrong,2,0,False,False,2025-09-08
heidegger,DRESS PRICE LETTER,Armstrong,2,0,False,False,2025-09-08
heidi,PRICE HAPPY,Armstrong,2,0,False,False,2025-09-08
height,PRICE,Armstrong,2,0,False,False,2025-09-08
heighway,FACE,Armstrong,2,0,False,False,2025-09-08
heinis,PRICE,Armstrong,2,0,False,False,2025-09-08
heinkel,PRICE,Armstrong,2,0,False,False,2025-09-08
heir,SQUARE,Armstrong,2,0,False,False,2025-09-08
heirloom,GOOSE SQUARE,Armstrong,2,0,False,False,2025-09-08
heirship,SQUARE KIT,Armstrong,2,0,False,False,2025-09-08
held,DRESS,Armstrong,2,0,False,False,2025-09-08
helena,COMMA DRESS,Armstrong,2,0,False,False,2025-09-08
helicopter,LOT DRESS KIT LETTER,Armstrong,2,0,False,False,2025-09-08
hello,DRESS GOAT,Armstrong,2,0,False,False,2025-09-08
help,DRESS,Armstrong,2,0,False,False,2025-09-08
helpmeet,FLEECE DRESS,Armstrong,2,0,False,False,2025-09-08
hemisphere,NEAR DRESS KIT,Armstrong,2,0,False,False,2025-09-08
hemispheres,NEAR DRESS KIT,Armstrong,2,0,False,False,2025-09-08
hemsworth,LETTER DRESS,Armstrong,2,0,False,False,2025-09-08
henri,HAPPY DRESS,Armstrong,2,0,False,False,2025-09-08
her,NURSE,Armstrong,2,0,False,False,2025-09-08
heraldic,DRESS KIT TRAP,Armstrong,2,0,False,False,2025-09-08
herbaceous,FACE,Armstrong,2,0,False,False,2025-09-08
herbal,NURSE,Armstrong,2,0,False,False,2025-09-08
herbert,NURSE,Armstrong,2,0,False,False,2025-09-08
hercules,FOOT NURSE,Armstrong,2,0,False,False,2025-09-08
herd,NURSE,Armstrong,2,0,False,False,2025-09-08
here,NEAR,Armstrong,2,0,False,False,2025-09-08
hereford,NURSE DRESS NORTH,Armstrong,2,0,False,False,2025-09-08
hereto,NEAR GOOSE,Armstrong,2,0,False,False,2025-09-08
heretofore,GOOSE NEAR FORCE,Armstrong,2,0,False,False,2025-09-08
herewith,NEAR KIT,Armstrong,2,0,False,False,2025-09-08
heritage,DRESS KIT,Armstrong,2,0,False,False,2025-09-08
hermann,NURSE,Armstrong,2,0,False,False,2025-09-08
hermitage,PALM SQUARE NURSE KIT,Armstrong,2,0,False,False,2025-09-08
hernandez,DRESS TRAP,Armstrong,2,0,False,False,2025-09-08
hero,NEAR GOAT,Armstrong,2,0,False,False,2025-09-08
hero-worship,GOAT NEAR KIT,Armstrong,2,0,False,False,2025-09-08
heroes,GOAT NEAR,Armstrong,2,0,False,False,2025-09-08
herrenvolk,GOAT DRESS,Armstrong,2,0,False,False,2025-09-08
hers,NURSE,Armstrong,2,0,False,False,2025-09-08
herschel,NURSE,Armstrong,2,0,False,False,2025-09-08
hersey,HAPPY NURSE,Armstrong,2,0,False,False,2025-09-08
hervey,HAPPY NURSE,Armstrong,2,0,False,False,2025-09-08
heterogeneity,GOAT DRESS LETTER FACE HAPPY,Armstrong,2,0,False,False,2025-09-08
hetherington,DRESS KIT LETTER,Armstrong,2,0,False,False,2025-09-08
heyford,FACE NORTH,Armstrong,2,0,False,False,2025-09-08
heyward,FACE NORTH,Armstrong,2,0,False,False,2025-09-08
heywood,FACE FOOT,Armstrong,2,0,False,False,2025-09-08
hi,PRICE,Armstrong,2,0,False,False,2025-09-08
hi-fi,PRICE,Armstrong,2,0,False,False,2025-09-08
hiawatha,COMMA PRICE,Armstrong,2,0,False,False,2025-09-08
hibachi,PALM HAPPY KIT,Armstrong,2,0,False,False,2025-09-08
hibernian,PRICE NURSE,Armstrong,2,0,False,False,2025-09-08
hiccup,STRUT KIT,Armstrong,2,0,False,False,2025-09-08
hidden,KIT,Armstrong,2,0,False,False,2025-09-08
hide,PRICE,Armstrong,2,0,False,False,2025-09-08
high,PRICE,Armstrong,2,0,False,False,2025-09-08
high-class,BATH PRICE,Armstrong,2,0,False,False,2025-09-08
high-density,PRICE DRESS KIT HAPPY,Armstrong,2,0,False,False,2025-09-08
high-falutin,PRICE GOOSE KIT,Armstrong,2,0,False,False,2025-09-08
high-fidelity,PRICE KIT DRESS HAPPY,Armstrong,2,0,False,False,2025-09-08
high-flier,PRICE LETTER,Armstrong,2,0,False,False,2025-09-08
high-flown,PRICE GOAT,Armstrong,2,0,False,False,2025-09-08
high-flyers,PRICE LETTER,Armstrong,2,0,False,False,2025-09-08
high-flying,PRICE KIT,Armstrong,2,0,False,False,2025-09-08
high-grade,PRICE FACE,Armstrong,2,0,False,False,2025-09-08
high-keyed,PRICE FLEECE,Armstrong,2,0,False,False,2025-09-08
high-level,DRESS PRICE,Armstrong,2,0,False,False,2025-09-08
high-minded,PRICE,Armstrong,2,0,False,False,2025-09-08
high-mindedly,PRICE HAPPY,Armstrong,2,0,False,False,2025-09-08
high-mindedness,PRICE,Armstrong,2,0,False,False,2025-09-08
high-necked,PRICE DRESS,Armstrong,2,0,False,False,2025-09-08
high-pass,PRICE BATH,Armstrong,2,0,False,False,2025-09-08
high-pitched,PRICE KIT,Armstrong,2,0,False,False,2025-09-08
high-powered,PRICE MOUTH LETTER,Armstrong,2,0,False,False,2025-09-08
high-pressure,PRICE LETTER DRESS,Armstrong,2,0,False,False,2025-09-08
high-priced,PRICE,Armstrong,2,0,False,False,2025-09-08
high-principled,PRICE KIT,Armstrong,2,0,False,False,2025-09-08
high-profile,PRICE GOAT,Armstrong,2,0,False,False,2025-09-08
high-ranking,PRICE TRAP KIT,Armstrong,2,0,False,False,2025-09-08
high-res,PRICE DRESS,Armstrong,2,0,False,False,2025-09-08
high-rise,PRICE,Armstrong,2,0,False,False,2025-09-08
high-risk,PRICE KIT,Armstrong,2,0,False,False,2025-09-08
high-sounding,PRICE MOUTH KIT,Armstrong,2,0,False,False,2025-09-08
high-speed,PRICE FLEECE,Armstrong,2,0,False,False,2025-09-08
high-spirited,PRICE KIT,Armstrong,2,0,False,False,2025-09-08
high-strung,PRICE STRUT,Armstrong,2,0,False,False,2025-09-08
higham,PRICE,Armstrong,2,0,False,False,2025-09-08
highball,PRICE THOUGHT,Armstrong,2,0,False,False,2025-09-08
highballs,PRICE THOUGHT,Armstrong,2,0,False,False,2025-09-08
highborn,PRICE NORTH,Armstrong,2,0,False,False,2025-09-08
highboy,PRICE CHOICE,Armstrong,2,0,False,False,2025-09-08
highbrow,PRICE MOUTH,Armstrong,2,0,False,False,2025-09-08
highbury,PRICE HAPPY,Armstrong,2,0,False,False,2025-09-08
highclere,NEAR PRICE,Armstrong,2,0,False,False,2025-09-08
higher,PRICE LETTER,Armstrong,2,0,False,False,2025-09-08
highest,PRICE,Armstrong,2,0,False,False,2025-09-08
highflown,PRICE GOAT,Armstrong,2,0,False,False,2025-09-08
highgate,FACE PRICE,Armstrong,2,0,False,False,2025-09-08
highjack,PRICE TRAP,Armstrong,2,0,False,False,2025-09-08
highjacking,PRICE TRAP KIT,Armstrong,2,0,False,False,2025-09-08
highlander,PRICE TRAP LETTER,Armstrong,2,0,False,False,2025-09-08
highlands,PRICE,Armstrong,2,0,False,False,2025-09-08
highlight,PRICE,Armstrong,2,0,False,False,2025-09-08
highlighting,PRICE KIT,Armstrong,2,0,False,False,2025-09-08
highlights,PRICE,Armstrong,2,0,False,False,2025-09-08
highly,PRICE HAPPY,Armstrong,2,0,False,False,2025-09-08
highly-strung,PRICE HAPPY STRUT,Armstrong,2,0,False,False,2025-09-08
highroad,PRICE GOAT,Armstrong,2,0,False,False,2025-09-08
highs,PRICE,Armstrong,2,0,False,False,2025-09-08
highway,PRICE FACE,Armstrong,2,0,False,False,2025-09-08
highwayman,FACE PRICE TRAP,Armstrong,2,0,False,False,2025-09-08
highwaymen,PRICE DRESS,Armstrong,2,0,False,False,2025-09-08
hijab,KIT (TRAP),Armstrong,2,0,False,False,2025-09-08
hijack,PRICE TRAP,Armstrong,2,0,False,False,2025-09-08
hiking,PRICE KIT,Armstrong,2,0,False,False,2025-09-08
hilarious,SQUARE KIT HAPPY,Armstrong,2,0,False,False,2025-09-08
hill,KIT,Armstrong,2,0,False,False,2025-09-08
hilltop,LOT KIT,Armstrong,2,0,False,False,2025-09-08
hindi,HAPPY KIT,Armstrong,2,0,False,False,2025-09-08
hindmarsh,START PRICE,Armstrong,2,0,False,False,2025-09-08
hindsight,PRICE,Armstrong,2,0,False,False,2025-09-08
hindustani,GOOSE KIT PALM HAPPY,Armstrong,2,0,False,False,2025-09-08
hip,KIT,Armstrong,2,0,False,False,2025-09-08
hip-baths,BATH KIT,Armstrong,2,0,False,False,2025-09-08
hip-flask,BATH KIT,Armstrong,2,0,False,False,2025-09-08
hip-hop,KIT LOT,Armstrong,2,0,False,False,2025-09-08
hip-huggers,STRUT KIT LETTER,Armstrong,2,0,False,False,2025-09-08
hippie,HAPPY KIT,Armstrong,2,0,False,False,2025-09-08
hiraeth,PRICE FLEECE,Armstrong,2,0,False,False,2025-09-08
hire,PRICE LETTER,Armstrong,2,0,False,False,2025-09-08
hirwain,NEAR PRICE,Armstrong,2,0,False,False,2025-09-08
his,KIT,Armstrong,2,0,False,False,2025-09-08
hislop,LOT KIT,Armstrong,2,0,False,False,2025-09-08
histamine,FLEECE KIT,Armstrong,2,0,False,False,2025-09-08
historian,FORCE KIT HAPPY,Armstrong,2,0,False,False,2025-09-08
historic,(CLOTH) KIT,Armstrong,2,0,False,False,2025-09-08
historical,(CLOTH) KIT,Armstrong,2,0,False,False,2025-09-08
history,KIT HAPPY,Armstrong,2,0,False,False,2025-09-08
hit,KIT,Armstrong,2,0,False,False,2025-09-08
hitachi,PALM HAPPY KIT,Armstrong,2,0,False,False,2025-09-08
hither,KIT LETTER,Armstrong,2,0,False,False,2025-09-08
hiv,FACE PRICE FLEECE,Armstrong,2,0,False,False,2025-09-08
hluhluwe,FOOT GOOSE FACE,Armstrong,2,0,False,False,2025-09-08
ho,GOAT,Armstrong,2,0,False,False,2025-09-08
hoar,FORCE,Armstrong,2,0,False,False,2025-09-08
hoard,FORCE,Armstrong,2,0,False,False,2025-09-08
hoarder,FORCE LETTER,Armstrong,2,0,False,False,2025-09-08
hoarding,FORCE KIT,Armstrong,2,0,False,False,2025-09-08
hoarier,FORCE HAPPY LETTER,Armstrong,2,0,False,False,2025-09-08
hoariest,FORCE HAPPY,Armstrong,2,0,False,False,2025-09-08
hoarsely,FORCE HAPPY,Armstrong,2,0,False,False,2025-09-08
hoarseness,FORCE,Armstrong,2,0,False,False,2025-09-08
hoarser,FORCE LETTER,Armstrong,2,0,False,False,2025-09-08
hoarsest,FORCE,Armstrong,2,0,False,False,2025-09-08
hoary,FORCE HAPPY,Armstrong,2,0,False,False,2025-09-08
hobart,START GOAT,Armstrong,2,0,False,False,2025-09-08
hobbledehoys,CHOICE LOT,Armstrong,2,0,False,False,2025-09-08
hobby,LOT HAPPY,Armstrong,2,0,False,False,2025-09-08
hobnob,LOT,Armstrong,2,0,False,False,2025-09-08
hobsbawm,THOUGHT LOT,Armstrong,2,0,False,False,2025-09-08
hockey,HAPPY LOT,Armstrong,2,0,False,False,2025-09-08
hodgepodge,LOT,Armstrong,2,0,False,False,2025-09-08
hodges,LOT,Armstrong,2,0,False,False,2025-09-08
hoe,GOAT,Armstrong,2,0,False,False,2025-09-08
hog,CLOTH,Armstrong,2,0,False,False,2025-09-08
hogarth,GOAT START,Armstrong,2,0,False,False,2025-09-08
hogarthian,GOAT START HAPPY,Armstrong,2,0,False,False,2025-09-08
hogwarts,NORTH LOT,Armstrong,2,0,False,False,2025-09-08
hogweed,FLEECE LOT,Armstrong,2,0,False,False,2025-09-08
hoick,CHOICE,Armstrong,2,0,False,False,2025-09-08
hoist,CHOICE,Armstrong,2,0,False,False,2025-09-08
holbeach,FLEECE LOT,Armstrong,2,0,False,False,2025-09-08
hold,GOAT,Armstrong,2,0,False,False,2025-09-08
hole,GOAT,Armstrong,2,0,False,False,2025-09-08
holidaymaker,FACE LOT KIT LETTER,Armstrong,2,0,False,False,2025-09-08
holidays,FACE KIT LOT,Armstrong,2,0,False,False,2025-09-08
holistic,GOAT KIT,Armstrong,2,0,False,False,2025-09-08
holloway,COMMA LOT FACE,Armstrong,2,0,False,False,2025-09-08
hollowware,GOAT LOT SQUARE,Armstrong,2,0,False,False,2025-09-08
hollywood,FOOT HAPPY LOT,Armstrong,2,0,False,False,2025-09-08
holmes,GOAT,Armstrong,2,0,False,False,2025-09-08
holmfirth,GOAT NURSE,Armstrong,2,0,False,False,2025-09-08
holmwood,GOAT FOOT,Armstrong,2,0,False,False,2025-09-08
holocaust,THOUGHT LOT,Armstrong,2,0,False,False,2025-09-08
holroyd,CHOICE LOT,Armstrong,2,0,False,False,2025-09-08
holy,GOAT,Armstrong,2,0,False,False,2025-09-08
hombre,LOT,Armstrong,2,0,False,False,2025-09-08
home,GOAT,Armstrong,2,0,False,False,2025-09-08
home-cured,CURE GOAT,Armstrong,2,0,False,False,2025-09-08
home-made,FACE GOAT,Armstrong,2,0,False,False,2025-09-08
homecoming,STRUT GOAT KIT,Armstrong,2,0,False,False,2025-09-08
homelike,PRICE GOAT,Armstrong,2,0,False,False,2025-09-08
homemade,GOAT FACE,Armstrong,2,0,False,False,2025-09-08
homeopath,TRAP GOAT HAPPY,Armstrong,2,0,False,False,2025-09-08
homeopathic,TRAP GOAT HAPPY KIT,Armstrong,2,0,False,False,2025-09-08
homestead,DRESS GOAT,Armstrong,2,0,False,False,2025-09-08
homework,GOAT NURSE,Armstrong,2,0,False,False,2025-09-08
homey,HAPPY GOAT,Armstrong,2,0,False,False,2025-09-08
homogenized,LOT PRICE,Armstrong,2,0,False,False,2025-09-08
homosexual,GOAT DRESS GOOSE,Armstrong,2,0,False,False,2025-09-08
homozygous,PRICE LOT,Armstrong,2,0,False,False,2025-09-08
honda,LOT COMMA,Armstrong,2,0,False,False,2025-09-08
honduras,LOT CURE,Armstrong,2,0,False,False,2025-09-08
honey,HAPPY STRUT,Armstrong,2,0,False,False,2025-09-08
honeybee,HAPPY STRUT FLEECE,Armstrong,2,0,False,False,2025-09-08
honeymoon,GOOSE STRUT HAPPY,Armstrong,2,0,False,False,2025-09-08
honeysuckle,STRUT HAPPY,Armstrong,2,0,False,False,2025-09-08
honeywell,HAPPY STRUT DRESS,Armstrong,2,0,False,False,2025-09-08
honor,LETTER LOT,Armstrong,2,0,False,False,2025-09-08
honour,LETTER LOT,Armstrong,2,0,False,False,2025-09-08
hooch,GOOSE,Armstrong,2,0,False,False,2025-09-08
hood,FOOT,Armstrong,2,0,False,False,2025-09-08
hoodie,HAPPY FOOT,Armstrong,2,0,False,False,2025-09-08
hook,FOOT,Armstrong,2,0,False,False,2025-09-08
hoopla,PALM GOOSE,Armstrong,2,0,False,False,2025-09-08
hoops,GOOSE,Armstrong,2,0,False,False,2025-09-08
hoosier,LETTER GOOSE,Armstrong,2,0,False,False,2025-09-08
hoover,GOOSE LETTER,Armstrong,2,0,False,False,2025-09-08
hope,GOAT,Armstrong,2,0,False,False,2025-09-08
hopi,HAPPY GOAT,Armstrong,2,0,False,False,2025-09-08
hopscotch,LOT,Armstrong,2,0,False,False,2025-09-08
horatio,FACE HAPPY,Armstrong,2,0,False,False,2025-09-08
horde,FORCE,Armstrong,2,0,False,False,2025-09-08
horeb,DRESS,Armstrong,2,0,False,False,2025-09-08
hormonal,NORTH GOAT,Armstrong,2,0,False,False,2025-09-08
horn,NORTH,Armstrong,2,0,False,False,2025-09-08
hornbeam,FLEECE NORTH,Armstrong,2,0,False,False,2025-09-08
horne,NORTH,Armstrong,2,0,False,False,2025-09-08
hornsea,HAPPY NORTH,Armstrong,2,0,False,False,2025-09-08
horny,NORTH HAPPY,Armstrong,2,0,False,False,2025-09-08
horologium,GOAT LOT HAPPY,Armstrong,2,0,False,False,2025-09-08
horoscope,GOAT NORTH,Armstrong,2,0,False,False,2025-09-08
horrible,(CLOTH) KIT,Armstrong,2,0,False,False,2025-09-08
horrid,(CLOTH) KIT,Armstrong,2,0,False,False,2025-09-08
horrify,(CLOTH) KIT HAPPY,Armstrong,2,0,False,False,2025-09-08
horror,(CLOTH) LETTER,Armstrong,2,0,False,False,2025-09-08
horse,NORTH,Armstrong,2,0,False,False,2025-09-08
horse-chestnut,NORTH DRESS STRUT,Armstrong,2,0,False,False,2025-09-08
horseflesh,DRESS NORTH,Armstrong,2,0,False,False,2025-09-08
horsemeat,FLEECE NORTH,Armstrong,2,0,False,False,2025-09-08
horsepower,MOUTH NORTH LETTER,Armstrong,2,0,False,False,2025-09-08
horseshoes,GOOSE NORTH,Armstrong,2,0,False,False,2025-09-08
horsey,HAPPY NORTH,Armstrong,2,0,False,False,2025-09-08
horticulture,STRUT NORTH KIT LETTER,Armstrong,2,0,False,False,2025-09-08
horwood,NORTH FOOT,Armstrong,2,0,False,False,2025-09-08
hosiery,NEAR GOAT LETTER HAPPY,Armstrong,2,0,False,False,2025-09-08
host,GOAT,Armstrong,2,0,False,False,2025-09-08
hot,LOT,Armstrong,2,0,False,False,2025-09-08
hotchkiss,LOT KIT,Armstrong,2,0,False,False,2025-09-08
hotchpotch,LOT,Armstrong,2,0,False,False,2025-09-08
hotdog,LOT,Armstrong,2,0,False,False,2025-09-08
hotel,DRESS GOAT,Armstrong,2,0,False,False,2025-09-08
hotline,LOT PRICE,Armstrong,2,0,False,False,2025-09-08
hotpoint,CHOICE LOT,Armstrong,2,0,False,False,2025-09-08
houdini,GOOSE FLEECE,Armstrong,2,0,False,False,2025-09-08
hough,STRUT,Armstrong,2,0,False,False,2025-09-08
houmous,FOOT,Armstrong,2,0,False,False,2025-09-08
hour,MOUTH LETTER,Armstrong,2,0,False,False,2025-09-08
hourglass,BATH MOUTH,Armstrong,2,0,False,False,2025-09-08
houri,CURE HAPPY,Armstrong,2,0,False,False,2025-09-08
hours,LETTER MOUTH,Armstrong,2,0,False,False,2025-09-08
house-proud,MOUTH,Armstrong,2,0,False,False,2025-09-08
house-warming,NORTH MOUTH KIT,Armstrong,2,0,False,False,2025-09-08
housefather,PALM MOUTH LETTER,Armstrong,2,0,False,False,2025-09-08
household,GOAT MOUTH,Armstrong,2,0,False,False,2025-09-08
housekeeping,FLEECE MOUTH KIT,Armstrong,2,0,False,False,2025-09-08
houseleek,FLEECE MOUTH,Armstrong,2,0,False,False,2025-09-08
houses,MOUTH,Armstrong,2,0,False,False,2025-09-08
housewife,PRICE MOUTH,Armstrong,2,0,False,False,2025-09-08
housewives,PRICE MOUTH,Armstrong,2,0,False,False,2025-09-08
housing,MOUTH KIT,Armstrong,2,0,False,False,2025-09-08
hove,GOAT,Armstrong,2,0,False,False,2025-09-08
hovercraft,BATH STRUT LETTER,Armstrong,2,0,False,False,2025-09-08
how,MOUTH,Armstrong,2,0,False,False,2025-09-08
how-do-you-do,MOUTH GOOSE,Armstrong,2,0,False,False,2025-09-08
howard,MOUTH LETTER,Armstrong,2,0,False,False,2025-09-08
howbeit,MOUTH FLEECE,Armstrong,2,0,False,False,2025-09-08
howdy,MOUTH HAPPY,Armstrong,2,0,False,False,2025-09-08
howe,MOUTH,Armstrong,2,0,False,False,2025-09-08
howell,MOUTH,Armstrong,2,0,False,False,2025-09-08
however,DRESS LETTER MOUTH,Armstrong,2,0,False,False,2025-09-08
howl,MOUTH,Armstrong,2,0,False,False,2025-09-08
howland,MOUTH,Armstrong,2,0,False,False,2025-09-08
howling,MOUTH KIT,Armstrong,2,0,False,False,2025-09-08
howsoever,MOUTH GOAT DRESS LETTER,Armstrong,2,0,False,False,2025-09-08
howth,GOAT,Armstrong,2,0,False,False,2025-09-08
html,DRESS FLEECE,Armstrong,2,0,False,False,2025-09-08
huawei,PALM FACE,Armstrong,2,0,False,False,2025-09-08
hub,STRUT,Armstrong,2,0,False,False,2025-09-08
hubbub,STRUT,Armstrong,2,0,False,False,2025-09-08
hubristic,GOOSE KIT,Armstrong,2,0,False,False,2025-09-08
huddersfield,STRUT LETTER FLEECE,Armstrong,2,0,False,False,2025-09-08
huddle,STRUT,Armstrong,2,0,False,False,2025-09-08
hudson,STRUT,Armstrong,2,0,False,False,2025-09-08
hue,GOOSE,Armstrong,2,0,False,False,2025-09-08
hued,GOOSE,Armstrong,2,0,False,False,2025-09-08
huff,STRUT,Armstrong,2,0,False,False,2025-09-08
huffington,STRUT KIT,Armstrong,2,0,False,False,2025-09-08
hufflepuff,STRUT,Armstrong,2,0,False,False,2025-09-08
hug,STRUT,Armstrong,2,0,False,False,2025-09-08
huge,GOOSE,Armstrong,2,0,False,False,2025-09-08
hugely,GOOSE HAPPY,Armstrong,2,0,False,False,2025-09-08
hugger-mugger,STRUT LETTER,Armstrong,2,0,False,False,2025-09-08
huguenot,GOOSE LOT,Armstrong,2,0,False,False,2025-09-08
hula,GOOSE,Armstrong,2,0,False,False,2025-09-08
hula-hoop,GOOSE,Armstrong,2,0,False,False,2025-09-08
hull,STRUT,Armstrong,2,0,False,False,2025-09-08
human,GOOSE,Armstrong,2,0,False,False,2025-09-08
humane,GOOSE FACE,Armstrong,2,0,False,False,2025-09-08
humanity,GOOSE TRAP KIT HAPPY,Armstrong,2,0,False,False,2025-09-08
humanoid,CHOICE GOOSE,Armstrong,2,0,False,False,2025-09-08
humberside,STRUT PRICE LETTER,Armstrong,2,0,False,False,2025-09-08
humbug,STRUT,Armstrong,2,0,False,False,2025-09-08
humbuggery,STRUT LETTER HAPPY,Armstrong,2,0,False,False,2025-09-08
humdrum,STRUT,Armstrong,2,0,False,False,2025-09-08
humectant,GOOSE DRESS,Armstrong,2,0,False,False,2025-09-08
humid,GOOSE KIT,Armstrong,2,0,False,False,2025-09-08
humidify,GOOSE KIT HAPPY,Armstrong,2,0,False,False,2025-09-08
humidity,GOOSE KIT HAPPY,Armstrong,2,0,False,False,2025-09-08
humiliation,GOOSE KIT HAPPY FACE,Armstrong,2,0,False,False,2025-09-08
hummel,FOOT STRUT,Armstrong,2,0,False,False,2025-09-08
hummus,FOOT STRUT,Armstrong,2,0,False,False,2025-09-08
humoconsumer,LETTER GOOSE GOAT,Armstrong,2,0,False,False,2025-09-08
humour,GOOSE LETTER,Armstrong,2,0,False,False,2025-09-08
hundreds,COMMA STRUT,Armstrong,2,0,False,False,2025-09-08
hung,STRUT,Armstrong,2,0,False,False,2025-09-08
hungarian,STRUT SQUARE HAPPY,Armstrong,2,0,False,False,2025-09-08
hungary,STRUT HAPPY,Armstrong,2,0,False,False,2025-09-08
hunger,LETTER STRUT,Armstrong,2,0,False,False,2025-09-08
hunger-march,START STRUT LETTER,Armstrong,2,0,False,False,2025-09-08
hungry,STRUT HAPPY,Armstrong,2,0,False,False,2025-09-08
hunk,STRUT,Armstrong,2,0,False,False,2025-09-08
hunter-gatherer,TRAP STRUT LETTER,Armstrong,2,0,False,False,2025-09-08
huntington,STRUT KIT,Armstrong,2,0,False,False,2025-09-08
hurdle,NURSE,Armstrong,2,0,False,False,2025-09-08
hurley,HAPPY NURSE,Armstrong,2,0,False,False,2025-09-08
hurricane,STRUT FACE KIT,Armstrong,2,0,False,False,2025-09-08
hurry,STRUT HAPPY,Armstrong,2,0,False,False,2025-09-08
hurt,NURSE,Armstrong,2,0,False,False,2025-09-08
husband,STRUT,Armstrong,2,0,False,False,2025-09-08
husbandman,STRUT,Armstrong,2,0,False,False,2025-09-08
husbandry,STRUT HAPPY,Armstrong,2,0,False,False,2025-09-08
hush,STRUT,Armstrong,2,0,False,False,2025-09-08
hussar,FOOT START,Armstrong,2,0,False,False,2025-09-08
hut,STRUT,Armstrong,2,0,False,False,2025-09-08
hutch,STRUT,Armstrong,2,0,False,False,2025-09-08
hutchings,STRUT KIT,Armstrong,2,0,False,False,2025-09-08
hutchinson,STRUT KIT,Armstrong,2,0,False,False,2025-09-08
hutton,STRUT,Armstrong,2,0,False,False,2025-09-08
huzzah,FOOT (STRUT) (COMMA) PALM,Armstrong,2,0,False,False,2025-09-08
hybrid,PRICE KIT,Armstrong,2,0,False,False,2025-09-08
hybridity,PRICE KIT HAPPY,Armstrong,2,0,False,False,2025-09-08
hyde,PRICE,Armstrong,2,0,False,False,2025-09-08
hyderabad,TRAP PRICE LETTER,Armstrong,2,0,False,False,2025-09-08
hydrocortisone,GOAT PRICE NORTH KIT,Armstrong,2,0,False,False,2025-09-08
hydrofoil,CHOICE PRICE,Armstrong,2,0,False,False,2025-09-08
hydrographer,LOT PRICE BATH GOAT,Armstrong,2,0,False,False,2025-09-08
hygeia,PRICE FLEECE,Armstrong,2,0,False,False,2025-09-08
hygiene,FLEECE PRICE,Armstrong,2,0,False,False,2025-09-08
hygienic,PRICE FLEECE KIT,Armstrong,2,0,False,False,2025-09-08
hygienist,PRICE FLEECE KIT,Armstrong,2,0,False,False,2025-09-08
hygrometer,PRICE GOAT FLEECE LETTER,Armstrong,2,0,False,False,2025-09-08
hyperbole,PRICE LETTER HAPPY,Armstrong,2,0,False,False,2025-09-08
hyperglycaemia,LETTER PRICE FLEECE HAPPY,Armstrong,2,0,False,False,2025-09-08
hyperglycemia,PRICE LETTER FLEECE HAPPY,Armstrong,2,0,False,False,2025-09-08
hyperthyroid,LETTER PRICE CHOICE,Armstrong,2,0,False,False,2025-09-08
hypha,COMMA PRICE,Armstrong,2,0,False,False,2025-09-08
hyphen,PRICE,Armstrong,2,0,False,False,2025-09-08
hypocaust,THOUGHT PRICE GOAT,Armstrong,2,0,False,False,2025-09-08
hypoglycaemia,GOAT PRICE FLEECE HAPPY,Armstrong,2,0,False,False,2025-09-08
hypoglycemia,GOAT PRICE FLEECE HAPPY,Armstrong,2,0,False,False,2025-09-08
hypothalamus,GOAT TRAP,Armstrong,2,0,False,False,2025-09-08
hypothesis,LOT PRICE FLEECE KIT,Armstrong,2,0,False,False,2025-09-08
hypoxia,PRICE LOT HAPPY,Armstrong,2,0,False,False,2025-09-08
hyundai,PRICE (GOOSE) (FOOT),Armstrong,2,0,False,False,2025-09-08
iago,PALM FLEECE,Armstrong,2,0,False,False,2025-09-08
iain,NEAR FLEECE,Armstrong,2,0,False,False,2025-09-08
ian,FLEECE NEAR,Armstrong,2,0,False,False,2025-09-08
ianthe,HAPPY PRICE TRAP,Armstrong,2,0,False,False,2025-09-08
iata,PALM PRICE,Armstrong,2,0,False,False,2025-09-08
iatrogenic,GOAT PRICE DRESS KIT,Armstrong,2,0,False,False,2025-09-08
iberian,PRICE FLEECE HAPPY,Armstrong,2,0,False,False,2025-09-08
ibidem,DRESS KIT,Armstrong,2,0,False,False,2025-09-08
ibis,PRICE kit,Armstrong,2,0,False,False,2025-09-08
ibiza,COMMA PRICE FLEECE,Armstrong,2,0,False,False,2025-09-08
ibo,FLEECE GOAT,Armstrong,2,0,False,False,2025-09-08
ibrahim,FLEECE KIT,Armstrong,2,0,False,False,2025-09-08
ibuprofen,GOAT GOOSE PRICE,Armstrong,2,0,False,False,2025-09-08
ice,PRICE,Armstrong,2,0,False,False,2025-09-08
ice-cream,PRICE FLEECE,Armstrong,2,0,False,False,2025-09-08
ice-lollies,PRICE LOT HAPPY,Armstrong,2,0,False,False,2025-09-08
icecream,FLEECE PRICE,Armstrong,2,0,False,False,2025-09-08
icecube,GOOSE PRICE,Armstrong,2,0,False,False,2025-09-08
iceland,PRICE,Armstrong,2,0,False,False,2025-09-08
icelandic,PRICE TRAP KIT,Armstrong,2,0,False,False,2025-09-08
icon,LOT PRICE,Armstrong,2,0,False,False,2025-09-08
iconic,PRICE LOT KIT,Armstrong,2,0,False,False,2025-09-08
iconoclasm,TRAP PRICE LOT,Armstrong,2,0,False,False,2025-09-08
iconoclastic,BATH PRICE LOT TRAP KIT,Armstrong,2,0,False,False,2025-09-08
ida,COMMA FLEECE,Armstrong,2,0,False,False,2025-09-08
idea,PRICE NEAR,Armstrong,2,0,False,False,2025-09-08
ideal,PRICE NEAR,Armstrong,2,0,False,False,2025-09-08
ideally,PRICE NEAR HAPPY,Armstrong,2,0,False,False,2025-09-08
idem,DRESS PRICE,Armstrong,2,0,False,False,2025-09-08
identify,PRICE DRESS KIT HAPPY,Armstrong,2,0,False,False,2025-09-08
identity,PRICE DRESS KIT HAPPY,Armstrong,2,0,False,False,2025-09-08
if,KIT,Armstrong,2,0,False,False,2025-09-08
iggy,HAPPY KIT,Armstrong,2,0,False,False,2025-09-08
iglesias,FACE KIT HAPPY TRAP,Armstrong,2,0,False,False,2025-09-08
igloo,GOOSE KIT,Armstrong,2,0,False,False,2025-09-08
ignite,PRICE KIT,Armstrong,2,0,False,False,2025-09-08
ignore,FORCE KIT,Armstrong,2,0,False,False,2025-09-08
igor,FLEECE PRICE,Armstrong,2,0,False,False,2025-09-08
iguana,PALM KIT,Armstrong,2,0,False,False,2025-09-08
ijo,FLEECE GOAT,Armstrong,2,0,False,False,2025-09-08
ikea,FLEECE PRICE NEAR,Armstrong,2,0,False,False,2025-09-08
ikebana,FACE KIT PALM,Armstrong,2,0,False,False,2025-09-08
ill-natured,FACE KIT NURSE,Armstrong,2,0,False,False,2025-09-08
illegal,KIT FLEECE,Armstrong,2,0,False,False,2025-09-08
illegible,DRESS KIT,Armstrong,2,0,False,False,2025-09-08
illinois,CHOICE KIT,Armstrong,2,0,False,False,2025-09-08
illuminati,GOOSE KIT PALM HAPPY,Armstrong,2,0,False,False,2025-09-08
illusion,GOOSE KIT,Armstrong,2,0,False,False,2025-09-08
illusionist,GOOSE KIT,Armstrong,2,0,False,False,2025-09-08
image,KIT,Armstrong,2,0,False,False,2025-09-08
imaginary,TRAP KIT SQUARE HAPPY,Armstrong,2,0,False,False,2025-09-08
imagination,TRAP KIT FACE,Armstrong,2,0,False,False,2025-09-08
imagine,TRAP KIT,Armstrong,2,0,False,False,2025-09-08
imam,PALM KIT,Armstrong,2,0,False,False,2025-09-08
imbued,GOOSE KIT,Armstrong,2,0,False,False,2025-09-08
imma,PRICE COMMA,Armstrong,2,0,False,False,2025-09-08
immature,CURE KIT,Armstrong,2,0,False,False,2025-09-08
immemorial,FORCE KIT HAPPY,Armstrong,2,0,False,False,2025-09-08
immersion,NURSE KIT,Armstrong,2,0,False,False,2025-09-08
immersive,NURSE KIT,Armstrong,2,0,False,False,2025-09-08
immune,GOOSE KIT,Armstrong,2,0,False,False,2025-09-08
immunology,FOOT KIT GOOSE LOT HAPPY,Armstrong,2,0,False,False,2025-09-08
immure,CURE KIT,Armstrong,2,0,False,False,2025-09-08
impact,TRAP KIT,Armstrong,2,0,False,False,2025-09-08
impaired,SQUARE KIT,Armstrong,2,0,False,False,2025-09-08
impairment,SQUARE KIT,Armstrong,2,0,False,False,2025-09-08
impala,PALM KIT,Armstrong,2,0,False,False,2025-09-08
impartial,START KIT,Armstrong,2,0,False,False,2025-09-08
impasse,BATH KIT TRAP,Armstrong,2,0,False,False,2025-09-08
impeach,FLEECE KIT,Armstrong,2,0,False,False,2025-09-08
impecuniosity,GOOSE KIT HAPPY CLOTH,Armstrong,2,0,False,False,2025-09-08
imperfect,NURSE KIT DRESS,Armstrong,2,0,False,False,2025-09-08
imperfection,KIT LETTER DRESS,Armstrong,2,0,False,False,2025-09-08
imperfectly,NURSE KIT DRESS HAPPY,Armstrong,2,0,False,False,2025-09-08
imperial,NEAR KIT HAPPY,Armstrong,2,0,False,False,2025-09-08
implementation,DRESS KIT FACE,Armstrong,2,0,False,False,2025-09-08
implore,FORCE KIT,Armstrong,2,0,False,False,2025-09-08
implored,FORCE KIT,Armstrong,2,0,False,False,2025-09-08
implosion,GOAT KIT,Armstrong,2,0,False,False,2025-09-08
import,FORCE KIT,Armstrong,2,0,False,False,2025-09-08
impossible,LOT KIT,Armstrong,2,0,False,False,2025-09-08
impoverished,LOT KIT,Armstrong,2,0,False,False,2025-09-08
impregnated,DRESS KIT FACE,Armstrong,2,0,False,False,2025-09-08
impression,DRESS KIT,Armstrong,2,0,False,False,2025-09-08
improv,LOT KIT,Armstrong,2,0,False,False,2025-09-08
improve,GOOSE KIT,Armstrong,2,0,False,False,2025-09-08
improvidently,LOT KIT DRESS HAPPY,Armstrong,2,0,False,False,2025-09-08
impudence,FOOT KIT,Armstrong,2,0,False,False,2025-09-08
impulse,STRUT KIT,Armstrong,2,0,False,False,2025-09-08
impunity,GOOSE KIT HAPPY,Armstrong,2,0,False,False,2025-09-08
in-car,START KIT,Armstrong,2,0,False,False,2025-09-08
in-depth,DRESS KIT,Armstrong,2,0,False,False,2025-09-08
in-house,MOUTH KIT,Armstrong,2,0,False,False,2025-09-08
in-laws,THOUGHT KIT,Armstrong,2,0,False,False,2025-09-08
in-patient,FACE KIT,Armstrong,2,0,False,False,2025-09-08
inaccurate,FOOT KIT TRAP,Armstrong,2,0,False,False,2025-09-08
inamorato,PALM KIT TRAP NORTH GOAT,Armstrong,2,0,False,False,2025-09-08
inappropriate,GOAT KIT HAPPY,Armstrong,2,0,False,False,2025-09-08
inaugural,FOOT THOUGHT KIT,Armstrong,2,0,False,False,2025-09-08
inauguration,FOOT THOUGHT KIT FACE,Armstrong,2,0,False,False,2025-09-08
inauspicious,THOUGHT KIT,Armstrong,2,0,False,False,2025-09-08
inauthentic,THOUGHT KIT DRESS,Armstrong,2,0,False,False,2025-09-08
inbetween,FLEECE KIT,Armstrong,2,0,False,False,2025-09-08
inbox,LOT KIT,Armstrong,2,0,False,False,2025-09-08
inca,COMMA KIT,Armstrong,2,0,False,False,2025-09-08
incarnation,START KIT FACE,Armstrong,2,0,False,False,2025-09-08
incision,KIT,Armstrong,2,0,False,False,2025-09-08
inclosure,GOAT KIT LETTER,Armstrong,2,0,False,False,2025-09-08
inclusion,GOOSE KIT,Armstrong,2,0,False,False,2025-09-08
inclusive,GOOSE KIT,Armstrong,2,0,False,False,2025-09-08
inclusivity,GOOSE KIT HAPPY,Armstrong,2,0,False,False,2025-09-08
incognito,LOT KIT FLEECE GOAT,Armstrong,2,0,False,False,2025-09-08
income,STRUT KIT,Armstrong,2,0,False,False,2025-09-08
incoming,STRUT KIT,Armstrong,2,0,False,False,2025-09-08
incommunicado,PALM KIT GOOSE GOAT,Armstrong,2,0,False,False,2025-09-08
incorporeal,NORTH KIT NEAR,Armstrong,2,0,False,False,2025-09-08
incredible,DRESS KIT,Armstrong,2,0,False,False,2025-09-08
incrustation,STRUT KIT FACE,Armstrong,2,0,False,False,2025-09-08
incubation,FOOT KIT FACE,Armstrong,2,0,False,False,2025-09-08
incubus,FOOT KIT,Armstrong,2,0,False,False,2025-09-08
inculcate,STRUT KIT FACE,Armstrong,2,0,False,False,2025-09-08
incunabulum,FOOT KIT TRAP,Armstrong,2,0,False,False,2025-09-08
incur,NURSE KIT,Armstrong,2,0,False,False,2025-09-08
incurred,NURSE KIT,Armstrong,2,0,False,False,2025-09-08
incurring,NURSE KIT,Armstrong,2,0,False,False,2025-09-08
indaba,PALM KIT,Armstrong,2,0,False,False,2025-09-08
indentify,PRICE KIT DRESS HAPPY,Armstrong,2,0,False,False,2025-09-08
index,DRESS KIT,Armstrong,2,0,False,False,2025-09-08
india-rubber,STRUT HAPPY KIT LETTER,Armstrong,2,0,False,False,2025-09-08
indie,HAPPY KIT,Armstrong,2,0,False,False,2025-09-08
indirect,KIT PRICE DRESS,Armstrong,2,0,False,False,2025-09-08
individual,KIT GOOSE,Armstrong,2,0,False,False,2025-09-08
indochina,GOAT KIT PRICE,Armstrong,2,0,False,False,2025-09-08
indonesia,COMMA KIT GOAT FLEECE,Armstrong,2,0,False,False,2025-09-08
indoor,FORCE KIT,Armstrong,2,0,False,False,2025-09-08
indubitably,GOOSE KIT HAPPY,Armstrong,2,0,False,False,2025-09-08
induce,GOOSE KIT,Armstrong,2,0,False,False,2025-09-08
induction,STRUT KIT,Armstrong,2,0,False,False,2025-09-08
industrial,STRUT KIT HAPPY,Armstrong,2,0,False,False,2025-09-08
inebriate,FLEECE KIT HAPPY FACE,Armstrong,2,0,False,False,2025-09-08
inertia,COMMA NURSE KIT,Armstrong,2,0,False,False,2025-09-08
infer,NURSE KIT,Armstrong,2,0,False,False,2025-09-08
inferring,NURSE KIT,Armstrong,2,0,False,False,2025-09-08
infers,NURSE KIT,Armstrong,2,0,False,False,2025-09-08
inflammable,KIT TRAP,Armstrong,2,0,False,False,2025-09-08
influence,GOOSE KIT,Armstrong,2,0,False,False,2025-09-08
influencer,LETTER KIT GOOSE,Armstrong,2,0,False,False,2025-09-08
influenza,COMMA KIT GOOSE DRESS,Armstrong,2,0,False,False,2025-09-08
influx,STRUT KIT,Armstrong,2,0,False,False,2025-09-08
informal,NORTH KIT,Armstrong,2,0,False,False,2025-09-08
information,FACE LETTER KIT,Armstrong,2,0,False,False,2025-09-08
informed,NORTH KIT,Armstrong,2,0,False,False,2025-09-08
infrastructure,STRUT KIT LETTER,Armstrong,2,0,False,False,2025-09-08
infusion,GOOSE KIT,Armstrong,2,0,False,False,2025-09-08
ing,DRESS PRICE FLEECE,Armstrong,2,0,False,False,2025-09-08
ingathering,TRAP KIT LETTER,Armstrong,2,0,False,False,2025-09-08
inger,LETTER KIT,Armstrong,2,0,False,False,2025-09-08
inglenook,FOOT KIT,Armstrong,2,0,False,False,2025-09-08
ingratiate,FACE KIT HAPPY,Armstrong,2,0,False,False,2025-09-08
ingredient,FLEECE KIT HAPPY,Armstrong,2,0,False,False,2025-09-08
initialabout,COMMA KIT MOUTH,Armstrong,2,0,False,False,2025-09-08
injurious,CURE KIT HAPPY,Armstrong,2,0,False,False,2025-09-08
inkjet,DRESS KIT,Armstrong,2,0,False,False,2025-09-08
inlays,FACE KIT,Armstrong,2,0,False,False,2025-09-08
inlet,DRESS KIT,Armstrong,2,0,False,False,2025-09-08
inner,LETTER KIT,Armstrong,2,0,False,False,2025-09-08
innovation,COMMA KIT FACE,Armstrong,2,0,False,False,2025-09-08
innovative,COMMA KIT FACE,Armstrong,2,0,False,False,2025-09-08
inopportune,LETTER KIT LOT GOOSE,Armstrong,2,0,False,False,2025-09-08
inorganic,NORTH KIT TRAP,Armstrong,2,0,False,False,2025-09-08
input,FOOT KIT,Armstrong,2,0,False,False,2025-09-08
inquiries,PRICE KIT HAPPY,Armstrong,2,0,False,False,2025-09-08
inquiry,PRICE KIT HAPPY,Armstrong,2,0,False,False,2025-09-08
inrush,STRUT KIT,Armstrong,2,0,False,False,2025-09-08
insane,FACE KIT,Armstrong,2,0,False,False,2025-09-08
insert,NURSE KIT,Armstrong,2,0,False,False,2025-09-08
insertion,NURSE KIT,Armstrong,2,0,False,False,2025-09-08
inshore,FORCE KIT,Armstrong,2,0,False,False,2025-09-08
inside,PRICE KIT,Armstrong,2,0,False,False,2025-09-08
insight,PRICE KIT,Armstrong,2,0,False,False,2025-09-08
insignia,KIT HAPPY,Armstrong,2,0,False,False,2025-09-08
insincere,NEAR KIT,Armstrong,2,0,False,False,2025-09-08
insincerely,NEAR KIT HAPPY,Armstrong,2,0,False,False,2025-09-08
insole,GOAT KIT,Armstrong,2,0,False,False,2025-09-08
insomuch,STRUT KIT GOAT,Armstrong,2,0,False,False,2025-09-08
inspire,PRICE KIT,Armstrong,2,0,False,False,2025-09-08
inspiring,PRICE KIT,Armstrong,2,0,False,False,2025-09-08
instagram,TRAP COMMA KIT,Armstrong,2,0,False,False,2025-09-08
install,THOUGHT KIT,Armstrong,2,0,False,False,2025-09-08
installation,COMMA KIT FACE,Armstrong,2,0,False,False,2025-09-08
instantiation,BATH KIT TRAP HAPPY FACE,Armstrong,2,0,False,False,2025-09-08
instead,DRESS KIT,Armstrong,2,0,False,False,2025-09-08
institution,GOOSE KIT,Armstrong,2,0,False,False,2025-09-08
institutionalization,GOOSE KIT PRICE FACE,Armstrong,2,0,False,False,2025-09-08
instruction,STRUT KIT,Armstrong,2,0,False,False,2025-09-08
instructor,STRUT KIT LETTER,Armstrong,2,0,False,False,2025-09-08
insubstantial,BATH KIT STRUT TRAP,Armstrong,2,0,False,False,2025-09-08
insult,STRUT KIT,Armstrong,2,0,False,False,2025-09-08
integrity,DRESS KIT HAPPY,Armstrong,2,0,False,False,2025-09-08
integumentary,FOOT KIT DRESS HAPPY,Armstrong,2,0,False,False,2025-09-08
intel,DRESS KIT,Armstrong,2,0,False,False,2025-09-08
intellectual,GOOSE KIT DRESS,Armstrong,2,0,False,False,2025-09-08
inter,NURSE KIT,Armstrong,2,0,False,False,2025-09-08
interchange,FACE LETTER KIT,Armstrong,2,0,False,False,2025-09-08
interchangeable,LETTER KIT FACE,Armstrong,2,0,False,False,2025-09-08
intercollegiate,LETTER KIT FLEECE HAPPY,Armstrong,2,0,False,False,2025-09-08
intercom,LOT LETTER KIT,Armstrong,2,0,False,False,2025-09-08
intercontinental,LETTER KIT LOT DRESS,Armstrong,2,0,False,False,2025-09-08
intercourse,FORCE LETTER KIT,Armstrong,2,0,False,False,2025-09-08
interest,DRESS KIT,Armstrong,2,0,False,False,2025-09-08
interface,FACE LETTER KIT,Armstrong,2,0,False,False,2025-09-08
interfere,NEAR KIT LETTER,Armstrong,2,0,False,False,2025-09-08
interference,LETTER KIT NEAR,Armstrong,2,0,False,False,2025-09-08
interfering,NEAR KIT LETTER,Armstrong,2,0,False,False,2025-09-08
interferon,LETTER KIT NEAR,Armstrong,2,0,False,False,2025-09-08
interior,NEAR KIT HAPPY LETTER,Armstrong,2,0,False,False,2025-09-08
interject,LETTER KIT DRESS,Armstrong,2,0,False,False,2025-09-08
interlaken,PALM KIT LETTER,Armstrong,2,0,False,False,2025-09-08
interlingua,COMMA KIT LETTER,Armstrong,2,0,False,False,2025-09-08
interlocutor,FOOT KIT LETTER LOT,Armstrong,2,0,False,False,2025-09-08
intermediate,LETTER KIT FLEECE HAPPY,Armstrong,2,0,False,False,2025-09-08
intern,NURSE KIT,Armstrong,2,0,False,False,2025-09-08
internal,NURSE KIT,Armstrong,2,0,False,False,2025-09-08
international,TRAP LETTER KIT,Armstrong,2,0,False,False,2025-09-08
internationale,TRAP KIT LETTER,Armstrong,2,0,False,False,2025-09-08
internet,DRESS LETTER KIT,Armstrong,2,0,False,False,2025-09-08
interplay,LETTER KIT FACE,Armstrong,2,0,False,False,2025-09-08
interpret,NURSE KIT,Armstrong,2,0,False,False,2025-09-08
interpretation,FACE KIT NURSE,Armstrong,2,0,False,False,2025-09-08
interpreter,LETTER NURSE KIT,Armstrong,2,0,False,False,2025-09-08
interracial,FACE KIT LETTER,Armstrong,2,0,False,False,2025-09-08
interval,LETTER KIT,Armstrong,2,0,False,False,2025-09-08
intervene,LETTER KIT FLEECE,Armstrong,2,0,False,False,2025-09-08
intervention,LETTER KIT DRESS,Armstrong,2,0,False,False,2025-09-08
interview,GOOSE LETTER KIT,Armstrong,2,0,False,False,2025-09-08
interviewed,GOOSE KIT LETTER,Armstrong,2,0,False,False,2025-09-08
interviews,GOOSE KIT LETTER,Armstrong,2,0,False,False,2025-09-08
into,GOOSE COMMA KIT,Armstrong,2,0,False,False,2025-09-08
intourist,CURE KIT,Armstrong,2,0,False,False,2025-09-08
intransigent,BATH KIT TRAP,Armstrong,2,0,False,False,2025-09-08
intrigue,FLEECE KIT,Armstrong,2,0,False,False,2025-09-08
introduce,GOOSE KIT,Armstrong,2,0,False,False,2025-09-08
introduction,STRUT COMMA KIT,Armstrong,2,0,False,False,2025-09-08
introit,CHOICE KIT,Armstrong,2,0,False,False,2025-09-08
intruder,GOOSE KIT LETTER,Armstrong,2,0,False,False,2025-09-08
intrusion,GOOSE KIT,Armstrong,2,0,False,False,2025-09-08
intrusive,GOOSE KIT,Armstrong,2,0,False,False,2025-09-08
intubate,GOOSE KIT FACE,Armstrong,2,0,False,False,2025-09-08
inundated,STRUT KIT FACE,Armstrong,2,0,False,False,2025-09-08
inure,CURE KIT,Armstrong,2,0,False,False,2025-09-08
invade,FACE KIT,Armstrong,2,0,False,False,2025-09-08
invariable,SQUARE KIT HAPPY,Armstrong,2,0,False,False,2025-09-08
invasion,FACE KIT,Armstrong,2,0,False,False,2025-09-08
inverness,LETTER KIT DRESS,Armstrong,2,0,False,False,2025-09-08
inverse,NURSE KIT,Armstrong,2,0,False,False,2025-09-08
investigation,KIT DRESS FACE,Armstrong,2,0,False,False,2025-09-08
invite,PRICE KIT,Armstrong,2,0,False,False,2025-09-08
invited,PRICE KIT,Armstrong,2,0,False,False,2025-09-08
inviting,PRICE KIT,Armstrong,2,0,False,False,2025-09-08
invoice,CHOICE KIT,Armstrong,2,0,False,False,2025-09-08
involve,LOT KIT,Armstrong,2,0,False,False,2025-09-08
iodine,(FLEECE) PRICE GOAT,Armstrong,2,0,False,False,2025-09-08
iolanthe,HAPPY PRICE GOAT TRAP,Armstrong,2,0,False,False,2025-09-08
iowa,COMMA PRICE GOAT,Armstrong,2,0,False,False,2025-09-08
ipad,TRAP PRICE,Armstrong,2,0,False,False,2025-09-08
iphone,GOAT PRICE,Armstrong,2,0,False,False,2025-09-08
ipod,LOT PRICE,Armstrong,2,0,False,False,2025-09-08
iran,BATH PRICE,Armstrong,2,0,False,False,2025-09-08
iraq,PALM KIT,Armstrong,2,0,False,False,2025-09-08
irate,PRICE FACE,Armstrong,2,0,False,False,2025-09-08
ireland,PRICE,Armstrong,2,0,False,False,2025-09-08
irene,(FLEECE) PRICE,Armstrong,2,0,False,False,2025-09-08
iris,PRICE KIT,Armstrong,2,0,False,False,2025-09-08
irish,PRICE KIT,Armstrong,2,0,False,False,2025-09-08
irkutsk,FOOT,Armstrong,2,0,False,False,2025-09-08
iron,PRICE,Armstrong,2,0,False,False,2025-09-08
ironic,PRICE LOT KIT,Armstrong,2,0,False,False,2025-09-08
ironmonger,STRUT PRICE LETTER,Armstrong,2,0,False,False,2025-09-08
irreducibility,GOOSE KIT STRUT HAPPY,Armstrong,2,0,False,False,2025-09-08
irresistable,KIT,Armstrong,2,0,False,False,2025-09-08
irrespective,KIT DRESS,Armstrong,2,0,False,False,2025-09-08
irrigation,KIT FACE,Armstrong,2,0,False,False,2025-09-08
irritation,KIT FACE,Armstrong,2,0,False,False,2025-09-08
irvine,PRICE NURSE,Armstrong,2,0,False,False,2025-09-08
irwell,NURSE DRESS,Armstrong,2,0,False,False,2025-09-08
irwin,NURSE KIT,Armstrong,2,0,False,False,2025-09-08
isabel,DRESS KIT,Armstrong,2,0,False,False,2025-09-08
isabella,COMMA KIT DRESS,Armstrong,2,0,False,False,2025-09-08
isham,PRICE,Armstrong,2,0,False,False,2025-09-08
ishiguro,GOOSE KIT GOAT,Armstrong,2,0,False,False,2025-09-08
islam,PALM KIT,Armstrong,2,0,False,False,2025-09-08
islamabad,TRAP PALM KIT,Armstrong,2,0,False,False,2025-09-08
island,COMMA PRICE,Armstrong,2,0,False,False,2025-09-08
isolated,PRICE FACE,Armstrong,2,0,False,False,2025-09-08
isopleth,DRESS PRICE LOT,Armstrong,2,0,False,False,2025-09-08
isopropyl,GOAT PRICE,Armstrong,2,0,False,False,2025-09-08
israeli,FACE HAPPY KIT,Armstrong,2,0,False,False,2025-09-08
issue,GOOSE KIT,Armstrong,2,0,False,False,2025-09-08
issued,GOOSE KIT,Armstrong,2,0,False,False,2025-09-08
issues,KIT GOOSE,Armstrong,2,0,False,False,2025-09-08
istanbul,TRAP FOOT KIT,Armstrong,2,0,False,False,2025-09-08
it,KIT,Armstrong,2,0,False,False,2025-09-08
italian,TRAP KIT,Armstrong,2,0,False,False,2025-09-08
italy,HAPPY COMMA KIT,Armstrong,2,0,False,False,2025-09-08
itching,KIT,Armstrong,2,0,False,False,2025-09-08
itchy,HAPPY KIT,Armstrong,2,0,False,False,2025-09-08
item,PRICE COMMA,Armstrong,2,0,False,False,2025-09-08
ithon,PRICE FLEECE LOT,Armstrong,2,0,False,False,2025-09-08
itinerary,PRICE KIT HAPPY,Armstrong,2,0,False,False,2025-09-08
itunes,GOOSE PRICE,Armstrong,2,0,False,False,2025-09-08
iud,PRICE GOOSE FLEECE,Armstrong,2,0,False,False,2025-09-08
ivan,PRICE,Armstrong,2,0,False,False,2025-09-08
iver,PRICE LETTER,Armstrong,2,0,False,False,2025-09-08
ivor,PRICE,Armstrong,2,0,False,False,2025-09-08
ivory,PRICE HAPPY,Armstrong,2,0,False,False,2025-09-08
ivy,PRICE HAPPY,Armstrong,2,0,False,False,2025-09-08
jabez,DRESS,Armstrong,2,0,False,False,2025-09-08
jacintha,COMMA KIT,Armstrong,2,0,False,False,2025-09-08
jack,TRAP,Armstrong,2,0,False,False,2025-09-08
jackanapes,FACE TRAP,Armstrong,2,0,False,False,2025-09-08
jackman,TRAP,Armstrong,2,0,False,False,2025-09-08
jacksnipe,PRICE TRAP,Armstrong,2,0,False,False,2025-09-08
jackson,TRAP (COMMA),Armstrong,2,0,False,False,2025-09-08
jacob,FACE,Armstrong,2,0,False,False,2025-09-08
jacobean,NEAR TRAP,Armstrong,2,0,False,False,2025-09-08
jacquard,START TRAP,Armstrong,2,0,False,False,2025-09-08
jacuzzi,GOOSE HAPPY COMMA,Armstrong,2,0,False,False,2025-09-08
jade,FACE,Armstrong,2,0,False,False,2025-09-08
jaeger,FACE LETTER,Armstrong,2,0,False,False,2025-09-08
jaffa,TRAP COMMA,Armstrong,2,0,False,False,2025-09-08
jagger,TRAP LETTER,Armstrong,2,0,False,False,2025-09-08
jaguar,TRAP GOOSE START,Armstrong,2,0,False,False,2025-09-08
jail,FACE,Armstrong,2,0,False,False,2025-09-08
jaipur,PRICE CURE,Armstrong,2,0,False,False,2025-09-08
jake,FACE,Armstrong,2,0,False,False,2025-09-08
jalalabad,PALM TRAP,Armstrong,2,0,False,False,2025-09-08
jalfrezi,HAPPY TRAP FACE,Armstrong,2,0,False,False,2025-09-08
jam,TRAP,Armstrong,2,0,False,False,2025-09-08
jamaica,COMMA FACE,Armstrong,2,0,False,False,2025-09-08
james,FACE,Armstrong,2,0,False,False,2025-09-08
jameson,FACE,Armstrong,2,0,False,False,2025-09-08
jamie,FACE HAPPY,Armstrong,2,0,False,False,2025-09-08
jan,TRAP,Armstrong,2,0,False,False,2025-09-08
jane,FACE,Armstrong,2,0,False,False,2025-09-08
janitorial,FORCE TRAP KIT HAPPY,Armstrong,2,0,False,False,2025-09-08
january,TRAP HAPPY GOOSE SQUARE,Armstrong,2,0,False,False,2025-09-08
japan,TRAP COMMA,Armstrong,2,0,False,False,2025-09-08
japanese,TRAP FLEECE,Armstrong,2,0,False,False,2025-09-08
japhetic,FACE DRESS KIT,Armstrong,2,0,False,False,2025-09-08
jar,START,Armstrong,2,0,False,False,2025-09-08
jardiniere,SQUARE START KIT NEAR,Armstrong,2,0,False,False,2025-09-08
jarful,START,Armstrong,2,0,False,False,2025-09-08
jargon,START,Armstrong,2,0,False,False,2025-09-08
jarvis,START KIT,Armstrong,2,0,False,False,2025-09-08
jasmine,TRAP KIT,Armstrong,2,0,False,False,2025-09-08
jason,FACE,Armstrong,2,0,False,False,2025-09-08
java,PALM COMMA,Armstrong,2,0,False,False,2025-09-08
javascript,PALM COMMA KIT,Armstrong,2,0,False,False,2025-09-08
jawbone,THOUGHT GOAT,Armstrong,2,0,False,False,2025-09-08
jawbreaker,THOUGHT FACE LETTER,Armstrong,2,0,False,False,2025-09-08
jaws,THOUGHT,Armstrong,2,0,False,False,2025-09-08
jaycee,FACE HAPPY,Armstrong,2,0,False,False,2025-09-08
jaywalking,FACE THOUGHT KIT,Armstrong,2,0,False,False,2025-09-08
jaywick,FACE KIT,Armstrong,2,0,False,False,2025-09-08
jazz,TRAP,Armstrong,2,0,False,False,2025-09-08
jeans,FLEECE,Armstrong,2,0,False,False,2025-09-08
jebusite,FOOT DRESS PRICE,Armstrong,2,0,False,False,2025-09-08
jedi,PRICE DRESS,Armstrong,2,0,False,False,2025-09-08
jeep,FLEECE,Armstrong,2,0,False,False,2025-09-08
jeff,DRESS,Armstrong,2,0,False,False,2025-09-08
jeffrey,DRESS HAPPY,Armstrong,2,0,False,False,2025-09-08
jehovah,COMMA GOAT,Armstrong,2,0,False,False,2025-09-08
jemima,PRICE,Armstrong,2,0,False,False,2025-09-08
jenkins,DRESS KIT,Armstrong,2,0,False,False,2025-09-08
jenks,DRESS,Armstrong,2,0,False,False,2025-09-08
jenner,LETTER DRESS,Armstrong,2,0,False,False,2025-09-08
jennifer,LETTER DRESS KIT,Armstrong,2,0,False,False,2025-09-08
jephthah,COMMA DRESS,Armstrong,2,0,False,False,2025-09-08
jeremiah,DRESS PRICE,Armstrong,2,0,False,False,2025-09-08
jeremy,DRESS HAPPY,Armstrong,2,0,False,False,2025-09-08
jerome,GOAT,Armstrong,2,0,False,False,2025-09-08
jersey,HAPPY NURSE,Armstrong,2,0,False,False,2025-09-08
jerusalem,GOOSE,Armstrong,2,0,False,False,2025-09-08
jessica,COMMA DRESS KIT,Armstrong,2,0,False,False,2025-09-08
jessie,HAPPY DRESS,Armstrong,2,0,False,False,2025-09-08
jet,DRESS,Armstrong,2,0,False,False,2025-09-08
jewel,GOOSE,Armstrong,2,0,False,False,2025-09-08
jib,KIT,Armstrong,2,0,False,False,2025-09-08
jib-boom,GOOSE KIT,Armstrong,2,0,False,False,2025-09-08
jigsaw,KIT THOUGHT,Armstrong,2,0,False,False,2025-09-08
jigsaws,THOUGHT KIT,Armstrong,2,0,False,False,2025-09-08
jimmy,HAPPY KIT,Armstrong,2,0,False,False,2025-09-08
jipijapa,COMMA KIT PALM,Armstrong,2,0,False,False,2025-09-08
jitterbug,STRUT KIT LETTER,Armstrong,2,0,False,False,2025-09-08
jiujitsu,GOOSE KIT,Armstrong,2,0,False,False,2025-09-08
jive,PRICE,Armstrong,2,0,False,False,2025-09-08
jo,GOAT,Armstrong,2,0,False,False,2025-09-08
joan,GOAT,Armstrong,2,0,False,False,2025-09-08
job,LOT GOAT,Armstrong,2,0,False,False,2025-09-08
job-sharing,SQUARE LOT KIT,Armstrong,2,0,False,False,2025-09-08
jobcentre,DRESS LOT LETTER,Armstrong,2,0,False,False,2025-09-08
jockey,HAPPY LOT,Armstrong,2,0,False,False,2025-09-08
jodie,GOAT HAPPY,Armstrong,2,0,False,False,2025-09-08
jog,CLOTH,Armstrong,2,0,False,False,2025-09-08
john,LOT,Armstrong,2,0,False,False,2025-09-08
join,CHOICE,Armstrong,2,0,False,False,2025-09-08
joinery,CHOICE LETTER HAPPY,Armstrong,2,0,False,False,2025-09-08
joint,CHOICE,Armstrong,2,0,False,False,2025-09-08
jointly,CHOICE HAPPY,Armstrong,2,0,False,False,2025-09-08
joists,CHOICE,Armstrong,2,0,False,False,2025-09-08
jojo,GOAT,Armstrong,2,0,False,False,2025-09-08
jojoba,COMMA GOAT,Armstrong,2,0,False,False,2025-09-08
joke,GOAT,Armstrong,2,0,False,False,2025-09-08
jolie,GOAT HAPPY,Armstrong,2,0,False,False,2025-09-08
jonas,GOAT COMMA,Armstrong,2,0,False,False,2025-09-08
jonathan,COMMA LOT,Armstrong,2,0,False,False,2025-09-08
joppa,COMMA LOT,Armstrong,2,0,False,False,2025-09-08
jose,GOAT FACE,Armstrong,2,0,False,False,2025-09-08
josef,GOAT,Armstrong,2,0,False,False,2025-09-08
joseph,GOAT COMMA,Armstrong,2,0,False,False,2025-09-08
josh,LOT,Armstrong,2,0,False,False,2025-09-08
joules,GOOSE,Armstrong,2,0,False,False,2025-09-08
jourdain,CURE FACE,Armstrong,2,0,False,False,2025-09-08
journalism,COMMA NURSE KIT,Armstrong,2,0,False,False,2025-09-08
journalist,COMMA KIT NURSE,Armstrong,2,0,False,False,2025-09-08
journey,HAPPY NURSE,Armstrong,2,0,False,False,2025-09-08
jowl,MOUTH,Armstrong,2,0,False,False,2025-09-08
joy,CHOICE,Armstrong,2,0,False,False,2025-09-08
joy-bells,CHOICE DRESS,Armstrong,2,0,False,False,2025-09-08
joyce,CHOICE,Armstrong,2,0,False,False,2025-09-08
joyed,CHOICE,Armstrong,2,0,False,False,2025-09-08
joyful,CHOICE,Armstrong,2,0,False,False,2025-09-08
joyfully,CHOICE HAPPY,Armstrong,2,0,False,False,2025-09-08
joyfulness,CHOICE FOOT,Armstrong,2,0,False,False,2025-09-08
joyous,CHOICE,Armstrong,2,0,False,False,2025-09-08
joyride,CHOICE PRICE,Armstrong,2,0,False,False,2025-09-08
joyrides,CHOICE PRICE,Armstrong,2,0,False,False,2025-09-08
joys,CHOICE,Armstrong,2,0,False,False,2025-09-08
joystick,CHOICE KIT,Armstrong,2,0,False,False,2025-09-08
jpeg,DRESS FACE,Armstrong,2,0,False,False,2025-09-08
ju-jitsu,GOOSE KIT,Armstrong,2,0,False,False,2025-09-08
jubilant,GOOSE,Armstrong,2,0,False,False,2025-09-08
jubilee,GOOSE HAPPY,Armstrong,2,0,False,False,2025-09-08
judd,STRUT,Armstrong,2,0,False,False,2025-09-08
judea,GOOSE FLEECE,Armstrong,2,0,False,False,2025-09-08
judge,STRUT,Armstrong,2,0,False,False,2025-09-08
judgment,STRUT,Armstrong,2,0,False,False,2025-09-08
judgmental,STRUT DRESS,Armstrong,2,0,False,False,2025-09-08
judicial,GOOSE KIT,Armstrong,2,0,False,False,2025-09-08
judiciary,GOOSE KIT HAPPY,Armstrong,2,0,False,False,2025-09-08
judo,GOOSE GOAT,Armstrong,2,0,False,False,2025-09-08
jug,STRUT,Armstrong,2,0,False,False,2025-09-08
juggernaut,THOUGHT STRUT LETTER,Armstrong,2,0,False,False,2025-09-08
juice,GOOSE,Armstrong,2,0,False,False,2025-09-08
jujitsu,FOOT KIT GOOSE,Armstrong,2,0,False,False,2025-09-08
juju,GOOSE,Armstrong,2,0,False,False,2025-09-08
jujube,GOOSE,Armstrong,2,0,False,False,2025-09-08
jukebox,GOOSE LOT,Armstrong,2,0,False,False,2025-09-08
jules,GOOSE,Armstrong,2,0,False,False,2025-09-08
julian,GOOSE HAPPY,Armstrong,2,0,False,False,2025-09-08
julie,HAPPY GOOSE,Armstrong,2,0,False,False,2025-09-08
juliet,GOOSE HAPPY DRESS,Armstrong,2,0,False,False,2025-09-08
july,PRICE STRUT,Armstrong,2,0,False,False,2025-09-08
jump,STRUT,Armstrong,2,0,False,False,2025-09-08
jumpsuit,STRUT GOOSE,Armstrong,2,0,False,False,2025-09-08
junction,STRUT,Armstrong,2,0,False,False,2025-09-08
june,GOOSE,Armstrong,2,0,False,False,2025-09-08
jung,FOOT STRUT,Armstrong,2,0,False,False,2025-09-08
jungle,STRUT,Armstrong,2,0,False,False,2025-09-08
junior,GOOSE LETTER,Armstrong,2,0,False,False,2025-09-08
junk,STRUT,Armstrong,2,0,False,False,2025-09-08
junkie,STRUT HAPPY,Armstrong,2,0,False,False,2025-09-08
jurisdiction,CURE KIT,Armstrong,2,0,False,False,2025-09-08
jury,CURE HAPPY,Armstrong,2,0,False,False,2025-09-08
just,STRUT,Armstrong,2,0,False,False,2025-09-08
justice,STRUT KIT,Armstrong,2,0,False,False,2025-09-08
justify,STRUT PRICE KIT,Armstrong,2,0,False,False,2025-09-08
justin,STRUT KIT,Armstrong,2,0,False,False,2025-09-08
juvenile,GOOSE (PRICE) KIT,Armstrong,2,0,False,False,2025-09-08
juventus,GOOSE DRESS,Armstrong,2,0,False,False,2025-09-08
kabuki,GOOSE HAPPY,Armstrong,2,0,False,False,2025-09-08
kahn,PALM,Armstrong,2,0,False,False,2025-09-08
kaka,PALM,Armstrong,2,0,False,False,2025-09-08
kalahari,START HAPPY,Armstrong,2,0,False,False,2025-09-08
kama,PALM,Armstrong,2,0,False,False,2025-09-08
kamala,PALM COMMA,Armstrong,2,0,False,False,2025-09-08
kampala,PALM,Armstrong,2,0,False,False,2025-09-08
kanye,PALM FACE,Armstrong,2,0,False,False,2025-09-08
kaohsiung,FOOT MOUTH,Armstrong,2,0,False,False,2025-09-08
kappa,COMMA TRAP,Armstrong,2,0,False,False,2025-09-08
kaput,FOOT,Armstrong,2,0,False,False,2025-09-08
karachi,PALM HAPPY,Armstrong,2,0,False,False,2025-09-08
kardashian,TRAP START HAPPY,Armstrong,2,0,False,False,2025-09-08
karen,TRAP,Armstrong,2,0,False,False,2025-09-08
karl,START,Armstrong,2,0,False,False,2025-09-08
karma,START COMMA,Armstrong,2,0,False,False,2025-09-08
kasbah,PALM,Armstrong,2,0,False,False,2025-09-08
kasha,PALM,Armstrong,2,0,False,False,2025-09-08
kashmir,TRAP,Armstrong,2,0,False,False,2025-09-08
katana,PALM COMMA,Armstrong,2,0,False,False,2025-09-08
kate,FACE,Armstrong,2,0,False,False,2025-09-08
kathie,TRAP HAPPY,Armstrong,2,0,False,False,2025-09-08
kathleen,TRAP FLEECE,Armstrong,2,0,False,False,2025-09-08
kathryn,TRAP,Armstrong,2,0,False,False,2025-09-08
kathy,TRAP HAPPY,Armstrong,2,0,False,False,2025-09-08
katie,FACE HAPPY,Armstrong,2,0,False,False,2025-09-08
katy,FACE HAPPY,Armstrong,2,0,False,False,2025-09-08
kauri,MOUTH HAPPY,Armstrong,2,0,False,False,2025-09-08
kava,PALM,Armstrong,2,0,False,False,2025-09-08
kawasaki,PALM (MOUTH) HAPPY,Armstrong,2,0,False,False,2025-09-08
kayleigh,FACE HAPPY,Armstrong,2,0,False,False,2025-09-08
kazakhstan,TRAP PALM,Armstrong,2,0,False,False,2025-09-08
keanu,PALM GOOSE,Armstrong,2,0,False,False,2025-09-08
keegan,FLEECE,Armstrong,2,0,False,False,2025-09-08
keen,FLEECE,Armstrong,2,0,False,False,2025-09-08
keep,FLEECE,Armstrong,2,0,False,False,2025-09-08
keeper,FLEECE LETTER,Armstrong,2,0,False,False,2025-09-08
keepsake,FLEECE FACE,Armstrong,2,0,False,False,2025-09-08
keir,NEAR,Armstrong,2,0,False,False,2025-09-08
kelpie,DRESS HAPPY,Armstrong,2,0,False,False,2025-09-08
kept,DRESS,Armstrong,2,0,False,False,2025-09-08
kerb,NURSE,Armstrong,2,0,False,False,2025-09-08
kerr,NURSE,Armstrong,2,0,False,False,2025-09-08
kerry,DRESS HAPPY,Armstrong,2,0,False,False,2025-09-08
kershaw,NURSE THOUGHT,Armstrong,2,0,False,False,2025-09-08
ketchup,DRESS,Armstrong,2,0,False,False,2025-09-08
kevin,DRESS,Armstrong,2,0,False,False,2025-09-08
kevlar,DRESS START,Armstrong,2,0,False,False,2025-09-08
kewpie,GOOSE HAPPY,Armstrong,2,0,False,False,2025-09-08
key,FLEECE,Armstrong,2,0,False,False,2025-09-08
keyboard,FLEECE FORCE,Armstrong,2,0,False,False,2025-09-08
keychain,FLEECE FACE,Armstrong,2,0,False,False,2025-09-08
keyhole,FLEECE GOAT,Armstrong,2,0,False,False,2025-09-08
keynote,FLEECE GOAT,Armstrong,2,0,False,False,2025-09-08
keypad,FLEECE TRAP,Armstrong,2,0,False,False,2025-09-08
kfc,FACE DRESS FLEECE,Armstrong,2,0,False,False,2025-09-08
khaki,PALM HAPPY,Armstrong,2,0,False,False,2025-09-08
khan,PALM,Armstrong,2,0,False,False,2025-09-08
khoisan,CHOICE,Armstrong,2,0,False,False,2025-09-08
khrushchev,FOOT,Armstrong,2,0,False,False,2025-09-08
kia,NEAR,Armstrong,2,0,False,False,2025-09-08
kibbutz,KIT FOOT,Armstrong,2,0,False,False,2025-09-08
kibbutzim,KIT FOOT FLEECE,Armstrong,2,0,False,False,2025-09-08
kibosh,PRICE LOT,Armstrong,2,0,False,False,2025-09-08
kick-ass,KIT TRAP,Armstrong,2,0,False,False,2025-09-08
kickstarter,KIT START LETTER,Armstrong,2,0,False,False,2025-09-08
kidnap,KIT TRAP,Armstrong,2,0,False,False,2025-09-08
kidnapper,KIT TRAP LETTER,Armstrong,2,0,False,False,2025-09-08
kids,KIT,Armstrong,2,0,False,False,2025-09-08
killamarsh,KIT START,Armstrong,2,0,False,False,2025-09-08
killarney,KIT START HAPPY,Armstrong,2,0,False,False,2025-09-08
killed,KIT,Armstrong,2,0,False,False,2025-09-08
killer,KIT LETTER,Armstrong,2,0,False,False,2025-09-08
kilmarnock,KIT START,Armstrong,2,0,False,False,2025-09-08
kilogram,KIT GOAT TRAP,Armstrong,2,0,False,False,2025-09-08
kilograms,KIT GOAT COMMA,Armstrong,2,0,False,False,2025-09-08
kilos,FLEECE GOAT,Armstrong,2,0,False,False,2025-09-08
kilowatt,KIT/FLEECE COMMA LOT,Armstrong,2,0,False,False,2025-09-08
kilsyth,KIT PRICE,Armstrong,2,0,False,False,2025-09-08
kind,PRICE,Armstrong,2,0,False,False,2025-09-08
kinda,PRICE COMMA,Armstrong,2,0,False,False,2025-09-08
kindergarten,KIT START LETTER,Armstrong,2,0,False,False,2025-09-08
king-size,KIT PRICE,Armstrong,2,0,False,False,2025-09-08
kingdom,KIT COMMA,Armstrong,2,0,False,False,2025-09-08
kingswear,KIT NEAR,Armstrong,2,0,False,False,2025-09-08
kinship,KIT,Armstrong,2,0,False,False,2025-09-08
kirby,NURSE HAPPY,Armstrong,2,0,False,False,2025-09-08
kirghiz,NURSE KIT,Armstrong,2,0,False,False,2025-09-08
kirk,NURSE,Armstrong,2,0,False,False,2025-09-08
kirov,LOT,Armstrong,2,0,False,False,2025-09-08
kirsten,NEAR,Armstrong,2,0,False,False,2025-09-08
kiss,KIT,Armstrong,2,0,False,False,2025-09-08
kitchen,KIT,Armstrong,2,0,False,False,2025-09-08
kite,PRICE,Armstrong,2,0,False,False,2025-09-08
kitten,KIT,Armstrong,2,0,False,False,2025-09-08
klaus,MOUTH,Armstrong,2,0,False,False,2025-09-08
klavier,TRAP LETTER,Armstrong,2,0,False,False,2025-09-08
kludge,GOOSE,Armstrong,2,0,False,False,2025-09-08
klufi,GOOSE HAPPY,Armstrong,2,0,False,False,2025-09-08
knaresborough,SQUARE STRUT,Armstrong,2,0,False,False,2025-09-08
knead,FLEECE,Armstrong,2,0,False,False,2025-09-08
knebworth,DRESS LETTER,Armstrong,2,0,False,False,2025-09-08
knee,FLEECE,Armstrong,2,0,False,False,2025-09-08
knee-high,FLEECE PRICE,Armstrong,2,0,False,False,2025-09-08
knew,GOOSE,Armstrong,2,0,False,False,2025-09-08
knife,PRICE,Armstrong,2,0,False,False,2025-09-08
knife-edge,PRICE DRESS,Armstrong,2,0,False,False,2025-09-08
knight,PRICE,Armstrong,2,0,False,False,2025-09-08
knitwear,KIT SQUARE,Armstrong,2,0,False,False,2025-09-08
knives,PRICE,Armstrong,2,0,False,False,2025-09-08
knob,LOT,Armstrong,2,0,False,False,2025-09-08
knock,LOT,Armstrong,2,0,False,False,2025-09-08
knotweed,LOT FLEECE,Armstrong,2,0,False,False,2025-09-08
know,GOAT,Armstrong,2,0,False,False,2025-09-08
know-how,GOAT MOUTH,Armstrong,2,0,False,False,2025-09-08
knowledge,LOT KIT,Armstrong,2,0,False,False,2025-09-08
known,GOAT,Armstrong,2,0,False,False,2025-09-08
knows,GOAT,Armstrong,2,0,False,False,2025-09-08
knowsley,GOAT HAPPY,Armstrong,2,0,False,False,2025-09-08
knox,LOT,Armstrong,2,0,False,False,2025-09-08
knuckleduster,STRUT LETTER,Armstrong,2,0,False,False,2025-09-08
koala,PALM COMMA,Armstrong,2,0,False,False,2025-09-08
kochi,GOAT HAPPY,Armstrong,2,0,False,False,2025-09-08
kodak,GOAT,Armstrong,2,0,False,False,2025-09-08
kohlrabi,PALM HAPPY,Armstrong,2,0,False,False,2025-09-08
koisan,PALM,Armstrong,2,0,False,False,2025-09-08
kojak,GOAT,Armstrong,2,0,False,False,2025-09-08
komodo,GOAT,Armstrong,2,0,False,False,2025-09-08
konrad,LOT TRAP,Armstrong,2,0,False,False,2025-09-08
kookaburra,STRUT FOOT,Armstrong,2,0,False,False,2025-09-08
kooky,GOOSE HAPPY,Armstrong,2,0,False,False,2025-09-08
koran,PALM,Armstrong,2,0,False,False,2025-09-08
korea,FLEECE NEAR LETTER COMMA,Armstrong,2,0,False,False,2025-09-08
korean,NEAR,Armstrong,2,0,False,False,2025-09-08
kosher,GOAT LETTER,Armstrong,2,0,False,False,2025-09-08
kowloon,MOUTH GOOSE,Armstrong,2,0,False,False,2025-09-08
kramer,FACE LETTER,Armstrong,2,0,False,False,2025-09-08
krefeld,FACE DRESS,Armstrong,2,0,False,False,2025-09-08
kreutzer,CHOICE LETTER,Armstrong,2,0,False,False,2025-09-08
kruger,GOOSE LETTER,Armstrong,2,0,False,False,2025-09-08
krugerrand,GOOSE LETTER,Armstrong,2,0,False,False,2025-09-08
krupp,FOOT,Armstrong,2,0,False,False,2025-09-08
kuccha,COMMA STRUT,Armstrong,2,0,False,False,2025-09-08
kudzu,FOOT,Armstrong,2,0,False,False,2025-09-08
kung,FOOT,Armstrong,2,0,False,False,2025-09-08
kunming,FOOT,Armstrong,2,0,False,False,2025-09-08
kuril,FOOT LOT,Armstrong,2,0,False,False,2025-09-08
kurt,NURSE,Armstrong,2,0,False,False,2025-09-08
kurus,FOOT,Armstrong,2,0,False,False,2025-09-08
kurzweil,NURSE PRICE,Armstrong,2,0,False,False,2025-09-08
kutcher,FOOT LETTER,Armstrong,2,0,False,False,2025-09-08
kuwait,FACE,Armstrong,2,0,False,False,2025-09-08
kuwaiti,FACE,Armstrong,2,0,False,False,2025-09-08
kyle,PRICE,Armstrong,2,0,False,False,2025-09-08
kylie,PRICE HAPPY,Armstrong,2,0,False,False,2025-09-08
kyrgyzstan,NURSE,Armstrong,2,0,False,False,2025-09-08
la,PALM,Armstrong,2,0,False,False,2025-09-08
laager,PALM LETTER,Armstrong,2,0,False,False,2025-09-08
lab,TRAP,Armstrong,2,0,False,False,2025-09-08
laban,PALM,Armstrong,2,0,False,False,2025-09-08
label,FACE,Armstrong,2,0,False,False,2025-09-08
labor,LETTER,Armstrong,2,0,False,False,2025-09-08
laborious,FORCE,Armstrong,2,0,False,False,2025-09-08
labour,FACE LETTER,Armstrong,2,0,False,False,2025-09-08
lace,FACE,Armstrong,2,0,False,False,2025-09-08
lackluster,TRAP STRUT LETTER,Armstrong,2,0,False,False,2025-09-08
lactobacillus,TRAP GOAT KIT,Armstrong,2,0,False,False,2025-09-08
lactose,TRAP GOAT,Armstrong,2,0,False,False,2025-09-08
lada,PALM COMMA,Armstrong,2,0,False,False,2025-09-08
ladakh,PALM,Armstrong,2,0,False,False,2025-09-08
ladbrokes,TRAP FOOT,Armstrong,2,0,False,False,2025-09-08
laden,FACE,Armstrong,2,0,False,False,2025-09-08
lady,FACE HAPPY,Armstrong,2,0,False,False,2025-09-08
ladyboys,FACE HAPPY CHOICE,Armstrong,2,0,False,False,2025-09-08
ladybug,FACE HAPPY STRUT,Armstrong,2,0,False,False,2025-09-08
ladylike,FACE HAPPY PRICE,Armstrong,2,0,False,False,2025-09-08
lag,TRAP,Armstrong,2,0,False,False,2025-09-08
laid,FACE,Armstrong,2,0,False,False,2025-09-08
laid-back,FACE TRAP,Armstrong,2,0,False,False,2025-09-08
laing,TRAP,Armstrong,2,0,False,False,2025-09-08
laisser-faire,FACE SQUARE,Armstrong,2,0,False,False,2025-09-08
lake,FACE,Armstrong,2,0,False,False,2025-09-08
lama,PALM,Armstrong,2,0,False,False,2025-09-08
lambda,TRAP COMMA,Armstrong,2,0,False,False,2025-09-08
lambert,TRAP LETTER,Armstrong,2,0,False,False,2025-09-08
lambeth,TRAP COMMA,Armstrong,2,0,False,False,2025-09-08
lamborghini,TRAP FLEECE NORTH HAPPY,Armstrong,2,0,False,False,2025-09-08
lampshade,TRAP FACE,Armstrong,2,0,False,False,2025-09-08
lancashire,TRAP COMMA LETTER,Armstrong,2,0,False,False,2025-09-08
lancaster,TRAP BATH LETTER,Armstrong,2,0,False,False,2025-09-08
land,TRAP,Armstrong,2,0,False,False,2025-09-08
landing-gear,TRAP NEAR,Armstrong,2,0,False,False,2025-09-08
landlady,TRAP FACE HAPPY,Armstrong,2,0,False,False,2025-09-08
landlord,TRAP NORTH FORCE,Armstrong,2,0,False,False,2025-09-08
landmark,TRAP START,Armstrong,2,0,False,False,2025-09-08
landscape,TRAP FACE,Armstrong,2,0,False,False,2025-09-08
landseer,TRAP NEAR,Armstrong,2,0,False,False,2025-09-08
landslide,TRAP PRICE,Armstrong,2,0,False,False,2025-09-08
lane,FACE,Armstrong,2,0,False,False,2025-09-08
lang,TRAP,Armstrong,2,0,False,False,2025-09-08
language,KIT TRAP,Armstrong,2,0,False,False,2025-09-08
languages,TRAP STRUT,Armstrong,2,0,False,False,2025-09-08
lao,MOUTH,Armstrong,2,0,False,False,2025-09-08
laos,MOUTH,Armstrong,2,0,False,False,2025-09-08
laotian,MOUTH,Armstrong,2,0,False,False,2025-09-08
laptop,TRAP LOT,Armstrong,2,0,False,False,2025-09-08
larch,START,Armstrong,2,0,False,False,2025-09-08
large,START,Armstrong,2,0,False,False,2025-09-08
large-scale,START FACE,Armstrong,2,0,False,False,2025-09-08
larger,START LETTER,Armstrong,2,0,False,False,2025-09-08
largesse,START,Armstrong,2,0,False,False,2025-09-08
largest,START,Armstrong,2,0,False,False,2025-09-08
largo,START GOAT,Armstrong,2,0,False,False,2025-09-08
largs,START,Armstrong,2,0,False,False,2025-09-08
larissa,COMMA KIT,Armstrong,2,0,False,False,2025-09-08
lars,START,Armstrong,2,0,False,False,2025-09-08
larva,START,Armstrong,2,0,False,False,2025-09-08
larwood,START FOOT,Armstrong,2,0,False,False,2025-09-08
laryngectomee,TRAP DRESS HAPPY,Armstrong,2,0,False,False,2025-09-08
laryngectomy,TRAP DRESS HAPPY,Armstrong,2,0,False,False,2025-09-08
lasagna,PALM,Armstrong,2,0,False,False,2025-09-08
laser,FACE LETTER,Armstrong,2,0,False,False,2025-09-08
lassie,TRAP HAPPY,Armstrong,2,0,False,False,2025-09-08
lasso,TRAP GOAT,Armstrong,2,0,False,False,2025-09-08
last,BATH,Armstrong,2,0,False,False,2025-09-08
later,FACE LETTER,Armstrong,2,0,False,False,2025-09-08
latest,FACE COMMA,Armstrong,2,0,False,False,2025-09-08
lath,BATH,Armstrong,2,0,False,False,2025-09-08
latham,FACE,Armstrong,2,0,False,False,2025-09-08
lathe,FACE,Armstrong,2,0,False,False,2025-09-08
lather,BATH LETTER,Armstrong,2,0,False,False,2025-09-08
lathery,BATH LETTER HAPPY,Armstrong,2,0,False,False,2025-09-08
lathi,PALM HAPPY,Armstrong,2,0,False,False,2025-09-08
lathom,FACE,Armstrong,2,0,False,False,2025-09-08
latin,TRAP,Armstrong,2,0,False,False,2025-09-08
latina,(FLEECE) (TRAP),Armstrong,2,0,False,False,2025-09-08
latitude,TRAP GOOSE,Armstrong,2,0,False,False,2025-09-08
latte,PALM FACE,Armstrong,2,0,False,False,2025-09-08
laudation,THOUGHT FACE,Armstrong,2,0,False,False,2025-09-08
lauded,THOUGHT,Armstrong,2,0,False,False,2025-09-08
laugh,BATH,Armstrong,2,0,False,False,2025-09-08
laughable,BATH,Armstrong,2,0,False,False,2025-09-08
laughed,BATH,Armstrong,2,0,False,False,2025-09-08
laughing,BATH,Armstrong,2,0,False,False,2025-09-08
laughingstock,BATH CLOTH,Armstrong,2,0,False,False,2025-09-08
laughter,BATH LETTER,Armstrong,2,0,False,False,2025-09-08
launch,THOUGHT,Armstrong,2,0,False,False,2025-09-08
laundry,THOUGHT HAPPY,Armstrong,2,0,False,False,2025-09-08
laura,NORTH COMMA,Armstrong,2,0,False,False,2025-09-08
laurasia,NORTH FACE,Armstrong,2,0,False,False,2025-09-08
laurel,(CLOTH),Armstrong,2,0,False,False,2025-09-08
laurence,(CLOTH),Armstrong,2,0,False,False,2025-09-08
laurie,CLOTH HAPPY,Armstrong,2,0,False,False,2025-09-08
lava,BATH COMMA,Armstrong,2,0,False,False,2025-09-08
laval,TRAP,Armstrong,2,0,False,False,2025-09-08
lavender,TRAP LETTER,Armstrong,2,0,False,False,2025-09-08
lavish,TRAP KIT,Armstrong,2,0,False,False,2025-09-08
lavrov,LOT,Armstrong,2,0,False,False,2025-09-08
lawford,THOUGHT,Armstrong,2,0,False,False,2025-09-08
lawgiver,THOUGHT KIT LETTER,Armstrong,2,0,False,False,2025-09-08
lawmaker,THOUGHT FACE LETTER,Armstrong,2,0,False,False,2025-09-08
lawn,THOUGHT,Armstrong,2,0,False,False,2025-09-08
lawrence,(CLOTH),Armstrong,2,0,False,False,2025-09-08
lawson,THOUGHT,Armstrong,2,0,False,False,2025-09-08
lawsuit,THOUGHT GOOSE,Armstrong,2,0,False,False,2025-09-08
lawyer,CHOICE LETTER,Armstrong,2,0,False,False,2025-09-08
lay-by,FACE,Armstrong,2,0,False,False,2025-09-08
layla,FACE COMMA,Armstrong,2,0,False,False,2025-09-08
layout,FACE MOUTH,Armstrong,2,0,False,False,2025-09-08
layperson,FACE NURSE,Armstrong,2,0,False,False,2025-09-08
lays,FACE,Armstrong,2,0,False,False,2025-09-08
layshaft,FACE,Armstrong,2,0,False,False,2025-09-08
layton,FACE,Armstrong,2,0,False,False,2025-09-08
laze,FACE,Armstrong,2,0,False,False,2025-09-08
lazy,FACE HAPPY,Armstrong,2,0,False,False,2025-09-08
lea,FLEECE,Armstrong,2,0,False,False,2025-09-08
leach,FLEECE,Armstrong,2,0,False,False,2025-09-08
leader,FLEECE LETTER,Armstrong,2,0,False,False,2025-09-08
leaderboard,FLEECE FORCE LETTER,Armstrong,2,0,False,False,2025-09-08
leaders,FLEECE LETTER,Armstrong,2,0,False,False,2025-09-08
leadership,FLEECE LETTER KIT,Armstrong,2,0,False,False,2025-09-08
leading-rein,FLEECE FACE,Armstrong,2,0,False,False,2025-09-08
leaf-bud,FLEECE STRUT,Armstrong,2,0,False,False,2025-09-08
leafy,FLEECE HAPPY,Armstrong,2,0,False,False,2025-09-08
league,FLEECE,Armstrong,2,0,False,False,2025-09-08
leah,NEAR,Armstrong,2,0,False,False,2025-09-08
leak,FLEECE,Armstrong,2,0,False,False,2025-09-08
lean,FLEECE,Armstrong,2,0,False,False,2025-09-08
leap,FLEECE,Armstrong,2,0,False,False,2025-09-08
leap-year,FLEECE NEAR,Armstrong,2,0,False,False,2025-09-08
leap-years,FLEECE NEAR,Armstrong,2,0,False,False,2025-09-08
leapfrog,LOT FLEECE,Armstrong,2,0,False,False,2025-09-08
learn,NURSE,Armstrong,2,0,False,False,2025-09-08
leary,NEAR HAPPY,Armstrong,2,0,False,False,2025-09-08
leather,DRESS LETTER,Armstrong,2,0,False,False,2025-09-08
leather-jacket,DRESS LETTER TRAP,Armstrong,2,0,False,False,2025-09-08
leatherette,DRESS LETTER,Armstrong,2,0,False,False,2025-09-08
leatherhead,DRESS LETTER,Armstrong,2,0,False,False,2025-09-08
lebanon,DRESS,Armstrong,2,0,False,False,2025-09-08
lebensraum,FACE MOUTH,Armstrong,2,0,False,False,2025-09-08
lecturer,DRESS NURSE LETTER,Armstrong,2,0,False,False,2025-09-08
led,DRESS,Armstrong,2,0,False,False,2025-09-08
ledger,DRESS LETTER,Armstrong,2,0,False,False,2025-09-08
leech,FLEECE,Armstrong,2,0,False,False,2025-09-08
leeds,FLEECE,Armstrong,2,0,False,False,2025-09-08
leek,FLEECE,Armstrong,2,0,False,False,2025-09-08
leer,NEAR,Armstrong,2,0,False,False,2025-09-08
leering,NEAR,Armstrong,2,0,False,False,2025-09-08
leery,NEAR HAPPY,Armstrong,2,0,False,False,2025-09-08
leetspeak,FLEECE,Armstrong,2,0,False,False,2025-09-08
left,DRESS,Armstrong,2,0,False,False,2025-09-08
left-winger,DRESS KIT LETTER,Armstrong,2,0,False,False,2025-09-08
legacy,DRESS HAPPY COMMA,Armstrong,2,0,False,False,2025-09-08
legal,FLEECE,Armstrong,2,0,False,False,2025-09-08
legality,FLEECE TRAP HAPPY,Armstrong,2,0,False,False,2025-09-08
legato,PALM GOAT,Armstrong,2,0,False,False,2025-09-08
legend,DRESS,Armstrong,2,0,False,False,2025-09-08
legendary,DRESS SQUARE HAPPY,Armstrong,2,0,False,False,2025-09-08
leggings,DRESS,Armstrong,2,0,False,False,2025-09-08
legion,FLEECE,Armstrong,2,0,False,False,2025-09-08
legislation,DRESS FACE,Armstrong,2,0,False,False,2025-09-08
legislature,FACE FACE LETTER,Armstrong,2,0,False,False,2025-09-08
legit,COMMA KIT,Armstrong,2,0,False,False,2025-09-08
lego,DRESS GOAT,Armstrong,2,0,False,False,2025-09-08
legoland,DRESS GOAT TRAP,Armstrong,2,0,False,False,2025-09-08
legs,DRESS,Armstrong,2,0,False,False,2025-09-08
legume,GOOSE,Armstrong,2,0,False,False,2025-09-08
legwarmers,DRESS NORTH LETTERS,Armstrong,2,0,False,False,2025-09-08
lehigh,PRICE,Armstrong,2,0,False,False,2025-09-08
lehman,FACE,Armstrong,2,0,False,False,2025-09-08
leicestershire,DRESS LETTER,Armstrong,2,0,False,False,2025-09-08
leindorf,PRICE NORTH,Armstrong,2,0,False,False,2025-09-08
leipzig,PRICE,Armstrong,2,0,False,False,2025-09-08
leisure,(DRESS) LETTER (FLEECE),Armstrong,2,0,False,False,2025-09-08
leisurewear,(DRESS) SQUARE (FLEECE),Armstrong,2,0,False,False,2025-09-08
lemesurier,DRESS LETTER,Armstrong,2,0,False,False,2025-09-08
lending-library,DRESS PRICE LETTER HAPPY,Armstrong,2,0,False,False,2025-09-08
length,DRESS,Armstrong,2,0,False,False,2025-09-08
lengthy,DRESS HAPPY,Armstrong,2,0,False,False,2025-09-08
leningrad,TRAP,Armstrong,2,0,False,False,2025-09-08
lenovo,GOAT,Armstrong,2,0,False,False,2025-09-08
leon,LOT,Armstrong,2,0,False,False,2025-09-08
leonardo,NEAR START,Armstrong,2,0,False,False,2025-09-08
leonhardt,NEAR,Armstrong,2,0,False,False,2025-09-08
leopard,DRESS LETTER,Armstrong,2,0,False,False,2025-09-08
leopold,GOAT,Armstrong,2,0,False,False,2025-09-08
leprechaun,DRESS THOUGHT,Armstrong,2,0,False,False,2025-09-08
leroy,CHOICE,Armstrong,2,0,False,False,2025-09-08
lerwick,NURSE,Armstrong,2,0,False,False,2025-09-08
lesbian,DRESS,Armstrong,2,0,False,False,2025-09-08
lesley,DRESS HAPPY,Armstrong,2,0,False,False,2025-09-08
leslie,DRESS HAPPY,Armstrong,2,0,False,False,2025-09-08
less,DRESS,Armstrong,2,0,False,False,2025-09-08
lesser,DRESS LETTER,Armstrong,2,0,False,False,2025-09-08
lesson,DRESS,Armstrong,2,0,False,False,2025-09-08
lessors,DRESS NORTH,Armstrong,2,0,False,False,2025-09-08
lestrade,PALM,Armstrong,2,0,False,False,2025-09-08
let,DRESS,Armstrong,2,0,False,False,2025-09-08
let-down,DRESS MOUTH,Armstrong,2,0,False,False,2025-09-08
letchworth,DRESS LETTER,Armstrong,2,0,False,False,2025-09-08
lethargy,DRESS LETTER HAPPY,Armstrong,2,0,False,False,2025-09-08
lethe,HAPPY,Armstrong,2,0,False,False,2025-09-08
letter,DRESS LETTER,Armstrong,2,0,False,False,2025-09-08
letters,DRESS LETTER,Armstrong,2,0,False,False,2025-09-08
leukemia,GOOSE FLEECE HAPPY,Armstrong,2,0,False,False,2025-09-08
levee,HAPPY,Armstrong,2,0,False,False,2025-09-08
level,DRESS,Armstrong,2,0,False,False,2025-09-08
levi,FLEECE PRICE,Armstrong,2,0,False,False,2025-09-08
levodopa,DRESS GOAT COMMA,Armstrong,2,0,False,False,2025-09-08
levy,DRESS HAPPY,Armstrong,2,0,False,False,2025-09-08
lewd,GOOSE,Armstrong,2,0,False,False,2025-09-08
lexeme,FLEECE,Armstrong,2,0,False,False,2025-09-08
leybourn,FACE FACE,Armstrong,2,0,False,False,2025-09-08
leyland,FACE,Armstrong,2,0,False,False,2025-09-08
leys,FACE,Armstrong,2,0,False,False,2025-09-08
leyton,FACE,Armstrong,2,0,False,False,2025-09-08
lhasa,PALM,Armstrong,2,0,False,False,2025-09-08
liaison,FACE (LOT),Armstrong,2,0,False,False,2025-09-08
liam,NEAR,Armstrong,2,0,False,False,2025-09-08
liana,PALM,Armstrong,2,0,False,False,2025-09-08
libations,PRICE FACE,Armstrong,2,0,False,False,2025-09-08
libel,PRICE,Armstrong,2,0,False,False,2025-09-08
liberace,PALM,Armstrong,2,0,False,False,2025-09-08
liberal,KIT NURSE,Armstrong,2,0,False,False,2025-09-08
liberalism,KIT NURSE,Armstrong,2,0,False,False,2025-09-08
liberia,PRICE NEAR HAPPY,Armstrong,2,0,False,False,2025-09-08
liberty,KIT LETTER HAPPY,Armstrong,2,0,False,False,2025-09-08
libido,FLEECE GOAT,Armstrong,2,0,False,False,2025-09-08
librarian,PRICE SQUARE HAPPY,Armstrong,2,0,False,False,2025-09-08
library,PRICE SQUARE HAPPY,Armstrong,2,0,False,False,2025-09-08
license,PRICE COMMA,Armstrong,2,0,False,False,2025-09-08
licentious,PRICE,Armstrong,2,0,False,False,2025-09-08
lichee,PRICE HAPPY,Armstrong,2,0,False,False,2025-09-08
lid,KIT,Armstrong,2,0,False,False,2025-09-08
lido,PRICE/FLEECE GOAT,Armstrong,2,0,False,False,2025-09-08
lie,PRICE,Armstrong,2,0,False,False,2025-09-08
liege,(FLEECE) (FACE),Armstrong,2,0,False,False,2025-09-08
lies,PRICE,Armstrong,2,0,False,False,2025-09-08
life,PRICE,Armstrong,2,0,False,False,2025-09-08
life-raft,PRICE BATH,Armstrong,2,0,False,False,2025-09-08
life-size,PRICE,Armstrong,2,0,False,False,2025-09-08
life-span,PRICE TRAP,Armstrong,2,0,False,False,2025-09-08
life-work,PRICE NURSE,Armstrong,2,0,False,False,2025-09-08
lifeblood,PRICE STRUT,Armstrong,2,0,False,False,2025-09-08
lifeboat,PRICE GOAT,Armstrong,2,0,False,False,2025-09-08
lifelike,PRICE,Armstrong,2,0,False,False,2025-09-08
lifeline,PRICE,Armstrong,2,0,False,False,2025-09-08
lifelong,PRICE LOT,Armstrong,2,0,False,False,2025-09-08
lifesaver,PRICE FACE LETTER,Armstrong,2,0,False,False,2025-09-08
lifestyle,PRICE,Armstrong,2,0,False,False,2025-09-08
lifetime,PRICE,Armstrong,2,0,False,False,2025-09-08
liffey,KIT HAPPY,Armstrong,2,0,False,False,2025-09-08
ligature,KIT COMMA LETTER,Armstrong,2,0,False,False,2025-09-08
light,PRICE,Armstrong,2,0,False,False,2025-09-08
light-year,PRICE NEAR,Armstrong,2,0,False,False,2025-09-08
lighthouse,PRICE MOUTH,Armstrong,2,0,False,False,2025-09-08
lightweight,PRICE FACE,Armstrong,2,0,False,False,2025-09-08
like,PRICE,Armstrong,2,0,False,False,2025-09-08
like-minded,PRICE,Armstrong,2,0,False,False,2025-09-08
likely,PRICE HAPPY,Armstrong,2,0,False,False,2025-09-08
likewise,PRICE,Armstrong,2,0,False,False,2025-09-08
lima,FLEECE COMMA,Armstrong,2,0,False,False,2025-09-08
lime,PRICE,Armstrong,2,0,False,False,2025-09-08
limelight,PRICE,Armstrong,2,0,False,False,2025-09-08
limestone,PRICE GOAT,Armstrong,2,0,False,False,2025-09-08
limey,PRICE HAPPY,Armstrong,2,0,False,False,2025-09-08
limoges,GOAT,Armstrong,2,0,False,False,2025-09-08
limousine,KIT GOAT FLEECE,Armstrong,2,0,False,False,2025-09-08
linda,KIT COMMA,Armstrong,2,0,False,False,2025-09-08
lindsey,KIT HAPPY,Armstrong,2,0,False,False,2025-09-08
line,PRICE,Armstrong,2,0,False,False,2025-09-08
line-up,PRICE STRUT,Armstrong,2,0,False,False,2025-09-08
linen-draper,KIT FACE LETTER,Armstrong,2,0,False,False,2025-09-08
lingerie,LETTER COMMA (FACE) (HAPPY) THOUGHT,Armstrong,2,0,False,False,2025-09-08
linotype,GOAT PRICE,Armstrong,2,0,False,False,2025-09-08
linseed,FLEECE,Armstrong,2,0,False,False,2025-09-08
lion,PRICE,Armstrong,2,0,False,False,2025-09-08
lip,KIT,Armstrong,2,0,False,False,2025-09-08
liposuction,PRICE GOAT STRUT,Armstrong,2,0,False,False,2025-09-08
lisa,FLEECE COMMA,Armstrong,2,0,False,False,2025-09-08
list,KIT,Armstrong,2,0,False,False,2025-09-08
list-price,KIT PRICE,Armstrong,2,0,False,False,2025-09-08
listen,KIT,Armstrong,2,0,False,False,2025-09-08
litchee,KIT PRICE,Armstrong,2,0,False,False,2025-09-08
litchi,PRICE HAPPY,Armstrong,2,0,False,False,2025-09-08
literature,COMMA (LETTER) KIT,Armstrong,2,0,False,False,2025-09-08
lithe,PRICE,Armstrong,2,0,False,False,2025-09-08
lithograph,KIT GOAT BATH,Armstrong,2,0,False,False,2025-09-08
lithographer,KIT LOT LETTER,Armstrong,2,0,False,False,2025-09-08
litograph,KIT GOAT BATH,Armstrong,2,0,False,False,2025-09-08
litre,FLEECE,Armstrong,2,0,False,False,2025-09-08
litterbug,KIT LETTER STRUT,Armstrong,2,0,False,False,2025-09-08
little,KIT,Armstrong,2,0,False,False,2025-09-08
liturgy,KIT LETTER HAPPY,Armstrong,2,0,False,False,2025-09-08
lively,PRICE HAPPY,Armstrong,2,0,False,False,2025-09-08
liver,KIT LETTER,Armstrong,2,0,False,False,2025-09-08
liverpool,KIT LETTER GOOSE,Armstrong,2,0,False,False,2025-09-08
liverpudlian,KIT LETTER STRUT,Armstrong,2,0,False,False,2025-09-08
liversedge,KIT LETTER DRESS,Armstrong,2,0,False,False,2025-09-08
lives,PRICE,Armstrong,2,0,False,False,2025-09-08
livestock,PRICE LOT,Armstrong,2,0,False,False,2025-09-08
living-room,KIT GOOSE,Armstrong,2,0,False,False,2025-09-08
living-space,KIT FACE,Armstrong,2,0,False,False,2025-09-08
lizzie,KIT HAPPY,Armstrong,2,0,False,False,2025-09-08
llama,PALM,Armstrong,2,0,False,False,2025-09-08
llanfairpwllgwyngyll,SQUARE,Armstrong,2,0,False,False,2025-09-08
lloyd,CHOICE,Armstrong,2,0,False,False,2025-09-08
lo,GOAT,Armstrong,2,0,False,False,2025-09-08
loach,GOAT,Armstrong,2,0,False,False,2025-09-08
load,GOAT,Armstrong,2,0,False,False,2025-09-08
loaf,GOAT,Armstrong,2,0,False,False,2025-09-08
loafers,GOAT LETTER,Armstrong,2,0,False,False,2025-09-08
loan,GOAT,Armstrong,2,0,False,False,2025-09-08
loathe,GOAT,Armstrong,2,0,False,False,2025-09-08
loathsome,GOAT STRUT,Armstrong,2,0,False,False,2025-09-08
lobby,LOT HAPPY,Armstrong,2,0,False,False,2025-09-08
lobo,GOAT,Armstrong,2,0,False,False,2025-09-08
lobscouse,MOUTH,Armstrong,2,0,False,False,2025-09-08
lobster,LOT,Armstrong,2,0,False,False,2025-09-08
local,GOAT,Armstrong,2,0,False,False,2025-09-08
locale,PALM GOAT,Armstrong,2,0,False,False,2025-09-08
locate,FACE,Armstrong,2,0,False,False,2025-09-08
location,FACE GOAT,Armstrong,2,0,False,False,2025-09-08
locking,LOT,Armstrong,2,0,False,False,2025-09-08
locknut,LOT STRUT,Armstrong,2,0,False,False,2025-09-08
lockyer,LOT LETTER,Armstrong,2,0,False,False,2025-09-08
locomotion,GOAT,Armstrong,2,0,False,False,2025-09-08
locoweed,GOAT FLEECE,Armstrong,2,0,False,False,2025-09-08
locution,GOAT GOOSE,Armstrong,2,0,False,False,2025-09-08
lodger,LOT LETTER,Armstrong,2,0,False,False,2025-09-08
lofoten,GOAT,Armstrong,2,0,False,False,2025-09-08
loft,CLOTH,Armstrong,2,0,False,False,2025-09-08
log,CLOTH,Armstrong,2,0,False,False,2025-09-08
log-cabin,LOT,Armstrong,2,0,False,False,2025-09-08
logan,GOAT,Armstrong,2,0,False,False,2025-09-08
logarithmic,LOT KIT,Armstrong,2,0,False,False,2025-09-08
logical,LOT,Armstrong,2,0,False,False,2025-09-08
logistics,COMMA KIT,Armstrong,2,0,False,False,2025-09-08
logo,GOAT,Armstrong,2,0,False,False,2025-09-08
logon,LOT,Armstrong,2,0,False,False,2025-09-08
logos,GOAT,Armstrong,2,0,False,False,2025-09-08
logotype,LOT PRICE,Armstrong,2,0,False,False,2025-09-08
lohan,GOAT TRAP,Armstrong,2,0,False,False,2025-09-08
loin,CHOICE,Armstrong,2,0,False,False,2025-09-08
loitering,CHOICE LETTER,Armstrong,2,0,False,False,2025-09-08
loki,GOAT HAPPY,Armstrong,2,0,False,False,2025-09-08
lola,GOAT COMMA,Armstrong,2,0,False,False,2025-09-08
lolita,GOAT FLEECE,Armstrong,2,0,False,False,2025-09-08
lollipop,LOT FLEECE,Armstrong,2,0,False,False,2025-09-08
london,STRUT COMMA,Armstrong,2,0,False,False,2025-09-08
londonderry,STRUT DRESS HAPPY,Armstrong,2,0,False,False,2025-09-08
long,CLOTH,Armstrong,2,0,False,False,2025-09-08
long-standing,CLOTH TRAP,Armstrong,2,0,False,False,2025-09-08
long-time,CLOTH PRICE,Armstrong,2,0,False,False,2025-09-08
longer,CLOTH LETTER,Armstrong,2,0,False,False,2025-09-08
longhorn,CLOTH NORTH,Armstrong,2,0,False,False,2025-09-08
longitude,CLOTH GOOSE,Armstrong,2,0,False,False,2025-09-08
longleat,CLOTH FLEECE,Armstrong,2,0,False,False,2025-09-08
loofah,GOOSE COMMA,Armstrong,2,0,False,False,2025-09-08
look,FOOT,Armstrong,2,0,False,False,2025-09-08
look-alike,FOOT PRICE,Armstrong,2,0,False,False,2025-09-08
lookup,FOOT STRUT,Armstrong,2,0,False,False,2025-09-08
loom,GOOSE,Armstrong,2,0,False,False,2025-09-08
loop,GOOSE,Armstrong,2,0,False,False,2025-09-08
loose,GOOSE,Armstrong,2,0,False,False,2025-09-08
lop-eared,LOT NEAR,Armstrong,2,0,False,False,2025-09-08
lopez,DRESS GOAT,Armstrong,2,0,False,False,2025-09-08
lord,NORTH FORCE,Armstrong,2,0,False,False,2025-09-08
lore,FORCE,Armstrong,2,0,False,False,2025-09-08
loren,FORCE,Armstrong,2,0,False,False,2025-09-08
lorna,NORTH,Armstrong,2,0,False,False,2025-09-08
lorwerth,NORTH LETTER,Armstrong,2,0,False,False,2025-09-08
lose,GOOSE,Armstrong,2,0,False,False,2025-09-08
loser,GOOSE LETTER,Armstrong,2,0,False,False,2025-09-08
loss,CLOTH,Armstrong,2,0,False,False,2025-09-08
lost,CLOTH,Armstrong,2,0,False,False,2025-09-08
loth,GOAT,Armstrong,2,0,False,False,2025-09-08
lothario,GOAT START FLEECE GOAT,Armstrong,2,0,False,False,2025-09-08
lothian,GOAT HAPPY,Armstrong,2,0,False,False,2025-09-08
lotion,GOAT,Armstrong,2,0,False,False,2025-09-08
lotus,GOAT,Armstrong,2,0,False,False,2025-09-08
loud,MOUTH,Armstrong,2,0,False,False,2025-09-08
loud-hailer,MOUTH FACE LETTER,Armstrong,2,0,False,False,2025-09-08
loudmouth,MOUTH,Armstrong,2,0,False,False,2025-09-08
loudspeaker,MOUTH FLEECE LETTER,Armstrong,2,0,False,False,2025-09-08
loughborough,STRUT,Armstrong,2,0,False,False,2025-09-08
louisa,GOOSE FLEECE COMMA,Armstrong,2,0,False,False,2025-09-08
lounge,MOUTH,Armstrong,2,0,False,False,2025-09-08
lourdes,CURE,Armstrong,2,0,False,False,2025-09-08
lousy,MOUTH HAPPY,Armstrong,2,0,False,False,2025-09-08
louth,MOUTH,Armstrong,2,0,False,False,2025-09-08
louvre,GOOSE COMMA,Armstrong,2,0,False,False,2025-09-08
love,STRUT,Armstrong,2,0,False,False,2025-09-08
love-affair,STRUT SQUARE,Armstrong,2,0,False,False,2025-09-08
love-affairs,STRUT SQUARE,Armstrong,2,0,False,False,2025-09-08
love-bird,STRUT NURSE,Armstrong,2,0,False,False,2025-09-08
love-child,STRUT PRICE,Armstrong,2,0,False,False,2025-09-08
love-letter,STRUT DRESS LETTER,Armstrong,2,0,False,False,2025-09-08
love-match,STRUT TRAP,Armstrong,2,0,False,False,2025-09-08
love-potion,STRUT GOAT,Armstrong,2,0,False,False,2025-09-08
lovely,STRUT HAPPY,Armstrong,2,0,False,False,2025-09-08
lover,STRUT LETTER,Armstrong,2,0,False,False,2025-09-08
loveseat,STRUT FLEECE,Armstrong,2,0,False,False,2025-09-08
lovey,STRUT HAPPY,Armstrong,2,0,False,False,2025-09-08
loving,STRUT,Armstrong,2,0,False,False,2025-09-08
low,GOAT,Armstrong,2,0,False,False,2025-09-08
low-cost,GOAT CLOTH,Armstrong,2,0,False,False,2025-09-08
low-down,GOAT MOUTH,Armstrong,2,0,False,False,2025-09-08
low-keyed,GOAT FLEECE,Armstrong,2,0,False,False,2025-09-08
low-profile,PRICE GOAT PRICE,Armstrong,2,0,False,False,2025-09-08
low-relief,GOAT FLEECE,Armstrong,2,0,False,False,2025-09-08
low-rise,GOAT PRICE,Armstrong,2,0,False,False,2025-09-08
low-spirited,GOAT KIT,Armstrong,2,0,False,False,2025-09-08
low-voltage,GOAT,Armstrong,2,0,False,False,2025-09-08
low-water,GOAT THOUGHT LETTER,Armstrong,2,0,False,False,2025-09-08
lowbrow,MOUTH GOAT,Armstrong,2,0,False,False,2025-09-08
lowbrows,MOUTH GOAT,Armstrong,2,0,False,False,2025-09-08
lowlife,GOAT PRICE,Armstrong,2,0,False,False,2025-09-08
lowman,GOAT,Armstrong,2,0,False,False,2025-09-08
lowrie,MOUTH HAPPY,Armstrong,2,0,False,False,2025-09-08
lowry,MOUTH HAPPY,Armstrong,2,0,False,False,2025-09-08
lowther,MOUTH LETTER,Armstrong,2,0,False,False,2025-09-08
loyal,CHOICE,Armstrong,2,0,False,False,2025-09-08
loyalty,CHOICE HAPPY,Armstrong,2,0,False,False,2025-09-08
loyola,CHOICE,Armstrong,2,0,False,False,2025-09-08
luba,GOOSE COMMA,Armstrong,2,0,False,False,2025-09-08
lubricant,GOOSE,Armstrong,2,0,False,False,2025-09-08
lubricious,GOOSE STRUT,Armstrong,2,0,False,False,2025-09-08
lucerne,GOOSE NURSE,Armstrong,2,0,False,False,2025-09-08
lucia,GOOSE FLEECE,Armstrong,2,0,False,False,2025-09-08
lucidity,GOOSE KIT,Armstrong,2,0,False,False,2025-09-08
lucinda,GOOSE KIT,Armstrong,2,0,False,False,2025-09-08
luck,STRUT,Armstrong,2,0,False,False,2025-09-08
lucky,STRUT HAPPY,Armstrong,2,0,False,False,2025-09-08
lucrative,GOOSE,Armstrong,2,0,False,False,2025-09-08
lucretia,GOOSE FLEECE HAPPY,Armstrong,2,0,False,False,2025-09-08
luddite,STRUT PRICE,Armstrong,2,0,False,False,2025-09-08
ludlow,STRUT GOAT,Armstrong,2,0,False,False,2025-09-08
ludwigshafen,STRUT KIT PALM,Armstrong,2,0,False,False,2025-09-08
lufthansa,FOOT COMMA,Armstrong,2,0,False,False,2025-09-08
lug,STRUT,Armstrong,2,0,False,False,2025-09-08
luge,GOOSE,Armstrong,2,0,False,False,2025-09-08
luggage,STRUT,Armstrong,2,0,False,False,2025-09-08
luigi,STRUT FLEECE HAPPY,Armstrong,2,0,False,False,2025-09-08
lukewarm,GOOSE NORTH,Armstrong,2,0,False,False,2025-09-08
lulu,GOOSE,Armstrong,2,0,False,False,2025-09-08
lumbago,STRUT FACE GOAT,Armstrong,2,0,False,False,2025-09-08
lumberjack,STRUT LETTER TRAP,Armstrong,2,0,False,False,2025-09-08
lumberyard,STRUT LETTER START,Armstrong,2,0,False,False,2025-09-08
lumiere,GOOSE SQUARE,Armstrong,2,0,False,False,2025-09-08
luminaire,GOOSE SQUARE,Armstrong,2,0,False,False,2025-09-08
luminaires,GOOSE SQUARE,Armstrong,2,0,False,False,2025-09-08
luminous,GOOSE,Armstrong,2,0,False,False,2025-09-08
lumpectomy,STRUT DRESS HAPPY,Armstrong,2,0,False,False,2025-09-08
luna,GOOSE COMMA,Armstrong,2,0,False,False,2025-09-08
lunch,STRUT,Armstrong,2,0,False,False,2025-09-08
lunch-time,STRUT PRICE,Armstrong,2,0,False,False,2025-09-08
lunette,GOOSE DRESS,Armstrong,2,0,False,False,2025-09-08
lung,STRUT,Armstrong,2,0,False,False,2025-09-08
lupus,GOOSE,Armstrong,2,0,False,False,2025-09-08
lurcher,NURSE LETTER,Armstrong,2,0,False,False,2025-09-08
lure,CURE,Armstrong,2,0,False,False,2025-09-08
lurid,CURE,Armstrong,2,0,False,False,2025-09-08
lusaka,PALM (GOOSE) (FOOT),Armstrong,2,0,False,False,2025-09-08
luscious,STRUT,Armstrong,2,0,False,False,2025-09-08
lush,STRUT,Armstrong,2,0,False,False,2025-09-08
luther,GOOSE LETTER,Armstrong,2,0,False,False,2025-09-08
lutheran,GOOSE LETTER,Armstrong,2,0,False,False,2025-09-08
luxembourg,STRUT LETTER,Armstrong,2,0,False,False,2025-09-08
luxuriant,STRUT CURE,Armstrong,2,0,False,False,2025-09-08
luxuriate,STRUT,Armstrong,2,0,False,False,2025-09-08
luxurious,STRUT CURE,Armstrong,2,0,False,False,2025-09-08
luxury,STRUT LETTER COMMA HAPPY,Armstrong,2,0,False,False,2025-09-08
lyceum,PRICE NEAR,Armstrong,2,0,False,False,2025-09-08
lychee,PRICE HAPPY,Armstrong,2,0,False,False,2025-09-08
lye,PRICE,Armstrong,2,0,False,False,2025-09-08
lyrics,KIT,Armstrong,2,0,False,False,2025-09-08
ma,DRESS PALM,Armstrong,2,0,False,False,2025-09-08
maastricht,PALM KIT,Armstrong,2,0,False,False,2025-09-08
mabel,FACE,Armstrong,2,0,False,False,2025-09-08
macabre,PALM,Armstrong,2,0,False,False,2025-09-08
macafee,TRAP HAPPY,Armstrong,2,0,False,False,2025-09-08
macao,MOUTH,Armstrong,2,0,False,False,2025-09-08
macarthur,START LETTER,Armstrong,2,0,False,False,2025-09-08
macaws,THOUGHT,Armstrong,2,0,False,False,2025-09-08
macbeth,DRESS,Armstrong,2,0,False,False,2025-09-08
macbook,TRAP FOOT,Armstrong,2,0,False,False,2025-09-08
macduff,STRUT,Armstrong,2,0,False,False,2025-09-08
mace-bearer,FACE SQUARE LETTER,Armstrong,2,0,False,False,2025-09-08
macedonia,TRAP GOOSE HAPPY,Armstrong,2,0,False,False,2025-09-08
macgyver,PRICE LETTER,Armstrong,2,0,False,False,2025-09-08
machete,COMMA DRESS,Armstrong,2,0,False,False,2025-09-08
machine,FLEECE COMMA,Armstrong,2,0,False,False,2025-09-08
machine-gun,FLEECE STRUT,Armstrong,2,0,False,False,2025-09-08
macho,PALM GOAT,Armstrong,2,0,False,False,2025-09-08
macintosh,TRAP LOT,Armstrong,2,0,False,False,2025-09-08
mackenzie,DRESS HAPPY,Armstrong,2,0,False,False,2025-09-08
mackintosh,TRAP LOT,Armstrong,2,0,False,False,2025-09-08
maclean,FACE,Armstrong,2,0,False,False,2025-09-08
macleod,MOUTH,Armstrong,2,0,False,False,2025-09-08
macrocosm,LOT,Armstrong,2,0,False,False,2025-09-08
mad,TRAP,Armstrong,2,0,False,False,2025-09-08
madagascar,TRAP COMMA (LETTER),Armstrong,2,0,False,False,2025-09-08
madame,PALM,Armstrong,2,0,False,False,2025-09-08
made,FACE,Armstrong,2,0,False,False,2025-09-08
made-to-measure,FACE DRESS LETTER,Armstrong,2,0,False,False,2025-09-08
made-up,STRUT FACE,Armstrong,2,0,False,False,2025-09-08
madeira,COMMA NEAR,Armstrong,2,0,False,False,2025-09-08
madonna,COMMA LOT,Armstrong,2,0,False,False,2025-09-08
madrid,COMMA KIT,Armstrong,2,0,False,False,2025-09-08
madurai,(FOOT) PRICE,Armstrong,2,0,False,False,2025-09-08
maecenas,PRICE,Armstrong,2,0,False,False,2025-09-08
maestro,PRICE GOAT,Armstrong,2,0,False,False,2025-09-08
maeve,FACE,Armstrong,2,0,False,False,2025-09-08
mafia,PALM (TRAP),Armstrong,2,0,False,False,2025-09-08
mag,TRAP,Armstrong,2,0,False,False,2025-09-08
magazine,TRAP FLEECE,Armstrong,2,0,False,False,2025-09-08
mage,FACE,Armstrong,2,0,False,False,2025-09-08
magenta,COMMA DRESS,Armstrong,2,0,False,False,2025-09-08
maggie,TRAP HAPPY,Armstrong,2,0,False,False,2025-09-08
maghreb,DRESS,Armstrong,2,0,False,False,2025-09-08
magi,FACE HAPPY,Armstrong,2,0,False,False,2025-09-08
magic,TRAP KIT,Armstrong,2,0,False,False,2025-09-08
magistrate,TRAP FACE,Armstrong,2,0,False,False,2025-09-08
maglev,DRESS,Armstrong,2,0,False,False,2025-09-08
magnesium,TRAP FLEECE HAPPY,Armstrong,2,0,False,False,2025-09-08
magnet,TRAP DRESS,Armstrong,2,0,False,False,2025-09-08
magnetic,TRAP DRESS KIT,Armstrong,2,0,False,False,2025-09-08
magnificent,KIT TRAP,Armstrong,2,0,False,False,2025-09-08
magnitude,TRAP GOOSE,Armstrong,2,0,False,False,2025-09-08
magnolia,TRAP GOAT HAPPY,Armstrong,2,0,False,False,2025-09-08
magnum,TRAP,Armstrong,2,0,False,False,2025-09-08
magyar,START,Armstrong,2,0,False,False,2025-09-08
mahler,PALM LETTER,Armstrong,2,0,False,False,2025-09-08
mahmoud,PALM,Armstrong,2,0,False,False,2025-09-08
mahood,FOOT,Armstrong,2,0,False,False,2025-09-08
maid,FACE,Armstrong,2,0,False,False,2025-09-08
maida,FACE COMMA,Armstrong,2,0,False,False,2025-09-08
maiden,FACE,Armstrong,2,0,False,False,2025-09-08
maidenhead,DRESS FACE,Armstrong,2,0,False,False,2025-09-08
maidstone,FACE GOAT,Armstrong,2,0,False,False,2025-09-08
mail,FACE,Armstrong,2,0,False,False,2025-09-08
main,FACE,Armstrong,2,0,False,False,2025-09-08
mainframe,FACE,Armstrong,2,0,False,False,2025-09-08
mainly,FACE HAPPY,Armstrong,2,0,False,False,2025-09-08
mainstays,FACE,Armstrong,2,0,False,False,2025-09-08
mainstream,FACE FLEECE,Armstrong,2,0,False,False,2025-09-08
maintain,FACE,Armstrong,2,0,False,False,2025-09-08
maintenance,FACE,Armstrong,2,0,False,False,2025-09-08
mainwaring,FACE SQUARE,Armstrong,2,0,False,False,2025-09-08
mairead,FACE,Armstrong,2,0,False,False,2025-09-08
maisie,FACE HAPPY,Armstrong,2,0,False,False,2025-09-08
maisonette,FACE DRESS,Armstrong,2,0,False,False,2025-09-08
maitland,FACE,Armstrong,2,0,False,False,2025-09-08
maize,FACE,Armstrong,2,0,False,False,2025-09-08
majestic,DRESS COMMA,Armstrong,2,0,False,False,2025-09-08
major,FACE LETTER,Armstrong,2,0,False,False,2025-09-08
major-general,LETTER DRESS,Armstrong,2,0,False,False,2025-09-08
majorca,COMMA FORCE,Armstrong,2,0,False,False,2025-09-08
majority,(CLOTH) COMMA HAPPY,Armstrong,2,0,False,False,2025-09-08
make,FACE,Armstrong,2,0,False,False,2025-09-08
make-up,STRUT FACE,Armstrong,2,0,False,False,2025-09-08
maker,FACE LETTER,Armstrong,2,0,False,False,2025-09-08
maladroit,TRAP CHOICE,Armstrong,2,0,False,False,2025-09-08
maladroitly,TRAP CHOICE,Armstrong,2,0,False,False,2025-09-08
maladroitness,CHOICE,Armstrong,2,0,False,False,2025-09-08
malaga,COMMA TRAP,Armstrong,2,0,False,False,2025-09-08
malaise,FACE,Armstrong,2,0,False,False,2025-09-08
malawi,PALM HAPPY,Armstrong,2,0,False,False,2025-09-08
malayalam,PALM FACE,Armstrong,2,0,False,False,2025-09-08
malaysia,COMMA (TRAP) (FACE),Armstrong,2,0,False,False,2025-09-08
male,FACE,Armstrong,2,0,False,False,2025-09-08
mali,PALM HAPPY,Armstrong,2,0,False,False,2025-09-08
malibu,GOOSE TRAP KIT,Armstrong,2,0,False,False,2025-09-08
maligne,PRICE,Armstrong,2,0,False,False,2025-09-08
maligner,PRICE LETTER,Armstrong,2,0,False,False,2025-09-08
mall,THOUGHT,Armstrong,2,0,False,False,2025-09-08
mallaig,FACE,Armstrong,2,0,False,False,2025-09-08
mallorca,NORTH TRAP,Armstrong,2,0,False,False,2025-09-08
malta,THOUGHT COMMA,Armstrong,2,0,False,False,2025-09-08
maltese,LOT FLEECE,Armstrong,2,0,False,False,2025-09-08
malware,SQUARE TRAP,Armstrong,2,0,False,False,2025-09-08
mama,PALM TRAP,Armstrong,2,0,False,False,2025-09-08
mamba,COMMA TRAP,Armstrong,2,0,False,False,2025-09-08
mammee,HAPPY TRAP,Armstrong,2,0,False,False,2025-09-08
mammoth,COMMA TRAP,Armstrong,2,0,False,False,2025-09-08
man,TRAP,Armstrong,2,0,False,False,2025-09-08
man-hours,MOUTH TRAP,Armstrong,2,0,False,False,2025-09-08
management,TRAP COMMA,Armstrong,2,0,False,False,2025-09-08
manager,TRAP LETTER,Armstrong,2,0,False,False,2025-09-08
managua,COMMA TRAP,Armstrong,2,0,False,False,2025-09-08
manchester,DRESS TRAP LETTER,Armstrong,2,0,False,False,2025-09-08
mandela,COMMA TRAP DRESS,Armstrong,2,0,False,False,2025-09-08
mandelbaum,MOUTH TRAP,Armstrong,2,0,False,False,2025-09-08
manege,FACE TRAP,Armstrong,2,0,False,False,2025-09-08
manga,TRAP COMMA,Armstrong,2,0,False,False,2025-09-08
manhattan,TRAP,Armstrong,2,0,False,False,2025-09-08
manheim,PRICE TRAP,Armstrong,2,0,False,False,2025-09-08
manhunt,STRUT TRAP,Armstrong,2,0,False,False,2025-09-08
maniac,TRAP FACE HAPPY,Armstrong,2,0,False,False,2025-09-08
manicure,CURE TRAP KIT,Armstrong,2,0,False,False,2025-09-08
manicured,CURE TRAP KIT,Armstrong,2,0,False,False,2025-09-08
manifold,GOAT TRAP KIT,Armstrong,2,0,False,False,2025-09-08
manitoba,COMMA TRAP KI GOAT,Armstrong,2,0,False,False,2025-09-08
mankind,PRICE TRAP,Armstrong,2,0,False,False,2025-09-08
manner,LETTER TRAP,Armstrong,2,0,False,False,2025-09-08
manoeuvre,GOOSE LETTER,Armstrong,2,0,False,False,2025-09-08
manpower,MOUTH TRAP,Armstrong,2,0,False,False,2025-09-08
manual,GOOSE TRAP,Armstrong,2,0,False,False,2025-09-08
manufacture,LETTER TRAP FOOT,Armstrong,2,0,False,False,2025-09-08
manufacturer,FOOT LETTER COMMA TRAP,Armstrong,2,0,False,False,2025-09-08
manure,CURE,Armstrong,2,0,False,False,2025-09-08
manuscript,KIT TRAP FOOT,Armstrong,2,0,False,False,2025-09-08
many,DRESS HAPPY,Armstrong,2,0,False,False,2025-09-08
maori,MOUTH HAPPY,Armstrong,2,0,False,False,2025-09-08
map,TRAP,Armstrong,2,0,False,False,2025-09-08
maple,FACE,Armstrong,2,0,False,False,2025-09-08
mar,START,Armstrong,2,0,False,False,2025-09-08
mar-a-lago,PALM START,Armstrong,2,0,False,False,2025-09-08
mara,COMMA START,Armstrong,2,0,False,False,2025-09-08
marahishi,HAPPY TRAP FLEECE,Armstrong,2,0,False,False,2025-09-08
marathi,PALM TRAP HAPPY,Armstrong,2,0,False,False,2025-09-08
marathon,COMMA TRAP,Armstrong,2,0,False,False,2025-09-08
marble,START,Armstrong,2,0,False,False,2025-09-08
marcel,START DRESS,Armstrong,2,0,False,False,2025-09-08
marcella,START DRESS,Armstrong,2,0,False,False,2025-09-08
march,START,Armstrong,2,0,False,False,2025-09-08
marchant,START,Armstrong,2,0,False,False,2025-09-08
marchioness,START,Armstrong,2,0,False,False,2025-09-08
mare,SQUARE,Armstrong,2,0,False,False,2025-09-08
margaret,START KIT,Armstrong,2,0,False,False,2025-09-08
margarita,FLEECE START,Armstrong,2,0,False,False,2025-09-08
margate,START FACE,Armstrong,2,0,False,False,2025-09-08
marge,START,Armstrong,2,0,False,False,2025-09-08
margery,START LETTER HAPPY,Armstrong,2,0,False,False,2025-09-08
margie,HAPPY START,Armstrong,2,0,False,False,2025-09-08
margin,START KIT,Armstrong,2,0,False,False,2025-09-08
marginal,START KIT,Armstrong,2,0,False,False,2025-09-08
margolis,START GOAT KIT,Armstrong,2,0,False,False,2025-09-08
margot,START GOAT,Armstrong,2,0,False,False,2025-09-08
marguerite,START FLEECE,Armstrong,2,0,False,False,2025-09-08
marham,START,Armstrong,2,0,False,False,2025-09-08
maria,NEAR,Armstrong,2,0,False,False,2025-09-08
mariah,PRICE LETTER COMMA,Armstrong,2,0,False,False,2025-09-08
marigold,GOAT TRAP KIT,Armstrong,2,0,False,False,2025-09-08
marijuana,PALM TRAP KIT,Armstrong,2,0,False,False,2025-09-08
marimba,COMMA TRAP KIT,Armstrong,2,0,False,False,2025-09-08
marina,FLEECE LETTER COMMA,Armstrong,2,0,False,False,2025-09-08
marine,FLEECE LETTER COMMA,Armstrong,2,0,False,False,2025-09-08
mario,TRAP HAPPY GOAT,Armstrong,2,0,False,False,2025-09-08
marissa,COMMA KIT,Armstrong,2,0,False,False,2025-09-08
maritime,PRICE TRAP KIT,Armstrong,2,0,False,False,2025-09-08
mariupol,LOT TRAP HAPPY,Armstrong,2,0,False,False,2025-09-08
marius,TRAP HAPPY,Armstrong,2,0,False,False,2025-09-08
marjorie,START HAPPY,Armstrong,2,0,False,False,2025-09-08
mark,START,Armstrong,2,0,False,False,2025-09-08
marker,START LETTER,Armstrong,2,0,False,False,2025-09-08
market,START KIT,Armstrong,2,0,False,False,2025-09-08
marketing,START KIT,Armstrong,2,0,False,False,2025-09-08
markov,LOT START,Armstrong,2,0,False,False,2025-09-08
marl,START,Armstrong,2,0,False,False,2025-09-08
marlene,START FLEECE,Armstrong,2,0,False,False,2025-09-08
marlovian,START GOAT HAPPY,Armstrong,2,0,False,False,2025-09-08
marlow,START GOAT,Armstrong,2,0,False,False,2025-09-08
marmaduke,GOOSE START,Armstrong,2,0,False,False,2025-09-08
marmalade,FACE START,Armstrong,2,0,False,False,2025-09-08
maroon,GOOSE,Armstrong,2,0,False,False,2025-09-08
marple,START,Armstrong,2,0,False,False,2025-09-08
marriage,TRAP KIT,Armstrong,2,0,False,False,2025-09-08
marriott,TRAP HAPPY,Armstrong,2,0,False,False,2025-09-08
marrowfat,GOAT TRAP,Armstrong,2,0,False,False,2025-09-08
mars,START,Armstrong,2,0,False,False,2025-09-08
marsala,START TRAP,Armstrong,2,0,False,False,2025-09-08
marsden,START,Armstrong,2,0,False,False,2025-09-08
marsh,START,Armstrong,2,0,False,False,2025-09-08
marshal,START,Armstrong,2,0,False,False,2025-09-08
marshall,START,Armstrong,2,0,False,False,2025-09-08
marsham,START,Armstrong,2,0,False,False,2025-09-08
marston,START,Armstrong,2,0,False,False,2025-09-08
marsupial,START GOOSE HAPPY,Armstrong,2,0,False,False,2025-09-08
mart,START,Armstrong,2,0,False,False,2025-09-08
marten,START,Armstrong,2,0,False,False,2025-09-08
martha,START COMMA,Armstrong,2,0,False,False,2025-09-08
martial,START,Armstrong,2,0,False,False,2025-09-08
martian,START,Armstrong,2,0,False,False,2025-09-08
martin,START KIT,Armstrong,2,0,False,False,2025-09-08
martina,START FLEECE,Armstrong,2,0,False,False,2025-09-08
martinez,DRESS START FLEECE,Armstrong,2,0,False,False,2025-09-08
martini,START FLEECE,Armstrong,2,0,False,False,2025-09-08
martinique,FLEECE START,Armstrong,2,0,False,False,2025-09-08
martius,START HAPPY,Armstrong,2,0,False,False,2025-09-08
marvel,START,Armstrong,2,0,False,False,2025-09-08
marvellous,START,Armstrong,2,0,False,False,2025-09-08
marvin,START KIT,Armstrong,2,0,False,False,2025-09-08
marwick,START KIT,Armstrong,2,0,False,False,2025-09-08
mary,SQUARE HAPPY,Armstrong,2,0,False,False,2025-09-08
marzipan,START KIT TRAP,Armstrong,2,0,False,False,2025-09-08
mascot,LOT TRAP,Armstrong,2,0,False,False,2025-09-08
maserati,PALM HAPPY (TRAP) LETTER HAPPY,Armstrong,2,0,False,False,2025-09-08
mash,TRAP,Armstrong,2,0,False,False,2025-09-08
masha,PALM,Armstrong,2,0,False,False,2025-09-08
mashie,HAPPY TRAP,Armstrong,2,0,False,False,2025-09-08
masquerade,BATH TRAP LETTER FACE,Armstrong,2,0,False,False,2025-09-08
mass,TRAP,Armstrong,2,0,False,False,2025-09-08
massachusetts,COMMA TRAP GOOSE,Armstrong,2,0,False,False,2025-09-08
massage,TRAP PALM,Armstrong,2,0,False,False,2025-09-08
massapequa,COMMA TRAP FLEECE,Armstrong,2,0,False,False,2025-09-08
massey,HAPPY TRAP,Armstrong,2,0,False,False,2025-09-08
massifs,TRAP KIT,Armstrong,2,0,False,False,2025-09-08
massive,TRAP KIT,Armstrong,2,0,False,False,2025-09-08
master,BATH LETTER,Armstrong,2,0,False,False,2025-09-08
mastercard,BATH START LETTER,Armstrong,2,0,False,False,2025-09-08
masterpiece,BATH LETTER FLEECE,Armstrong,2,0,False,False,2025-09-08
masthead,DRESS TRAP,Armstrong,2,0,False,False,2025-09-08
match,TRAP,Armstrong,2,0,False,False,2025-09-08
match-point,TRAP CHOICE,Armstrong,2,0,False,False,2025-09-08
mate,FACE,Armstrong,2,0,False,False,2025-09-08
material,NEAR COMMA HAPPY,Armstrong,2,0,False,False,2025-09-08
maternity,NURSE KIT HAPPY,Armstrong,2,0,False,False,2025-09-08
matey,HAPPY FACE,Armstrong,2,0,False,False,2025-09-08
math,TRAP,Armstrong,2,0,False,False,2025-09-08
mathematics,TRAP KIT,Armstrong,2,0,False,False,2025-09-08
mather,FACE (TRAP) (LETTER),Armstrong,2,0,False,False,2025-09-08
maths,TRAP,Armstrong,2,0,False,False,2025-09-08
matilda,COMMA KIT,Armstrong,2,0,False,False,2025-09-08
matlock,LOT TRAP,Armstrong,2,0,False,False,2025-09-08
matrix,FACE KIT,Armstrong,2,0,False,False,2025-09-08
matsushita,FOOT TRAP FLEECE,Armstrong,2,0,False,False,2025-09-08
matt,TRAP,Armstrong,2,0,False,False,2025-09-08
matter,TRAP LETTER,Armstrong,2,0,False,False,2025-09-08
matters,TRAP LETTER,Armstrong,2,0,False,False,2025-09-08
matthew,TRAP GOOSE,Armstrong,2,0,False,False,2025-09-08
matthews,GOOSE TRAP,Armstrong,2,0,False,False,2025-09-08
matthey,HAPPY TRAP,Armstrong,2,0,False,False,2025-09-08
mature,CURE COMMA,Armstrong,2,0,False,False,2025-09-08
maturity,CURE COMMA KIT HAPPY,Armstrong,2,0,False,False,2025-09-08
maugham,THOUGHT,Armstrong,2,0,False,False,2025-09-08
maumee,THOUGHT HAPPY,Armstrong,2,0,False,False,2025-09-08
maurer,MOUTH LETTER,Armstrong,2,0,False,False,2025-09-08
mausoleum,THOUGHT NEAR,Armstrong,2,0,False,False,2025-09-08
maverick,TRAP KIT,Armstrong,2,0,False,False,2025-09-08
mawddach,MOUTH TRAP,Armstrong,2,0,False,False,2025-09-08
max,TRAP,Armstrong,2,0,False,False,2025-09-08
maximum,TRAP KIT,Armstrong,2,0,False,False,2025-09-08
maxwell,DRESS TRAP,Armstrong,2,0,False,False,2025-09-08
may-bug,STRUT FACE,Armstrong,2,0,False,False,2025-09-08
maybe,FACE HAPPY,Armstrong,2,0,False,False,2025-09-08
maybug,FACE STRUT,Armstrong,2,0,False,False,2025-09-08
mayday,FACE,Armstrong,2,0,False,False,2025-09-08
mayfair,FACE SQUARE,Armstrong,2,0,False,False,2025-09-08
mayfield,FACE FLEECE,Armstrong,2,0,False,False,2025-09-08
mayflower,FACE MOUTH LETTER,Armstrong,2,0,False,False,2025-09-08
mayfly,FACE PRICE,Armstrong,2,0,False,False,2025-09-08
mayhem,DRESS FACE,Armstrong,2,0,False,False,2025-09-08
mayoral,SQUARE,Armstrong,2,0,False,False,2025-09-08
maypole,FACE GOAT,Armstrong,2,0,False,False,2025-09-08
mayst,FACE,Armstrong,2,0,False,False,2025-09-08
mayweather,DRESS FACE LETTER,Armstrong,2,0,False,False,2025-09-08
mazda,COMMA (TRAP),Armstrong,2,0,False,False,2025-09-08
maze,FACE,Armstrong,2,0,False,False,2025-09-08
mcavoy,CHOICE TRAP,Armstrong,2,0,False,False,2025-09-08
mcbrearty,NEAR HAPPY,Armstrong,2,0,False,False,2025-09-08
mccarthy,START HAPPY,Armstrong,2,0,False,False,2025-09-08
mccarthyism,START HAPPY KIT,Armstrong,2,0,False,False,2025-09-08
mccartney,START HAPPY,Armstrong,2,0,False,False,2025-09-08
mcclure,CURE,Armstrong,2,0,False,False,2025-09-08
mccoy,CHOICE,Armstrong,2,0,False,False,2025-09-08
mccreadie,FLEECE HAPPY,Armstrong,2,0,False,False,2025-09-08
mcgillycuddy,STRUT KIT HAPPY,Armstrong,2,0,False,False,2025-09-08
mcgovern,STRUT LETTER,Armstrong,2,0,False,False,2025-09-08
mcgowan,MOUTH,Armstrong,2,0,False,False,2025-09-08
mcguffey,HAPPY STRUT,Armstrong,2,0,False,False,2025-09-08
mcilroy,CHOICE KIT,Armstrong,2,0,False,False,2025-09-08
mcilwraith,FACE TRAP,Armstrong,2,0,False,False,2025-09-08
mcintosh,LOT,Armstrong,2,0,False,False,2025-09-08
mcintyre,PRICE TRAP KIT,Armstrong,2,0,False,False,2025-09-08
mckenna,COMMA DRESS,Armstrong,2,0,False,False,2025-09-08
mckenzie,HAPPY DRESS,Armstrong,2,0,False,False,2025-09-08
mclean,FACE,Armstrong,2,0,False,False,2025-09-08
mcnamee,HAPPY TRAP,Armstrong,2,0,False,False,2025-09-08
mcqueen,FLEECE,Armstrong,2,0,False,False,2025-09-08
me,FLEECE,Armstrong,2,0,False,False,2025-09-08
mead,FLEECE,Armstrong,2,0,False,False,2025-09-08
meadows,GOAT DRESS,Armstrong,2,0,False,False,2025-09-08
meadowsweet,FLEECE GOAT DRESS,Armstrong,2,0,False,False,2025-09-08
meagan,DRESS,Armstrong,2,0,False,False,2025-09-08
meagre,FLEECE LETTER,Armstrong,2,0,False,False,2025-09-08
mealybug,STRUT FLEECE,Armstrong,2,0,False,False,2025-09-08
mean,FLEECE,Armstrong,2,0,False,False,2025-09-08
meaning,FLEECE KIT,Armstrong,2,0,False,False,2025-09-08
meaningful,FLEECE KIT,Armstrong,2,0,False,False,2025-09-08
meantime,PRICE FLEECE,Armstrong,2,0,False,False,2025-09-08
meanwhile,FLEECE PRICE,Armstrong,2,0,False,False,2025-09-08
measurable,DRESS LETTER,Armstrong,2,0,False,False,2025-09-08
measure,DRESS LETTER,Armstrong,2,0,False,False,2025-09-08
measurement,DRESS LETTER,Armstrong,2,0,False,False,2025-09-08
meat,FLEECE,Armstrong,2,0,False,False,2025-09-08
meatloaf,GOAT FLEECE,Armstrong,2,0,False,False,2025-09-08
medawar,LETTER DRESS,Armstrong,2,0,False,False,2025-09-08
medicaid,FACE DRESS KIT,Armstrong,2,0,False,False,2025-09-08
medical,DRESS KIT,Armstrong,2,0,False,False,2025-09-08
medicine,DRESS KIT,Armstrong,2,0,False,False,2025-09-08
mediterranean,DRESS FACE KIT NEAR,Armstrong,2,0,False,False,2025-09-08
medium,COMMA HAPPY FLEECE,Armstrong,2,0,False,False,2025-09-08
medusa,COMMA GOOSE,Armstrong,2,0,False,False,2025-09-08
medvedev,DRESS,Armstrong,2,0,False,False,2025-09-08
meerkat,NEAR TRAP,Armstrong,2,0,False,False,2025-09-08
meerschaum,NEAR MOUTH,Armstrong,2,0,False,False,2025-09-08
meet,FLEECE,Armstrong,2,0,False,False,2025-09-08
mega,COMMA DRESS,Armstrong,2,0,False,False,2025-09-08
megadeth,DRESS,Armstrong,2,0,False,False,2025-09-08
megan,DRESS,Armstrong,2,0,False,False,2025-09-08
meghan,DRESS,Armstrong,2,0,False,False,2025-09-08
melancholic,COMMA DRESS LOT KIT,Armstrong,2,0,False,False,2025-09-08
melancholy,COMMA DRESS LOT HAPPY,Armstrong,2,0,False,False,2025-09-08
melanie,HAPPY DRESS,Armstrong,2,0,False,False,2025-09-08
melba,COMMA DRESS,Armstrong,2,0,False,False,2025-09-08
melbourne,LETTER/FORCE DRESS,Armstrong,2,0,False,False,2025-09-08
melissa,COMMA KIT,Armstrong,2,0,False,False,2025-09-08
melodrama,PALM DRESS,Armstrong,2,0,False,False,2025-09-08
member,DRESS LETTER,Armstrong,2,0,False,False,2025-09-08
members,LETTER DRESS,Armstrong,2,0,False,False,2025-09-08
membership,DRESS LETTER KIT,Armstrong,2,0,False,False,2025-09-08
membrane,FACE DRESS,Armstrong,2,0,False,False,2025-09-08
memorial,FORCE HAPPY,Armstrong,2,0,False,False,2025-09-08
memorialize,FORCE HAPPY PRICE,Armstrong,2,0,False,False,2025-09-08
memories,DRESS LETTER COMMA,Armstrong,2,0,False,False,2025-09-08
men,DRESS,Armstrong,2,0,False,False,2025-09-08
mendeleev,DRESS FLEECE,Armstrong,2,0,False,False,2025-09-08
mendes,DRESS,Armstrong,2,0,False,False,2025-09-08
mendoza,COMMA DRESS GOAT,Armstrong,2,0,False,False,2025-09-08
menken,DRESS,Armstrong,2,0,False,False,2025-09-08
menopause,THOUGHT DRESS,Armstrong,2,0,False,False,2025-09-08
menswear,SQUARE DRESS,Armstrong,2,0,False,False,2025-09-08
menthol,LOT DRESS,Armstrong,2,0,False,False,2025-09-08
mentors,NORTH DRESS,Armstrong,2,0,False,False,2025-09-08
mentorship,NORTH DRESS KIT,Armstrong,2,0,False,False,2025-09-08
menu,DRESS GOOSE,Armstrong,2,0,False,False,2025-09-08
menus,GOOSE DRESS,Armstrong,2,0,False,False,2025-09-08
mercedes,FACE LETTER FLEECE,Armstrong,2,0,False,False,2025-09-08
merchandise,PRICE NURSE,Armstrong,2,0,False,False,2025-09-08
merchant,NURSE,Armstrong,2,0,False,False,2025-09-08
mercurial,GOOSE LETTER HAPPY,Armstrong,2,0,False,False,2025-09-08
mercury,FOOT NURSE HAPPY,Armstrong,2,0,False,False,2025-09-08
mercy,NURSE HAPPY,Armstrong,2,0,False,False,2025-09-08
mere,NEAR,Armstrong,2,0,False,False,2025-09-08
merely,NEAR HAPPY,Armstrong,2,0,False,False,2025-09-08
merengue,DRESS FACE,Armstrong,2,0,False,False,2025-09-08
merger,LETTER NURSE,Armstrong,2,0,False,False,2025-09-08
merino-sheep,GOAT FLEECE,Armstrong,2,0,False,False,2025-09-08
meritorious,FORCE DRESS KIT HAPPY,Armstrong,2,0,False,False,2025-09-08
merlin,NURSE KIT,Armstrong,2,0,False,False,2025-09-08
merlot,NURSE GOAT,Armstrong,2,0,False,False,2025-09-08
mermaid,NURSE FACE,Armstrong,2,0,False,False,2025-09-08
merrily,KIT DRESS HAPPY,Armstrong,2,0,False,False,2025-09-08
merseyside,PRICE NURSE FLEECE,Armstrong,2,0,False,False,2025-09-08
mesa,FACE COMMA,Armstrong,2,0,False,False,2025-09-08
mesenchyme,DRESS PRICE,Armstrong,2,0,False,False,2025-09-08
meshuga,FOOT DRESS,Armstrong,2,0,False,False,2025-09-08
mesmeric,DRESS KIT,Armstrong,2,0,False,False,2025-09-08
mesothelioma,GOAT DRESS FLEECE,Armstrong,2,0,False,False,2025-09-08
message,DRESS,Armstrong,2,0,False,False,2025-09-08
messenger,LETTER DRESS,Armstrong,2,0,False,False,2025-09-08
met,DRESS,Armstrong,2,0,False,False,2025-09-08
metal,DRESS,Armstrong,2,0,False,False,2025-09-08
metallic,DRESS TRAP KIT,Armstrong,2,0,False,False,2025-09-08
metallurgy,LETTER DRESS HAPPY,Armstrong,2,0,False,False,2025-09-08
metamorphoses,NORTH DRESS KIT,Armstrong,2,0,False,False,2025-09-08
metaphoric,(CLOTH) DRESS NORTH KIT,Armstrong,2,0,False,False,2025-09-08
metaphorical,(CLOTH) DRESS NORTH KIT,Armstrong,2,0,False,False,2025-09-08
metaphors,NORTH DRESS,Armstrong,2,0,False,False,2025-09-08
meth,DRESS,Armstrong,2,0,False,False,2025-09-08
methadone,DRESS GOAT,Armstrong,2,0,False,False,2025-09-08
metheglin,DRESS KIT,Armstrong,2,0,False,False,2025-09-08
method,DRESS COMMA,Armstrong,2,0,False,False,2025-09-08
methodical,KIT LOT,Armstrong,2,0,False,False,2025-09-08
methodist,DRESS KIT,Armstrong,2,0,False,False,2025-09-08
methodological,LOT DRESS KIT,Armstrong,2,0,False,False,2025-09-08
methodology,DRESS COMMA LOT,Armstrong,2,0,False,False,2025-09-08
metro,DRESS GOAT,Armstrong,2,0,False,False,2025-09-08
metropole,GOAT DRESS,Armstrong,2,0,False,False,2025-09-08
metropolitan,COMMA,Armstrong,2,0,False,False,2025-09-08
mew,GOOSE,Armstrong,2,0,False,False,2025-09-08
mewl,GOOSE,Armstrong,2,0,False,False,2025-09-08
mews,GOOSE,Armstrong,2,0,False,False,2025-09-08
meyerbeer,NEAR PRICE LETTER,Armstrong,2,0,False,False,2025-09-08
meynell,FACE,Armstrong,2,0,False,False,2025-09-08
mezuza,FOOT GOOSE,Armstrong,2,0,False,False,2025-09-08
mezzanine,FLEECE DRESS,Armstrong,2,0,False,False,2025-09-08
mia,NEAR,Armstrong,2,0,False,False,2025-09-08
miami,HAPPY PRICE TRAP,Armstrong,2,0,False,False,2025-09-08
mice,PRICE,Armstrong,2,0,False,False,2025-09-08
michael,PRICE,Armstrong,2,0,False,False,2025-09-08
michelle,KIT DRESS,Armstrong,2,0,False,False,2025-09-08
mickey,HAPPY PRICE,Armstrong,2,0,False,False,2025-09-08
micro-organisms,NORTH PRICE GOAT KIT,Armstrong,2,0,False,False,2025-09-08
microbe,GOAT PRICE,Armstrong,2,0,False,False,2025-09-08
microbial,PRICE PRICE,Armstrong,2,0,False,False,2025-09-08
microbiological,PRICE GOAT LOT,Armstrong,2,0,False,False,2025-09-08
microchip,GOAT PRICE KIT,Armstrong,2,0,False,False,2025-09-08
microcosm,LOT PRICE GOAT,Armstrong,2,0,False,False,2025-09-08
microcosmic,LOT PRICE GOAT KIT,Armstrong,2,0,False,False,2025-09-08
microfibre,GOAT PRICE LETTER,Armstrong,2,0,False,False,2025-09-08
microfiche,GOAT PRICE FLEECCE,Armstrong,2,0,False,False,2025-09-08
microfilm,GOAT PRICE KIT,Armstrong,2,0,False,False,2025-09-08
microgroove,GOOSE PRICE GOAT,Armstrong,2,0,False,False,2025-09-08
micromesh,DRESS PRICE GOAT,Armstrong,2,0,False,False,2025-09-08
micronesia,PRICE GOAT FLEECE,Armstrong,2,0,False,False,2025-09-08
microphone,PRICE COMMA GOAT,Armstrong,2,0,False,False,2025-09-08
microprocessor,GOAT PRICE LETTER,Armstrong,2,0,False,False,2025-09-08
microscopy,PRICE GOAT HAPPY,Armstrong,2,0,False,False,2025-09-08
microsoft,GOAT PRICE CLOTH,Armstrong,2,0,False,False,2025-09-08
microwave,PRICE (COMMA) FACE,Armstrong,2,0,False,False,2025-09-08
mid,KIT,Armstrong,2,0,False,False,2025-09-08
middle,KIT,Armstrong,2,0,False,False,2025-09-08
middle-aged,FACE KIT,Armstrong,2,0,False,False,2025-09-08
middlebury,DRESS KIT HAPPY,Armstrong,2,0,False,False,2025-09-08
middlemarch,START KIT,Armstrong,2,0,False,False,2025-09-08
midi,HAPPY KIT,Armstrong,2,0,False,False,2025-09-08
midlands,KIT,Armstrong,2,0,False,False,2025-09-08
midlothian,GOAT KIT HAPPY,Armstrong,2,0,False,False,2025-09-08
midnight,KIT PRICE,Armstrong,2,0,False,False,2025-09-08
midriff,KIT,Armstrong,2,0,False,False,2025-09-08
midwife,PRICE KIT,Armstrong,2,0,False,False,2025-09-08
midwives,PRICE KIT,Armstrong,2,0,False,False,2025-09-08
might,PRICE,Armstrong,2,0,False,False,2025-09-08
migraine,FACE PRICE,Armstrong,2,0,False,False,2025-09-08
migrant,PRICE,Armstrong,2,0,False,False,2025-09-08
migrated,PRICE FACE,Armstrong,2,0,False,False,2025-09-08
migration,PRICE FACE,Armstrong,2,0,False,False,2025-09-08
migratory,PRICE NORTH HAPPY,Armstrong,2,0,False,False,2025-09-08
mikado,PALM KIT GOAT,Armstrong,2,0,False,False,2025-09-08
mikayla,PRICE FACE,Armstrong,2,0,False,False,2025-09-08
mike,PRICE,Armstrong,2,0,False,False,2025-09-08
mikey,PRICE HAPPY,Armstrong,2,0,False,False,2025-09-08
milan,PALM KIT,Armstrong,2,0,False,False,2025-09-08
milano,PALM BATH KIT GOAT,Armstrong,2,0,False,False,2025-09-08
mileage,PRICE,Armstrong,2,0,False,False,2025-09-08
miles,PRICE,Armstrong,2,0,False,False,2025-09-08
milestone,GOAT PRICE,Armstrong,2,0,False,False,2025-09-08
miley,PRICE HAPPY,Armstrong,2,0,False,False,2025-09-08
milfoil,CHOICE KIT,Armstrong,2,0,False,False,2025-09-08
militia,COMMA KIT,Armstrong,2,0,False,False,2025-09-08
milk-powder,MOUTH KIT LETTER,Armstrong,2,0,False,False,2025-09-08
milkweed,FLEECE KIT,Armstrong,2,0,False,False,2025-09-08
millbank,TRAP KIT,Armstrong,2,0,False,False,2025-09-08
miller,LETTER KIT,Armstrong,2,0,False,False,2025-09-08
milligram,KIT TRAP,Armstrong,2,0,False,False,2025-09-08
millilitre,FLEECE KIT LETTER,Armstrong,2,0,False,False,2025-09-08
millilitres,KIT FLEECE LETTER,Armstrong,2,0,False,False,2025-09-08
millimeter,FLEECE KIT LETTER,Armstrong,2,0,False,False,2025-09-08
millimetre,FLEECE KIT LETTER,Armstrong,2,0,False,False,2025-09-08
accompany,HAPPY,Jacob list,1,0,False,False,2025-09-08
acer,FACE LETTER,Jacob list,1,0,False,False,2025-09-08
activist,TRAP KIT,Jacob list,1,0,False,False,2025-09-08
adapt,TRAP,Jacob list,1,0,False,False,2025-09-08
adipex,TRAP KIT DRESS,Jacob list,1,0,False,False,2025-09-08
admire,TRAP PRICE LETTER,Jacob list,1,0,False,False,2025-09-08
adviser,TRAP PRICE LETTER,Jacob list,1,0,False,False,2025-09-08
aged,FACE,Jacob list,1,0,False,False,2025-09-08
aide,FACE,Jacob list,1,0,False,False,2025-09-08
allocated,TRAP FACE,Jacob list,1,0,False,False,2025-09-08
ally,TRAP PRICE,Jacob list,1,0,False,False,2025-09-08
andrews,TRAP GOOSE,Jacob list,1,0,False,False,2025-09-08
anticipate,TRAP KIT FACE,Jacob list,1,0,False,False,2025-09-08
asleep,FLEECE,Jacob list,1,0,False,False,2025-09-08
assert,NURSE,Jacob list,1,0,False,False,2025-09-08
auditor,THOUGHT KIT LETTER,Jacob list,1,0,False,False,2025-09-08
ave,PALM FACE,Jacob list,1,0,False,False,2025-09-08
bake,FACE,Jacob list,1,0,False,False,2025-09-08
bloggers,CLOTH LETTER,Jacob list,1,0,False,False,2025-09-08
blogging,CLOTH KIT,Jacob list,1,0,False,False,2025-09-08
blogs,CLOTH,Jacob list,1,0,False,False,2025-09-08
boulevard,GOOSE START,Jacob list,1,0,False,False,2025-09-08
breathe,FLEECE,Jacob list,1,0,False,False,2025-09-08
bring,KIT,Jacob list,1,0,False,False,2025-09-08
bringing,KIT,Jacob list,1,0,False,False,2025-09-08
brings,KIT,Jacob list,1,0,False,False,2025-09-08
bros,GOAT,Jacob list,1,0,False,False,2025-09-08
camcorders,TRAP NORTH LETTER,Jacob list,1,0,False,False,2025-09-08
can’t,PALM,Jacob list,1,0,False,False,2025-09-08
cement,DRESS,Jacob list,1,0,False,False,2025-09-08
characterize,TRAP LETTER PRICE,Jacob list,1,0,False,False,2025-09-08
cheek,FLEECE,Jacob list,1,0,False,False,2025-09-08
chest,DRESS,Jacob list,1,0,False,False,2025-09-08
chester,DRESS LETTER,Jacob list,1,0,False,False,2025-09-08
childrens,KIT,Jacob list,1,0,False,False,2025-09-08
circumstance,NURSE BATH,Jacob list,1,0,False,False,2025-09-08
classifieds,TRAP KIT PRICE,Jacob list,1,0,False,False,2025-09-08
close,GOAT,Jacob list,1,0,False,False,2025-09-08
closes,GOAT,Jacob list,1,0,False,False,2025-09-08
clue,GOOSE,Jacob list,1,0,False,False,2025-09-08
comm,LOT,Jacob list,1,0,False,False,2025-09-08
competitor,DRESS KIT LETTER,Jacob list,1,0,False,False,2025-09-08
complain,FACE,Jacob list,1,0,False,False,2025-09-08
compose,GOAT,Jacob list,1,0,False,False,2025-09-08
compounds,MOUTH (LOT),Jacob list,1,0,False,False,2025-09-08
conducted,STRUT,Jacob list,1,0,False,False,2025-09-08
conducting,STRUT KIT,Jacob list,1,0,False,False,2025-09-08
confront,STRUT,Jacob list,1,0,False,False,2025-09-08
consume,GOOSE,Jacob list,1,0,False,False,2025-09-08
contents,(LOT) DRESS,Jacob list,1,0,False,False,2025-09-08
convince,KIT,Jacob list,1,0,False,False,2025-09-08
correspondent,NORTH LOT,Jacob list,1,0,False,False,2025-09-08
counselor,MOUTH LETTER,Jacob list,1,0,False,False,2025-09-08
coupon,GOOSE LOT,Jacob list,1,0,False,False,2025-09-08
coupons,GOOSE LOT,Jacob list,1,0,False,False,2025-09-08
crest,DRESS,Jacob list,1,0,False,False,2025-09-08
criticize,KIT PRICE,Jacob list,1,0,False,False,2025-09-08
depict,KIT,Jacob list,1,0,False,False,2025-09-08
desktops,DRESS LOT,Jacob list,1,0,False,False,2025-09-08
devote,GOAT,Jacob list,1,0,False,False,2025-09-08
discount,KIT MOUTH,Jacob list,1,0,False,False,2025-09-08
discounted,KIT MOUTH,Jacob list,1,0,False,False,2025-09-08
discounts,KIT MOUTH,Jacob list,1,0,False,False,2025-09-08
dismiss,KIT,Jacob list,1,0,False,False,2025-09-08
distinguish,KIT,Jacob list,1,0,False,False,2025-09-08
dominate,LOT KIT FACE,Jacob list,1,0,False,False,2025-09-08
e-mail,FLEECE FACE,Jacob list,1,0,False,False,2025-09-08
ebooks,FLEECE FOOT,Jacob list,1,0,False,False,2025-09-08
economist,LOT KIT,Jacob list,1,0,False,False,2025-09-08
educate,DRESS FACE,Jacob list,1,0,False,False,2025-09-08
educator,DRESS FACE LETTER,Jacob list,1,0,False,False,2025-09-08
emails,FLEECE FACE,Jacob list,1,0,False,False,2025-09-08
emphasize,DRESS PRICE,Jacob list,1,0,False,False,2025-09-08
evolve,GOAT,Jacob list,1,0,False,False,2025-09-08
excuse,GOOSE,Jacob list,1,0,False,False,2025-09-08
expectation,DRESS FACE,Jacob list,1,0,False,False,2025-09-08
explode,DRESS GOAT,Jacob list,1,0,False,False,2025-09-08
expose,DRESS GOAT,Jacob list,1,0,False,False,2025-09-08
fade,FACE,Jacob list,1,0,False,False,2025-09-08
faqs,DRESS FACE GOOSE,Jacob list,1,0,False,False,2025-09-08
favourites,FACE KIT,Jacob list,1,0,False,False,2025-09-08
flee,FLEECE,Jacob list,1,0,False,False,2025-09-08
fortune,NORTH GOOSE,Jacob list,1,0,False,False,2025-09-08
fred,DRESS,Jacob list,1,0,False,False,2025-09-08
geographic,FLEECE TRAP KIT,Jacob list,1,0,False,False,2025-09-08
gesture,DRESS LETTER,Jacob list,1,0,False,False,2025-09-08
glove,STRUT,Jacob list,1,0,False,False,2025-09-08
great,FACE,Jacob list,1,0,False,False,2025-09-08
greater,FACE LETTER,Jacob list,1,0,False,False,2025-09-08
greatest,FACE KIT,Jacob list,1,0,False,False,2025-09-08
handhelds,TRAP DRESS,Jacob list,1,0,False,False,2025-09-08
handjobs,TRAP LOT,Jacob list,1,0,False,False,2025-09-08
house,MOUTH,Jacob list,1,0,False,False,2025-09-08
hypothetical,PRICE DRESS KIT,Jacob list,1,0,False,False,2025-09-08
ie,PRICE FLEECE,Jacob list,1,0,False,False,2025-09-08
illustrate,KIT FACE,Jacob list,1,0,False,False,2025-09-08
immigrant,KIT,Jacob list,1,0,False,False,2025-09-08
implication,KIT FACE,Jacob list,1,0,False,False,2025-09-08
imply,KIT PRICE,Jacob list,1,0,False,False,2025-09-08
impress,KIT DRESS,Jacob list,1,0,False,False,2025-09-08
insist,KIT,Jacob list,1,0,False,False,2025-09-08
intranet,KIT DRESS,Jacob list,1,0,False,False,2025-09-08
it's,KIT,Jacob list,1,0,False,False,2025-09-08
jew,GOOSE,Jacob list,1,0,False,False,2025-09-08
jpg,FACE FLEECE,Jacob list,1,0,False,False,2025-09-08
laptops,TRAP LOT,Jacob list,1,0,False,False,2025-09-08
las,TRAP,Jacob list,1,0,False,False,2025-09-08
latinas,FLEECE,Jacob list,1,0,False,False,2025-09-08
leading,FLEECE KIT,Jacob list,1,0,False,False,2025-09-08
leads,FLEECE,Jacob list,1,0,False,False,2025-09-08
liable,PRICE,Jacob list,1,0,False,False,2025-09-08
long-term,LOT NURSE,Jacob list,1,0,False,False,2025-09-08
marry,TRAP,Jacob list,1,0,False,False,2025-09-08
milfs,KIT,Jacob list,1,0,False,False,2025-09-08
mr,KIT LETTER,Jacob list,1,0,False,False,2025-09-08
mrs,KIT,Jacob list,1,0,False,False,2025-09-08
newark,GOOSE,Jacob list,1,0,False,False,2025-09-08
nod,LOT,Jacob list,1,0,False,False,2025-09-08
nonetheless,STRUT DRESS,Jacob list,1,0,False,False,2025-09-08
objects,(LOT) DRESS,Jacob list,1,0,False,False,2025-09-08
oppose,GOAT,Jacob list,1,0,False,False,2025-09-08
organisations,NORTH PRICE FACE,Jacob list,1,0,False,False,2025-09-08
overlook,GOAT LETTER FOOT,Jacob list,1,0,False,False,2025-09-08
pant,TRAP,Jacob list,1,0,False,False,2025-09-08
perceive,LETTER FLEECE,Jacob list,1,0,False,False,2025-09-08
philips,KIT,Jacob list,1,0,False,False,2025-09-08
pile,PRICE,Jacob list,1,0,False,False,2025-09-08
plugins,STRUT KIT,Jacob list,1,0,False,False,2025-09-08
podcasts,LOT BATH,Jacob list,1,0,False,False,2025-09-08
politically,KIT HAPPY,Jacob list,1,0,False,False,2025-09-08
politician,LOT KIT,Jacob list,1,0,False,False,2025-09-08
portray,FACE,Jacob list,1,0,False,False,2025-09-08
projected,DRESS,Jacob list,1,0,False,False,2025-09-08
projects,(LOT) DRESS,Jacob list,1,0,False,False,2025-09-08
prosecutor,LOT GOOSE LETTER,Jacob list,1,0,False,False,2025-09-08
quantities,LOT KIT HAPPY,Jacob list,1,0,False,False,2025-09-08
quantity,LOT KIT HAPPY,Jacob list,1,0,False,False,2025-09-08
quarterback,LOT LETTER TRAP,Jacob list,1,0,False,False,2025-09-08
quietly,PRICE HAPPY,Jacob list,1,0,False,False,2025-09-08
reads,FLEECE,Jacob list,1,0,False,False,2025-09-08
redeem,FLEECE,Jacob list,1,0,False,False,2025-09-08
reef,FLEECE,Jacob list,1,0,False,False,2025-09-08
reel,FLEECE,Jacob list,1,0,False,False,2025-09-08
regulate,DRESS FACE,Jacob list,1,0,False,False,2025-09-08
reinforce,FLEECE KIT FORCE,Jacob list,1,0,False,False,2025-09-08
reno,FLEECE GOAT,Jacob list,1,0,False,False,2025-09-08
rent,DRESS,Jacob list,1,0,False,False,2025-09-08
repeat,FLEECE,Jacob list,1,0,False,False,2025-09-08
repeated,FLEECE,Jacob list,1,0,False,False,2025-09-08
repeatedly,FLEECE HAPPY,Jacob list,1,0,False,False,2025-09-08
resemble,DRESS,Jacob list,1,0,False,False,2025-09-08
richards,KIT,Jacob list,1,0,False,False,2025-09-08
ringtones,KIT GOAT,Jacob list,1,0,False,False,2025-09-08
root,GOOSE,Jacob list,1,0,False,False,2025-09-08
roots,GOOSE,Jacob list,1,0,False,False,2025-09-08
sanction,TRAP,Jacob list,1,0,False,False,2025-09-08
scandal,TRAP,Jacob list,1,0,False,False,2025-09-08
scream,FLEECE,Jacob list,1,0,False,False,2025-09-08
screensavers,FLEECE FACE LETTER,Jacob list,1,0,False,False,2025-09-08
screenshots,FLEECE LOT,Jacob list,1,0,False,False,2025-09-08
seize,FLEECE,Jacob list,1,0,False,False,2025-09-08
shed,DRESS,Jacob list,1,0,False,False,2025-09-08
shemales,FLEECE FACE,Jacob list,1,0,False,False,2025-09-08
silly,KIT HAPPY,Jacob list,1,0,False,False,2025-09-08
simpsons,KIT,Jacob list,1,0,False,False,2025-09-08
so-called,GOAT THOUGHT,Jacob list,1,0,False,False,2025-09-08
squeeze,FLEECE,Jacob list,1,0,False,False,2025-09-08
stare,SQUARE,Jacob list,1,0,False,False,2025-09-08
step,DRESS,Jacob list,1,0,False,False,2025-09-08
steps,DRESS,Jacob list,1,0,False,False,2025-09-08
stevens,FLEECE,Jacob list,1,0,False,False,2025-09-08
sustain,FACE,Jacob list,1,0,False,False,2025-09-08
swing,KIT,Jacob list,1,0,False,False,2025-09-08
symptom,KIT,Jacob list,1,0,False,False,2025-09-08
tablespoon,FACE GOOSE,Jacob list,1,0,False,False,2025-09-08
tactic,TRAP KIT,Jacob list,1,0,False,False,2025-09-08
taxpayer,TRAP FACE LETTER,Jacob list,1,0,False,False,2025-09-08
tendency,DRESS HAPPY,Jacob list,1,0,False,False,2025-09-08
testify,DRESS KIT HAPPY,Jacob list,1,0,False,False,2025-09-08
threaten,DRESS,Jacob list,1,0,False,False,2025-09-08
tied,PRICE,Jacob list,1,0,False,False,2025-09-08
trackbacks,TRAP,Jacob list,1,0,False,False,2025-09-08
undergo,STRUT LETTER GOAT,Jacob list,1,0,False,False,2025-09-08
underlying,STRUT LETTER PRICE KIT,Jacob list,1,0,False,False,2025-09-08
undo,STRUT GOAT,Jacob list,1,0,False,False,2025-09-08
unix,GOOSE KIT,Jacob list,1,0,False,False,2025-09-08
unsubscribe,STRUT PRICE,Jacob list,1,0,False,False,2025-09-08
violate,PRICE FACE,Jacob list,1,0,False,False,2025-09-08
voter,GOAT LETTER,Jacob list,1,0,False,False,2025-09-08
vs,NURSE,Jacob list,1,0,False,False,2025-09-08
wander,STRUT LETTER,Jacob list,1,0,False,False,2025-09-08
warn,NORTH,Jacob list,1,0,False,False,2025-09-08
webcams,DRESS TRAP,Jacob list,1,0,False,False,2025-09-08
weblogs,DRESS CLOTH,Jacob list,1,0,False,False,2025-09-08
webmasters,DRESS BATH LETTER,Jacob list,1,0,False,False,2025-09-08
websites,DRESS PRICE,Jacob list,1,0,False,False,2025-09-08
weigh,FACE,Jacob list,1,0,False,False,2025-09-08
whisper,KIT LETTER,Jacob list,1,0,False,False,2025-09-08
winds,KIT/PRICE,Jacob list,1,0,False,False,2025-09-08
withdraw,KIT THOUGHT,Jacob list,1,0,False,False,2025-09-08
womens,FOOT,Jacob list,1,0,False,False,2025-09-08
won’t,GOAT,Jacob list,1,0,False,False,2025-09-08
yell,DRESS,Jacob list,1,0,False,False,2025-09-08
abbreviate,FLEECE FACE,SCOWL,1,0,False,False,2025-09-08
abbreviated,FLEECE FACE,SCOWL,1,0,False,False,2025-09-08
abbreviates,FLEECE FACE,SCOWL,1,0,False,False,2025-09-08
abbreviating,FLEECE FACE KIT,SCOWL,1,0,False,False,2025-09-08
abbreviation,FLEECE FACE,SCOWL,1,0,False,False,2025-09-08
abbreviations,FLEECE FACE,SCOWL,1,0,False,False,2025-09-08
abide,PRICE,SCOWL,1,0,False,False,2025-09-08
abnormally,TRAP NORTH HAPPY,SCOWL,1,0,False,False,2025-09-08
abolish,LOT KIT,SCOWL,1,0,False,False,2025-09-08
abolished,LOT KIT,SCOWL,1,0,False,False,2025-09-08
abolishes,LOT KIT,SCOWL,1,0,False,False,2025-09-08
abolishing,LOT KIT,SCOWL,1,0,False,False,2025-09-08
abolition,TRAP KIT,SCOWL,1,0,False,False,2025-09-08
abstraction,TRAP,SCOWL,1,0,False,False,2025-09-08
absurd,NURSE,SCOWL,1,0,False,False,2025-09-08
abused,GOOSE,SCOWL,1,0,False,False,2025-09-08
abysmal,KIT,SCOWL,1,0,False,False,2025-09-08
accelerate,DRESS FACE,SCOWL,1,0,False,False,2025-09-08
accesses,TRAP DRESS,SCOWL,1,0,False,False,2025-09-08
accidental,TRAP KIT DRESS,SCOWL,1,0,False,False,2025-09-08
accidentally,TRAP KIT DRESS HAPPY,SCOWL,1,0,False,False,2025-09-08
accompanies,HAPPY,SCOWL,1,0,False,False,2025-09-08
accomplishes,KIT,SCOWL,1,0,False,False,2025-09-08
accumulate,GOOSE FACE,SCOWL,1,0,False,False,2025-09-08
accumulated,GOOSE FACE,SCOWL,1,0,False,False,2025-09-08
accumulates,GOOSE FACE,SCOWL,1,0,False,False,2025-09-08
accumulating,GOOSE FACE KIT,SCOWL,1,0,False,False,2025-09-08
accustom,STRUT,SCOWL,1,0,False,False,2025-09-08
accustomed,STRUT,SCOWL,1,0,False,False,2025-09-08
accustoming,STRUT KIT,SCOWL,1,0,False,False,2025-09-08
accustoms,STRUT,SCOWL,1,0,False,False,2025-09-08
acquaintance,FACE,SCOWL,1,0,False,False,2025-09-08
acronym,TRAP KIT,SCOWL,1,0,False,False,2025-09-08
acronyms,TRAP KIT,SCOWL,1,0,False,False,2025-09-08
adapting,TRAP KIT,SCOWL,1,0,False,False,2025-09-08
adapts,TRAP,SCOWL,1,0,False,False,2025-09-08
addictive,KIT,SCOWL,1,0,False,False,2025-09-08
adequately,TRAP HAPPY,SCOWL,1,0,False,False,2025-09-08
adhered,NEAR,SCOWL,1,0,False,False,2025-09-08
adjective,DRESS KIT,SCOWL,1,0,False,False,2025-09-08
administer,TRAP KIT LETTER,SCOWL,1,0,False,False,2025-09-08
administering,TRAP KIT LETTER,SCOWL,1,0,False,False,2025-09-08
administers,TRAP KIT LETTER,SCOWL,1,0,False,False,2025-09-08
admirable,PRICE,SCOWL,1,0,False,False,2025-09-08
admiration,TRAP FACE,SCOWL,1,0,False,False,2025-09-08
admittedly,KIT HAPPY,SCOWL,1,0,False,False,2025-09-08
advent,TRAP DRESS,SCOWL,1,0,False,False,2025-09-08
adventurous,DRESS LETTER,SCOWL,1,0,False,False,2025-09-08
adversely,NURSE HAPPY,SCOWL,1,0,False,False,2025-09-08
advisable,PRICE,SCOWL,1,0,False,False,2025-09-08
advisers,PRICE LETTER,SCOWL,1,0,False,False,2025-09-08
advocated,TRAP FACE,SCOWL,1,0,False,False,2025-09-08
aesthetic,TRAP DRESS KIT,SCOWL,1,0,False,False,2025-09-08
aesthetically,TRAP DRESS KIT HAPPY,SCOWL,1,0,False,False,2025-09-08
afterward,BATH LETTER,SCOWL,1,0,False,False,2025-09-08
akin,KIT,SCOWL,1,0,False,False,2025-09-08
alas,TRAP,SCOWL,1,0,False,False,2025-09-08
albeit,TRAP FLEECE KIT,SCOWL,1,0,False,False,2025-09-08
alcoholic,TRAP LOT KIT,SCOWL,1,0,False,False,2025-09-08
algebraic,TRAP FACE KIT,SCOWL,1,0,False,False,2025-09-08
aliases,FACE FLEECE,SCOWL,1,0,False,False,2025-09-08
allegation,TRAP FACE,SCOWL,1,0,False,False,2025-09-08
allegations,TRAP FACE,SCOWL,1,0,False,False,2025-09-08
allegedly,DRESS HAPPY,SCOWL,1,0,False,False,2025-09-08
alleviate,FLEECE FACE,SCOWL,1,0,False,False,2025-09-08
allies,TRAP PRICE,SCOWL,1,0,False,False,2025-09-08
allocate,TRAP FACE,SCOWL,1,0,False,False,2025-09-08
allocates,TRAP FACE,SCOWL,1,0,False,False,2025-09-08
allocating,TRAP FACE KIT,SCOWL,1,0,False,False,2025-09-08
aloud,MOUTH,SCOWL,1,0,False,False,2025-09-08
alphabetic,TRAP DRESS KIT,SCOWL,1,0,False,False,2025-09-08
alteration,LETTER FACE,SCOWL,1,0,False,False,2025-09-08
alterations,LETTER FACE,SCOWL,1,0,False,False,2025-09-08
ambiguities,TRAP KIT GOOSE HAPPY,SCOWL,1,0,False,False,2025-09-08
ambiguity,TRAP KIT GOOSE HAPPY,SCOWL,1,0,False,False,2025-09-08
ample,TRAP,SCOWL,1,0,False,False,2025-09-08
amuse,GOOSE,SCOWL,1,0,False,False,2025-09-08
amuses,GOOSE,SCOWL,1,0,False,False,2025-09-08
anagram,TRAP,SCOWL,1,0,False,False,2025-09-08
analogous,TRAP,SCOWL,1,0,False,False,2025-09-08
analogy,TRAP HAPPY,SCOWL,1,0,False,False,2025-09-08
anarchy,TRAP START HAPPY,SCOWL,1,0,False,False,2025-09-08
ancestor,TRAP DRESS LETTER,SCOWL,1,0,False,False,2025-09-08
ancestors,TRAP DRESS LETTER,SCOWL,1,0,False,False,2025-09-08
anecdote,TRAP GOAT,SCOWL,1,0,False,False,2025-09-08
anecdotes,TRAP GOAT,SCOWL,1,0,False,False,2025-09-08
aged,FACE,10000 list,0,0,True,True,2025-09-08
aged,FACE commA,10000 list,0,0,True,True,2025-09-08
allocated,TRAP commA FACE,10000 list,0,5,False,True,2025-09-08
andrews,TRAP GOOSE,10000 list,0,5,False,True,2025-09-08
auditor,THOUGHT commA lettER,10000 list,0,1,False,True,2025-09-08
bedding,DRESS commA,10000 list,0,3,False,True,2025-09-08
betting,DRESS commA,10000 list,0,3,False,True,2025-09-08
bidding,KIT commA,10000 list,0,0,False,True,2025-09-08
bloggers,CLOTH lettER,10000 list,0,5,False,True,2025-09-08
blogging,CLOTH commA,10000 list,0,5,False,True,2025-09-08
blogs,CLOTH,10000 list,0,5,False,True,2025-09-08
boulevard,FOOT commA START,10000 list,0,1,False,True,2025-09-08
bring,KIT,10000 list,0,0,False,True,2025-09-08
bringing,KIT commA,10000 list,0,0,False,True,2025-09-08
brings,KIT,10000 list,0,0,False,True,2025-09-08
camcorders,TRAP ambiguous_NORTH_FORCE lettER,10000 list,0,110,False,True,2025-09-08
cement,commA DRESS,10000 list,0,3,True,True,2025-09-08
cement,commA DRESS,10000 list,0,3,True,True,2025-09-08
chest,DRESS,10000 list,0,3,False,True,2025-09-08
chester,DRESS lettER,10000 list,0,3,False,True,2025-09-08
childrens,KIT commA,10000 list,0,0,False,True,2025-09-08
classifieds,TRAP commA PRICE,10000 list,0,5,False,True,2025-09-08
close,GOAT,10000 list,0,0,True,True,2025-09-08
close,GOAT,10000 list,0,0,True,True,2025-09-08
closes,GOAT commA,10000 list,0,0,False,True,2025-09-08
conduct,LOT commA,10000 list,0,6,True,True,2025-09-08
conduct,LOT STRUT,10000 list,0,6,True,True,2025-09-08
conducted,commA STRUT,10000 list,0,1,False,True,2025-09-08
conducting,commA STRUT,10000 list,0,1,False,True,2025-09-08
controlling,commA GOAT,10000 list,0,0,False,True,2025-09-08
coupon,GOOSE CLOTH,10000 list,0,5,True,True,2025-09-08
coupon,GOOSE CLOTH,10000 list,0,5,True,True,2025-09-08
coupons,GOOSE CLOTH,10000 list,0,5,True,True,2025-09-08
coupons,GOOSE CLOTH,10000 list,0,5,True,True,2025-09-08
cutting,STRUT commA,10000 list,0,1,False,True,2025-09-08
desert,DRESS lettER,10000 list,0,0,True,True,2025-09-08
desert,commA NURSE,10000 list,0,0,True,True,2025-09-08
desktops,DRESS LOT,10000 list,0,8,False,True,2025-09-08
discount,commA MOUTH,10000 list,0,0,True,True,2025-09-08
discount,KIT MOUTH,10000 list,0,0,True,True,2025-09-08
discounted,KIT MOUTH commA,10000 list,0,0,True,True,2025-09-08
discounted,KIT MOUTH commA,10000 list,0,0,True,True,2025-09-08
discounts,commA MOUTH,10000 list,0,0,True,True,2025-09-08
discounts,KIT MOUTH,10000 list,0,0,True,True,2025-09-08
emails,commA FACE,10000 list,0,0,False,True,2025-09-08
excuse,commA GOOSE,10000 list,0,0,True,True,2025-09-08
excuse,commA GOOSE,10000 list,0,0,True,True,2025-09-08
favourites,NOT_IN_CMU_DICT,10000 list,0,500,False,True,2025-09-08
fitting,KIT commA,10000 list,0,0,False,True,2025-09-08
formatting,ambiguous_NORTH_FORCE TRAP commA,10000 list,0,106,False,True,2025-09-08
fortune,ambiguous_NORTH_FORCE commA,10000 list,0,105,True,True,2025-09-08
fortune,ambiguous_NORTH_FORCE commA,10000 list,0,105,True,True,2025-09-08
fred,DRESS,10000 list,0,3,False,True,2025-09-08
geographic,FLEECE commA TRAP,10000 list,0,5,False,True,2025-09-08
gone,CLOTH,10000 list,0,5,False,True,2025-09-08
great,FACE,10000 list,0,0,False,True,2025-09-08
greater,FACE lettER,10000 list,0,0,False,True,2025-09-08
greatest,FACE commA,10000 list,0,0,False,True,2025-09-08
handhelds,NOT_IN_CMU_DICT,10000 list,0,500,False,True,2025-09-08
handjobs,NOT_IN_CMU_DICT,10000 list,0,500,False,True,2025-09-08
hitting,KIT commA,10000 list,0,0,False,True,2025-09-08
house,MOUTH,10000 list,0,0,False,True,2025-09-08
hypothetical,PRICE commA DRESS,10000 list,0,3,True,True,2025-09-08
hypothetical,PRICE commA DRESS,10000 list,0,3,True,True,2025-09-08
intranet,NOT_IN_CMU_DICT,10000 list,0,500,False,True,2025-09-08
knitting,KIT commA,10000 list,0,0,False,True,2025-09-08
laptops,TRAP LOT,10000 list,0,6,False,True,2025-09-08
latinas,NOT_IN_CMU_DICT,10000 list,0,500,False,True,2025-09-08
leading,FLEECE commA,10000 list,0,0,False,True,2025-09-08
leads,FLEECE,10000 list,0,0,False,True,2025-09-08
letting,DRESS commA,10000 list,0,3,False,True,2025-09-08
liable,PRICE commA,10000 list,0,0,False,True,2025-09-08
logging,CLOTH commA,10000 list,0,5,False,True,2025-09-08
mapping,TRAP commA,10000 list,0,1,False,True,2025-09-08
modelling,LOT commA KIT,10000 list,0,5,False,True,2025-09-08
organisations,ambiguous_NORTH_FORCE commA FACE,10000 list,0,105,False,True,2025-09-08
permitted,lettER KIT commA,10000 list,0,0,False,True,2025-09-08
philips,KIT commA,10000 list,0,0,True,True,2025-09-08
philips,KIT commA,10000 list,0,0,True,True,2025-09-08
podcasts,NOT_IN_CMU_DICT,10000 list,0,500,False,True,2025-09-08
projected,commA DRESS,10000 list,0,3,False,True,2025-09-08
projects,LOT commA,10000 list,0,3,True,True,2025-09-08
projects,commA DRESS,10000 list,0,3,True,True,2025-09-08
projects,LOT commA,10000 list,0,3,True,True,2025-09-08
projects,commA DRESS,10000 list,0,3,True,True,2025-09-08
quantities,LOT commA happY,10000 list,0,6,False,True,2025-09-08
quantity,LOT commA happY,10000 list,0,6,False,True,2025-09-08
reads,FLEECE,10000 list,0,0,False,True,2025-09-08
redeem,commA FLEECE,10000 list,0,0,False,True,2025-09-08
reef,FLEECE,10000 list,0,0,False,True,2025-09-08
reel,FLEECE,10000 list,0,0,False,True,2025-09-08
refuse,commA GOOSE,10000 list,0,0,True,True,2025-09-08
refuse,DRESS GOOSE,10000 list,0,0,True,True,2025-09-08
refuse,commA GOOSE,10000 list,0,0,True,True,2025-09-08
rent,DRESS,10000 list,0,3,False,True,2025-09-08
repeat,commA FLEECE,10000 list,0,1,True,True,2025-09-08
repeat,happY FLEECE,10000 list,0,1,True,True,2025-09-08
repeated,commA FLEECE,10000 list,0,1,True,True,2025-09-08
repeated,happY FLEECE commA,10000 list,0,1,True,True,2025-09-08
richards,KIT lettER,10000 list,0,0,False,True,2025-09-08
ringtones,NOT_IN_CMU_DICT,10000 list,0,500,False,True,2025-09-08
root,GOOSE,10000 list,0,0,False,True,2025-09-08
roots,GOOSE,10000 list,0,0,False,True,2025-09-08
row,GOAT,10000 list,0,0,False,True,2025-09-08
scanning,TRAP commA,10000 list,0,5,False,True,2025-09-08
screensavers,NOT_IN_CMU_DICT,10000 list,0,500,False,True,2025-09-08
screenshots,FLEECE LOT,10000 list,0,5,False,True,2025-09-08
setting,DRESS commA,10000 list,0,3,False,True,2025-09-08
settings,DRESS commA,10000 list,0,3,False,True,2025-09-08
shed,DRESS,10000 list,0,3,False,True,2025-09-08
shipping,KIT commA,10000 list,0,0,False,True,2025-09-08
silly,KIT happY,10000 list,0,1,False,True,2025-09-08
simpsons,KIT commA,10000 list,0,0,False,True,2025-09-08
sitting,KIT commA,10000 list,0,0,False,True,2025-09-08
step,DRESS,10000 list,0,3,False,True,2025-09-08
steps,DRESS,10000 list,0,3,False,True,2025-09-08
stevens,FLEECE commA,10000 list,0,0,False,True,2025-09-08
stopping,LOT commA,10000 list,0,5,False,True,2025-09-08
submitting,commA KIT,10000 list,0,0,False,True,2025-09-08
sustainability,commA FACE KIT happY,10000 list,0,1,False,True,2025-09-08
swimming,KIT commA,10000 list,0,0,False,True,2025-09-08
swing,KIT,10000 list,0,0,False,True,2025-09-08
tied,PRICE,10000 list,0,0,False,True,2025-09-08
trackbacks,NOT_IN_CMU_DICT,10000 list,0,500,False,True,2025-09-08
travelling,TRAP commA,10000 list,0,5,True,True,2025-09-08
travelling,TRAP commA,10000 list,0,5,True,True,2025-09-08
underlying,STRUT lettER PRICE commA,10000 list,0,1,False,True,2025-09-08
undo,commA GOOSE,10000 list,0,0,False,True,2025-09-08
unsubscribe,commA PRICE,10000 list,0,0,False,True,2025-09-08
webcams,NOT_IN_CMU_DICT,10000 list,0,500,False,True,2025-09-08
weblogs,NOT_IN_CMU_DICT,10000 list,0,500,False,True,2025-09-08
webmasters,DRESS BATH lettER,10000 list,0,8,False,True,2025-09-08
websites,DRESS PRICE,10000 list,0,3,False,True,2025-09-08
winning,KIT commA,10000 list,0,0,False,True,2025-09-08
womens,NOT_IN_CMU_DICT,10000 list,0,500,False,True,2025-09-08
wrapping,TRAP commA,10000 list,0,1,False,True,2025-09-08
anguish,ambiguous_TRAP_BATH commA,10000 list,0,105,False,True,2025-09-08
annoyance,commA CHOICE,10000 list,0,0,False,True,2025-09-08
anomalies,commA PALM happY,10000 list,0,6,False,True,2025-09-08
anomaly,commA LOT happY,10000 list,0,6,False,True,2025-09-08
anorak,ambiguous_TRAP_BATH lettER TRAP,10000 list,0,106,False,True,2025-09-08
anoraks,NOT_IN_CMU_DICT,10000 list,0,500,False,True,2025-09-08
anthology,ambiguous_TRAP_BATH ambiguous_LOT_PALM commA happY,10000 list,0,211,False,True,2025-09-08
anticipates,ambiguous_TRAP_BATH KIT commA FACE,10000 list,0,105,False,True,2025-09-08
anticipating,ambiguous_TRAP_BATH KIT commA FACE,10000 list,0,105,False,True,2025-09-08
anticipation,TRAP KIT commA FACE,10000 list,0,5,True,True,2025-09-08
anticipation,TRAP commA FACE,10000 list,0,5,True,True,2025-09-08
antidote,TRAP commA GOAT,10000 list,0,5,True,True,2025-09-08
antisocial,ambiguous_TRAP_BATH commA GOAT,10000 list,0,105,True,True,2025-09-08
antisocial,ambiguous_TRAP_BATH PRICE GOAT commA,10000 list,0,105,True,True,2025-09-08
anxious,TRAP commA,10000 list,0,5,True,True,2025-09-08
anyplace,DRESS happY FACE,10000 list,0,4,False,True,2025-09-08
apathetic,TRAP commA DRESS,10000 list,0,4,False,True,2025-09-08
apathy,TRAP commA happY,10000 list,0,2,False,True,2025-09-08
apologize,commA LOT PRICE,10000 list,0,5,False,True,2025-09-08
apologized,commA LOT PRICE,10000 list,0,5,False,True,2025-09-08
apologizes,commA ambiguous_LOT_PALM PRICE,10000 list,0,105,False,True,2025-09-08
apologizing,commA ambiguous_LOT_PALM PRICE,10000 list,0,105,False,True,2025-09-08
appall,commA THOUGHT,10000 list,0,1,False,True,2025-09-08
appalling,commA THOUGHT,10000 list,0,1,False,True,2025-09-08
appallingly,commA THOUGHT happY,10000 list,0,2,False,True,2025-09-08
appalls,commA THOUGHT,10000 list,0,1,False,True,2025-09-08
apparatuses,TRAP lettER commA,10000 list,0,2,False,True,2025-09-08
append,commA DRESS,10000 list,0,3,False,True,2025-09-08
appended,commA DRESS,10000 list,0,3,False,True,2025-09-08
appending,NOT_IN_CMU_DICT,10000 list,0,500,False,True,2025-09-08
appends,NOT_IN_CMU_DICT,10000 list,0,500,False,True,2025-09-08
appropriately,commA GOAT happY,10000 list,0,2,False,True,2025-09-08
approximation,commA LOT FACE,10000 list,0,5,False,True,2025-09-08
arbitrarily,START commA SQUARE happY,10000 list,0,12,False,True,2025-09-08
arcane,START FACE,10000 list,0,1,False,True,2025-09-08
archaic,START FACE commA,10000 list,0,1,False,True,2025-09-08
aren't,START commA,10000 list,0,1,True,True,2025-09-08
aren't,START,10000 list,0,1,True,True,2025-09-08
arguably,START commA happY,10000 list,0,2,False,True,2025-09-08
arisen,lettER KIT commA,10000 list,0,0,False,True,2025-09-08
arose,lettER GOAT,10000 list,0,0,False,True,2025-09-08
arrogance,SQUARE commA,10000 list,0,10,False,True,2025-09-08
arrogant,SQUARE commA,10000 list,0,10,False,True,2025-09-08
artificially,START commA KIT happY,10000 list,0,2,False,True,2025-09-08
ascend,commA DRESS,10000 list,0,3,False,True,2025-09-08
ascended,commA DRESS,10000 list,0,3,False,True,2025-09-08
ascending,commA DRESS,10000 list,0,3,False,True,2025-09-08
ascends,commA DRESS,10000 list,0,3,False,True,2025-09-08
ashamed,commA FACE,10000 list,0,0,False,True,2025-09-08
ashcan,NOT_IN_CMU_DICT,10000 list,0,500,False,True,2025-09-08
assemble,commA DRESS,10000 list,0,3,False,True,2025-09-08
assembler,commA DRESS lettER,10000 list,0,3,False,True,2025-09-08
assembles,commA DRESS,10000 list,0,3,False,True,2025-09-08
assembling,commA DRESS,10000 list,0,3,True,True,2025-09-08
asserted,commA NURSE,10000 list,0,0,False,True,2025-09-08
asserting,commA NURSE,10000 list,0,0,False,True,2025-09-08
assertion,commA NURSE,10000 list,0,0,False,True,2025-09-08
asserts,commA NURSE,10000 list,0,0,False,True,2025-09-08
assesses,commA DRESS,10000 list,0,3,False,True,2025-09-08
asterisk,TRAP lettER commA,10000 list,0,5,False,True,2025-09-08
asterisks,NOT_IN_CMU_DICT,10000 list,0,500,False,True,2025-09-08
astronomer,commA ambiguous_LOT_PALM lettER,10000 list,0,105,False,True,2025-09-08
astronomers,commA ambiguous_LOT_PALM lettER,10000 list,0,105,False,True,2025-09-08
atheism,commA PRICE,10000 list,0,1,True,True,2025-09-08
atheism,FACE happY KIT commA,10000 list,0,1,True,True,2025-09-08
atrocities,commA ambiguous_LOT_PALM happY,10000 list,0,106,False,True,2025-09-08
atrocity,commA ambiguous_LOT_PALM happY,10000 list,0,106,False,True,2025-09-08
attaches,commA TRAP,10000 list,0,1,False,True,2025-09-08
attain,commA FACE,10000 list,0,0,False,True,2025-09-08
attendant,commA DRESS,10000 list,0,3,False,True,2025-09-08
attributed,commA KIT,10000 list,0,0,False,True,2025-09-08
authorize,THOUGHT lettER PRICE,10000 list,0,5,False,True,2025-09-08
authorizes,THOUGHT lettER PRICE commA,10000 list,0,5,False,True,2025-09-08
authorizing,THOUGHT lettER PRICE commA,10000 list,0,5,False,True,2025-09-08
autobiography,THOUGHT commA PRICE ambiguous_LOT_PALM happY,10000 list,0,107,False,True,2025-09-08
automate,THOUGHT commA FACE,10000 list,0,1,False,True,2025-09-08
automates,THOUGHT commA FACE,10000 list,0,1,False,True,2025-09-08
automating,THOUGHT commA FACE,10000 list,0,1,False,True,2025-09-08
awake,commA FACE,10000 list,0,0,False,True,2025-09-08
awfully,ambiguous_LOT_PALM happY,10000 list,0,6,True,True,2025-09-08
awfully,THOUGHT commA happY,10000 list,0,6,True,True,2025-09-08
ax,TRAP,10000 list,0,1,False,True,2025-09-08
axes,TRAP KIT,10000 list,0,1,True,True,2025-09-08
axes,TRAP FLEECE,10000 list,0,1,True,True,2025-09-08
axiom,TRAP happY commA,10000 list,0,2,False,True,2025-09-08
axioms,TRAP happY commA,10000 list,0,2,False,True,2025-09-08
backbone,TRAP GOAT,10000 list,0,1,False,True,2025-09-08
backlog,TRAP ambiguous_LOT_PALM,10000 list,0,106,True,True,2025-09-08
backlog,TRAP ambiguous_THOUGHT_CLOTH,10000 list,0,106,True,True,2025-09-08
backspace,NOT_IN_CMU_DICT,10000 list,0,500,False,True,2025-09-08
backward,TRAP lettER,10000 list,0,1,False,True,2025-09-08
backwards,TRAP lettER,10000 list,0,1,False,True,2025-09-08
bacterium,TRAP NEAR happY commA,10000 list,0,12,False,True,2025-09-08
baffle,ambiguous_TRAP_BATH commA,10000 list,0,105,False,True,2025-09-08
baffled,ambiguous_TRAP_BATH commA,10000 list,0,105,False,True,2025-09-08
baffles,ambiguous_TRAP_BATH commA,10000 list,0,105,False,True,2025-09-08
baffling,TRAP commA,10000 list,0,5,True,True,2025-09-08
baggage,TRAP commA,10000 list,0,1,True,True,2025-09-08
baked,FACE,10000 list,0,0,False,True,2025-09-08
bakes,FACE,10000 list,0,0,False,True,2025-09-08
banal,commA PALM,10000 list,0,5,False,True,2025-09-08
bandwagon,ambiguous_TRAP_BATH TRAP commA,10000 list,0,106,False,True,2025-09-08
bark,START,10000 list,0,1,False,True,2025-09-08
barked,START,10000 list,0,1,False,True,2025-09-08
barking,START commA,10000 list,0,1,False,True,2025-09-08
barks,START,10000 list,0,1,False,True,2025-09-08
baroque,lettER GOAT,10000 list,0,0,False,True,2025-09-08
barrister,TRAP commA lettER,10000 list,0,10,True,True,2025-09-08
barrister,SQUARE commA lettER,10000 list,0,10,True,True,2025-09-08
barristers,TRAP commA lettER,10000 list,0,10,True,True,2025-09-08
barristers,SQUARE commA lettER,10000 list,0,10,True,True,2025-09-08
bashes,ambiguous_TRAP_BATH commA,10000 list,0,105,False,True,2025-09-08
basses,ambiguous_TRAP_BATH commA,10000 list,0,0,True,True,2025-09-08
basses,FACE commA,10000 list,0,0,True,True,2025-09-08
bastard,BATH lettER,10000 list,0,5,False,True,2025-09-08
bastards,BATH lettER,10000 list,0,5,False,True,2025-09-08
baud,THOUGHT,10000 list,0,1,False,True,2025-09-08
beaten,FLEECE commA,10000 list,0,0,False,True,2025-09-08
beg,DRESS,10000 list,0,3,False,True,2025-09-08
behaved,commA FACE,10000 list,0,0,False,True,2025-09-08
believable,commA FLEECE,10000 list,0,0,False,True,2025-09-08
believer,commA FLEECE lettER,10000 list,0,0,False,True,2025-09-08
believers,commA FLEECE lettER,10000 list,0,0,False,True,2025-09-08
biases,PRICE commA,10000 list,0,0,False,True,2025-09-08
bigot,KIT commA,10000 list,0,0,False,True,2025-09-08
bigoted,KIT commA,10000 list,0,0,False,True,2025-09-08
bigotry,KIT commA happY,10000 list,0,1,False,True,2025-09-08
billfold,KIT GOAT,10000 list,0,0,False,True,2025-09-08
biochemistry,PRICE GOAT DRESS commA happY,10000 list,0,4,False,True,2025-09-08
biologist,PRICE LOT commA,10000 list,0,5,False,True,2025-09-08
biologists,PRICE ambiguous_LOT_PALM commA,10000 list,0,105,False,True,2025-09-08
biscuit,KIT commA,10000 list,0,0,False,True,2025-09-08
biscuits,KIT commA,10000 list,0,0,False,True,2025-09-08
bitmap,NOT_IN_CMU_DICT,10000 list,0,500,False,True,2025-09-08
bitten,KIT commA,10000 list,0,0,False,True,2025-09-08
bitter,KIT lettER,10000 list,0,0,False,True,2025-09-08
blackboard,TRAP ambiguous_NORTH_FORCE,10000 list,0,6,False,True,2025-09-08
blackmail,TRAP FACE,10000 list,0,1,False,True,2025-09-08
blatant,FACE commA,10000 list,0,0,False,True,2025-09-08
blatantly,FACE commA happY,10000 list,0,1,False,True,2025-09-08
blesses,DRESS commA,10000 list,0,3,False,True,2025-09-08
blew,GOOSE,10000 list,0,0,False,True,2025-09-08
blindly,PRICE happY,10000 list,0,1,False,True,2025-09-08
bliss,KIT,10000 list,0,0,False,True,2025-09-08
blob,LOT,10000 list,0,5,False,True,2025-09-08
blurb,NURSE,10000 list,0,0,False,True,2025-09-08
boggle,ambiguous_LOT_PALM commA,10000 list,0,105,False,True,2025-09-08
boggles,ambiguous_LOT_PALM commA,10000 list,0,105,False,True,2025-09-08
bogus,GOAT commA,10000 list,0,0,False,True,2025-09-08
booklet,FOOT commA,10000 list,0,0,False,True,2025-09-08
borderline,ambiguous_NORTH_FORCE lettER PRICE,10000 list,0,5,False,True,2025-09-08
boredom,FORCE commA,10000 list,0,5,False,True,2025-09-08
bounce,MOUTH,10000 list,0,0,False,True,2025-09-08
breathes,FLEECE,10000 list,0,0,False,True,2025-09-08
bred,DRESS,10000 list,0,3,False,True,2025-09-08
breeze,FLEECE,10000 list,0,0,False,True,2025-09-08
brethren,DRESS commA,10000 list,0,3,False,True,2025-09-08
brigade,commA FACE,10000 list,0,0,True,True,2025-09-08
brightly,PRICE happY,10000 list,0,1,False,True,2025-09-08
brilliantly,KIT commA happY,10000 list,0,1,False,True,2025-09-08
broadly,THOUGHT happY,10000 list,0,2,False,True,2025-09-08
bucket,STRUT commA,10000 list,0,1,True,True,2025-09-08
bugger,STRUT lettER,10000 list,0,1,False,True,2025-09-08
buggers,STRUT lettER,10000 list,0,1,False,True,2025-09-08
bulb,STRUT,10000 list,0,1,False,True,2025-09-08
bulbs,STRUT,10000 list,0,1,False,True,2025-09-08
bureaucracy,CURE LOT commA happY,10000 list,0,16,False,True,2025-09-08
burnt,NURSE,10000 list,0,0,False,True,2025-09-08
cabbage,TRAP commA,10000 list,0,1,True,True,2025-09-08
cabled,FACE commA,10000 list,0,0,False,True,2025-09-08
calculus,TRAP commA,10000 list,0,5,False,True,2025-09-08
canonical,commA PALM,10000 list,0,5,False,True,2025-09-08
capitalism,TRAP commA KIT,10000 list,0,1,False,True,2025-09-08
capitalist,TRAP commA,10000 list,0,1,False,True,2025-09-08
carrot,TRAP commA,10000 list,0,10,True,True,2025-09-08
carrot,SQUARE commA,10000 list,0,10,True,True,2025-09-08
carrots,TRAP commA,10000 list,0,10,True,True,2025-09-08
carrots,SQUARE commA,10000 list,0,10,True,True,2025-09-08
cased,NOT_IN_CMU_DICT,10000 list,0,500,False,True,2025-09-08
catastrophic,TRAP commA LOT,10000 list,0,6,False,True,2025-09-08
catches,TRAP commA,10000 list,0,1,True,True,2025-09-08
caveat,FACE happY TRAP,10000 list,0,2,False,True,2025-09-08
cease,FLEECE,10000 list,0,0,False,True,2025-09-08
ceased,FLEECE,10000 list,0,0,False,True,2025-09-08
ceases,FLEECE commA,10000 list,0,0,False,True,2025-09-08
ceasing,FLEECE commA,10000 list,0,0,False,True,2025-09-08
celebrated,DRESS commA FACE,10000 list,0,3,False,True,2025-09-08
censor,DRESS lettER,10000 list,0,3,False,True,2025-09-08
censored,DRESS lettER,10000 list,0,3,False,True,2025-09-08
censoring,DRESS lettER commA,10000 list,0,3,False,True,2025-09-08
censors,DRESS lettER,10000 list,0,3,False,True,2025-09-08
censorship,DRESS lettER KIT,10000 list,0,3,False,True,2025-09-08
centrally,DRESS commA happY,10000 list,0,4,False,True,2025-09-08
certainty,NURSE commA happY,10000 list,0,1,False,True,2025-09-08
changeover,FACE GOAT lettER,10000 list,0,0,False,True,2025-09-08
chaotic,FACE LOT commA,10000 list,0,5,False,True,2025-09-08
chap,TRAP,10000 list,0,1,False,True,2025-09-08
chaps,TRAP,10000 list,0,1,False,True,2025-09-08
cheaply,FLEECE happY,10000 list,0,1,False,True,2025-09-08
chemist,DRESS commA,10000 list,0,3,False,True,2025-09-08
chemists,DRESS commA,10000 list,0,3,True,True,2025-09-08
chew,GOOSE,10000 list,0,0,False,True,2025-09-08
chewed,GOOSE,10000 list,0,0,False,True,2025-09-08
chewing,GOOSE commA,10000 list,0,0,False,True,2025-09-08
chews,GOOSE,10000 list,0,0,False,True,2025-09-08
childish,PRICE commA,10000 list,0,0,False,True,2025-09-08
chop,LOT,10000 list,0,5,False,True,2025-09-08
chopped,LOT,10000 list,0,5,False,True,2025-09-08
chopping,ambiguous_LOT_PALM commA,10000 list,0,105,False,True,2025-09-08
chops,LOT,10000 list,0,5,False,True,2025-09-08
chunk,STRUT,10000 list,0,1,False,True,2025-09-08
chunks,STRUT,10000 list,0,1,False,True,2025-09-08
cider,PRICE lettER,10000 list,0,0,False,True,2025-09-08
circuitry,NURSE commA happY,10000 list,0,1,False,True,2025-09-08
circulate,NURSE commA FACE,10000 list,0,0,False,True,2025-09-08
circulated,NURSE commA FACE,10000 list,0,0,False,True,2025-09-08
circulates,NURSE commA FACE,10000 list,0,0,False,True,2025-09-08
circulating,NURSE commA FACE,10000 list,0,0,False,True,2025-09-08
civilize,KIT commA PRICE,10000 list,0,0,False,True,2025-09-08
civilized,KIT commA PRICE,10000 list,0,0,False,True,2025-09-08
civilizes,NOT_IN_CMU_DICT,10000 list,0,500,False,True,2025-09-08
civilizing,NOT_IN_CMU_DICT,10000 list,0,500,False,True,2025-09-08
clarification,SQUARE commA FACE,10000 list,0,10,False,True,2025-09-08
clarified,SQUARE commA PRICE,10000 list,0,10,False,True,2025-09-08
clarifies,SQUARE commA PRICE,10000 list,0,10,False,True,2025-09-08
clarify,SQUARE commA PRICE,10000 list,0,10,False,True,2025-09-08
clarifying,SQUARE commA PRICE,10000 list,0,10,False,True,2025-09-08
clashes,ambiguous_TRAP_BATH commA,10000 list,0,105,False,True,2025-09-08
classifies,ambiguous_TRAP_BATH commA PRICE,10000 list,0,105,False,True,2025-09-08
classify,TRAP commA PRICE,10000 list,0,5,False,True,2025-09-08
classifying,ambiguous_TRAP_BATH commA PRICE,10000 list,0,105,False,True,2025-09-08
cleanly,FLEECE happY,10000 list,0,1,False,True,2025-09-08
clever,DRESS lettER,10000 list,0,3,False,True,2025-09-08
cleverer,DRESS commA NURSE,10000 list,0,3,False,True,2025-09-08
cleverest,NOT_IN_CMU_DICT,10000 list,0,500,False,True,2025-09-08
cliche,happY FACE,10000 list,0,1,False,True,2025-09-08
clog,LOT,10000 list,0,5,False,True,2025-09-08
closet,LOT commA,10000 list,0,5,False,True,2025-09-08
clues,GOOSE,10000 list,0,0,False,True,2025-09-08
clumsy,STRUT happY,10000 list,0,2,False,True,2025-09-08
cobbler,LOT lettER,10000 list,0,5,False,True,2025-09-08
cobblers,ambiguous_LOT_PALM lettER,10000 list,0,105,False,True,2025-09-08
coherent,GOAT NEAR commA,10000 list,0,10,False,True,2025-09-08
coincide,GOAT commA PRICE,10000 list,0,0,False,True,2025-09-08
coincidence,GOAT KIT commA,10000 list,0,0,False,True,2025-09-08
coke,GOAT,10000 list,0,0,False,True,2025-09-08
collapsed,commA TRAP,10000 list,0,1,False,True,2025-09-08
collate,commA FACE,10000 list,0,0,False,True,2025-09-08
collated,NOT_IN_CMU_DICT,10000 list,0,500,False,True,2025-09-08
collates,NOT_IN_CMU_DICT,10000 list,0,500,False,True,2025-09-08
collating,NOT_IN_CMU_DICT,10000 list,0,500,False,True,2025-09-08
comfortably,STRUT lettER commA happY,10000 list,0,2,False,True,2025-09-08
commence,commA DRESS,10000 list,0,3,False,True,2025-09-08
commentator,LOT commA FACE lettER,10000 list,0,5,False,True,2025-09-08
commentators,LOT commA FACE lettER,10000 list,0,5,False,True,2025-09-08
commercially,commA NURSE happY,10000 list,0,1,False,True,2025-09-08
communicated,commA GOOSE FACE,10000 list,0,0,False,True,2025-09-08
communism,LOT commA KIT,10000 list,0,5,False,True,2025-09-08
comparatively,commA SQUARE happY,10000 list,0,11,False,True,2025-09-08
compassion,commA ambiguous_TRAP_BATH,10000 list,0,105,False,True,2025-09-08
compel,commA DRESS,10000 list,0,3,False,True,2025-09-08
compelled,commA DRESS,10000 list,0,3,False,True,2025-09-08
compelling,commA DRESS,10000 list,0,3,False,True,2025-09-08
compels,commA DRESS,10000 list,0,3,False,True,2025-09-08
compensate,LOT commA FACE,10000 list,0,5,False,True,2025-09-08
competed,commA FLEECE,10000 list,0,0,False,True,2025-09-08
competence,LOT commA,10000 list,0,5,False,True,2025-09-08
complacent,commA FACE,10000 list,0,0,False,True,2025-09-08
complained,commA FACE,10000 list,0,0,False,True,2025-09-08
complaining,commA FACE,10000 list,0,0,False,True,2025-09-08
complains,commA FACE,10000 list,0,0,False,True,2025-09-08
complementary,LOT commA DRESS happY,10000 list,0,9,True,True,2025-09-08
complicate,ambiguous_LOT_PALM commA FACE,10000 list,0,105,False,True,2025-09-08
complicates,ambiguous_LOT_PALM commA FACE,10000 list,0,105,False,True,2025-09-08
complicating,ambiguous_LOT_PALM commA FACE,10000 list,0,105,False,True,2025-09-08
complication,LOT commA FACE,10000 list,0,5,False,True,2025-09-08
compliment,LOT commA,10000 list,0,6,False,True,2025-09-08
composes,commA GOAT,10000 list,0,0,False,True,2025-09-08
composing,commA GOAT,10000 list,0,0,False,True,2025-09-08
comprehend,ambiguous_LOT_PALM happY DRESS,10000 list,0,109,False,True,2025-09-08
comprehensible,ambiguous_LOT_PALM happY DRESS commA,10000 list,0,109,False,True,2025-09-08
comprehension,LOT happY DRESS commA,10000 list,0,9,False,True,2025-09-08
compress,ambiguous_LOT_PALM commA,10000 list,0,3,True,True,2025-09-08
compress,commA DRESS,10000 list,0,3,True,True,2025-09-08
compresses,ambiguous_LOT_PALM commA,10000 list,0,3,True,True,2025-09-08
compresses,commA DRESS,10000 list,0,3,True,True,2025-09-08
compressing,commA DRESS,10000 list,0,3,False,True,2025-09-08
comprise,commA PRICE,10000 list,0,0,False,True,2025-09-08
comprised,commA PRICE,10000 list,0,0,False,True,2025-09-08
comprises,commA PRICE,10000 list,0,0,True,True,2025-09-08
comprising,commA PRICE,10000 list,0,0,False,True,2025-09-08
compulsion,commA STRUT,10000 list,0,1,False,True,2025-09-08
compulsory,commA STRUT lettER happY,10000 list,0,2,False,True,2025-09-08
computerize,commA GOOSE lettER PRICE,10000 list,0,0,False,True,2025-09-08
computerized,commA GOOSE lettER PRICE,10000 list,0,0,False,True,2025-09-08
computerizes,NOT_IN_CMU_DICT,10000 list,0,500,False,True,2025-09-08
computerizing,commA GOOSE lettER PRICE,10000 list,0,0,False,True,2025-09-08
concatenate,commA TRAP FACE,10000 list,0,1,False,True,2025-09-08
concatenated,commA TRAP FACE,10000 list,0,1,False,True,2025-09-08
concatenates,commA TRAP FACE,10000 list,0,1,False,True,2025-09-08
concatenating,commA TRAP FACE,10000 list,0,1,False,True,2025-09-08
conceal,commA FLEECE,10000 list,0,0,False,True,2025-09-08
concealed,commA FLEECE,10000 list,0,0,False,True,2025-09-08
concealing,commA FLEECE,10000 list,0,0,False,True,2025-09-08
conceals,commA FLEECE,10000 list,0,0,False,True,2025-09-08
concede,commA FLEECE,10000 list,0,0,False,True,2025-09-08
conceivable,commA FLEECE,10000 list,0,0,False,True,2025-09-08
conceivably,commA FLEECE happY,10000 list,0,1,False,True,2025-09-08
conceive,commA FLEECE,10000 list,0,0,False,True,2025-09-08
conceived,commA FLEECE,10000 list,0,0,False,True,2025-09-08
conceives,NOT_IN_CMU_DICT,10000 list,0,500,False,True,2025-09-08
conceiving,commA FLEECE,10000 list,0,0,False,True,2025-09-08
concentrated,LOT commA FACE,10000 list,0,5,False,True,2025-09-08
conception,commA DRESS,10000 list,0,3,False,True,2025-09-08
concise,commA PRICE,10000 list,0,0,False,True,2025-09-08
concur,commA NURSE,10000 list,0,0,False,True,2025-09-08
concurrently,commA NURSE happY,10000 list,0,1,False,True,2025-09-08
condemn,commA DRESS,10000 list,0,3,False,True,2025-09-08
condemned,commA DRESS,10000 list,0,3,False,True,2025-09-08
condemning,commA DRESS,10000 list,0,3,False,True,2025-09-08
condemns,commA DRESS,10000 list,0,3,False,True,2025-09-08
condense,commA DRESS,10000 list,0,3,False,True,2025-09-08
condensed,commA DRESS,10000 list,0,3,False,True,2025-09-08
condenses,NOT_IN_CMU_DICT,10000 list,0,500,False,True,2025-09-08
condensing,commA DRESS,10000 list,0,3,False,True,2025-09-08
condom,LOT commA,10000 list,0,5,False,True,2025-09-08
condone,commA GOAT,10000 list,0,0,False,True,2025-09-08
conductor,commA STRUT lettER,10000 list,0,1,False,True,2025-09-08
conducts,commA STRUT,10000 list,0,1,False,True,2025-09-08
confess,commA DRESS,10000 list,0,3,False,True,2025-09-08
confine,commA PRICE,10000 list,0,0,False,True,2025-09-08
confined,commA PRICE,10000 list,0,0,False,True,2025-09-08
confines,LOT PRICE,10000 list,0,0,True,True,2025-09-08
confines,commA PRICE,10000 list,0,0,True,True,2025-09-08
confining,commA PRICE,10000 list,0,0,False,True,2025-09-08
conform,commA ambiguous_NORTH_FORCE,10000 list,0,105,False,True,2025-09-08
confronted,commA STRUT,10000 list,0,1,True,True,2025-09-08
confronting,commA STRUT,10000 list,0,1,False,True,2025-09-08
confronts,commA STRUT,10000 list,0,1,False,True,2025-09-08
congest,commA DRESS,10000 list,0,3,False,True,2025-09-08
congested,commA DRESS,10000 list,0,3,True,True,2025-09-08
congesting,NOT_IN_CMU_DICT,10000 list,0,500,False,True,2025-09-08
congestion,commA DRESS,10000 list,0,3,False,True,2025-09-08
congests,NOT_IN_CMU_DICT,10000 list,0,500,False,True,2025-09-08
congratulate,commA TRAP FACE,10000 list,0,1,False,True,2025-09-08
conjecture,commA DRESS lettER,10000 list,0,3,True,True,2025-09-08
connotation,LOT commA FACE,10000 list,0,5,False,True,2025-09-08
connotations,LOT commA FACE,10000 list,0,5,False,True,2025-09-08
conscience,LOT commA,10000 list,0,5,False,True,2025-09-08
consciously,ambiguous_LOT_PALM commA happY,10000 list,0,106,False,True,2025-09-08
consequent,LOT commA,10000 list,0,5,False,True,2025-09-08
considerably,commA KIT lettER happY,10000 list,0,1,False,True,2025-09-08
considerate,commA KIT lettER,10000 list,0,0,False,True,2025-09-08
consolation,ambiguous_LOT_PALM commA FACE,10000 list,0,105,False,True,2025-09-08
conspicuous,commA KIT,10000 list,0,0,False,True,2025-09-08
constituent,commA KIT,10000 list,0,0,False,True,2025-09-08
constituents,commA KIT,10000 list,0,0,False,True,2025-09-08
constrain,commA FACE,10000 list,0,0,False,True,2025-09-08
constrained,commA FACE,10000 list,0,0,False,True,2025-09-08
constraining,commA FACE,10000 list,0,0,False,True,2025-09-08
constrains,commA FACE,10000 list,0,0,False,True,2025-09-08
constructive,commA STRUT,10000 list,0,1,False,True,2025-09-08
consumed,commA GOOSE,10000 list,0,0,False,True,2025-09-08
consumes,commA GOOSE,10000 list,0,0,False,True,2025-09-08
consuming,commA GOOSE,10000 list,0,0,False,True,2025-09-08
contemplate,LOT commA FACE,10000 list,0,5,False,True,2025-09-08
contemplated,ambiguous_LOT_PALM commA FACE,10000 list,0,105,False,True,2025-09-08
contemplates,ambiguous_LOT_PALM commA FACE,10000 list,0,105,False,True,2025-09-08
contemplating,ambiguous_LOT_PALM commA FACE,10000 list,0,105,False,True,2025-09-08
contempt,commA DRESS,10000 list,0,3,False,True,2025-09-08
contend,commA DRESS,10000 list,0,3,False,True,2025-09-08
contention,commA DRESS,10000 list,0,3,False,True,2025-09-08
contentious,commA DRESS,10000 list,0,3,False,True,2025-09-08
continuation,commA KIT FACE,10000 list,0,0,False,True,2025-09-08
continuations,NOT_IN_CMU_DICT,10000 list,0,500,False,True,2025-09-08
continuum,commA KIT,10000 list,0,0,False,True,2025-09-08
contraception,ambiguous_LOT_PALM commA DRESS,10000 list,0,108,False,True,2025-09-08
contradict,LOT commA KIT,10000 list,0,5,False,True,2025-09-08
contradicted,ambiguous_LOT_PALM commA KIT,10000 list,0,105,False,True,2025-09-08
contradicting,ambiguous_LOT_PALM commA KIT,10000 list,0,105,False,True,2025-09-08
contradiction,LOT commA KIT,10000 list,0,5,False,True,2025-09-08
contradictory,LOT commA KIT lettER happY,10000 list,0,6,False,True,2025-09-08
contradicts,LOT commA KIT,10000 list,0,5,False,True,2025-09-08
contravention,ambiguous_LOT_PALM commA DRESS,10000 list,0,108,False,True,2025-09-08
contrive,commA PRICE,10000 list,0,0,False,True,2025-09-08
contrived,commA PRICE,10000 list,0,0,False,True,2025-09-08
contrives,NOT_IN_CMU_DICT,10000 list,0,500,False,True,2025-09-08
contriving,NOT_IN_CMU_DICT,10000 list,0,500,False,True,2025-09-08
conveniently,commA FLEECE happY,10000 list,0,1,False,True,2025-09-08
converse,ambiguous_LOT_PALM lettER,10000 list,0,0,True,True,2025-09-08
converse,commA NURSE,10000 list,0,0,True,True,2025-09-08
conversely,LOT lettER happY,10000 list,0,6,False,True,2025-09-08
convey,commA FACE,10000 list,0,0,False,True,2025-09-08
convict,LOT commA,10000 list,0,0,True,True,2025-09-08
convict,commA KIT,10000 list,0,0,True,True,2025-09-08
convicting,commA KIT,10000 list,0,0,False,True,2025-09-08
convicts,ambiguous_LOT_PALM commA,10000 list,0,0,True,True,2025-09-08
convicts,commA KIT,10000 list,0,0,True,True,2025-09-08
convinces,commA KIT,10000 list,0,0,False,True,2025-09-08
convincing,commA KIT,10000 list,0,0,False,True,2025-09-08
convincingly,commA KIT happY,10000 list,0,1,False,True,2025-09-08
cooperate,GOAT LOT lettER FACE,10000 list,0,5,True,True,2025-09-08
cooperate,LOT lettER FACE,10000 list,0,5,True,True,2025-09-08
corridor,ambiguous_THOUGHT_CLOTH_NORTH_FORCE commA lettER,10000 list,0,105,True,True,2025-09-08
corrupt,lettER STRUT,10000 list,0,1,False,True,2025-09-08
corrupted,lettER STRUT commA,10000 list,0,1,False,True,2025-09-08
corrupting,lettER STRUT commA,10000 list,0,1,False,True,2025-09-08
corrupts,lettER STRUT,10000 list,0,1,False,True,2025-09-08
cosmic,LOT commA,10000 list,0,5,False,True,2025-09-08
costly,LOT happY,10000 list,0,6,True,True,2025-09-08
costly,CLOTH happY,10000 list,0,6,True,True,2025-09-08
counterexample,NOT_IN_CMU_DICT,10000 list,0,500,False,True,2025-09-08
countless,MOUTH commA,10000 list,0,0,False,True,2025-09-08
cozy,GOAT happY,10000 list,0,1,False,True,2025-09-08
cramp,TRAP,10000 list,0,5,False,True,2025-09-08
cramped,ambiguous_TRAP_BATH,10000 list,0,105,False,True,2025-09-08
cramping,ambiguous_TRAP_BATH commA,10000 list,0,105,False,True,2025-09-08
cramps,ambiguous_TRAP_BATH,10000 list,0,105,False,True,2025-09-08
crass,TRAP,10000 list,0,5,False,True,2025-09-08
crawl,THOUGHT,10000 list,0,1,False,True,2025-09-08
crawled,THOUGHT,10000 list,0,1,False,True,2025-09-08
crawling,THOUGHT commA,10000 list,0,1,False,True,2025-09-08
crawls,THOUGHT,10000 list,0,1,False,True,2025-09-08
credibility,DRESS commA KIT happY,10000 list,0,4,False,True,2025-09-08
credible,DRESS commA,10000 list,0,3,False,True,2025-09-08
creed,FLEECE,10000 list,0,0,False,True,2025-09-08
cried,PRICE,10000 list,0,0,False,True,2025-09-08
cries,PRICE,10000 list,0,0,False,True,2025-09-08
crisp,KIT,10000 list,0,0,False,True,2025-09-08
crisps,KIT,10000 list,0,0,False,True,2025-09-08
criticized,KIT commA PRICE,10000 list,0,0,False,True,2025-09-08
criticizes,KIT commA PRICE,10000 list,0,0,False,True,2025-09-08
criticizing,KIT commA PRICE,10000 list,0,0,False,True,2025-09-08
crosses,ambiguous_THOUGHT_CLOTH commA,10000 list,0,105,False,True,2025-09-08
crossroad,ambiguous_THOUGHT_CLOTH GOAT,10000 list,0,105,False,True,2025-09-08
crossroads,ambiguous_THOUGHT_CLOTH GOAT,10000 list,0,105,False,True,2025-09-08
cruelty,GOOSE happY,10000 list,0,1,True,True,2025-09-08
cruelty,GOOSE commA happY,10000 list,0,1,True,True,2025-09-08
cruised,GOOSE,10000 list,0,0,False,True,2025-09-08
crunch,STRUT,10000 list,0,1,False,True,2025-09-08
crunched,STRUT,10000 list,0,1,False,True,2025-09-08
crunches,STRUT commA,10000 list,0,1,False,True,2025-09-08
crunching,STRUT commA,10000 list,0,1,False,True,2025-09-08
crushes,STRUT commA,10000 list,0,1,False,True,2025-09-08
cryptic,KIT commA,10000 list,0,0,False,True,2025-09-08
cs,NOT_IN_CMU_DICT,10000 list,0,500,False,True,2025-09-08
cuckoo,STRUT GOOSE,10000 list,0,0,True,True,2025-09-08
cuckoo,GOOSE,10000 list,0,0,True,True,2025-09-08
cuddly,STRUT happY,10000 list,0,2,False,True,2025-09-08
culprit,STRUT commA,10000 list,0,1,False,True,2025-09-08
cumbersome,STRUT lettER commA,10000 list,0,1,False,True,2025-09-08
cumming,STRUT commA,10000 list,0,1,False,True,2025-09-08
cums,NOT_IN_CMU_DICT,10000 list,0,500,False,True,2025-09-08
cunning,STRUT commA,10000 list,0,1,False,True,2025-09-08
curiously,CURE happY commA,10000 list,0,12,False,True,2025-09-08
curse,NURSE,10000 list,0,0,False,True,2025-09-08
curtain,NURSE commA,10000 list,0,0,False,True,2025-09-08
curtains,NURSE commA,10000 list,0,0,False,True,2025-09-08
custard,STRUT lettER,10000 list,0,1,False,True,2025-09-08
customary,STRUT commA SQUARE happY,10000 list,0,12,False,True,2025-09-08
cycled,PRICE commA,10000 list,0,0,False,True,2025-09-08
cyclist,PRICE commA,10000 list,0,0,True,True,2025-09-08
cyclists,PRICE commA,10000 list,0,0,True,True,2025-09-08
cynic,KIT commA,10000 list,0,0,False,True,2025-09-08
cynical,KIT commA,10000 list,0,0,False,True,2025-09-08
damnation,ambiguous_TRAP_BATH FACE commA,10000 list,0,105,False,True,2025-09-08
damp,TRAP,10000 list,0,5,False,True,2025-09-08
danced,BATH,10000 list,0,5,False,True,2025-09-08
dangerously,FACE lettER commA happY,10000 list,0,1,False,True,2025-09-08
dared,SQUARE,10000 list,0,10,False,True,2025-09-08
dashes,ambiguous_TRAP_BATH commA,10000 list,0,105,False,True,2025-09-08
datum,TRAP commA,10000 list,0,0,True,True,2025-09-08
datum,FACE commA,10000 list,0,0,True,True,2025-09-08
debatable,commA FACE,10000 list,0,0,False,True,2025-09-08
debated,commA FACE,10000 list,0,0,False,True,2025-09-08
debugger,NOT_IN_CMU_DICT,10000 list,0,500,False,True,2025-09-08
decay,commA FACE,10000 list,0,0,False,True,2025-09-08
decode,commA GOAT,10000 list,0,0,False,True,2025-09-08
decoded,commA GOAT,10000 list,0,0,False,True,2025-09-08
decodes,commA GOAT,10000 list,0,0,False,True,2025-09-08
decoding,commA GOAT,10000 list,0,0,False,True,2025-09-08
dedicate,DRESS commA FACE,10000 list,0,3,False,True,2025-09-08
dedicates,DRESS commA FACE,10000 list,0,3,False,True,2025-09-08
dedicating,DRESS commA FACE,10000 list,0,3,False,True,2025-09-08
deduce,commA GOOSE,10000 list,0,0,False,True,2025-09-08
deduced,commA GOOSE,10000 list,0,0,False,True,2025-09-08
deduces,NOT_IN_CMU_DICT,10000 list,0,500,False,True,2025-09-08
deducing,NOT_IN_CMU_DICT,10000 list,0,500,False,True,2025-09-08
deduction,commA STRUT,10000 list,0,1,False,True,2025-09-08
deductions,commA STRUT,10000 list,0,1,False,True,2025-09-08
deed,FLEECE,10000 list,0,0,False,True,2025-09-08
deeds,FLEECE,10000 list,0,0,False,True,2025-09-08
deem,FLEECE,10000 list,0,0,False,True,2025-09-08
deeming,NOT_IN_CMU_DICT,10000 list,0,500,False,True,2025-09-08
deems,FLEECE,10000 list,0,0,False,True,2025-09-08
defective,commA DRESS,10000 list,0,3,False,True,2025-09-08
deficiencies,commA KIT happY,10000 list,0,1,False,True,2025-09-08
deficiency,commA KIT happY,10000 list,0,1,False,True,2025-09-08
definite,DRESS commA,10000 list,0,3,False,True,2025-09-08
definitive,commA KIT,10000 list,0,0,False,True,2025-09-08
defy,commA PRICE,10000 list,0,0,False,True,2025-09-08
degenerate,commA DRESS lettER,10000 list,0,3,True,True,2025-09-08
degenerate,commA DRESS lettER FACE,10000 list,0,3,True,True,2025-09-08
degradation,DRESS commA FACE,10000 list,0,3,False,True,2025-09-08
degraded,commA FACE,10000 list,0,0,True,True,2025-09-08
deity,FLEECE commA happY,10000 list,0,1,False,True,2025-09-08
deletion,commA FLEECE,10000 list,0,0,False,True,2025-09-08
deliberately,commA KIT lettER happY,10000 list,0,1,True,True,2025-09-08
deliberately,commA KIT happY,10000 list,0,1,True,True,2025-09-08
delicate,DRESS commA,10000 list,0,3,False,True,2025-09-08
delightful,commA PRICE,10000 list,0,0,False,True,2025-09-08
delimiters,NOT_IN_CMU_DICT,10000 list,0,500,False,True,2025-09-08
demented,commA DRESS,10000 list,0,3,False,True,2025-09-08
demise,commA PRICE,10000 list,0,0,False,True,2025-09-08
democratically,DRESS commA TRAP happY,10000 list,0,5,False,True,2025-09-08
demolish,commA LOT,10000 list,0,5,False,True,2025-09-08
demolished,commA ambiguous_LOT_PALM,10000 list,0,105,False,True,2025-09-08
demolishes,commA ambiguous_LOT_PALM,10000 list,0,105,False,True,2025-09-08
demolishing,commA ambiguous_LOT_PALM,10000 list,0,105,False,True,2025-09-08
denominator,commA LOT FACE lettER,10000 list,0,5,False,True,2025-09-08
denote,commA GOAT,10000 list,0,0,False,True,2025-09-08
denotes,commA GOAT,10000 list,0,0,False,True,2025-09-08
dentist,DRESS commA,10000 list,0,3,True,True,2025-09-08
depress,commA DRESS,10000 list,0,3,False,True,2025-09-08
depressed,commA DRESS,10000 list,0,3,False,True,2025-09-08
depresses,commA DRESS,10000 list,0,3,True,True,2025-09-08
depressing,commA DRESS,10000 list,0,3,False,True,2025-09-08
deprive,commA PRICE,10000 list,0,0,False,True,2025-09-08
deprived,commA PRICE,10000 list,0,0,False,True,2025-09-08
deprives,commA PRICE,10000 list,0,0,False,True,2025-09-08
depriving,commA PRICE,10000 list,0,0,False,True,2025-09-08
derange,commA FACE,10000 list,0,0,False,True,2025-09-08
deranged,commA FACE,10000 list,0,0,False,True,2025-09-08
deranges,NOT_IN_CMU_DICT,10000 list,0,500,False,True,2025-09-08
deranging,NOT_IN_CMU_DICT,10000 list,0,500,False,True,2025-09-08
derivative,lettER KIT commA,10000 list,0,0,True,True,2025-09-08
derogatory,lettER ambiguous_LOT_PALM commA CLOTH happY,10000 list,0,111,False,True,2025-09-08
descend,commA DRESS,10000 list,0,3,False,True,2025-09-08
descended,commA DRESS,10000 list,0,3,True,True,2025-09-08
descends,commA DRESS,10000 list,0,3,False,True,2025-09-08
descriptive,commA KIT,10000 list,0,0,False,True,2025-09-08
deserted,commA NURSE,10000 list,0,0,False,True,2025-09-08
deserting,DRESS lettER commA,10000 list,0,3,False,True,2025-09-08
deserts,DRESS lettER,10000 list,0,0,True,True,2025-09-08
deserts,commA NURSE,10000 list,0,0,True,True,2025-09-08
designate,DRESS commA FACE,10000 list,0,3,True,True,2025-09-08
designates,DRESS commA FACE,10000 list,0,3,False,True,2025-09-08
designating,DRESS commA FACE,10000 list,0,3,False,True,2025-09-08
despair,commA SQUARE,10000 list,0,10,False,True,2025-09-08
desperately,DRESS lettER commA happY,10000 list,0,4,True,True,2025-09-08
desperately,DRESS commA happY,10000 list,0,4,True,True,2025-09-08
despise,commA PRICE,10000 list,0,0,False,True,2025-09-08
destine,NOT_IN_CMU_DICT,10000 list,0,500,False,True,2025-09-08
destined,DRESS commA,10000 list,0,3,False,True,2025-09-08
destines,NOT_IN_CMU_DICT,10000 list,0,500,False,True,2025-09-08
destining,NOT_IN_CMU_DICT,10000 list,0,500,False,True,2025-09-08
destructive,commA STRUT,10000 list,0,1,False,True,2025-09-08
detach,KIT TRAP,10000 list,0,2,True,True,2025-09-08
detach,happY TRAP,10000 list,0,2,True,True,2025-09-08
detached,commA TRAP,10000 list,0,2,True,True,2025-09-08
detached,happY TRAP,10000 list,0,2,True,True,2025-09-08
detaches,commA TRAP,10000 list,0,2,True,True,2025-09-08
detaches,happY TRAP commA,10000 list,0,2,True,True,2025-09-08
detaching,NOT_IN_CMU_DICT,10000 list,0,500,False,True,2025-09-08
deterrent,commA NURSE,10000 list,0,0,False,True,2025-09-08
detract,commA TRAP,10000 list,0,1,False,True,2025-09-08
devastate,DRESS commA FACE,10000 list,0,3,False,True,2025-09-08
devastated,DRESS commA FACE,10000 list,0,3,False,True,2025-09-08
devastates,NOT_IN_CMU_DICT,10000 list,0,500,False,True,2025-09-08
devastating,DRESS commA FACE,10000 list,0,3,False,True,2025-09-08
devious,FLEECE happY commA,10000 list,0,1,False,True,2025-09-08
devise,commA PRICE,10000 list,0,0,True,True,2025-09-08
devised,commA PRICE,10000 list,0,0,False,True,2025-09-08
devises,commA PRICE,10000 list,0,0,False,True,2025-09-08
devising,commA PRICE,10000 list,0,0,False,True,2025-09-08
devoid,commA CHOICE,10000 list,0,0,False,True,2025-09-08
devotes,commA GOAT,10000 list,0,0,False,True,2025-09-08
devoting,commA GOAT,10000 list,0,0,False,True,2025-09-08
diagonal,PRICE TRAP commA,10000 list,0,1,False,True,2025-09-08
dialect,PRICE commA DRESS,10000 list,0,3,False,True,2025-09-08
dialects,PRICE commA DRESS,10000 list,0,3,False,True,2025-09-08
dictate,commA FACE,10000 list,0,0,True,True,2025-09-08
dictate,KIT FACE,10000 list,0,0,True,True,2025-09-08
dictator,commA FACE lettER,10000 list,0,0,True,True,2025-09-08
dictator,KIT FACE lettER,10000 list,0,0,True,True,2025-09-08
dictatorship,commA FACE lettER KIT,10000 list,0,0,False,True,2025-09-08
didn't,KIT commA,10000 list,0,0,True,True,2025-09-08
didn't,KIT,10000 list,0,0,True,True,2025-09-08
differentiate,KIT lettER DRESS happY FACE,10000 list,0,4,True,True,2025-09-08
dine,PRICE,10000 list,0,0,False,True,2025-09-08
dined,PRICE,10000 list,0,0,False,True,2025-09-08
diner,PRICE lettER,10000 list,0,0,False,True,2025-09-08
dines,PRICE,10000 list,0,0,False,True,2025-09-08
diplomatic,KIT commA TRAP,10000 list,0,1,False,True,2025-09-08
dire,PRICE,10000 list,0,0,True,True,2025-09-08
dire,PRICE lettER,10000 list,0,0,True,True,2025-09-08
disagreed,commA FLEECE,10000 list,0,0,False,True,2025-09-08
disappoint,KIT commA CHOICE,10000 list,0,0,False,True,2025-09-08
disappointing,KIT commA CHOICE,10000 list,0,0,True,True,2025-09-08
disappointment,KIT commA CHOICE,10000 list,0,0,False,True,2025-09-08
disappoints,KIT commA CHOICE,10000 list,0,0,False,True,2025-09-08
disastrous,commA BATH,10000 list,0,5,False,True,2025-09-08
discard,commA START,10000 list,0,1,False,True,2025-09-08
discarded,commA START,10000 list,0,1,False,True,2025-09-08
discarding,commA START,10000 list,0,1,False,True,2025-09-08
discards,commA START,10000 list,0,1,False,True,2025-09-08
disconnect,commA DRESS,10000 list,0,3,False,True,2025-09-08
disconnected,KIT commA DRESS,10000 list,0,3,False,True,2025-09-08
disconnecting,KIT commA DRESS,10000 list,0,3,False,True,2025-09-08
disconnects,commA DRESS,10000 list,0,3,False,True,2025-09-08
discontinue,commA KIT,10000 list,0,0,False,True,2025-09-08
discontinued,commA KIT,10000 list,0,0,False,True,2025-09-08
discontinues,NOT_IN_CMU_DICT,10000 list,0,500,False,True,2025-09-08
discontinuing,commA KIT,10000 list,0,0,False,True,2025-09-08
discourage,commA NURSE,10000 list,0,0,False,True,2025-09-08
discouraged,commA NURSE,10000 list,0,0,True,True,2025-09-08
discourages,commA NURSE,10000 list,0,0,False,True,2025-09-08
discouraging,commA NURSE,10000 list,0,0,True,True,2025-09-08
discrepancy,commA DRESS happY,10000 list,0,4,False,True,2025-09-08
discriminate,commA KIT FACE,10000 list,0,0,False,True,2025-09-08
discriminated,commA KIT FACE,10000 list,0,0,False,True,2025-09-08
discriminates,commA KIT FACE,10000 list,0,0,False,True,2025-09-08
discriminating,commA KIT FACE,10000 list,0,0,False,True,2025-09-08
disguised,commA PRICE,10000 list,0,0,False,True,2025-09-08
disgust,commA STRUT,10000 list,0,1,False,True,2025-09-08
disgusted,commA STRUT,10000 list,0,1,True,True,2025-09-08
disgusting,commA STRUT,10000 list,0,1,False,True,2025-09-08
disgusts,commA STRUT,10000 list,0,1,False,True,2025-09-08
dishonest,commA ambiguous_LOT_PALM,10000 list,0,105,False,True,2025-09-08
dislike,commA PRICE,10000 list,0,0,False,True,2025-09-08
disliked,commA PRICE,10000 list,0,0,False,True,2025-09-08
dislikes,commA PRICE,10000 list,0,0,False,True,2025-09-08
disliking,commA PRICE,10000 list,0,0,False,True,2025-09-08
dismal,KIT commA,10000 list,0,0,False,True,2025-09-08
dismissed,commA KIT,10000 list,0,0,False,True,2025-09-08
dismisses,commA KIT,10000 list,0,0,False,True,2025-09-08
dismissing,commA KIT,10000 list,0,0,False,True,2025-09-08
disposable,commA GOAT,10000 list,0,0,False,True,2025-09-08
dispose,commA GOAT,10000 list,0,0,False,True,2025-09-08
disposed,commA GOAT,10000 list,0,0,False,True,2025-09-08
disposes,commA GOAT,10000 list,0,0,False,True,2025-09-08
disposing,commA GOAT,10000 list,0,0,False,True,2025-09-08
disregard,KIT commA START,10000 list,0,1,False,True,2025-09-08
disrupt,commA STRUT,10000 list,0,1,False,True,2025-09-08
dissertation,KIT lettER FACE commA,10000 list,0,0,False,True,2025-09-08
dissimilar,commA KIT lettER,10000 list,0,0,False,True,2025-09-08
distasteful,commA FACE,10000 list,0,0,False,True,2025-09-08
distinctive,commA KIT,10000 list,0,0,False,True,2025-09-08
distinctly,commA KIT happY,10000 list,0,1,False,True,2025-09-08
distinguishes,commA KIT,10000 list,0,0,False,True,2025-09-08
distinguishing,commA KIT,10000 list,0,0,False,True,2025-09-08
distract,commA TRAP,10000 list,0,1,False,True,2025-09-08
distracted,commA TRAP,10000 list,0,1,True,True,2025-09-08
distracting,commA TRAP,10000 list,0,1,False,True,2025-09-08
distracts,commA TRAP,10000 list,0,1,False,True,2025-09-08
distress,commA DRESS,10000 list,0,3,False,True,2025-09-08
distressed,commA DRESS,10000 list,0,3,False,True,2025-09-08
distresses,commA DRESS,10000 list,0,3,False,True,2025-09-08
distressing,commA DRESS,10000 list,0,3,False,True,2025-09-08
disturb,commA NURSE,10000 list,0,0,False,True,2025-09-08
disturbance,commA NURSE,10000 list,0,0,False,True,2025-09-08
disturbs,commA NURSE,10000 list,0,0,False,True,2025-09-08
ditto,KIT GOAT,10000 list,0,0,False,True,2025-09-08
dived,PRICE,10000 list,0,0,False,True,2025-09-08
dogma,LOT commA,10000 list,0,5,False,True,2025-09-08
dole,GOAT,10000 list,0,0,False,True,2025-09-08
dominated,LOT commA FACE,10000 list,0,5,False,True,2025-09-08
dominates,ambiguous_LOT_PALM commA FACE,10000 list,0,105,False,True,2025-09-08
dominating,ambiguous_LOT_PALM commA FACE,10000 list,0,105,False,True,2025-09-08
doubled,STRUT commA,10000 list,0,1,False,True,2025-09-08
doubtful,MOUTH commA,10000 list,0,0,False,True,2025-09-08
doubtless,MOUTH commA,10000 list,0,0,False,True,2025-09-08
downhill,MOUTH KIT,10000 list,0,0,False,True,2025-09-08
downright,MOUTH PRICE,10000 list,0,0,False,True,2025-09-08
downwards,MOUTH lettER,10000 list,0,0,False,True,2025-09-08
drank,TRAP,10000 list,0,5,False,True,2025-09-08
drastically,ambiguous_TRAP_BATH commA happY,10000 list,0,106,False,True,2025-09-08
dread,DRESS,10000 list,0,3,False,True,2025-09-08
dreaded,DRESS commA,10000 list,0,3,False,True,2025-09-08
dreadful,DRESS commA,10000 list,0,3,False,True,2025-09-08
dreading,DRESS commA,10000 list,0,3,False,True,2025-09-08
dreads,DRESS,10000 list,0,3,False,True,2025-09-08
dries,PRICE,10000 list,0,0,False,True,2025-09-08
drift,KIT,10000 list,0,0,False,True,2025-09-08
drip,KIT,10000 list,0,0,False,True,2025-09-08
dripped,KIT,10000 list,0,0,False,True,2025-09-08
dripping,KIT commA,10000 list,0,0,False,True,2025-09-08
drips,KIT,10000 list,0,0,False,True,2025-09-08
drivel,KIT commA,10000 list,0,0,False,True,2025-09-08
drown,MOUTH,10000 list,0,0,False,True,2025-09-08
drowned,MOUTH,10000 list,0,0,False,True,2025-09-08
drowning,MOUTH commA,10000 list,0,0,False,True,2025-09-08
drowns,MOUTH,10000 list,0,0,False,True,2025-09-08
duff,STRUT,10000 list,0,1,False,True,2025-09-08
dull,STRUT,10000 list,0,1,False,True,2025-09-08
duly,GOOSE happY,10000 list,0,1,False,True,2025-09-08
dummy,STRUT happY,10000 list,0,2,False,True,2025-09-08
dumpster,STRUT lettER,10000 list,0,1,False,True,2025-09-08
duplicated,GOOSE commA FACE,10000 list,0,0,True,True,2025-09-08
duplication,GOOSE commA FACE,10000 list,0,0,False,True,2025-09-08
dustbin,STRUT commA,10000 list,0,1,False,True,2025-09-08
dusty,STRUT happY,10000 list,0,2,False,True,2025-09-08
dynamically,PRICE ambiguous_TRAP_BATH commA FLEECE,10000 list,0,105,False,True,2025-09-08
eagerly,FLEECE lettER happY,10000 list,0,1,False,True,2025-09-08
easiest,FLEECE happY commA,10000 list,0,1,False,True,2025-09-08
eaten,FLEECE commA,10000 list,0,0,False,True,2025-09-08
eccentric,commA DRESS,10000 list,0,6,True,True,2025-09-08
eccentric,DRESS commA,10000 list,0,6,True,True,2025-09-08
echoes,DRESS GOAT,10000 list,0,3,False,True,2025-09-08
economical,DRESS commA PALM,10000 list,0,5,True,True,2025-09-08
economical,FLEECE commA PALM,10000 list,0,5,True,True,2025-09-08
economically,DRESS commA LOT happY,10000 list,0,6,True,True,2025-09-08
economically,FLEECE commA LOT happY,10000 list,0,6,True,True,2025-09-08
educates,DRESS commA FACE,10000 list,0,3,True,True,2025-09-08
educating,DRESS commA FACE,10000 list,0,3,True,True,2025-09-08
ego,FLEECE GOAT,10000 list,0,0,False,True,2025-09-08
egos,FLEECE GOAT,10000 list,0,0,False,True,2025-09-08
eh,DRESS,10000 list,0,3,False,True,2025-09-08
elaborate,commA TRAP,10000 list,0,1,True,True,2025-09-08
elaborate,commA TRAP lettER FACE,10000 list,0,1,True,True,2025-09-08
electorate,commA DRESS lettER,10000 list,0,3,True,True,2025-09-08
electorate,commA DRESS,10000 list,0,3,True,True,2025-09-08
electronically,KIT DRESS PALM commA FLEECE,10000 list,0,9,True,True,2025-09-08
electronically,commA DRESS PALM happY,10000 list,0,9,True,True,2025-09-08
elevator,DRESS commA FACE lettER,10000 list,0,3,False,True,2025-09-08
elevators,DRESS commA FACE lettER,10000 list,0,3,False,True,2025-09-08
eliminated,commA KIT FACE,10000 list,0,0,False,True,2025-09-08
elitist,FACE FLEECE commA,10000 list,0,0,True,True,2025-09-08
elitist,commA FLEECE,10000 list,0,0,True,True,2025-09-08
em,DRESS,10000 list,0,3,False,True,2025-09-08
embarrass,commA SQUARE,10000 list,0,10,False,True,2025-09-08
embarrassed,commA SQUARE,10000 list,0,10,False,True,2025-09-08
embarrasses,commA TRAP,10000 list,0,1,False,True,2025-09-08
embarrassing,commA SQUARE,10000 list,0,10,False,True,2025-09-08
embarrassment,commA SQUARE,10000 list,0,10,False,True,2025-09-08
embed,commA DRESS,10000 list,0,3,False,True,2025-09-08
embedding,commA DRESS,10000 list,0,4,False,True,2025-09-08
embeds,NOT_IN_CMU_DICT,10000 list,0,500,False,True,2025-09-08
emerged,commA NURSE,10000 list,0,0,True,True,2025-09-08
emerged,FLEECE lettER,10000 list,0,0,True,True,2025-09-08
eminent,DRESS commA,10000 list,0,3,False,True,2025-09-08
eminently,DRESS commA happY,10000 list,0,4,False,True,2025-09-08
emit,commA KIT,10000 list,0,0,False,True,2025-09-08
emotionally,commA GOAT happY,10000 list,0,1,True,True,2025-09-08
emotionally,FLEECE GOAT commA happY,10000 list,0,1,True,True,2025-09-08
emphasized,DRESS commA PRICE,10000 list,0,3,False,True,2025-09-08
emphasizes,DRESS commA PRICE,10000 list,0,3,True,True,2025-09-08
emphasizing,DRESS commA PRICE,10000 list,0,3,False,True,2025-09-08
emptied,DRESS happY,10000 list,0,4,True,True,2025-09-08
emulate,DRESS commA FACE,10000 list,0,3,False,True,2025-09-08
emulation,DRESS commA FACE,10000 list,0,3,False,True,2025-09-08
emulator,DRESS commA FACE lettER,10000 list,0,3,False,True,2025-09-08
emulators,NOT_IN_CMU_DICT,10000 list,0,500,False,True,2025-09-08
enclose,commA GOAT,10000 list,0,0,False,True,2025-09-08
encloses,NOT_IN_CMU_DICT,10000 list,0,500,False,True,2025-09-08
enclosing,commA GOAT,10000 list,0,1,False,True,2025-09-08
encode,commA GOAT,10000 list,0,1,False,True,2025-09-08
encoded,commA GOAT,10000 list,0,1,False,True,2025-09-08
encodes,NOT_IN_CMU_DICT,10000 list,0,500,False,True,2025-09-08
endeavor,commA DRESS lettER,10000 list,0,3,False,True,2025-09-08
endlessly,DRESS commA happY,10000 list,0,4,False,True,2025-09-08
enforce,commA ambiguous_NORTH_FORCE,10000 list,0,106,False,True,2025-09-08
enforced,commA ambiguous_NORTH_FORCE,10000 list,0,6,False,True,2025-09-08
enforces,commA ambiguous_NORTH_FORCE,10000 list,0,6,False,True,2025-09-08
enforcing,commA ambiguous_NORTH_FORCE,10000 list,0,6,False,True,2025-09-08
enlarged,DRESS START,10000 list,0,1,True,True,2025-09-08
enlarged,commA START,10000 list,0,1,True,True,2025-09-08
enlighten,DRESS PRICE commA,10000 list,0,3,False,True,2025-09-08
enlightened,DRESS PRICE commA,10000 list,0,3,False,True,2025-09-08
enlightening,DRESS PRICE commA,10000 list,0,1,True,True,2025-09-08
enlightening,commA PRICE,10000 list,0,1,True,True,2025-09-08
enlightenment,DRESS PRICE commA,10000 list,0,3,False,True,2025-09-08
enlightens,DRESS PRICE commA,10000 list,0,3,False,True,2025-09-08
enormously,commA ambiguous_NORTH_FORCE happY,10000 list,0,106,True,True,2025-09-08
entail,commA FACE,10000 list,0,1,False,True,2025-09-08
entails,commA FACE,10000 list,0,0,False,True,2025-09-08
entertain,DRESS lettER FACE,10000 list,0,3,True,True,2025-09-08
entertained,DRESS lettER FACE,10000 list,0,3,True,True,2025-09-08
entertains,DRESS lettER FACE,10000 list,0,3,True,True,2025-09-08
entirety,commA PRICE lettER happY,10000 list,0,1,False,True,2025-09-08
entitle,commA PRICE,10000 list,0,0,True,True,2025-09-08
entitles,commA PRICE,10000 list,0,1,False,True,2025-09-08
entitling,commA PRICE,10000 list,0,1,True,True,2025-09-08
envisage,commA KIT,10000 list,0,1,False,True,2025-09-08
envisaged,commA KIT,10000 list,0,1,False,True,2025-09-08
envisages,commA KIT,10000 list,0,1,False,True,2025-09-08
envisaging,NOT_IN_CMU_DICT,10000 list,0,500,False,True,2025-09-08
equate,commA FACE,10000 list,0,0,False,True,2025-09-08
equip,commA KIT,10000 list,0,0,False,True,2025-09-08
equipping,commA KIT,10000 list,0,0,False,True,2025-09-08
equips,commA KIT,10000 list,0,0,False,True,2025-09-08
erase,commA FACE,10000 list,0,0,True,True,2025-09-08
erases,commA FACE,10000 list,0,0,True,True,2025-09-08
ergo,NURSE GOAT,10000 list,0,0,False,True,2025-09-08
err,SQUARE,10000 list,0,0,True,True,2025-09-08
err,NURSE,10000 list,0,0,True,True,2025-09-08
erroneous,SQUARE GOAT happY commA,10000 list,0,1,True,True,2025-09-08
erroneous,lettER GOAT happY commA,10000 list,0,1,True,True,2025-09-08
escaped,commA FACE,10000 list,0,0,False,True,2025-09-08
esoteric,DRESS commA SQUARE,10000 list,0,13,True,True,2025-09-08
esoteric,DRESS GOAT SQUARE commA,10000 list,0,13,True,True,2025-09-08
establishes,commA TRAP,10000 list,0,1,False,True,2025-09-08
eternity,commA NURSE happY,10000 list,0,1,True,True,2025-09-08
ethic,DRESS commA,10000 list,0,3,False,True,2025-09-08
etymology,DRESS commA ambiguous_LOT_PALM happY,10000 list,0,109,True,True,2025-09-08
evenly,FLEECE commA happY,10000 list,0,1,False,True,2025-09-08
eventual,commA DRESS,10000 list,0,3,True,True,2025-09-08
evidently,DRESS commA happY,10000 list,0,4,False,True,2025-09-08
evolutionary,DRESS commA GOOSE SQUARE happY,10000 list,0,11,True,True,2025-09-08
evolutionary,FLEECE commA GOOSE SQUARE happY,10000 list,0,11,True,True,2025-09-08
evolutionary,DRESS GOAT GOOSE commA SQUARE happY,10000 list,0,11,True,True,2025-09-08
evolutionary,FLEECE GOAT GOOSE commA SQUARE happY,10000 list,0,11,True,True,2025-09-08
evolved,commA LOT,10000 list,0,5,True,True,2025-09-08
evolves,commA LOT,10000 list,0,5,True,True,2025-09-08
evolving,commA ambiguous_LOT_PALM,10000 list,0,105,True,True,2025-09-08
exaggerate,commA TRAP lettER FACE,10000 list,0,1,False,True,2025-09-08
exaggerates,commA TRAP lettER FACE,10000 list,0,1,False,True,2025-09-08
exaggerating,commA TRAP lettER FACE,10000 list,0,1,False,True,2025-09-08
examiner,commA ambiguous_TRAP_BATH lettER,10000 list,0,105,False,True,2025-09-08
exceedingly,commA FLEECE happY,10000 list,0,1,False,True,2025-09-08
exceptionally,commA DRESS happY,10000 list,0,4,True,True,2025-09-08
excessively,commA DRESS happY,10000 list,0,4,False,True,2025-09-08
exchanged,commA FACE,10000 list,0,0,False,True,2025-09-08
excite,commA PRICE,10000 list,0,0,False,True,2025-09-08
excites,commA PRICE,10000 list,0,0,False,True,2025-09-08
exclamation,DRESS commA FACE,10000 list,0,3,False,True,2025-09-08
excuses,commA GOOSE,10000 list,0,0,True,True,2025-09-08
executable,NOT_IN_CMU_DICT,10000 list,0,500,False,True,2025-09-08
exercised,DRESS lettER PRICE,10000 list,0,3,False,True,2025-09-08
exhaustive,commA THOUGHT,10000 list,0,5,False,True,2025-09-08
expedition,DRESS commA KIT,10000 list,0,3,False,True,2025-09-08
experimentally,commA SQUARE DRESS happY,10000 list,0,14,False,True,2025-09-08
experimentation,commA SQUARE FACE,10000 list,0,10,False,True,2025-09-08
expire,commA PRICE,10000 list,0,0,False,True,2025-09-08
expiring,commA PRICE,10000 list,0,0,False,True,2025-09-08
expiry,DRESS PRICE happY,10000 list,0,4,False,True,2025-09-08
explanatory,commA ambiguous_TRAP_BATH CLOTH happY,10000 list,0,111,False,True,2025-09-08
exploded,commA GOAT,10000 list,0,0,True,True,2025-09-08
explodes,commA GOAT,10000 list,0,0,False,True,2025-09-08
exploding,commA GOAT,10000 list,0,0,False,True,2025-09-08
explored,commA FORCE,10000 list,0,5,False,True,2025-09-08
explosive,commA GOAT,10000 list,0,0,False,True,2025-09-08
exponential,DRESS GOAT commA,10000 list,0,6,False,True,2025-09-08
exposes,commA GOAT,10000 list,0,0,False,True,2025-09-08
expresses,commA DRESS,10000 list,0,3,True,True,2025-09-08
expressway,commA DRESS FACE,10000 list,0,3,False,True,2025-09-08
expressways,NOT_IN_CMU_DICT,10000 list,0,500,False,True,2025-09-08
extant,DRESS commA,10000 list,0,3,False,True,2025-09-08
extensively,commA DRESS happY,10000 list,0,4,False,True,2025-09-08
externally,commA NURSE happY,10000 list,0,1,False,True,2025-09-08
extinction,commA KIT,10000 list,0,0,True,True,2025-09-08
extraneous,commA FACE happY,10000 list,0,2,False,True,2025-09-08
extraordinarily,commA ambiguous_NORTH_FORCE SQUARE happY,10000 list,0,17,False,True,2025-09-08
extremist,commA FLEECE,10000 list,0,1,False,True,2025-09-08
factual,TRAP commA,10000 list,0,1,False,True,2025-09-08
factually,TRAP commA happY,10000 list,0,2,False,True,2025-09-08
faint,FACE,10000 list,0,0,False,True,2025-09-08
fainter,FACE lettER,10000 list,0,0,False,True,2025-09-08
faintest,FACE commA,10000 list,0,0,False,True,2025-09-08
fallacious,commA FACE,10000 list,0,0,False,True,2025-09-08
fallacy,ambiguous_TRAP_BATH commA happY,10000 list,0,106,False,True,2025-09-08
familiarity,commA KIT SQUARE happY,10000 list,0,11,False,True,2025-09-08
famine,ambiguous_TRAP_BATH commA,10000 list,0,105,False,True,2025-09-08
farce,START,10000 list,0,1,False,True,2025-09-08
fascinate,TRAP commA FACE,10000 list,0,5,False,True,2025-09-08
fascinated,ambiguous_TRAP_BATH commA FACE,10000 list,0,105,True,True,2025-09-08
fascinates,ambiguous_TRAP_BATH commA FACE,10000 list,0,105,False,True,2025-09-08
fascist,ambiguous_TRAP_BATH commA,10000 list,0,105,False,True,2025-09-08
fatuous,TRAP commA,10000 list,0,1,False,True,2025-09-08
faucet,THOUGHT commA,10000 list,0,5,False,True,2025-09-08
faulty,THOUGHT happY,10000 list,0,2,False,True,2025-09-08
feasibility,FLEECE commA KIT happY,10000 list,0,1,False,True,2025-09-08
feasible,FLEECE commA,10000 list,0,0,False,True,2025-09-08
feminist,DRESS commA,10000 list,0,3,False,True,2025-09-08
feminists,DRESS commA,10000 list,0,3,False,True,2025-09-08
fender,DRESS lettER,10000 list,0,3,False,True,2025-09-08
fenders,DRESS lettER,10000 list,0,3,False,True,2025-09-08
fictional,KIT commA,10000 list,0,0,False,True,2025-09-08
fiddle,KIT commA,10000 list,0,0,False,True,2025-09-08
fiddled,KIT commA,10000 list,0,0,False,True,2025-09-08
fiddles,KIT commA,10000 list,0,0,False,True,2025-09-08
fiddling,KIT commA,10000 list,0,0,False,True,2025-09-08
filthy,KIT happY,10000 list,0,1,False,True,2025-09-08
finalize,PRICE commA,10000 list,0,0,False,True,2025-09-08
finalized,PRICE commA,10000 list,0,0,False,True,2025-09-08
finalizes,PRICE commA,10000 list,0,0,False,True,2025-09-08
finalizing,PRICE commA,10000 list,0,0,False,True,2025-09-08
finishes,KIT commA,10000 list,0,0,False,True,2025-09-08
firework,PRICE NURSE,10000 list,0,0,False,True,2025-09-08
fireworks,PRICE NURSE,10000 list,0,0,False,True,2025-09-08
firmly,NURSE happY,10000 list,0,1,False,True,2025-09-08
firstly,NURSE happY,10000 list,0,1,False,True,2025-09-08
fishes,KIT commA,10000 list,0,0,True,True,2025-09-08
fiver,NOT_IN_CMU_DICT,10000 list,0,500,False,True,2025-09-08
fizzy,NOT_IN_CMU_DICT,10000 list,0,500,False,True,2025-09-08
flashes,ambiguous_TRAP_BATH commA,10000 list,0,105,False,True,2025-09-08
flaw,THOUGHT,10000 list,0,5,False,True,2025-09-08
flawing,NOT_IN_CMU_DICT,10000 list,0,500,False,True,2025-09-08
flew,GOOSE,10000 list,0,0,False,True,2025-09-08
flied,PRICE,10000 list,0,0,False,True,2025-09-08
flies,PRICE,10000 list,0,0,False,True,2025-09-08
flown,GOAT,10000 list,0,0,False,True,2025-09-08
fluctuation,STRUT commA FACE,10000 list,0,1,False,True,2025-09-08
fluctuations,STRUT commA FACE,10000 list,0,1,False,True,2025-09-08
flushes,STRUT commA,10000 list,0,1,False,True,2025-09-08
flute,GOOSE,10000 list,0,0,False,True,2025-09-08
fond,LOT,10000 list,0,5,False,True,2025-09-08
foolish,GOOSE commA,10000 list,0,0,False,True,2025-09-08
footnote,FOOT GOAT,10000 list,0,0,False,True,2025-09-08
footnotes,FOOT GOAT,10000 list,0,0,False,True,2025-09-08
forbade,lettER FACE,10000 list,0,0,False,True,2025-09-08
forbid,lettER KIT,10000 list,0,1,True,True,2025-09-08
forbid,THOUGHT KIT,10000 list,0,1,True,True,2025-09-08
forbidding,lettER KIT commA,10000 list,0,1,True,True,2025-09-08
forbidding,THOUGHT KIT commA,10000 list,0,1,True,True,2025-09-08
forbids,lettER KIT,10000 list,0,1,True,True,2025-09-08
forbids,THOUGHT KIT,10000 list,0,1,True,True,2025-09-08
forcibly,ambiguous_NORTH_FORCE commA happY,10000 list,0,6,False,True,2025-09-08
foreseeable,FORCE FLEECE commA,10000 list,0,5,False,True,2025-09-08
forgave,lettER FACE,10000 list,0,0,False,True,2025-09-08
forgiven,lettER KIT commA,10000 list,0,105,True,True,2025-09-08
forgiven,ambiguous_THOUGHT_CLOTH_NORTH_FORCE KIT commA,10000 list,0,105,True,True,2025-09-08
formally,ambiguous_NORTH_FORCE commA happY,10000 list,0,106,False,True,2025-09-08
formulae,ambiguous_NORTH_FORCE commA FACE,10000 list,0,105,False,True,2025-09-08
formulation,ambiguous_NORTH_FORCE commA FACE,10000 list,0,105,True,True,2025-09-08
forthcoming,ambiguous_NORTH_FORCE STRUT commA,10000 list,0,106,False,True,2025-09-08
fortnight,ambiguous_NORTH_FORCE PRICE,10000 list,0,105,False,True,2025-09-08
fortunate,ambiguous_NORTH_FORCE commA,10000 list,0,105,True,True,2025-09-08
fortunately,ambiguous_NORTH_FORCE commA happY,10000 list,0,106,True,True,2025-09-08
fourteen,ambiguous_NORTH_FORCE FLEECE,10000 list,0,105,True,True,2025-09-08
fragment,TRAP commA,10000 list,0,1,False,True,2025-09-08
frankly,TRAP happY,10000 list,0,6,False,True,2025-09-08
frantic,ambiguous_TRAP_BATH commA,10000 list,0,105,False,True,2025-09-08
freed,FLEECE,10000 list,0,0,False,True,2025-09-08
freeway,FLEECE FACE,10000 list,0,0,False,True,2025-09-08
freeways,FLEECE FACE,10000 list,0,0,False,True,2025-09-08
friction,KIT commA,10000 list,0,0,False,True,2025-09-08
fries,PRICE,10000 list,0,0,False,True,2025-09-08
frighten,PRICE commA,10000 list,0,0,False,True,2025-09-08
frightened,PRICE commA,10000 list,0,0,False,True,2025-09-08
frightening,PRICE commA,10000 list,0,0,True,True,2025-09-08
frightens,PRICE commA,10000 list,0,0,False,True,2025-09-08
fringe,KIT,10000 list,0,0,False,True,2025-09-08
frivolous,KIT commA,10000 list,0,0,False,True,2025-09-08
frown,MOUTH,10000 list,0,0,False,True,2025-09-08
frowned,MOUTH,10000 list,0,0,False,True,2025-09-08
frowning,MOUTH commA,10000 list,0,0,False,True,2025-09-08
frowns,MOUTH,10000 list,0,0,False,True,2025-09-08
froze,GOAT,10000 list,0,0,False,True,2025-09-08
frustrated,STRUT FACE commA,10000 list,0,1,False,True,2025-09-08
fry,PRICE,10000 list,0,0,False,True,2025-09-08
frying,PRICE commA,10000 list,0,0,False,True,2025-09-08
fulfill,commA KIT,10000 list,0,0,False,True,2025-09-08
fulfilled,commA KIT,10000 list,0,0,False,True,2025-09-08
fulfilling,commA KIT,10000 list,0,0,False,True,2025-09-08
fulfills,commA KIT,10000 list,0,0,False,True,2025-09-08
fume,GOOSE,10000 list,0,0,False,True,2025-09-08
fumes,GOOSE,10000 list,0,0,False,True,2025-09-08
fundamentalist,STRUT commA DRESS,10000 list,0,4,True,True,2025-09-08
fundamentally,STRUT commA DRESS happY,10000 list,0,5,True,True,2025-09-08
funnier,STRUT happY lettER,10000 list,0,2,False,True,2025-09-08
funniest,STRUT happY commA,10000 list,0,2,False,True,2025-09-08
fuse,GOOSE,10000 list,0,0,False,True,2025-09-08
fuss,STRUT,10000 list,0,1,False,True,2025-09-08
fussy,STRUT happY,10000 list,0,2,False,True,2025-09-08
futile,GOOSE commA,10000 list,0,0,False,True,2025-09-08
galactic,commA TRAP,10000 list,0,1,False,True,2025-09-08
garble,START commA,10000 list,0,1,False,True,2025-09-08
garbled,START commA,10000 list,0,1,False,True,2025-09-08
garbles,START commA,10000 list,0,1,False,True,2025-09-08
garbling,START commA,10000 list,0,1,False,True,2025-09-08
gasp,BATH,10000 list,0,5,False,True,2025-09-08
generalization,DRESS lettER commA FACE,10000 list,0,3,True,True,2025-09-08
generalization,DRESS commA FACE,10000 list,0,3,True,True,2025-09-08
generalizations,DRESS lettER commA FACE,10000 list,0,3,True,True,2025-09-08
generalizations,DRESS commA FACE,10000 list,0,3,True,True,2025-09-08
generalize,DRESS lettER commA PRICE,10000 list,0,3,False,True,2025-09-08
generalized,DRESS lettER commA PRICE,10000 list,0,3,True,True,2025-09-08
generalized,DRESS commA PRICE,10000 list,0,3,True,True,2025-09-08
generalizes,NOT_IN_CMU_DICT,10000 list,0,500,False,True,2025-09-08
generalizing,DRESS lettER commA PRICE,10000 list,0,3,True,True,2025-09-08
generalizing,DRESS commA PRICE,10000 list,0,3,True,True,2025-09-08
genetically,commA DRESS happY,10000 list,0,4,False,True,2025-09-08
genocide,DRESS commA PRICE,10000 list,0,3,False,True,2025-09-08
gentlemen,DRESS commA,10000 list,0,3,True,True,2025-09-08
genuinely,DRESS commA happY,10000 list,0,4,True,True,2025-09-08
genuinely,DRESS GOOSE PRICE happY,10000 list,0,4,True,True,2025-09-08
gibberish,KIT lettER commA,10000 list,0,0,False,True,2025-09-08
gin,KIT,10000 list,0,0,False,True,2025-09-08
gladly,TRAP happY,10000 list,0,2,False,True,2025-09-08
glean,FLEECE,10000 list,0,0,False,True,2025-09-08
gleaned,FLEECE,10000 list,0,0,False,True,2025-09-08
gleaning,NOT_IN_CMU_DICT,10000 list,0,500,False,True,2025-09-08
gleans,NOT_IN_CMU_DICT,10000 list,0,500,False,True,2025-09-08
globally,GOAT commA happY,10000 list,0,1,False,True,2025-09-08
glue,GOOSE,10000 list,0,0,False,True,2025-09-08
goldfish,GOAT KIT,10000 list,0,0,False,True,2025-09-08
goldfishes,NOT_IN_CMU_DICT,10000 list,0,500,False,True,2025-09-08
goodbye,FOOT PRICE,10000 list,0,0,False,True,2025-09-08
goody,FOOT happY,10000 list,0,1,False,True,2025-09-08
govern,STRUT lettER,10000 list,0,1,False,True,2025-09-08
governed,STRUT lettER,10000 list,0,1,False,True,2025-09-08
governs,STRUT lettER,10000 list,0,1,False,True,2025-09-08
gown,MOUTH,10000 list,0,0,False,True,2025-09-08
graffito,NOT_IN_CMU_DICT,10000 list,0,500,False,True,2025-09-08
grammatical,commA TRAP,10000 list,0,1,True,True,2025-09-08
grasp,BATH,10000 list,0,5,False,True,2025-09-08
gratefully,FACE commA happY,10000 list,0,1,False,True,2025-09-08
gratuitous,commA GOOSE,10000 list,0,0,False,True,2025-09-08
gratuitously,commA GOOSE happY,10000 list,0,1,False,True,2025-09-08
gravitational,ambiguous_TRAP_BATH commA FACE,10000 list,0,105,False,True,2025-09-08
greasy,FLEECE happY,10000 list,0,1,False,True,2025-09-08
greed,FLEECE,10000 list,0,0,False,True,2025-09-08
greedy,FLEECE happY,10000 list,0,1,False,True,2025-09-08
grief,FLEECE,10000 list,0,0,False,True,2025-09-08
grim,KIT,10000 list,0,0,False,True,2025-09-08
grind,PRICE,10000 list,0,0,False,True,2025-09-08
grinding,PRICE commA,10000 list,0,0,False,True,2025-09-08
grinds,PRICE,10000 list,0,0,False,True,2025-09-08
groan,GOAT,10000 list,0,0,False,True,2025-09-08
grosses,GOAT commA,10000 list,0,0,False,True,2025-09-08
grossly,GOAT happY,10000 list,0,1,False,True,2025-09-08
guesses,DRESS commA,10000 list,0,3,True,True,2025-09-08
guilt,KIT,10000 list,0,0,False,True,2025-09-08
gullible,STRUT commA,10000 list,0,1,False,True,2025-09-08
gum,STRUT,10000 list,0,1,False,True,2025-09-08
gutter,STRUT lettER,10000 list,0,1,False,True,2025-09-08
halve,BATH,10000 list,0,5,False,True,2025-09-08
handler,ambiguous_TRAP_BATH lettER,10000 list,0,105,True,True,2025-09-08
handler,ambiguous_TRAP_BATH commA lettER,10000 list,0,105,True,True,2025-09-08
hangover,ambiguous_TRAP_BATH GOAT lettER,10000 list,0,105,False,True,2025-09-08
happier,TRAP happY lettER,10000 list,0,2,False,True,2025-09-08
happiest,TRAP happY commA,10000 list,0,2,False,True,2025-09-08
happily,TRAP commA happY,10000 list,0,2,False,True,2025-09-08
hardback,START TRAP,10000 list,0,2,False,True,2025-09-08
harden,START commA,10000 list,0,1,False,True,2025-09-08
hardened,START commA,10000 list,0,1,False,True,2025-09-08
hardening,START commA,10000 list,0,1,True,True,2025-09-08
hardens,START commA,10000 list,0,1,False,True,2025-09-08
hardship,START commA,10000 list,0,1,False,True,2025-09-08
harmless,START commA,10000 list,0,1,False,True,2025-09-08
hassle,TRAP commA,10000 list,0,5,False,True,2025-09-08
hasten,FACE commA,10000 list,0,0,False,True,2025-09-08
hasty,FACE happY,10000 list,0,1,False,True,2025-09-08
hatred,FACE commA,10000 list,0,0,False,True,2025-09-08
haven't,TRAP commA,10000 list,0,5,True,True,2025-09-08
havoc,TRAP commA,10000 list,0,5,False,True,2025-09-08
hazy,FACE happY,10000 list,0,1,False,True,2025-09-08
heartily,START commA happY,10000 list,0,2,False,True,2025-09-08
heavier,DRESS happY lettER,10000 list,0,4,False,True,2025-09-08
heaviest,DRESS happY commA,10000 list,0,4,False,True,2025-09-08
helpless,DRESS commA,10000 list,0,3,False,True,2025-09-08
henceforth,DRESS ambiguous_NORTH_FORCE,10000 list,0,8,False,True,2025-09-08
heresy,SQUARE commA happY,10000 list,0,11,False,True,2025-09-08
heroic,commA GOAT,10000 list,0,0,False,True,2025-09-08
heroin,SQUARE GOAT commA,10000 list,0,10,False,True,2025-09-08
hes,NOT_IN_CMU_DICT,10000 list,0,500,False,True,2025-09-08
hesitate,DRESS commA FACE,10000 list,0,3,False,True,2025-09-08
heterosexual,DRESS lettER GOAT commA,10000 list,0,6,False,True,2025-09-08
hexadecimal,NOT_IN_CMU_DICT,10000 list,0,500,False,True,2025-09-08
hid,KIT,10000 list,0,0,False,True,2025-09-08
hided,NOT_IN_CMU_DICT,10000 list,0,500,False,True,2025-09-08
hideous,KIT happY commA,10000 list,0,1,False,True,2025-09-08
hideously,KIT happY commA,10000 list,0,2,False,True,2025-09-08
hierarchical,PRICE START commA,10000 list,0,1,False,True,2025-09-08
historically,commA CLOTH happY,10000 list,0,6,True,True,2025-09-08
hitherto,KIT NURSE GOOSE,10000 list,0,0,False,True,2025-09-08
homosexuality,GOAT DRESS commA ambiguous_TRAP_BATH FLEECE,10000 list,0,108,False,True,2025-09-08
honestly,LOT commA happY,10000 list,0,6,True,True,2025-09-08
honesty,LOT commA happY,10000 list,0,6,False,True,2025-09-08
honorary,LOT lettER SQUARE happY,10000 list,0,16,False,True,2025-09-08
hopeful,GOAT commA,10000 list,0,0,False,True,2025-09-08
hopeless,GOAT commA,10000 list,0,0,False,True,2025-09-08
hopelessly,GOAT commA happY,10000 list,0,1,False,True,2025-09-08
horizontally,CLOTH commA PALM happY,10000 list,0,11,True,True,2025-09-08
horizontally,CLOTH commA THOUGHT happY,10000 list,0,11,True,True,2025-09-08
horrendous,CLOTH DRESS commA,10000 list,0,8,False,True,2025-09-08
horrendously,ambiguous_NORTH_FORCE DRESS commA happY,10000 list,0,9,False,True,2025-09-08
horribly,CLOTH commA happY,10000 list,0,6,False,True,2025-09-08
horrific,ambiguous_NORTH_FORCE KIT commA,10000 list,0,5,False,True,2025-09-08
horrified,CLOTH commA PRICE,10000 list,0,5,False,True,2025-09-08
housed,MOUTH,10000 list,0,0,False,True,2025-09-08
huh,STRUT,10000 list,0,1,False,True,2025-09-08
hum,STRUT,10000 list,0,1,False,True,2025-09-08
humble,STRUT commA,10000 list,0,1,False,True,2025-09-08
humbly,STRUT happY,10000 list,0,2,False,True,2025-09-08
humorous,GOOSE lettER commA,10000 list,0,0,False,True,2025-09-08
hypocrisy,commA ambiguous_LOT_PALM happY,10000 list,0,106,False,True,2025-09-08
hypocrite,KIT commA,10000 list,0,0,False,True,2025-09-08
hypocritical,KIT commA,10000 list,0,0,False,True,2025-09-08
hysterical,commA SQUARE,10000 list,0,10,False,True,2025-09-08
idealistic,PRICE FLEECE commA KIT,10000 list,0,0,False,True,2025-09-08
identically,NOT_IN_CMU_DICT,10000 list,0,500,False,True,2025-09-08
ideological,PRICE happY commA LOT,10000 list,0,6,False,True,2025-09-08
ideology,PRICE happY LOT commA,10000 list,0,7,False,True,2025-09-08
idiom,KIT happY commA,10000 list,0,1,False,True,2025-09-08
idiosyncratic,KIT happY GOAT TRAP commA,10000 list,0,2,False,True,2025-09-08
idiot,KIT FLEECE commA,10000 list,0,0,False,True,2025-09-08
idiotic,KIT happY LOT commA,10000 list,0,6,False,True,2025-09-08
idiots,KIT FLEECE commA,10000 list,0,0,False,True,2025-09-08
ignorance,KIT lettER commA,10000 list,0,0,False,True,2025-09-08
ignorant,KIT lettER commA,10000 list,0,0,False,True,2025-09-08
illegally,KIT FLEECE commA happY,10000 list,0,1,False,True,2025-09-08
illiterate,KIT lettER commA,10000 list,0,0,False,True,2025-09-08
illogical,KIT PALM commA,10000 list,0,5,False,True,2025-09-08
illustrates,KIT commA FACE,10000 list,0,0,False,True,2025-09-08
illustrating,KIT commA FACE,10000 list,0,0,False,True,2025-09-08
imaginative,KIT TRAP commA,10000 list,0,1,False,True,2025-09-08
imagined,KIT TRAP commA,10000 list,0,1,False,True,2025-09-08
imbalance,commA TRAP,10000 list,0,5,False,True,2025-09-08
immense,KIT DRESS,10000 list,0,3,False,True,2025-09-08
immensely,KIT DRESS happY,10000 list,0,4,False,True,2025-09-08
imminent,KIT commA,10000 list,0,0,False,True,2025-09-08
immoral,KIT CLOTH commA,10000 list,0,5,False,True,2025-09-08
immortal,KIT ambiguous_NORTH_FORCE commA,10000 list,0,5,False,True,2025-09-08
impair,KIT SQUARE,10000 list,0,10,False,True,2025-09-08
impairing,KIT SQUARE commA,10000 list,0,10,False,True,2025-09-08
impairs,KIT SQUARE,10000 list,0,10,False,True,2025-09-08
impend,KIT DRESS,10000 list,0,3,False,True,2025-09-08
impended,NOT_IN_CMU_DICT,10000 list,0,500,False,True,2025-09-08
impending,KIT DRESS commA,10000 list,0,3,False,True,2025-09-08
impends,NOT_IN_CMU_DICT,10000 list,0,500,False,True,2025-09-08
imperative,KIT SQUARE commA,10000 list,0,10,False,True,2025-09-08
impersonal,KIT NURSE commA,10000 list,0,0,False,True,2025-09-08
implausible,KIT THOUGHT commA,10000 list,0,1,False,True,2025-09-08
implicit,KIT commA,10000 list,0,0,False,True,2025-09-08
implicitly,KIT commA happY,10000 list,0,1,False,True,2025-09-08
implying,KIT PRICE commA,10000 list,0,0,False,True,2025-09-08
impractical,KIT TRAP commA,10000 list,0,1,True,True,2025-09-08
impresses,KIT DRESS commA,10000 list,0,3,False,True,2025-09-08
impressing,KIT DRESS commA,10000 list,0,3,False,True,2025-09-08
imprison,KIT commA,10000 list,0,0,False,True,2025-09-08
imprisoned,KIT commA,10000 list,0,0,False,True,2025-09-08
imprisoning,KIT commA,10000 list,0,0,False,True,2025-09-08
imprisons,KIT commA,10000 list,0,0,False,True,2025-09-08
improbable,KIT ambiguous_LOT_PALM commA,10000 list,0,105,False,True,2025-09-08
inability,KIT commA happY,10000 list,0,1,False,True,2025-09-08
inaccessible,KIT commA DRESS,10000 list,0,3,False,True,2025-09-08
inaccuracies,KIT TRAP lettER ambiguous_TRAP_BATH happY,10000 list,0,107,False,True,2025-09-08
inaccuracy,KIT TRAP lettER commA happY,10000 list,0,2,False,True,2025-09-08
inadequate,KIT TRAP commA,10000 list,0,1,True,True,2025-09-08
inadequate,KIT TRAP commA FACE,10000 list,0,1,True,True,2025-09-08
inadvertently,KIT commA NURSE happY,10000 list,0,2,True,True,2025-09-08
inadvertently,KIT TRAP NURSE commA happY,10000 list,0,2,True,True,2025-09-08
inane,KIT FACE,10000 list,0,0,False,True,2025-09-08
incapable,KIT FACE commA,10000 list,0,0,False,True,2025-09-08
incidental,KIT commA DRESS,10000 list,0,3,False,True,2025-09-08
incidentally,KIT commA DRESS happY,10000 list,0,4,True,True,2025-09-08
inclination,KIT commA FACE,10000 list,0,0,False,True,2025-09-08
incline,KIT PRICE,10000 list,0,0,True,True,2025-09-08
inclined,KIT PRICE,10000 list,0,0,False,True,2025-09-08
inclines,KIT PRICE,10000 list,0,0,True,True,2025-09-08
inclining,NOT_IN_CMU_DICT,10000 list,0,500,False,True,2025-09-08
incoherent,KIT GOAT NEAR commA,10000 list,0,10,False,True,2025-09-08
incompatible,KIT commA TRAP,10000 list,0,1,False,True,2025-09-08
incompetence,KIT ambiguous_LOT_PALM commA,10000 list,0,105,False,True,2025-09-08
incompetent,KIT ambiguous_LOT_PALM commA,10000 list,0,105,False,True,2025-09-08
incomprehensible,KIT ambiguous_LOT_PALM commA DRESS,10000 list,0,108,False,True,2025-09-08
inconsistencies,KIT ambiguous_LOT_PALM commA DRESS happY,10000 list,0,109,False,True,2025-09-08
inconsistency,KIT commA happY,10000 list,0,1,False,True,2025-09-08
inconsistent,KIT commA,10000 list,0,0,False,True,2025-09-08
inconvenience,KIT commA FLEECE,10000 list,0,0,False,True,2025-09-08
inconvenienced,KIT commA FLEECE,10000 list,0,0,False,True,2025-09-08
inconveniences,KIT commA FLEECE,10000 list,0,0,False,True,2025-09-08
inconveniencing,NOT_IN_CMU_DICT,10000 list,0,500,False,True,2025-09-08
inconvenient,KIT commA FLEECE,10000 list,0,0,False,True,2025-09-08
incorrectly,KIT lettER DRESS happY,10000 list,0,4,False,True,2025-09-08
incredibly,KIT DRESS commA happY,10000 list,0,4,False,True,2025-09-08
increment,KIT commA,10000 list,0,0,False,True,2025-09-08
indefensible,KIT commA DRESS,10000 list,0,3,False,True,2025-09-08
indefinite,KIT DRESS commA,10000 list,0,3,False,True,2025-09-08
indefinitely,KIT DRESS commA happY,10000 list,0,4,False,True,2025-09-08
indent,KIT DRESS,10000 list,0,3,False,True,2025-09-08
indeterminate,KIT commA NURSE,10000 list,0,0,False,True,2025-09-08
indicative,KIT commA,10000 list,0,0,False,True,2025-09-08
indictment,KIT PRICE commA,10000 list,0,0,False,True,2025-09-08
indirection,NOT_IN_CMU_DICT,10000 list,0,500,False,True,2025-09-08
indirectly,KIT lettER DRESS FLEECE,10000 list,0,3,False,True,2025-09-08
indistinguishable,KIT commA,10000 list,0,0,False,True,2025-09-08
indulge,KIT STRUT,10000 list,0,1,False,True,2025-09-08
indulged,KIT STRUT,10000 list,0,1,False,True,2025-09-08
indulges,KIT STRUT commA,10000 list,0,1,False,True,2025-09-08
indulging,KIT STRUT commA,10000 list,0,1,False,True,2025-09-08
ineffective,KIT commA DRESS,10000 list,0,3,False,True,2025-09-08
inefficiency,KIT commA happY,10000 list,0,1,False,True,2025-09-08
inefficient,KIT commA,10000 list,0,0,False,True,2025-09-08
inequality,KIT commA LOT happY,10000 list,0,7,True,True,2025-09-08
inequality,KIT happY LOT commA,10000 list,0,7,True,True,2025-09-08
inevitable,KIT DRESS commA,10000 list,0,3,False,True,2025-09-08
inevitably,KIT DRESS commA happY,10000 list,0,4,False,True,2025-09-08
inexperienced,commA NEAR happY,10000 list,0,11,False,True,2025-09-08
infallible,KIT ambiguous_TRAP_BATH commA,10000 list,0,105,False,True,2025-09-08
infamous,KIT commA,10000 list,0,0,False,True,2025-09-08
infantile,KIT commA,10000 list,0,0,False,True,2025-09-08
infect,KIT DRESS,10000 list,0,3,False,True,2025-09-08
infecting,KIT DRESS commA,10000 list,0,3,False,True,2025-09-08
infects,KIT DRESS,10000 list,0,3,False,True,2025-09-08
infelicity,NOT_IN_CMU_DICT,10000 list,0,500,False,True,2025-09-08
inference,KIT lettER commA,10000 list,0,0,False,True,2025-09-08
inferior,KIT NEAR happY lettER,10000 list,0,11,False,True,2025-09-08
inferiority,KIT commA happY CLOTH FLEECE,10000 list,0,6,False,True,2025-09-08
infinitely,KIT commA happY,10000 list,0,1,False,True,2025-09-08
infinity,KIT commA happY,10000 list,0,1,False,True,2025-09-08
inflexible,KIT DRESS commA,10000 list,0,3,False,True,2025-09-08
inflict,KIT,10000 list,0,0,False,True,2025-09-08
influential,KIT commA DRESS,10000 list,0,3,False,True,2025-09-08
informally,KIT ambiguous_NORTH_FORCE commA happY,10000 list,0,6,False,True,2025-09-08
infrequent,KIT FLEECE commA,10000 list,0,0,False,True,2025-09-08
ingenious,KIT FLEECE commA,10000 list,0,0,False,True,2025-09-08
inhabit,KIT TRAP commA,10000 list,0,1,False,True,2025-09-08
inhabitant,commA TRAP,10000 list,0,1,True,True,2025-09-08
inhabitants,commA TRAP,10000 list,0,1,True,True,2025-09-08
inhabited,KIT TRAP commA,10000 list,0,1,False,True,2025-09-08
inhabiting,commA TRAP,10000 list,0,1,False,True,2025-09-08
inhabits,commA TRAP,10000 list,0,1,False,True,2025-09-08
inherent,commA NEAR,10000 list,0,10,True,True,2025-09-08
inherent,commA SQUARE,10000 list,0,10,True,True,2025-09-08
inherently,commA NEAR happY,10000 list,0,11,True,True,2025-09-08
inherently,commA SQUARE happY,10000 list,0,11,True,True,2025-09-08
inherit,KIT SQUARE commA,10000 list,0,10,False,True,2025-09-08
inheritance,KIT SQUARE commA,10000 list,0,10,False,True,2025-09-08
inheriting,KIT SQUARE commA,10000 list,0,10,False,True,2025-09-08
inherits,KIT SQUARE commA,10000 list,0,10,False,True,2025-09-08
inhibit,KIT commA,10000 list,0,0,False,True,2025-09-08
inhibited,KIT commA,10000 list,0,0,False,True,2025-09-08
inhibiting,KIT commA,10000 list,0,0,False,True,2025-09-08
inhibition,KIT commA,10000 list,0,0,True,True,2025-09-08
inhibits,KIT commA,10000 list,0,0,False,True,2025-09-08
initialization,NOT_IN_CMU_DICT,10000 list,0,500,False,True,2025-09-08
initialize,KIT commA PRICE,10000 list,0,0,False,True,2025-09-08
initialized,KIT commA PRICE,10000 list,0,0,False,True,2025-09-08
initializes,NOT_IN_CMU_DICT,10000 list,0,500,False,True,2025-09-08
initializing,NOT_IN_CMU_DICT,10000 list,0,500,False,True,2025-09-08
initiate,KIT happY FACE,10000 list,0,1,False,True,2025-09-08
initiates,KIT happY commA,10000 list,0,1,False,True,2025-09-08
initiating,KIT happY FACE commA,10000 list,0,1,False,True,2025-09-08
inject,KIT DRESS,10000 list,0,3,False,True,2025-09-08
injure,KIT lettER,10000 list,0,0,False,True,2025-09-08
injures,KIT lettER,10000 list,0,0,False,True,2025-09-08
injuring,KIT lettER commA,10000 list,0,0,False,True,2025-09-08
injustice,KIT STRUT commA,10000 list,0,1,False,True,2025-09-08
innocence,KIT commA,10000 list,0,0,False,True,2025-09-08
inquired,KIT PRICE lettER,10000 list,0,0,False,True,2025-09-08
insect,KIT DRESS,10000 list,0,3,False,True,2025-09-08
insecure,KIT commA lettER,10000 list,0,0,False,True,2025-09-08
insensitive,KIT DRESS commA,10000 list,0,3,True,True,2025-09-08
insidious,KIT FLEECE commA,10000 list,0,0,False,True,2025-09-08
insignificant,KIT commA,10000 list,0,0,False,True,2025-09-08
insisted,KIT commA,10000 list,0,0,True,True,2025-09-08
insistence,KIT commA,10000 list,0,0,False,True,2025-09-08
insisting,KIT commA,10000 list,0,0,False,True,2025-09-08
insists,KIT,10000 list,0,0,False,True,2025-09-08
insofar,KIT commA START,10000 list,0,1,False,True,2025-09-08
inspect,KIT DRESS,10000 list,0,3,False,True,2025-09-08
inspected,KIT DRESS commA,10000 list,0,3,False,True,2025-09-08
inspecting,KIT DRESS commA,10000 list,0,3,False,True,2025-09-08
inspects,KIT DRESS,10000 list,0,3,False,True,2025-09-08
instinct,KIT commA,10000 list,0,0,False,True,2025-09-08
instruct,KIT STRUT,10000 list,0,1,False,True,2025-09-08
instructed,KIT STRUT commA,10000 list,0,1,True,True,2025-09-08
instructing,KIT STRUT commA,10000 list,0,1,False,True,2025-09-08
instructs,KIT STRUT,10000 list,0,1,False,True,2025-09-08
insufficient,KIT commA,10000 list,0,0,False,True,2025-09-08
intact,KIT TRAP,10000 list,0,1,False,True,2025-09-08
intellect,KIT commA DRESS,10000 list,0,3,True,True,2025-09-08
intensely,KIT DRESS happY,10000 list,0,4,False,True,2025-09-08
intentional,KIT DRESS commA,10000 list,0,3,False,True,2025-09-08
intentionally,KIT DRESS commA happY,10000 list,0,4,False,True,2025-09-08
interactively,NOT_IN_CMU_DICT,10000 list,0,500,False,True,2025-09-08
interestingly,KIT lettER DRESS commA happY,10000 list,0,4,False,True,2025-09-08
interfaced,NOT_IN_CMU_DICT,10000 list,0,500,False,True,2025-09-08
interfered,KIT lettER NEAR,10000 list,0,10,True,True,2025-09-08
intermittent,KIT lettER commA,10000 list,0,0,False,True,2025-09-08
internally,KIT NURSE commA happY,10000 list,0,1,False,True,2025-09-08
interrogate,KIT SQUARE commA FACE,10000 list,0,10,False,True,2025-09-08
interrupt,KIT lettER STRUT,10000 list,0,1,False,True,2025-09-08
interrupted,KIT lettER STRUT commA,10000 list,0,1,False,True,2025-09-08
interrupting,KIT lettER STRUT commA,10000 list,0,1,False,True,2025-09-08
interruption,KIT lettER STRUT commA,10000 list,0,1,False,True,2025-09-08
interruptions,KIT lettER STRUT commA,10000 list,0,1,False,True,2025-09-08
interrupts,KIT lettER STRUT,10000 list,0,1,False,True,2025-09-08
intervened,KIT lettER FLEECE,10000 list,0,0,False,True,2025-09-08
intolerance,KIT ambiguous_LOT_PALM lettER commA,10000 list,0,105,False,True,2025-09-08
intrinsic,KIT commA,10000 list,0,0,False,True,2025-09-08
intrinsically,KIT commA happY,10000 list,0,1,True,True,2025-09-08
intuitive,KIT GOOSE commA,10000 list,0,0,False,True,2025-09-08
invaded,KIT FACE commA,10000 list,0,0,True,True,2025-09-08
invalidate,KIT ambiguous_TRAP_BATH commA FACE,10000 list,0,105,False,True,2025-09-08
invaluable,KIT TRAP commA,10000 list,0,5,False,True,2025-09-08
invariably,KIT SQUARE happY commA,10000 list,0,12,False,True,2025-09-08
invent,KIT DRESS,10000 list,0,3,False,True,2025-09-08
invented,KIT DRESS commA,10000 list,0,3,True,True,2025-09-08
inventing,KIT DRESS commA,10000 list,0,3,False,True,2025-09-08
inventor,KIT DRESS lettER,10000 list,0,3,False,True,2025-09-08
invents,KIT DRESS,10000 list,0,3,False,True,2025-09-08
invert,KIT NURSE,10000 list,0,0,False,True,2025-09-08
inverted,KIT NURSE commA,10000 list,0,0,False,True,2025-09-08
inverting,NOT_IN_CMU_DICT,10000 list,0,500,False,True,2025-09-08
inverts,NOT_IN_CMU_DICT,10000 list,0,500,False,True,2025-09-08
invoke,KIT GOAT,10000 list,0,0,False,True,2025-09-08
invoked,KIT GOAT,10000 list,0,0,False,True,2025-09-08
invokes,KIT GOAT,10000 list,0,0,False,True,2025-09-08
invoking,KIT GOAT commA,10000 list,0,0,False,True,2025-09-08
irony,PRICE commA happY,10000 list,0,1,False,True,2025-09-08
irrational,NEAR ambiguous_TRAP_BATH commA,10000 list,0,115,False,True,2025-09-08
irrelevant,NEAR DRESS commA,10000 list,0,13,False,True,2025-09-08
irresponsible,NEAR commA ambiguous_LOT_PALM,10000 list,0,115,False,True,2025-09-08
irritate,NEAR commA FACE,10000 list,0,10,False,True,2025-09-08
irritated,NEAR commA FACE,10000 list,0,10,False,True,2025-09-08
irritates,NEAR commA FACE,10000 list,0,10,False,True,2025-09-08
irritating,NEAR commA FACE,10000 list,0,10,False,True,2025-09-08
isolate,PRICE commA FACE,10000 list,0,0,False,True,2025-09-08
isolates,PRICE commA FACE,10000 list,0,0,False,True,2025-09-08
isolating,PRICE commA FACE,10000 list,0,0,False,True,2025-09-08
jealous,DRESS commA,10000 list,0,3,False,True,2025-09-08
jellies,DRESS happY,10000 list,0,4,False,True,2025-09-08
jelly,DRESS happY,10000 list,0,4,False,True,2025-09-08
jerk,NURSE,10000 list,0,0,False,True,2025-09-08
jest,DRESS,10000 list,0,3,False,True,2025-09-08
joked,GOAT,10000 list,0,0,False,True,2025-09-08
jolly,LOT happY,10000 list,0,6,False,True,2025-09-08
judged,STRUT,10000 list,0,1,False,True,2025-09-08
justifiable,STRUT commA PRICE,10000 list,0,1,False,True,2025-09-08
justifiably,STRUT commA PRICE happY,10000 list,0,2,False,True,2025-09-08
justification,STRUT commA FACE,10000 list,0,1,False,True,2025-09-08
justified,STRUT commA PRICE,10000 list,0,1,False,True,2025-09-08
kettle,DRESS commA,10000 list,0,3,False,True,2025-09-08
keystroke,FLEECE GOAT,10000 list,0,0,False,True,2025-09-08
keystrokes,FLEECE GOAT,10000 list,0,0,False,True,2025-09-08
kindly,PRICE happY,10000 list,0,1,False,True,2025-09-08
lad,TRAP,10000 list,0,1,False,True,2025-09-08
lain,FACE,10000 list,0,0,False,True,2025-09-08
lark,START,10000 list,0,1,False,True,2025-09-08
lavatory,ambiguous_TRAP_BATH commA CLOTH happY,10000 list,0,111,False,True,2025-09-08
laziness,FACE happY commA,10000 list,0,1,False,True,2025-09-08
leaded,DRESS commA,10000 list,0,3,False,True,2025-09-08
leaflet,FLEECE commA,10000 list,0,0,False,True,2025-09-08
leaflets,FLEECE commA,10000 list,0,0,False,True,2025-09-08
leaved,NOT_IN_CMU_DICT,10000 list,0,500,False,True,2025-09-08
lectured,DRESS lettER,10000 list,0,3,False,True,2025-09-08
legible,DRESS commA,10000 list,0,3,False,True,2025-09-08
legitimately,commA KIT happY,10000 list,0,1,False,True,2025-09-08
lend,DRESS,10000 list,0,3,False,True,2025-09-08
lends,DRESS,10000 list,0,3,False,True,2025-09-08
lenient,FLEECE happY commA,10000 list,0,0,True,True,2025-09-08
lenient,FLEECE commA,10000 list,0,0,True,True,2025-09-08
lent,DRESS,10000 list,0,3,False,True,2025-09-08
lest,DRESS,10000 list,0,3,False,True,2025-09-08
lethal,FLEECE commA,10000 list,0,0,False,True,2025-09-08
lied,PRICE,10000 list,0,0,False,True,2025-09-08
lightly,PRICE happY,10000 list,0,1,False,True,2025-09-08
limb,KIT,10000 list,0,0,False,True,2025-09-08
limbs,KIT,10000 list,0,0,False,True,2025-09-08
linguistic,commA KIT,10000 list,0,0,False,True,2025-09-08
linkage,KIT commA,10000 list,0,0,True,True,2025-09-08
liquor,KIT lettER,10000 list,0,0,False,True,2025-09-08
lisp,KIT,10000 list,0,0,False,True,2025-09-08
literal,KIT lettER commA,10000 list,0,0,False,True,2025-09-08
literate,KIT lettER commA,10000 list,0,0,False,True,2025-09-08
litter,KIT lettER,10000 list,0,0,False,True,2025-09-08
livest,NOT_IN_CMU_DICT,10000 list,0,500,False,True,2025-09-08
logically,PALM commA happY,10000 list,0,6,False,True,2025-09-08
loophole,GOOSE GOAT,10000 list,0,0,False,True,2025-09-08
loosely,GOOSE happY,10000 list,0,1,False,True,2025-09-08
lorries,CLOTH happY,10000 list,0,6,False,True,2025-09-08
lorry,CLOTH happY,10000 list,0,6,False,True,2025-09-08
loudly,MOUTH happY,10000 list,0,1,False,True,2025-09-08
luckily,STRUT commA happY,10000 list,0,2,False,True,2025-09-08
ludicrous,GOOSE commA,10000 list,0,0,False,True,2025-09-08
ludicrously,GOOSE commA happY,10000 list,0,1,False,True,2025-09-08
lump,STRUT,10000 list,0,1,False,True,2025-09-08
lumps,STRUT,10000 list,0,1,False,True,2025-09-08
lunatic,GOOSE commA KIT,10000 list,0,0,False,True,2025-09-08
lunchtime,STRUT PRICE,10000 list,0,1,False,True,2025-09-08
lurk,NURSE,10000 list,0,0,False,True,2025-09-08
lurked,NURSE,10000 list,0,0,False,True,2025-09-08
lurking,NURSE commA,10000 list,0,0,False,True,2025-09-08
lurks,NURSE,10000 list,0,0,False,True,2025-09-08
lust,STRUT,10000 list,0,1,False,True,2025-09-08
mailbox,FACE ambiguous_LOT_PALM,10000 list,0,105,False,True,2025-09-08
malfunction,ambiguous_TRAP_BATH STRUT commA,10000 list,0,106,False,True,2025-09-08
malicious,commA KIT,10000 list,0,0,False,True,2025-09-08
mangle,ambiguous_TRAP_BATH commA,10000 list,0,105,False,True,2025-09-08
mangled,ambiguous_TRAP_BATH commA,10000 list,0,105,False,True,2025-09-08
mangles,ambiguous_TRAP_BATH commA,10000 list,0,105,False,True,2025-09-08
mangling,ambiguous_TRAP_BATH commA,10000 list,0,105,True,True,2025-09-08
mania,FACE happY commA,10000 list,0,1,False,True,2025-09-08
manifestation,ambiguous_TRAP_BATH commA FACE,10000 list,0,106,False,True,2025-09-08
manifestly,ambiguous_TRAP_BATH commA happY,10000 list,0,107,False,True,2025-09-08
manifesto,ambiguous_TRAP_BATH commA DRESS GOAT,10000 list,0,108,True,True,2025-09-08
manipulate,commA KIT FACE,10000 list,0,0,False,True,2025-09-08
manipulated,commA KIT FACE,10000 list,0,0,False,True,2025-09-08
manipulates,commA KIT FACE,10000 list,0,0,False,True,2025-09-08
manipulating,commA KIT FACE,10000 list,0,0,False,True,2025-09-08
manipulation,commA KIT FACE,10000 list,0,0,False,True,2025-09-08
marginally,START commA happY,10000 list,0,2,False,True,2025-09-08
marital,SQUARE commA,10000 list,0,10,False,True,2025-09-08
marries,SQUARE happY,10000 list,0,11,False,True,2025-09-08
marrying,SQUARE happY commA,10000 list,0,11,False,True,2025-09-08
marvelous,START commA,10000 list,0,1,False,True,2025-09-08
masses,TRAP commA,10000 list,0,5,True,True,2025-09-08
massively,ambiguous_TRAP_BATH commA happY,10000 list,0,106,False,True,2025-09-08
mathematically,ambiguous_TRAP_BATH commA TRAP happY,10000 list,0,107,True,True,2025-09-08
mathematician,ambiguous_TRAP_BATH commA KIT,10000 list,0,105,False,True,2025-09-08
mathematicians,ambiguous_TRAP_BATH commA KIT,10000 list,0,105,False,True,2025-09-08
matrices,FACE commA,10000 list,0,0,False,True,2025-09-08
meaningless,FLEECE commA,10000 list,0,0,False,True,2025-09-08
mechanic,commA TRAP,10000 list,0,5,True,True,2025-09-08
megabyte,DRESS commA PRICE,10000 list,0,3,False,True,2025-09-08
megabytes,DRESS commA PRICE,10000 list,0,3,False,True,2025-09-08
melody,DRESS commA happY,10000 list,0,4,False,True,2025-09-08
melt,DRESS,10000 list,0,3,False,True,2025-09-08
memorable,DRESS lettER commA,10000 list,0,3,False,True,2025-09-08
mend,DRESS,10000 list,0,3,False,True,2025-09-08
mended,DRESS commA,10000 list,0,3,False,True,2025-09-08
mending,DRESS commA,10000 list,0,3,False,True,2025-09-08
mends,NOT_IN_CMU_DICT,10000 list,0,500,False,True,2025-09-08
mentality,commA ambiguous_TRAP_BATH happY,10000 list,0,107,True,True,2025-09-08
mentally,DRESS commA happY,10000 list,0,4,True,True,2025-09-08
merged,NURSE,10000 list,0,0,False,True,2025-09-08
messes,DRESS commA,10000 list,0,3,False,True,2025-09-08
messy,DRESS happY,10000 list,0,4,False,True,2025-09-08
metaphor,DRESS commA NORTH,10000 list,0,8,False,True,2025-09-08
microcomputer,PRICE GOAT commA GOOSE lettER,10000 list,0,0,False,True,2025-09-08
microcomputers,PRICE GOAT commA GOOSE lettER,10000 list,0,0,False,True,2025-09-08
midday,KIT FACE,10000 list,0,0,False,True,2025-09-08
migrate,PRICE FACE,10000 list,0,0,False,True,2025-09-08
migrates,PRICE FACE,10000 list,0,0,False,True,2025-09-08
migrating,PRICE FACE commA,10000 list,0,0,False,True,2025-09-08
mildly,PRICE happY,10000 list,0,1,False,True,2025-09-08
mimic,KIT commA,10000 list,0,0,False,True,2025-09-08
mindless,PRICE commA,10000 list,0,0,False,True,2025-09-08
minimalist,KIT commA,10000 list,0,0,False,True,2025-09-08
miraculous,lettER TRAP commA,10000 list,0,1,False,True,2025-09-08
miserably,KIT lettER commA happY,10000 list,0,1,True,True,2025-09-08
miserably,KIT commA happY,10000 list,0,1,True,True,2025-09-08
misery,KIT lettER happY,10000 list,0,1,False,True,2025-09-08
misfortune,commA ambiguous_NORTH_FORCE,10000 list,0,5,False,True,2025-09-08
mislead,commA FLEECE,10000 list,0,0,False,True,2025-09-08
misleads,commA FLEECE,10000 list,0,0,False,True,2025-09-08
misread,commA FLEECE,10000 list,0,3,True,True,2025-09-08
misread,commA DRESS,10000 list,0,3,True,True,2025-09-08
misreads,NOT_IN_CMU_DICT,10000 list,0,500,False,True,2025-09-08
misses,KIT commA,10000 list,0,0,True,True,2025-09-08
mist,KIT,10000 list,0,0,False,True,2025-09-08
mistakenly,commA FACE happY,10000 list,0,1,False,True,2025-09-08
mists,KIT,10000 list,0,0,False,True,2025-09-08
mixes,KIT commA,10000 list,0,0,True,True,2025-09-08
mnemonic,commA ambiguous_LOT_PALM,10000 list,0,106,True,True,2025-09-08
mnemonic,happY ambiguous_LOT_PALM commA,10000 list,0,106,True,True,2025-09-08
moan,GOAT,10000 list,0,0,False,True,2025-09-08
moaned,GOAT,10000 list,0,0,False,True,2025-09-08
moaning,GOAT commA,10000 list,0,0,False,True,2025-09-08
moans,GOAT,10000 list,0,0,False,True,2025-09-08
mob,LOT,10000 list,0,5,False,True,2025-09-08
mock,LOT,10000 list,0,5,False,True,2025-09-08
moderately,ambiguous_LOT_PALM lettER commA happY,10000 list,0,106,False,True,2025-09-08
moderation,ambiguous_LOT_PALM lettER FACE commA,10000 list,0,105,False,True,2025-09-08
mole,GOAT,10000 list,0,0,False,True,2025-09-08
molecule,LOT commA GOOSE,10000 list,0,5,False,True,2025-09-08
momentarily,GOAT commA SQUARE happY,10000 list,0,11,False,True,2025-09-08
monopoly,commA LOT happY,10000 list,0,6,False,True,2025-09-08
morality,lettER TRAP commA happY,10000 list,0,6,False,True,2025-09-08
morally,CLOTH commA happY,10000 list,0,6,False,True,2025-09-08
moron,ambiguous_THOUGHT_CLOTH_NORTH_FORCE LOT,10000 list,0,110,False,True,2025-09-08
morons,FORCE ambiguous_LOT_PALM,10000 list,0,110,False,True,2025-09-08
mortal,ambiguous_NORTH_FORCE commA,10000 list,0,105,False,True,2025-09-08
mortals,ambiguous_NORTH_FORCE commA,10000 list,0,5,False,True,2025-09-08
motive,GOAT commA,10000 list,0,0,False,True,2025-09-08
motives,GOAT commA,10000 list,0,0,False,True,2025-09-08
motto,LOT GOAT,10000 list,0,5,False,True,2025-09-08
muck,STRUT,10000 list,0,1,False,True,2025-09-08
mucked,NOT_IN_CMU_DICT,10000 list,0,500,False,True,2025-09-08
mucking,STRUT commA,10000 list,0,1,False,True,2025-09-08
mucks,NOT_IN_CMU_DICT,10000 list,0,500,False,True,2025-09-08
muddled,STRUT commA,10000 list,0,1,False,True,2025-09-08
multiplication,STRUT commA FACE,10000 list,0,1,False,True,2025-09-08
multiplied,STRUT commA PRICE,10000 list,0,1,False,True,2025-09-08
multiplies,STRUT commA PRICE,10000 list,0,1,False,True,2025-09-08
multiply,STRUT commA PRICE,10000 list,0,1,False,True,2025-09-08
multiplying,STRUT commA PRICE,10000 list,0,1,False,True,2025-09-08
mumble,STRUT commA,10000 list,0,1,False,True,2025-09-08
mysteriously,KIT NEAR happY commA,10000 list,0,11,True,True,2025-09-08
mysteriously,KIT NEAR commA happY,10000 list,0,11,True,True,2025-09-08
mystic,KIT commA,10000 list,0,0,False,True,2025-09-08
naive,PRICE FLEECE,10000 list,0,0,False,True,2025-09-08
nameless,FACE commA,10000 list,0,0,False,True,2025-09-08
nastier,ambiguous_TRAP_BATH happY lettER,10000 list,0,106,False,True,2025-09-08
nastiest,ambiguous_TRAP_BATH happY commA,10000 list,0,106,False,True,2025-09-08
nay,FACE,10000 list,0,0,False,True,2025-09-08
neatly,FLEECE happY,10000 list,0,1,False,True,2025-09-08
needlessly,FLEECE commA happY,10000 list,0,1,False,True,2025-09-08
negate,commA FACE,10000 list,0,0,False,True,2025-09-08
neglect,commA DRESS,10000 list,0,3,True,True,2025-09-08
neglected,commA DRESS,10000 list,0,3,True,True,2025-09-08
neglecting,commA DRESS,10000 list,0,3,False,True,2025-09-08
neglects,commA DRESS,10000 list,0,3,False,True,2025-09-08
negligible,DRESS commA,10000 list,0,3,True,True,2025-09-08
negotiable,commA GOAT,10000 list,0,0,False,True,2025-09-08
negotiated,commA GOAT happY FACE,10000 list,0,1,True,True,2025-09-08
nicely,PRICE happY,10000 list,0,1,False,True,2025-09-08
nicest,PRICE commA,10000 list,0,0,False,True,2025-09-08
nominal,LOT commA,10000 list,0,5,False,True,2025-09-08
nominally,PALM commA happY,10000 list,0,6,False,True,2025-09-08
nominate,LOT commA,10000 list,0,5,True,True,2025-09-08
nominate,LOT commA FACE,10000 list,0,5,True,True,2025-09-08
nominates,ambiguous_LOT_PALM commA FACE,10000 list,0,105,True,True,2025-09-08
nominates,ambiguous_LOT_PALM commA,10000 list,0,105,True,True,2025-09-08
nominating,ambiguous_LOT_PALM commA FACE,10000 list,0,105,False,True,2025-09-08
nonsense,LOT commA,10000 list,0,6,False,True,2025-09-08
nostalgia,THOUGHT ambiguous_TRAP_BATH commA,10000 list,0,110,False,True,2025-09-08
notably,GOAT commA happY,10000 list,0,1,False,True,2025-09-08
noticeably,GOAT commA happY,10000 list,0,1,False,True,2025-09-08
noun,MOUTH,10000 list,0,0,False,True,2025-09-08
nouns,MOUTH,10000 list,0,0,False,True,2025-09-08
novice,LOT commA,10000 list,0,5,False,True,2025-09-08
novices,ambiguous_LOT_PALM commA,10000 list,0,105,False,True,2025-09-08
numb,STRUT,10000 list,0,1,False,True,2025-09-08
numbest,NOT_IN_CMU_DICT,10000 list,0,500,False,True,2025-09-08
numeral,GOOSE lettER commA,10000 list,0,0,False,True,2025-09-08
numerals,GOOSE lettER commA,10000 list,0,0,False,True,2025-09-08
objected,commA DRESS,10000 list,0,3,False,True,2025-09-08
objecting,commA DRESS,10000 list,0,3,False,True,2025-09-08
objection,commA DRESS,10000 list,0,3,False,True,2025-09-08
objectionable,commA DRESS,10000 list,0,3,False,True,2025-09-08
objections,commA DRESS,10000 list,0,3,False,True,2025-09-08
obligatory,commA KIT CLOTH happY,10000 list,0,6,False,True,2025-09-08
obliged,commA PRICE,10000 list,0,0,False,True,2025-09-08
obnoxious,ambiguous_LOT_PALM commA,10000 list,0,210,False,True,2025-09-08
obscene,ambiguous_LOT_PALM FLEECE,10000 list,0,0,True,True,2025-09-08
obscene,commA FLEECE,10000 list,0,0,True,True,2025-09-08
obscured,commA CURE,10000 list,0,10,False,True,2025-09-08
obscurity,commA CURE happY,10000 list,0,11,False,True,2025-09-08
obsess,commA DRESS,10000 list,0,3,False,True,2025-09-08
obsessed,commA DRESS,10000 list,0,3,False,True,2025-09-08
obsesses,commA DRESS,10000 list,0,3,False,True,2025-09-08
obsessing,commA DRESS,10000 list,0,3,False,True,2025-09-08
obstruct,commA STRUT,10000 list,0,1,False,True,2025-09-08
obstructed,commA STRUT,10000 list,0,1,False,True,2025-09-08
obstructing,commA STRUT,10000 list,0,1,False,True,2025-09-08
obstructs,commA STRUT,10000 list,0,1,False,True,2025-09-08
oddly,LOT happY,10000 list,0,6,False,True,2025-09-08
offend,commA DRESS,10000 list,0,3,False,True,2025-09-08
offended,commA DRESS,10000 list,0,3,True,True,2025-09-08
offends,commA DRESS,10000 list,0,3,False,True,2025-09-08
offhand,ambiguous_THOUGHT_CLOTH ambiguous_TRAP_BATH,10000 list,0,210,False,True,2025-09-08
offspring,CLOTH KIT,10000 list,0,5,False,True,2025-09-08
omission,GOAT KIT commA,10000 list,0,0,False,True,2025-09-08
oneself,STRUT DRESS,10000 list,0,4,False,True,2025-09-08
onus,GOAT commA,10000 list,0,0,False,True,2025-09-08
openly,GOAT commA happY,10000 list,0,1,False,True,2025-09-08
opposes,commA GOAT,10000 list,0,0,False,True,2025-09-08
opposing,commA GOAT,10000 list,0,0,False,True,2025-09-08
oppress,commA DRESS,10000 list,0,3,False,True,2025-09-08
oppressed,commA DRESS,10000 list,0,3,False,True,2025-09-08
oppresses,commA DRESS,10000 list,0,3,False,True,2025-09-08
oppressing,commA DRESS,10000 list,0,3,False,True,2025-09-08
oppression,commA DRESS,10000 list,0,3,False,True,2025-09-08
optic,ambiguous_LOT_PALM commA,10000 list,0,105,False,True,2025-09-08
optimistic,LOT commA KIT,10000 list,0,5,False,True,2025-09-08
optimized,ambiguous_LOT_PALM commA PRICE,10000 list,0,105,False,True,2025-09-08
optionally,NOT_IN_CMU_DICT,10000 list,0,500,False,True,2025-09-08
opus,GOAT commA,10000 list,0,0,False,True,2025-09-08
opuses,NOT_IN_CMU_DICT,10000 list,0,500,False,True,2025-09-08
orchestral,ambiguous_NORTH_FORCE DRESS commA,10000 list,0,8,False,True,2025-09-08
orient,FORCE happY DRESS,10000 list,0,9,False,True,2025-09-08
orientate,NOT_IN_CMU_DICT,10000 list,0,500,False,True,2025-09-08
orientated,CLOTH happY commA FACE,10000 list,0,6,False,True,2025-09-08
orientates,NOT_IN_CMU_DICT,10000 list,0,500,False,True,2025-09-08
orientating,NOT_IN_CMU_DICT,10000 list,0,500,False,True,2025-09-08
orienting,NOT_IN_CMU_DICT,10000 list,0,500,False,True,2025-09-08
orients,NOT_IN_CMU_DICT,10000 list,0,500,False,True,2025-09-08
originated,lettER KIT commA FACE,10000 list,0,5,True,True,2025-09-08
originated,FORCE KIT commA FACE,10000 list,0,5,True,True,2025-09-08
originator,lettER KIT commA FACE,10000 list,0,0,False,True,2025-09-08
outcry,MOUTH PRICE,10000 list,0,0,False,True,2025-09-08
outdated,MOUTH FACE commA,10000 list,0,0,False,True,2025-09-08
outgoing,MOUTH GOAT commA,10000 list,0,0,False,True,2025-09-08
outraged,MOUTH FACE,10000 list,0,0,False,True,2025-09-08
outright,MOUTH PRICE,10000 list,0,0,False,True,2025-09-08
outset,MOUTH DRESS,10000 list,0,3,False,True,2025-09-08
outweigh,MOUTH FACE,10000 list,0,0,False,True,2025-09-08
outweighs,MOUTH FACE,10000 list,0,0,False,True,2025-09-08
overcame,GOAT lettER FACE,10000 list,0,0,False,True,2025-09-08
overflow,GOAT lettER,10000 list,0,0,True,True,2025-09-08
overlong,NOT_IN_CMU_DICT,10000 list,0,500,False,True,2025-09-08
overlooked,GOAT lettER FOOT,10000 list,0,0,False,True,2025-09-08
overlooks,GOAT lettER FOOT,10000 list,0,0,False,True,2025-09-08
overly,GOAT lettER happY,10000 list,0,1,False,True,2025-09-08
overprice,GOAT lettER PRICE,10000 list,0,0,False,True,2025-09-08
overpriced,GOAT lettER PRICE,10000 list,0,0,False,True,2025-09-08
overprices,GOAT lettER PRICE commA,10000 list,0,0,False,True,2025-09-08
overpricing,GOAT lettER PRICE commA,10000 list,0,0,False,True,2025-09-08
overridden,GOAT lettER KIT commA,10000 list,0,0,False,True,2025-09-08
override,GOAT lettER PRICE,10000 list,0,0,False,True,2025-09-08
overrides,GOAT lettER PRICE,10000 list,0,0,False,True,2025-09-08
overriding,GOAT lettER PRICE commA,10000 list,0,0,False,True,2025-09-08
overrode,GOAT lettER,10000 list,0,0,False,True,2025-09-08
overtone,GOAT lettER,10000 list,0,0,False,True,2025-09-08
overtones,GOAT lettER,10000 list,0,0,False,True,2025-09-08
overwhelm,GOAT lettER DRESS,10000 list,0,3,True,True,2025-09-08
overwhelmed,GOAT lettER DRESS,10000 list,0,3,True,True,2025-09-08
overwhelms,GOAT lettER DRESS,10000 list,0,3,True,True,2025-09-08
overwriting,GOAT lettER PRICE commA,10000 list,0,0,False,True,2025-09-08
overwritten,GOAT lettER KIT commA,10000 list,0,0,False,True,2025-09-08
owed,GOAT,10000 list,0,0,False,True,2025-09-08
packaged,TRAP commA,10000 list,0,1,False,True,2025-09-08
paged,FACE,10000 list,0,0,False,True,2025-09-08
painfully,FACE commA happY,10000 list,0,1,False,True,2025-09-08
painless,FACE commA,10000 list,0,0,False,True,2025-09-08
paradox,SQUARE commA LOT,10000 list,0,15,False,True,2025-09-08
pardon,START commA,10000 list,0,1,False,True,2025-09-08
parentheses,lettER DRESS commA FLEECE,10000 list,0,3,False,True,2025-09-08
parenthesis,lettER DRESS commA,10000 list,0,3,False,True,2025-09-08
parity,SQUARE commA happY,10000 list,0,11,False,True,2025-09-08
parochial,lettER GOAT happY commA,10000 list,0,1,False,True,2025-09-08
parody,SQUARE commA happY,10000 list,0,11,False,True,2025-09-08
parrot,SQUARE commA,10000 list,0,10,False,True,2025-09-08
passionate,TRAP commA,10000 list,0,5,False,True,2025-09-08
patronize,FACE commA PRICE,10000 list,0,1,True,True,2025-09-08
patronize,TRAP commA PRICE,10000 list,0,1,True,True,2025-09-08
patronized,FACE commA PRICE,10000 list,0,1,True,True,2025-09-08
patronized,TRAP commA PRICE,10000 list,0,1,True,True,2025-09-08
patronizes,FACE commA PRICE,10000 list,0,0,False,True,2025-09-08
patronizing,FACE commA PRICE,10000 list,0,0,False,True,2025-09-08
paused,THOUGHT,10000 list,0,1,False,True,2025-09-08
peasant,DRESS commA,10000 list,0,3,False,True,2025-09-08
peasants,DRESS commA,10000 list,0,3,False,True,2025-09-08
pedal,DRESS commA,10000 list,0,3,False,True,2025-09-08
pedant,DRESS commA,10000 list,0,3,False,True,2025-09-08
pedantic,commA ambiguous_TRAP_BATH,10000 list,0,105,False,True,2025-09-08
pedantry,DRESS commA happY,10000 list,0,4,False,True,2025-09-08
pedants,DRESS commA,10000 list,0,3,False,True,2025-09-08
pedestrian,commA DRESS happY,10000 list,0,4,False,True,2025-09-08
pedestrians,commA DRESS happY,10000 list,0,4,False,True,2025-09-08
pence,DRESS,10000 list,0,3,False,True,2025-09-08
pend,NOT_IN_CMU_DICT,10000 list,0,500,False,True,2025-09-08
pended,NOT_IN_CMU_DICT,10000 list,0,500,False,True,2025-09-08
pends,NOT_IN_CMU_DICT,10000 list,0,500,False,True,2025-09-08
perceives,lettER FLEECE,10000 list,0,0,False,True,2025-09-08
perceiving,lettER FLEECE commA,10000 list,0,0,False,True,2025-09-08
permanently,NURSE commA happY,10000 list,0,1,False,True,2025-09-08
permissible,lettER KIT commA,10000 list,0,0,False,True,2025-09-08
persecute,NURSE commA GOOSE,10000 list,0,0,False,True,2025-09-08
persecuted,NURSE commA GOOSE,10000 list,0,0,False,True,2025-09-08
persecutes,NURSE commA GOOSE,10000 list,0,0,False,True,2025-09-08
persecuting,NURSE commA GOOSE,10000 list,0,0,False,True,2025-09-08
persist,lettER KIT,10000 list,0,0,False,True,2025-09-08
persuaded,lettER FACE commA,10000 list,0,0,False,True,2025-09-08
petty,DRESS FLEECE,10000 list,0,3,False,True,2025-09-08
phased,FACE,10000 list,0,0,False,True,2025-09-08
phenomena,commA LOT,10000 list,0,5,False,True,2025-09-08
philosophical,KIT commA LOT,10000 list,0,5,False,True,2025-09-08
phoned,GOAT,10000 list,0,0,False,True,2025-09-08
phrased,FACE,10000 list,0,0,False,True,2025-09-08
physic,NOT_IN_CMU_DICT,10000 list,0,500,False,True,2025-09-08
physicist,KIT commA,10000 list,0,0,False,True,2025-09-08
physicists,KIT commA,10000 list,0,0,False,True,2025-09-08
pi,PRICE,10000 list,0,0,False,True,2025-09-08
pinch,KIT,10000 list,0,0,False,True,2025-09-08
pinched,KIT,10000 list,0,0,False,True,2025-09-08
pinches,NOT_IN_CMU_DICT,10000 list,0,500,False,True,2025-09-08
pinching,KIT commA,10000 list,0,0,False,True,2025-09-08
pitfall,KIT THOUGHT,10000 list,0,1,False,True,2025-09-08
pitfalls,KIT THOUGHT,10000 list,0,1,False,True,2025-09-08
pity,KIT happY,10000 list,0,1,False,True,2025-09-08
plagued,FACE,10000 list,0,0,False,True,2025-09-08
plainly,FACE happY,10000 list,0,1,False,True,2025-09-08
planetary,ambiguous_TRAP_BATH commA SQUARE happY,10000 list,0,116,False,True,2025-09-08
pleasantly,DRESS commA happY,10000 list,0,4,False,True,2025-09-08
plotter,LOT lettER,10000 list,0,5,False,True,2025-09-08
plural,CURE commA,10000 list,0,10,False,True,2025-09-08
poetic,GOAT DRESS commA,10000 list,0,3,False,True,2025-09-08
pointless,CHOICE commA,10000 list,0,0,False,True,2025-09-08
poke,GOAT,10000 list,0,0,False,True,2025-09-08
policeman,commA FLEECE,10000 list,0,0,False,True,2025-09-08
polishes,NOT_IN_CMU_DICT,10000 list,0,500,False,True,2025-09-08
polynomial,PALM FLEECE GOAT happY commA,10000 list,0,6,False,True,2025-09-08
pompous,ambiguous_LOT_PALM commA,10000 list,0,105,False,True,2025-09-08
poorly,CURE happY,10000 list,0,11,False,True,2025-09-08
populace,ambiguous_LOT_PALM commA,10000 list,0,105,False,True,2025-09-08
populate,ambiguous_LOT_PALM commA FACE,10000 list,0,105,False,True,2025-09-08
populated,ambiguous_LOT_PALM commA FACE,10000 list,0,105,False,True,2025-09-08
populates,NOT_IN_CMU_DICT,10000 list,0,500,False,True,2025-09-08
populating,ambiguous_LOT_PALM commA FACE,10000 list,0,105,False,True,2025-09-08
portability,ambiguous_NORTH_FORCE commA KIT happY,10000 list,0,6,False,True,2025-09-08
portrayed,ambiguous_NORTH_FORCE FACE,10000 list,0,5,False,True,2025-09-08
portraying,ambiguous_NORTH_FORCE FACE commA,10000 list,0,5,False,True,2025-09-08
portrays,ambiguous_NORTH_FORCE FACE,10000 list,0,5,False,True,2025-09-08
posed,GOAT,10000 list,0,0,False,True,2025-09-08
possesses,commA DRESS,10000 list,0,3,True,True,2025-09-08
postpone,GOAT,10000 list,0,0,True,True,2025-09-08
postponed,GOAT,10000 list,0,0,True,True,2025-09-08
postpones,GOAT,10000 list,0,0,True,True,2025-09-08
postponing,GOAT commA,10000 list,0,0,True,True,2025-09-08
postscript,GOAT KIT,10000 list,0,0,True,True,2025-09-08
postulate,ambiguous_LOT_PALM commA FACE,10000 list,0,105,True,True,2025-09-08
postulate,ambiguous_LOT_PALM commA,10000 list,0,105,True,True,2025-09-08
practicable,TRAP commA,10000 list,0,1,False,True,2025-09-08
practically,TRAP commA happY,10000 list,0,2,True,True,2025-09-08
practicals,NOT_IN_CMU_DICT,10000 list,0,500,False,True,2025-09-08
practiced,TRAP commA,10000 list,0,1,True,True,2025-09-08
preaches,FLEECE commA,10000 list,0,0,False,True,2025-09-08
preceded,commA FLEECE,10000 list,0,1,True,True,2025-09-08
preceded,happY FLEECE commA,10000 list,0,1,True,True,2025-09-08
precedence,DRESS commA,10000 list,0,3,False,True,2025-09-08
precedent,DRESS commA,10000 list,0,3,False,True,2025-09-08
predecessor,DRESS commA lettER,10000 list,0,6,False,True,2025-09-08
predecessors,DRESS commA lettER,10000 list,0,6,False,True,2025-09-08
preferably,DRESS lettER commA happY,10000 list,0,4,True,True,2025-09-08
preferably,DRESS commA happY,10000 list,0,4,True,True,2025-09-08
prejudiced,DRESS commA,10000 list,0,3,False,True,2025-09-08
prematurely,FLEECE commA CURE happY,10000 list,0,11,False,True,2025-09-08
premise,DRESS commA,10000 list,0,3,False,True,2025-09-08
presses,DRESS commA,10000 list,0,3,True,True,2025-09-08
presumed,commA GOOSE,10000 list,0,1,True,True,2025-09-08
presumed,happY GOOSE,10000 list,0,1,True,True,2025-09-08
pretentious,happY DRESS commA,10000 list,0,4,False,True,2025-09-08
prevail,commA FACE,10000 list,0,1,True,True,2025-09-08
prevail,happY FACE,10000 list,0,1,True,True,2025-09-08
prevalent,DRESS commA,10000 list,0,3,False,True,2025-09-08
previewer,NOT_IN_CMU_DICT,10000 list,0,500,False,True,2025-09-08
primitive,KIT commA,10000 list,0,0,True,True,2025-09-08
primitives,NOT_IN_CMU_DICT,10000 list,0,500,False,True,2025-09-08
principally,KIT commA happY,10000 list,0,1,False,True,2025-09-08
printout,KIT MOUTH,10000 list,0,0,False,True,2025-09-08
printouts,KIT MOUTH,10000 list,0,0,False,True,2025-09-08
privatization,PRICE commA FACE,10000 list,0,0,False,True,2025-09-08
privileged,KIT commA,10000 list,0,0,True,True,2025-09-08
probable,LOT commA,10000 list,0,5,False,True,2025-09-08
profound,GOAT MOUTH,10000 list,0,0,False,True,2025-09-08
progresses,ambiguous_LOT_PALM DRESS commA,10000 list,0,3,True,True,2025-09-08
progresses,GOAT DRESS commA,10000 list,0,3,True,True,2025-09-08
projecting,commA DRESS,10000 list,0,3,False,True,2025-09-08
proliferation,GOAT commA lettER FACE,10000 list,0,0,False,True,2025-09-08
prolong,commA CLOTH,10000 list,0,1,False,True,2025-09-08
prolonged,commA CLOTH,10000 list,0,1,False,True,2025-09-08
prolonging,GOAT CLOTH commA,10000 list,0,1,False,True,2025-09-08
prolongs,commA CLOTH,10000 list,0,1,False,True,2025-09-08
prone,GOAT,10000 list,0,0,False,True,2025-09-08
pronoun,GOAT MOUTH,10000 list,0,0,False,True,2025-09-08
pronounce,commA MOUTH,10000 list,0,0,False,True,2025-09-08
pronounced,commA MOUTH,10000 list,0,0,False,True,2025-09-08
pronounces,commA MOUTH,10000 list,0,0,False,True,2025-09-08
pronouncing,commA MOUTH,10000 list,0,0,False,True,2025-09-08
proportional,commA ambiguous_NORTH_FORCE,10000 list,0,105,False,True,2025-09-08
prose,GOAT,10000 list,0,0,False,True,2025-09-08
prosecuted,ambiguous_LOT_PALM commA GOOSE,10000 list,0,105,False,True,2025-09-08
provisional,commA KIT,10000 list,0,0,False,True,2025-09-08
provocative,GOAT ambiguous_LOT_PALM commA,10000 list,0,105,False,True,2025-09-08
provoke,commA GOAT,10000 list,0,0,False,True,2025-09-08
provoked,commA GOAT,10000 list,0,0,False,True,2025-09-08
provokes,commA GOAT,10000 list,0,0,False,True,2025-09-08
provoking,commA GOAT,10000 list,0,0,False,True,2025-09-08
pseudo,GOOSE GOAT,10000 list,0,0,False,True,2025-09-08
publicize,STRUT commA PRICE,10000 list,0,1,False,True,2025-09-08
publicized,STRUT commA PRICE,10000 list,0,1,False,True,2025-09-08
publicizes,NOT_IN_CMU_DICT,10000 list,0,500,False,True,2025-09-08
publicizing,STRUT commA PRICE,10000 list,0,1,False,True,2025-09-08
publishes,STRUT commA,10000 list,0,1,True,True,2025-09-08
pulp,STRUT,10000 list,0,1,False,True,2025-09-08
pun,STRUT,10000 list,0,1,False,True,2025-09-08
punches,STRUT commA,10000 list,0,1,False,True,2025-09-08
punctuation,STRUT commA FACE,10000 list,0,1,False,True,2025-09-08
punish,STRUT commA,10000 list,0,1,False,True,2025-09-08
punished,STRUT commA,10000 list,0,1,False,True,2025-09-08
punishes,STRUT commA,10000 list,0,1,False,True,2025-09-08
punishing,STRUT commA,10000 list,0,1,False,True,2025-09-08
puns,STRUT,10000 list,0,1,False,True,2025-09-08
punt,STRUT,10000 list,0,1,False,True,2025-09-08
punts,STRUT,10000 list,0,1,False,True,2025-09-08
purely,CURE happY,10000 list,0,11,False,True,2025-09-08
purity,CURE commA happY,10000 list,0,11,True,True,2025-09-08
pushes,FOOT commA,10000 list,0,0,True,True,2025-09-08
puzzled,STRUT commA,10000 list,0,1,False,True,2025-09-08
quitting,KIT commA,10000 list,0,0,False,True,2025-09-08
quota,GOAT commA,10000 list,0,0,False,True,2025-09-08
quotas,GOAT commA,10000 list,0,0,False,True,2025-09-08
rabid,TRAP commA,10000 list,0,0,True,True,2025-09-08
rabid,FACE commA,10000 list,0,0,True,True,2025-09-08
raced,FACE,10000 list,0,0,False,True,2025-09-08
racist,FACE commA,10000 list,0,0,False,True,2025-09-08
racket,TRAP commA,10000 list,0,1,False,True,2025-09-08
radically,TRAP commA happY,10000 list,0,2,False,True,2025-09-08
rampant,ambiguous_TRAP_BATH commA,10000 list,0,105,False,True,2025-09-08
randomly,TRAP commA happY,10000 list,0,6,False,True,2025-09-08
rang,TRAP,10000 list,0,5,False,True,2025-09-08
ranged,FACE,10000 list,0,0,False,True,2025-09-08
rant,TRAP,10000 list,0,5,False,True,2025-09-08
ranted,ambiguous_TRAP_BATH commA,10000 list,0,105,False,True,2025-09-08
ranting,ambiguous_TRAP_BATH commA,10000 list,0,105,False,True,2025-09-08
rants,NOT_IN_CMU_DICT,10000 list,0,500,False,True,2025-09-08
rash,TRAP,10000 list,0,5,False,True,2025-09-08
rationally,ambiguous_TRAP_BATH commA happY,10000 list,0,106,True,True,2025-09-08
rattle,TRAP commA,10000 list,0,1,False,True,2025-09-08
rattled,TRAP commA,10000 list,0,1,False,True,2025-09-08
rattles,TRAP commA,10000 list,0,1,False,True,2025-09-08
rattling,TRAP commA,10000 list,0,1,True,True,2025-09-08
raved,FACE,10000 list,0,0,False,True,2025-09-08
reactionary,happY TRAP commA SQUARE,10000 list,0,13,False,True,2025-09-08
readable,FLEECE commA,10000 list,0,0,False,True,2025-09-08
readership,FLEECE lettER KIT,10000 list,0,0,False,True,2025-09-08
realization,FLEECE commA FACE,10000 list,0,0,False,True,2025-09-08
reckless,DRESS commA,10000 list,0,3,False,True,2025-09-08
reckon,DRESS commA,10000 list,0,3,False,True,2025-09-08
reckoned,DRESS commA,10000 list,0,3,False,True,2025-09-08
reckoning,DRESS commA,10000 list,0,3,True,True,2025-09-08
reckons,DRESS commA,10000 list,0,3,False,True,2025-09-08
recognizable,DRESS commA PRICE,10000 list,0,3,False,True,2025-09-08
reconcile,DRESS commA PRICE,10000 list,0,3,False,True,2025-09-08
rectangular,commA ambiguous_TRAP_BATH lettER,10000 list,0,106,False,True,2025-09-08
rectified,DRESS commA PRICE,10000 list,0,3,False,True,2025-09-08
rectifies,DRESS commA PRICE,10000 list,0,3,False,True,2025-09-08
rectify,DRESS commA PRICE,10000 list,0,3,False,True,2025-09-08
rectifying,DRESS commA PRICE,10000 list,0,3,False,True,2025-09-08
recursion,NOT_IN_CMU_DICT,10000 list,0,500,False,True,2025-09-08
recursive,FLEECE NURSE commA,10000 list,0,0,False,True,2025-09-08
recycled,happY PRICE commA,10000 list,0,1,False,True,2025-09-08
redundancy,commA STRUT happY,10000 list,0,2,False,True,2025-09-08
redundant,commA STRUT,10000 list,0,1,False,True,2025-09-08
referendum,DRESS lettER commA,10000 list,0,6,False,True,2025-09-08
refrain,commA FACE,10000 list,0,0,False,True,2025-09-08
refreshes,commA DRESS,10000 list,0,3,False,True,2025-09-08
refusal,commA GOOSE,10000 list,0,0,True,True,2025-09-08
refuses,commA GOOSE,10000 list,0,0,True,True,2025-09-08
refusing,commA GOOSE,10000 list,0,0,True,True,2025-09-08
refute,commA GOOSE,10000 list,0,0,False,True,2025-09-08
regret,commA DRESS,10000 list,0,3,True,True,2025-09-08
regrets,commA DRESS,10000 list,0,3,False,True,2025-09-08
regrettably,commA DRESS happY,10000 list,0,4,False,True,2025-09-08
regretted,commA DRESS,10000 list,0,3,False,True,2025-09-08
regretting,commA DRESS,10000 list,0,3,False,True,2025-09-08
reign,FACE,10000 list,0,0,False,True,2025-09-08
reinstate,FLEECE commA FACE,10000 list,0,0,False,True,2025-09-08
reinstated,FLEECE commA FACE,10000 list,0,0,False,True,2025-09-08
reinstates,NOT_IN_CMU_DICT,10000 list,0,500,False,True,2025-09-08
reinstating,FLEECE commA FACE,10000 list,0,0,False,True,2025-09-08
reiterate,happY KIT lettER FACE,10000 list,0,1,False,True,2025-09-08
rejection,commA DRESS,10000 list,0,4,True,True,2025-09-08
rejection,happY DRESS commA,10000 list,0,4,True,True,2025-09-08
relativity,DRESS commA KIT happY,10000 list,0,4,False,True,2025-09-08
relaxes,commA TRAP,10000 list,0,1,False,True,2025-09-08
reliably,commA PRICE happY,10000 list,0,2,True,True,2025-09-08
reliably,happY PRICE commA,10000 list,0,2,True,True,2025-09-08
relied,commA PRICE,10000 list,0,1,True,True,2025-09-08
relied,happY PRICE,10000 list,0,1,True,True,2025-09-08
relieve,commA FLEECE,10000 list,0,1,True,True,2025-09-08
relieve,happY FLEECE,10000 list,0,1,True,True,2025-09-08
relieved,commA FLEECE,10000 list,0,1,True,True,2025-09-08
relieved,happY FLEECE,10000 list,0,1,True,True,2025-09-08
relieves,happY FLEECE,10000 list,0,1,False,True,2025-09-08
relieving,commA FLEECE,10000 list,0,1,True,True,2025-09-08
relieving,happY FLEECE commA,10000 list,0,1,True,True,2025-09-08
reluctance,commA STRUT,10000 list,0,2,True,True,2025-09-08
reluctance,happY STRUT commA,10000 list,0,2,True,True,2025-09-08
reluctantly,commA STRUT happY,10000 list,0,2,False,True,2025-09-08
remarkably,commA START happY,10000 list,0,3,True,True,2025-09-08
remarkably,happY START commA,10000 list,0,3,True,True,2025-09-08
reminiscent,DRESS commA KIT,10000 list,0,3,False,True,2025-09-08
remotely,happY GOAT,10000 list,0,2,False,True,2025-09-08
rend,NOT_IN_CMU_DICT,10000 list,0,500,False,True,2025-09-08
rending,DRESS commA,10000 list,0,3,False,True,2025-09-08
rendition,commA KIT,10000 list,0,1,False,True,2025-09-08
rends,NOT_IN_CMU_DICT,10000 list,0,500,False,True,2025-09-08
repeatable,commA FLEECE,10000 list,0,0,False,True,2025-09-08
repeating,commA FLEECE,10000 list,0,1,True,True,2025-09-08
repeating,happY FLEECE commA,10000 list,0,1,True,True,2025-09-08
repeats,commA FLEECE,10000 list,0,1,True,True,2025-09-08
repeats,happY FLEECE,10000 list,0,1,True,True,2025-09-08
repent,commA DRESS,10000 list,0,3,False,True,2025-09-08
repertoire,DRESS lettER START,10000 list,0,4,False,True,2025-09-08
repetitive,commA DRESS,10000 list,0,3,False,True,2025-09-08
repulsive,happY STRUT commA,10000 list,0,2,False,True,2025-09-08
requisite,DRESS commA,10000 list,0,3,False,True,2025-09-08
reread,NEAR FLEECE,10000 list,0,10,False,True,2025-09-08
rereads,NOT_IN_CMU_DICT,10000 list,0,500,False,True,2025-09-08
resemblance,commA DRESS,10000 list,0,4,True,True,2025-09-08
resemblance,happY DRESS commA,10000 list,0,4,True,True,2025-09-08
resembled,commA DRESS,10000 list,0,4,True,True,2025-09-08
resembled,happY DRESS commA,10000 list,0,4,True,True,2025-09-08
resembles,commA DRESS,10000 list,0,4,True,True,2025-09-08
resembles,happY DRESS commA,10000 list,0,4,True,True,2025-09-08
resembling,commA DRESS,10000 list,0,4,True,True,2025-09-08
resembling,happY DRESS commA,10000 list,0,4,True,True,2025-09-08
resignation,DRESS commA FACE,10000 list,0,3,True,True,2025-09-08
restrictive,happY KIT commA,10000 list,0,1,False,True,2025-09-08
resumed,commA GOOSE,10000 list,0,1,True,True,2025-09-08
resumed,happY GOOSE,10000 list,0,1,True,True,2025-09-08
resurrection,DRESS lettER commA,10000 list,0,6,False,True,2025-09-08
revert,commA NURSE,10000 list,0,1,True,True,2025-09-08
revert,happY NURSE,10000 list,0,1,True,True,2025-09-08
revise,commA PRICE,10000 list,0,1,True,True,2025-09-08
revise,happY PRICE,10000 list,0,1,True,True,2025-09-08
revises,commA PRICE,10000 list,0,1,True,True,2025-09-08
revises,happY PRICE commA,10000 list,0,1,True,True,2025-09-08
revising,commA PRICE,10000 list,0,1,True,True,2025-09-08
revising,happY PRICE commA,10000 list,0,1,True,True,2025-09-08
ridden,KIT commA,10000 list,0,0,False,True,2025-09-08
ridiculously,commA KIT happY,10000 list,0,1,False,True,2025-09-08
rightly,PRICE happY,10000 list,0,1,False,True,2025-09-08
riot,PRICE commA,10000 list,0,0,False,True,2025-09-08
rival,PRICE commA,10000 list,0,0,False,True,2025-09-08
rivals,PRICE commA,10000 list,0,0,False,True,2025-09-08
rotate,GOAT FACE,10000 list,0,0,False,True,2025-09-08
rotated,GOAT FACE commA,10000 list,0,0,False,True,2025-09-08
rotates,GOAT FACE,10000 list,0,0,False,True,2025-09-08
rotating,GOAT FACE commA,10000 list,0,0,False,True,2025-09-08
rotten,LOT commA,10000 list,0,5,False,True,2025-09-08
rout,MOUTH,10000 list,0,0,False,True,2025-09-08
routed,GOOSE commA,10000 list,0,0,True,True,2025-09-08
routed,MOUTH commA,10000 list,0,0,True,True,2025-09-08
routinely,commA FLEECE happY,10000 list,0,1,False,True,2025-09-08
routs,NOT_IN_CMU_DICT,10000 list,0,500,False,True,2025-09-08
ruler,GOOSE lettER,10000 list,0,0,False,True,2025-09-08
rulers,GOOSE lettER,10000 list,0,0,False,True,2025-09-08
rung,STRUT,10000 list,0,1,False,True,2025-09-08
rushes,STRUT commA,10000 list,0,1,True,True,2025-09-08
rusty,STRUT happY,10000 list,0,2,False,True,2025-09-08
sack,TRAP,10000 list,0,1,False,True,2025-09-08
sacked,TRAP,10000 list,0,1,False,True,2025-09-08
sacking,TRAP commA,10000 list,0,1,False,True,2025-09-08
sacks,TRAP,10000 list,0,1,False,True,2025-09-08
sacrificed,TRAP commA PRICE,10000 list,0,1,False,True,2025-09-08
sadden,TRAP commA,10000 list,0,1,False,True,2025-09-08
saddened,TRAP commA,10000 list,0,1,False,True,2025-09-08
saddening,TRAP commA,10000 list,0,1,True,True,2025-09-08
saddens,TRAP commA,10000 list,0,1,False,True,2025-09-08
sadly,TRAP happY,10000 list,0,2,False,True,2025-09-08
safeguard,FACE START,10000 list,0,1,False,True,2025-09-08
safeguards,FACE START,10000 list,0,1,False,True,2025-09-08
safest,FACE commA,10000 list,0,0,False,True,2025-09-08
salesman,FACE commA,10000 list,0,0,False,True,2025-09-08
sampled,ambiguous_TRAP_BATH commA,10000 list,0,105,False,True,2025-09-08
sandwiches,TRAP commA,10000 list,0,5,True,True,2025-09-08
sane,FACE,10000 list,0,0,False,True,2025-09-08
sang,TRAP,10000 list,0,5,False,True,2025-09-08
sanity,ambiguous_TRAP_BATH commA happY,10000 list,0,106,False,True,2025-09-08
sank,TRAP,10000 list,0,5,False,True,2025-09-08
sarcastic,START ambiguous_TRAP_BATH commA,10000 list,0,106,False,True,2025-09-08
satisfactorily,TRAP commA happY,10000 list,0,3,False,True,2025-09-08
scaled,FACE,10000 list,0,0,False,True,2025-09-08
scatter,TRAP lettER,10000 list,0,1,False,True,2025-09-08
scattered,TRAP lettER,10000 list,0,1,False,True,2025-09-08
scattering,TRAP lettER commA,10000 list,0,1,False,True,2025-09-08
scatters,NOT_IN_CMU_DICT,10000 list,0,500,False,True,2025-09-08
scenery,FLEECE lettER happY,10000 list,0,1,False,True,2025-09-08
scheduler,DRESS commA lettER,10000 list,0,3,True,True,2025-09-08
scientifically,PRICE commA KIT happY,10000 list,0,1,True,True,2025-09-08
scrap,TRAP,10000 list,0,1,False,True,2025-09-08
scrapped,TRAP,10000 list,0,1,False,True,2025-09-08
scrapping,TRAP commA,10000 list,0,1,False,True,2025-09-08
scraps,TRAP,10000 list,0,1,False,True,2025-09-08
scratches,TRAP commA,10000 list,0,1,True,True,2025-09-08
screamed,FLEECE,10000 list,0,0,False,True,2025-09-08
screaming,FLEECE commA,10000 list,0,0,False,True,2025-09-08
screams,FLEECE,10000 list,0,0,False,True,2025-09-08
scum,STRUT,10000 list,0,1,False,True,2025-09-08
secondly,DRESS commA happY,10000 list,0,4,False,True,2025-09-08
secretly,FLEECE commA happY,10000 list,0,1,False,True,2025-09-08
sect,DRESS,10000 list,0,3,False,True,2025-09-08
sects,DRESS,10000 list,0,3,False,True,2025-09-08
secular,DRESS commA lettER,10000 list,0,3,False,True,2025-09-08
seemingly,FLEECE commA happY,10000 list,0,1,False,True,2025-09-08
seldom,DRESS commA,10000 list,0,3,False,True,2025-09-08
selectively,commA DRESS happY,10000 list,0,4,False,True,2025-09-08
selfish,DRESS commA,10000 list,0,3,False,True,2025-09-08
semantic,commA TRAP,10000 list,0,5,False,True,2025-09-08
semantics,commA ambiguous_TRAP_BATH,10000 list,0,105,False,True,2025-09-08
sensible,DRESS commA,10000 list,0,3,False,True,2025-09-08
sensibly,DRESS commA happY,10000 list,0,4,False,True,2025-09-08
sentenced,DRESS commA,10000 list,0,3,False,True,2025-09-08
sentient,NOT_IN_CMU_DICT,10000 list,0,500,False,True,2025-09-08
sentiment,DRESS commA,10000 list,0,3,True,True,2025-09-08
sentimental,DRESS commA,10000 list,0,6,True,True,2025-09-08
sentiments,DRESS commA,10000 list,0,3,True,True,2025-09-08
separator,DRESS commA FACE lettER,10000 list,0,3,False,True,2025-09-08
separators,DRESS commA FACE lettER,10000 list,0,3,False,True,2025-09-08
sequential,commA DRESS,10000 list,0,3,False,True,2025-09-08
sermon,NURSE commA,10000 list,0,0,False,True,2025-09-08
severity,commA SQUARE happY,10000 list,0,11,False,True,2025-09-08
sexes,DRESS commA,10000 list,0,3,True,True,2025-09-08
sexist,DRESS commA,10000 list,0,3,False,True,2025-09-08
shaken,FACE commA,10000 list,0,0,False,True,2025-09-08
shaky,FACE happY,10000 list,0,1,False,True,2025-09-08
shallow,TRAP GOAT,10000 list,0,5,False,True,2025-09-08
shareholder,SQUARE GOAT lettER,10000 list,0,10,False,True,2025-09-08
shedding,DRESS commA,10000 list,0,3,False,True,2025-09-08
sheds,DRESS,10000 list,0,3,False,True,2025-09-08
shelve,DRESS,10000 list,0,3,False,True,2025-09-08
shelves,DRESS,10000 list,0,3,False,True,2025-09-08
shined,PRICE,10000 list,0,0,False,True,2025-09-08
shiny,PRICE happY,10000 list,0,1,False,True,2025-09-08
shone,GOAT,10000 list,0,0,False,True,2025-09-08
shortage,ambiguous_NORTH_FORCE commA,10000 list,0,105,True,True,2025-09-08
shorten,ambiguous_NORTH_FORCE commA,10000 list,0,105,False,True,2025-09-08
shortened,ambiguous_NORTH_FORCE commA,10000 list,0,5,False,True,2025-09-08
shortening,ambiguous_NORTH_FORCE commA,10000 list,0,5,True,True,2025-09-08
shortens,ambiguous_NORTH_FORCE commA,10000 list,0,5,False,True,2025-09-08
shorthand,ambiguous_NORTH_FORCE ambiguous_TRAP_BATH,10000 list,0,110,False,True,2025-09-08
shove,STRUT,10000 list,0,1,False,True,2025-09-08
shy,PRICE,10000 list,0,0,False,True,2025-09-08
sicken,KIT commA,10000 list,0,0,False,True,2025-09-08
sickened,KIT commA,10000 list,0,0,False,True,2025-09-08
sickening,KIT commA,10000 list,0,0,True,True,2025-09-08
sickens,NOT_IN_CMU_DICT,10000 list,0,500,False,True,2025-09-08
sided,PRICE commA,10000 list,0,0,False,True,2025-09-08
sideways,PRICE FACE,10000 list,0,0,False,True,2025-09-08
sillier,KIT happY lettER,10000 list,0,1,False,True,2025-09-08
silliest,KIT happY commA,10000 list,0,1,False,True,2025-09-08
similarities,KIT commA SQUARE happY,10000 list,0,11,False,True,2025-09-08
similarity,KIT commA SQUARE happY,10000 list,0,11,False,True,2025-09-08
simpler,KIT commA lettER,10000 list,0,0,True,True,2025-09-08
simpler,KIT lettER,10000 list,0,0,True,True,2025-09-08
simplest,KIT commA,10000 list,0,0,False,True,2025-09-08
simplicity,commA KIT happY,10000 list,0,1,True,True,2025-09-08
simplistic,commA KIT,10000 list,0,0,False,True,2025-09-08
simulate,KIT commA,10000 list,0,0,True,True,2025-09-08
simulate,KIT commA FACE,10000 list,0,0,True,True,2025-09-08
simulated,KIT commA FACE,10000 list,0,0,False,True,2025-09-08
simulates,KIT commA FACE,10000 list,0,0,False,True,2025-09-08
simulating,KIT commA FACE,10000 list,0,0,False,True,2025-09-08
simultaneous,PRICE commA FACE happY,10000 list,0,1,False,True,2025-09-08
sine,PRICE,10000 list,0,0,False,True,2025-09-08
sinful,KIT commA,10000 list,0,0,False,True,2025-09-08
singular,KIT commA lettER,10000 list,0,0,False,True,2025-09-08
singularly,KIT commA lettER happY,10000 list,0,1,False,True,2025-09-08
sinister,KIT commA lettER,10000 list,0,0,False,True,2025-09-08
situate,KIT commA FACE,10000 list,0,0,False,True,2025-09-08
situates,NOT_IN_CMU_DICT,10000 list,0,500,False,True,2025-09-08
situating,NOT_IN_CMU_DICT,10000 list,0,500,False,True,2025-09-08
sixteen,commA FLEECE,10000 list,0,0,True,True,2025-09-08
sixteen,KIT FLEECE,10000 list,0,0,True,True,2025-09-08
sixties,KIT happY,10000 list,0,1,False,True,2025-09-08
sixty,KIT happY,10000 list,0,1,False,True,2025-09-08
skeleton,DRESS commA,10000 list,0,3,False,True,2025-09-08
skeptical,DRESS commA,10000 list,0,3,True,True,2025-09-08
sketches,DRESS commA,10000 list,0,3,True,True,2025-09-08
slag,TRAP,10000 list,0,1,False,True,2025-09-08
slang,TRAP,10000 list,0,5,False,True,2025-09-08
slash,TRAP,10000 list,0,5,False,True,2025-09-08
slept,DRESS,10000 list,0,3,False,True,2025-09-08
sliced,PRICE,10000 list,0,0,False,True,2025-09-08
slid,KIT,10000 list,0,0,False,True,2025-09-08
slippery,KIT lettER happY,10000 list,0,1,True,True,2025-09-08
slippery,KIT happY,10000 list,0,1,True,True,2025-09-08
sloppy,LOT happY,10000 list,0,6,False,True,2025-09-08
smallish,THOUGHT commA,10000 list,0,1,False,True,2025-09-08
smashes,ambiguous_TRAP_BATH commA,10000 list,0,105,False,True,2025-09-08
smelly,DRESS happY,10000 list,0,4,False,True,2025-09-08
smiled,PRICE,10000 list,0,0,False,True,2025-09-08
smoked,GOAT,10000 list,0,0,False,True,2025-09-08
smoker,GOAT lettER,10000 list,0,0,False,True,2025-09-08
smokers,GOAT lettER,10000 list,0,0,False,True,2025-09-08
smoothly,GOOSE happY,10000 list,0,1,False,True,2025-09-08
smug,STRUT,10000 list,0,1,False,True,2025-09-08
snack,TRAP,10000 list,0,1,False,True,2025-09-08
snag,TRAP,10000 list,0,1,False,True,2025-09-08
sniff,KIT,10000 list,0,0,False,True,2025-09-08
snobbery,ambiguous_LOT_PALM lettER happY,10000 list,0,106,False,True,2025-09-08
socialism,GOAT commA KIT,10000 list,0,0,False,True,2025-09-08
socialist,GOAT commA,10000 list,0,0,True,True,2025-09-08
socially,GOAT commA happY,10000 list,0,1,False,True,2025-09-08
sock,LOT,10000 list,0,5,False,True,2025-09-08
sod,LOT,10000 list,0,5,False,True,2025-09-08
solicitor,commA KIT lettER,10000 list,0,0,False,True,2025-09-08
solicitors,commA KIT lettER,10000 list,0,0,False,True,2025-09-08
someplace,STRUT FACE,10000 list,0,1,False,True,2025-09-08
sometime,STRUT PRICE,10000 list,0,1,False,True,2025-09-08
sophisticate,commA KIT FACE,10000 list,0,0,True,True,2025-09-08
sophisticate,commA KIT,10000 list,0,0,True,True,2025-09-08
sophisticates,commA KIT,10000 list,0,0,False,True,2025-09-08
sophisticating,NOT_IN_CMU_DICT,10000 list,0,500,False,True,2025-09-08
sordid,ambiguous_NORTH_FORCE commA,10000 list,0,5,False,True,2025-09-08
spaced,FACE,10000 list,0,0,False,True,2025-09-08
specialize,DRESS commA PRICE,10000 list,0,3,False,True,2025-09-08
specializes,DRESS commA PRICE,10000 list,0,3,True,True,2025-09-08
specimen,DRESS commA,10000 list,0,3,False,True,2025-09-08
speculate,DRESS commA FACE,10000 list,0,3,False,True,2025-09-08
speculation,DRESS commA FACE,10000 list,0,3,False,True,2025-09-08
sped,DRESS,10000 list,0,3,False,True,2025-09-08
spigot,KIT commA,10000 list,0,0,False,True,2025-09-08
spill,KIT,10000 list,0,0,False,True,2025-09-08
spit,KIT,10000 list,0,0,False,True,2025-09-08
spite,PRICE,10000 list,0,0,False,True,2025-09-08
spits,KIT,10000 list,0,0,False,True,2025-09-08
spitted,NOT_IN_CMU_DICT,10000 list,0,500,False,True,2025-09-08
spitting,KIT commA,10000 list,0,0,False,True,2025-09-08
splendid,DRESS commA,10000 list,0,3,False,True,2025-09-08
spoil,CHOICE,10000 list,0,0,False,True,2025-09-08
spoiled,CHOICE,10000 list,0,0,False,True,2025-09-08
spoiling,CHOICE commA,10000 list,0,0,False,True,2025-09-08
spoils,CHOICE,10000 list,0,0,False,True,2025-09-08
spontaneous,LOT FACE happY commA,10000 list,0,6,False,True,2025-09-08
spontaneously,ambiguous_LOT_PALM FACE happY commA,10000 list,0,107,False,True,2025-09-08
spool,GOOSE,10000 list,0,0,False,True,2025-09-08
spout,MOUTH,10000 list,0,0,False,True,2025-09-08
sprang,TRAP,10000 list,0,5,False,True,2025-09-08
sprung,STRUT,10000 list,0,1,False,True,2025-09-08
spurious,CURE happY commA,10000 list,0,1,True,True,2025-09-08
spurious,NURSE happY commA,10000 list,0,1,True,True,2025-09-08
squash,LOT,10000 list,0,5,False,True,2025-09-08
squashed,ambiguous_LOT_PALM,10000 list,0,105,False,True,2025-09-08
squashes,NOT_IN_CMU_DICT,10000 list,0,500,False,True,2025-09-08
squashing,ambiguous_LOT_PALM commA,10000 list,0,105,False,True,2025-09-08
squeezed,FLEECE,10000 list,0,0,False,True,2025-09-08
squeezes,FLEECE commA,10000 list,0,0,False,True,2025-09-08
squeezing,FLEECE commA,10000 list,0,0,False,True,2025-09-08
stall,THOUGHT,10000 list,0,1,False,True,2025-09-08
standardize,TRAP lettER PRICE,10000 list,0,5,False,True,2025-09-08
standardized,ambiguous_TRAP_BATH lettER PRICE,10000 list,0,105,False,True,2025-09-08
standardizes,NOT_IN_CMU_DICT,10000 list,0,500,False,True,2025-09-08
standardizing,ambiguous_TRAP_BATH lettER PRICE commA,10000 list,0,105,False,True,2025-09-08
standpoint,ambiguous_TRAP_BATH CHOICE,10000 list,0,105,False,True,2025-09-08
stark,START,10000 list,0,1,False,True,2025-09-08
startle,START commA,10000 list,0,1,False,True,2025-09-08
startled,START commA,10000 list,0,1,False,True,2025-09-08
startles,START commA,10000 list,0,1,False,True,2025-09-08
startling,START commA,10000 list,0,1,False,True,2025-09-08
starve,START,10000 list,0,1,False,True,2025-09-08
starves,START,10000 list,0,1,False,True,2025-09-08
starving,START commA,10000 list,0,1,False,True,2025-09-08
stationary,FACE commA SQUARE happY,10000 list,0,11,False,True,2025-09-08
statistic,commA KIT,10000 list,0,0,False,True,2025-09-08
steadily,DRESS commA happY,10000 list,0,4,False,True,2025-09-08
stepped,DRESS,10000 list,0,3,False,True,2025-09-08
stepping,DRESS commA,10000 list,0,3,False,True,2025-09-08
stiff,KIT,10000 list,0,0,False,True,2025-09-08
stimulate,KIT commA FACE,10000 list,0,0,False,True,2025-09-08
stimulated,KIT commA FACE,10000 list,0,0,False,True,2025-09-08
stimulates,KIT commA FACE,10000 list,0,0,False,True,2025-09-08
stimulating,KIT commA FACE,10000 list,0,0,False,True,2025-09-08
stimulation,KIT commA FACE,10000 list,0,0,False,True,2025-09-08
stole,GOAT,10000 list,0,0,False,True,2025-09-08
strangely,FACE happY,10000 list,0,1,False,True,2025-09-08
strangest,FACE commA,10000 list,0,0,False,True,2025-09-08
straw,THOUGHT,10000 list,0,5,False,True,2025-09-08
stray,FACE,10000 list,0,0,False,True,2025-09-08
stresses,DRESS commA,10000 list,0,3,True,True,2025-09-08
stretches,DRESS commA,10000 list,0,3,True,True,2025-09-08
stringent,KIT commA,10000 list,0,0,False,True,2025-09-08
struggled,STRUT commA,10000 list,0,1,False,True,2025-09-08
stumbled,STRUT commA,10000 list,0,1,False,True,2025-09-08
stun,STRUT,10000 list,0,1,False,True,2025-09-08
stunned,STRUT,10000 list,0,1,False,True,2025-09-08
stuns,STRUT,10000 list,0,1,False,True,2025-09-08
stunt,STRUT,10000 list,0,1,False,True,2025-09-08
subroutine,STRUT commA FLEECE,10000 list,0,1,False,True,2025-09-08
subroutines,NOT_IN_CMU_DICT,10000 list,0,500,False,True,2025-09-08
subset,STRUT DRESS,10000 list,0,4,False,True,2025-09-08
subsidize,STRUT commA PRICE,10000 list,0,1,False,True,2025-09-08
subsidized,STRUT commA PRICE,10000 list,0,1,False,True,2025-09-08
subsidizes,STRUT commA PRICE,10000 list,0,1,False,True,2025-09-08
subsidizing,STRUT commA PRICE,10000 list,0,1,False,True,2025-09-08
substituted,STRUT commA GOOSE,10000 list,0,1,False,True,2025-09-08
subtleties,STRUT commA happY,10000 list,0,2,False,True,2025-09-08
subtlety,STRUT commA happY,10000 list,0,2,False,True,2025-09-08
subtly,STRUT commA happY,10000 list,0,2,False,True,2025-09-08
succession,commA DRESS,10000 list,0,3,False,True,2025-09-08
successive,commA DRESS,10000 list,0,3,False,True,2025-09-08
suffice,commA PRICE,10000 list,0,0,False,True,2025-09-08
suicidal,GOOSE commA PRICE,10000 list,0,0,False,True,2025-09-08
suitably,GOOSE commA happY,10000 list,0,1,False,True,2025-09-08
summarize,STRUT lettER PRICE,10000 list,0,1,False,True,2025-09-08
summarized,STRUT lettER PRICE,10000 list,0,1,False,True,2025-09-08
summarizes,STRUT lettER PRICE commA,10000 list,0,1,False,True,2025-09-08
summarizing,STRUT lettER PRICE commA,10000 list,0,1,False,True,2025-09-08
sundry,STRUT happY,10000 list,0,2,False,True,2025-09-08
superficial,GOOSE lettER KIT commA,10000 list,0,0,False,True,2025-09-08
superficially,GOOSE lettER KIT commA happY,10000 list,0,1,False,True,2025-09-08
superiority,GOOSE commA happY CLOTH,10000 list,0,7,False,True,2025-09-08
supernatural,GOOSE lettER TRAP commA,10000 list,0,1,False,True,2025-09-08
supervised,GOOSE lettER PRICE,10000 list,0,0,False,True,2025-09-08
supervisions,NOT_IN_CMU_DICT,10000 list,0,500,False,True,2025-09-08
supplementary,STRUT commA DRESS lettER happY,10000 list,0,5,True,True,2025-09-08
supplementary,STRUT commA DRESS happY,10000 list,0,5,True,True,2025-09-08
supposedly,commA GOAT happY,10000 list,0,1,False,True,2025-09-08
suppress,commA DRESS,10000 list,0,3,False,True,2025-09-08
suppressed,commA DRESS,10000 list,0,3,False,True,2025-09-08
suppresses,commA DRESS,10000 list,0,3,False,True,2025-09-08
suppressing,commA DRESS,10000 list,0,3,False,True,2025-09-08
suppression,commA DRESS,10000 list,0,3,False,True,2025-09-08
survived,lettER PRICE,10000 list,0,0,False,True,2025-09-08
susceptible,commA DRESS,10000 list,0,3,False,True,2025-09-08
suspend,commA DRESS,10000 list,0,3,False,True,2025-09-08
suspending,commA DRESS,10000 list,0,3,False,True,2025-09-08
suspends,commA DRESS,10000 list,0,3,False,True,2025-09-08
suspicion,commA KIT,10000 list,0,0,False,True,2025-09-08
suspicious,commA KIT,10000 list,0,0,False,True,2025-09-08
suspiciously,commA KIT happY,10000 list,0,1,False,True,2025-09-08
sustaining,commA FACE,10000 list,0,0,False,True,2025-09-08
sustains,commA FACE,10000 list,0,0,False,True,2025-09-08
swallow,LOT GOAT,10000 list,0,1,True,True,2025-09-08
swallow,THOUGHT GOAT,10000 list,0,1,True,True,2025-09-08
swallowing,PALM GOAT commA,10000 list,0,5,False,True,2025-09-08
swam,TRAP,10000 list,0,5,False,True,2025-09-08
swamp,LOT,10000 list,0,5,True,True,2025-09-08
swamp,CLOTH,10000 list,0,5,True,True,2025-09-08
swamped,THOUGHT,10000 list,0,5,False,True,2025-09-08
swamping,ambiguous_LOT_PALM commA,10000 list,0,105,False,True,2025-09-08
swamps,ambiguous_LOT_PALM,10000 list,0,5,True,True,2025-09-08
swamps,THOUGHT,10000 list,0,5,True,True,2025-09-08
sweat,DRESS,10000 list,0,3,False,True,2025-09-08
sweating,DRESS commA,10000 list,0,3,False,True,2025-09-08
sweats,DRESS,10000 list,0,3,False,True,2025-09-08
swept,DRESS,10000 list,0,3,False,True,2025-09-08
swum,STRUT,10000 list,0,1,False,True,2025-09-08
symbolic,commA LOT,10000 list,0,5,False,True,2025-09-08
symmetric,commA DRESS,10000 list,0,3,False,True,2025-09-08
symmetry,KIT commA happY,10000 list,0,1,False,True,2025-09-08
sympathetic,KIT commA DRESS,10000 list,0,3,False,True,2025-09-08
sympathize,KIT commA PRICE,10000 list,0,0,False,True,2025-09-08
synonym,KIT commA,10000 list,0,0,False,True,2025-09-08
synonymous,commA LOT,10000 list,0,5,False,True,2025-09-08
synonyms,KIT commA,10000 list,0,0,False,True,2025-09-08
syntactic,KIT TRAP commA,10000 list,0,1,False,True,2025-09-08
syntactically,NOT_IN_CMU_DICT,10000 list,0,500,False,True,2025-09-08
synthesizer,KIT commA PRICE lettER,10000 list,0,0,False,True,2025-09-08
tack,TRAP,10000 list,0,1,False,True,2025-09-08
tacked,TRAP,10000 list,0,1,False,True,2025-09-08
tacking,TRAP commA,10000 list,0,1,False,True,2025-09-08
tackled,TRAP commA,10000 list,0,1,False,True,2025-09-08
tacks,TRAP,10000 list,0,1,False,True,2025-09-08
tactical,TRAP commA,10000 list,0,1,False,True,2025-09-08
tactless,TRAP commA,10000 list,0,1,False,True,2025-09-08
taker,FACE lettER,10000 list,0,0,False,True,2025-09-08
takers,FACE lettER,10000 list,0,0,False,True,2025-09-08
tangent,ambiguous_TRAP_BATH commA,10000 list,0,105,False,True,2025-09-08
tasted,FACE commA,10000 list,0,0,False,True,2025-09-08
tasteless,FACE commA,10000 list,0,0,False,True,2025-09-08
taxpayers,TRAP FACE lettER,10000 list,0,1,False,True,2025-09-08
technically,DRESS commA happY,10000 list,0,4,True,True,2025-09-08
tedious,FLEECE happY commA,10000 list,0,1,False,True,2025-09-08
tempt,DRESS,10000 list,0,3,False,True,2025-09-08
tempted,DRESS commA,10000 list,0,3,False,True,2025-09-08
tempting,DRESS commA,10000 list,0,3,False,True,2025-09-08
tempts,DRESS,10000 list,0,3,False,True,2025-09-08
tendencies,DRESS commA happY,10000 list,0,4,False,True,2025-09-08
tense,DRESS,10000 list,0,3,False,True,2025-09-08
tentative,DRESS commA,10000 list,0,3,True,True,2025-09-08
tentatively,DRESS commA happY,10000 list,0,4,True,True,2025-09-08
tenth,DRESS,10000 list,0,3,False,True,2025-09-08
terminally,NURSE commA happY,10000 list,0,1,False,True,2025-09-08
terminate,NURSE commA FACE,10000 list,0,0,False,True,2025-09-08
terminated,NURSE commA FACE,10000 list,0,0,False,True,2025-09-08
terminates,NURSE commA FACE,10000 list,0,0,False,True,2025-09-08
terminating,NURSE commA FACE,10000 list,0,0,False,True,2025-09-08
terminator,NURSE commA FACE lettER,10000 list,0,0,False,True,2025-09-08
terribly,SQUARE commA happY,10000 list,0,11,False,True,2025-09-08
terrified,SQUARE commA PRICE,10000 list,0,10,False,True,2025-09-08
terse,NURSE,10000 list,0,0,False,True,2025-09-08
textual,DRESS GOOSE commA,10000 list,0,3,False,True,2025-09-08
thankful,ambiguous_TRAP_BATH commA,10000 list,0,105,False,True,2025-09-08
thankfully,ambiguous_TRAP_BATH commA happY,10000 list,0,106,False,True,2025-09-08
theological,FLEECE commA PALM,10000 list,0,5,False,True,2025-09-08
theoretically,FLEECE lettER DRESS commA happY,10000 list,0,4,True,True,2025-09-08
thereabouts,SQUARE commA MOUTH,10000 list,0,10,False,True,2025-09-08
therein,SQUARE KIT,10000 list,0,10,False,True,2025-09-08
they're,SQUARE,10000 list,0,10,False,True,2025-09-08
thief,FLEECE,10000 list,0,0,False,True,2025-09-08
thieve,FLEECE,10000 list,0,0,False,True,2025-09-08
thieves,FLEECE,10000 list,0,0,False,True,2025-09-08
thirst,NURSE,10000 list,0,0,False,True,2025-09-08
thoroughfare,NURSE GOAT SQUARE,10000 list,0,10,False,True,2025-09-08
threatens,DRESS commA,10000 list,0,3,False,True,2025-09-08
threw,GOOSE,10000 list,0,0,False,True,2025-09-08
throughput,GOOSE FOOT,10000 list,0,0,False,True,2025-09-08
thrust,STRUT,10000 list,0,1,False,True,2025-09-08
thrusting,STRUT commA,10000 list,0,1,False,True,2025-09-08
thrusts,STRUT,10000 list,0,1,False,True,2025-09-08
tick,KIT,10000 list,0,0,False,True,2025-09-08
tidied,NOT_IN_CMU_DICT,10000 list,0,500,False,True,2025-09-08
tidies,NOT_IN_CMU_DICT,10000 list,0,500,False,True,2025-09-08
tidy,PRICE happY,10000 list,0,1,False,True,2025-09-08
tidying,NOT_IN_CMU_DICT,10000 list,0,500,False,True,2025-09-08
tightly,PRICE happY,10000 list,0,1,False,True,2025-09-08
timescale,NOT_IN_CMU_DICT,10000 list,0,500,False,True,2025-09-08
tiresome,PRICE lettER commA,10000 list,0,0,False,True,2025-09-08
toad,GOAT,10000 list,0,0,False,True,2025-09-08
toggle,LOT commA,10000 list,0,5,False,True,2025-09-08
tolerant,ambiguous_LOT_PALM lettER commA,10000 list,0,105,False,True,2025-09-08
tolerate,LOT lettER FACE,10000 list,0,5,False,True,2025-09-08
tolerated,ambiguous_LOT_PALM lettER FACE commA,10000 list,0,105,False,True,2025-09-08
tolerates,THOUGHT lettER FACE,10000 list,0,1,False,True,2025-09-08
tolerating,ambiguous_LOT_PALM lettER FACE commA,10000 list,0,105,False,True,2025-09-08
topical,PALM commA,10000 list,0,5,True,True,2025-09-08
touches,STRUT commA,10000 list,0,1,True,True,2025-09-08
traced,FACE,10000 list,0,0,False,True,2025-09-08
traded,FACE commA,10000 list,0,0,False,True,2025-09-08
traditionally,commA KIT happY,10000 list,0,1,True,True,2025-09-08
transient,ambiguous_TRAP_BATH commA,10000 list,0,105,False,True,2025-09-08
transmitter,ambiguous_TRAP_BATH KIT lettER,10000 list,0,105,False,True,2025-09-08
transmitters,ambiguous_TRAP_BATH KIT lettER,10000 list,0,105,False,True,2025-09-08
trashcan,NOT_IN_CMU_DICT,10000 list,0,500,False,True,2025-09-08
tread,DRESS,10000 list,0,3,False,True,2025-09-08
tremendously,commA DRESS happY,10000 list,0,4,True,True,2025-09-08
trendy,DRESS happY,10000 list,0,4,False,True,2025-09-08
tricky,KIT happY,10000 list,0,1,False,True,2025-09-08
trifle,PRICE commA,10000 list,0,0,False,True,2025-09-08
tripos,NOT_IN_CMU_DICT,10000 list,0,500,False,True,2025-09-08
trivial,KIT happY commA,10000 list,0,1,False,True,2025-09-08
trivially,NOT_IN_CMU_DICT,10000 list,0,500,False,True,2025-09-08
trolley,LOT happY,10000 list,0,6,False,True,2025-09-08
trumpet,STRUT commA,10000 list,0,1,False,True,2025-09-08
trusty,STRUT happY,10000 list,0,2,False,True,2025-09-08
tuned,GOOSE,10000 list,0,0,False,True,2025-09-08
turntable,NURSE FACE commA,10000 list,0,0,False,True,2025-09-08
tying,PRICE commA,10000 list,0,0,False,True,2025-09-08
typed,PRICE,10000 list,0,0,False,True,2025-09-08
typeset,PRICE DRESS,10000 list,0,3,False,True,2025-09-08
typesets,NOT_IN_CMU_DICT,10000 list,0,500,False,True,2025-09-08
typesetting,PRICE DRESS commA,10000 list,0,3,False,True,2025-09-08
typewriter,PRICE lettER,10000 list,0,0,False,True,2025-09-08
ugh,STRUT,10000 list,0,1,False,True,2025-09-08
unbelievable,STRUT commA FLEECE,10000 list,0,1,False,True,2025-09-08
unbelievably,STRUT commA FLEECE happY,10000 list,0,2,False,True,2025-09-08
unconvincing,STRUT commA KIT,10000 list,0,1,False,True,2025-09-08
underestimate,STRUT lettER DRESS commA FACE,10000 list,0,4,True,True,2025-09-08
underestimate,STRUT lettER DRESS commA,10000 list,0,4,True,True,2025-09-08
undergoes,STRUT lettER GOAT,10000 list,0,1,False,True,2025-09-08
undergoing,STRUT lettER GOAT commA,10000 list,0,1,False,True,2025-09-08
underlain,NOT_IN_CMU_DICT,10000 list,0,500,False,True,2025-09-08
underlay,NOT_IN_CMU_DICT,10000 list,0,500,False,True,2025-09-08
underlie,STRUT lettER PRICE,10000 list,0,1,False,True,2025-09-08
underlies,STRUT lettER PRICE,10000 list,0,1,False,True,2025-09-08
underline,STRUT lettER PRICE,10000 list,0,1,False,True,2025-09-08
underlined,STRUT lettER PRICE,10000 list,0,1,False,True,2025-09-08
underlines,STRUT lettER PRICE,10000 list,0,1,False,True,2025-09-08
underlining,STRUT lettER PRICE commA,10000 list,0,1,False,True,2025-09-08
undoubtedly,commA MOUTH happY,10000 list,0,1,False,True,2025-09-08
unexpectedly,STRUT commA DRESS happY,10000 list,0,5,False,True,2025-09-08
unfortunate,commA ambiguous_NORTH_FORCE,10000 list,0,105,True,True,2025-09-08
unifies,NOT_IN_CMU_DICT,10000 list,0,500,False,True,2025-09-08
uniformly,GOOSE commA ambiguous_NORTH_FORCE happY,10000 list,0,6,False,True,2025-09-08
unify,GOOSE commA PRICE,10000 list,0,0,False,True,2025-09-08
unifying,GOOSE commA PRICE,10000 list,0,0,False,True,2025-09-08
uniquely,commA FLEECE happY,10000 list,0,1,False,True,2025-09-08
universally,GOOSE commA NURSE happY,10000 list,0,1,False,True,2025-09-08
unjustified,commA STRUT PRICE,10000 list,0,1,False,True,2025-09-08
unread,commA DRESS,10000 list,0,3,False,True,2025-09-08
unreadable,commA FLEECE,10000 list,0,1,True,True,2025-09-08
unreadable,STRUT FLEECE commA,10000 list,0,1,True,True,2025-09-08
unsolicited,STRUT commA KIT,10000 list,0,1,False,True,2025-09-08
untidy,commA PRICE happY,10000 list,0,1,False,True,2025-09-08
unusable,commA GOOSE,10000 list,0,0,False,True,2025-09-08
upbringing,STRUT KIT commA,10000 list,0,1,False,True,2025-09-08
upgraded,commA FACE,10000 list,0,1,True,True,2025-09-08
upgraded,STRUT FACE commA,10000 list,0,1,True,True,2025-09-08
ups,STRUT,10000 list,0,1,False,True,2025-09-08
upside,STRUT PRICE,10000 list,0,1,False,True,2025-09-08
upward,STRUT lettER,10000 list,0,1,False,True,2025-09-08
urgency,NURSE commA happY,10000 list,0,1,False,True,2025-09-08
urgently,NURSE commA happY,10000 list,0,1,False,True,2025-09-08
usable,GOOSE commA,10000 list,0,0,False,True,2025-09-08
usefully,GOOSE commA happY,10000 list,0,1,False,True,2025-09-08
useless,GOOSE commA,10000 list,0,0,False,True,2025-09-08
vaguely,FACE happY,10000 list,0,1,False,True,2025-09-08
vain,FACE,10000 list,0,0,False,True,2025-09-08
vandalism,ambiguous_TRAP_BATH commA,10000 list,0,105,False,True,2025-09-08
vanish,TRAP commA,10000 list,0,5,False,True,2025-09-08
vanished,ambiguous_TRAP_BATH commA,10000 list,0,105,False,True,2025-09-08
vanishes,ambiguous_TRAP_BATH commA,10000 list,0,105,False,True,2025-09-08
vanishing,ambiguous_TRAP_BATH commA,10000 list,0,105,False,True,2025-09-08
variant,SQUARE happY commA,10000 list,0,11,False,True,2025-09-08
variants,SQUARE happY commA,10000 list,0,11,False,True,2025-09-08
vastly,BATH happY,10000 list,0,6,False,True,2025-09-08
vein,FACE,10000 list,0,0,False,True,2025-09-08
vend,NOT_IN_CMU_DICT,10000 list,0,500,False,True,2025-09-08
vended,NOT_IN_CMU_DICT,10000 list,0,500,False,True,2025-09-08
vending,DRESS commA,10000 list,0,3,False,True,2025-09-08
vends,NOT_IN_CMU_DICT,10000 list,0,500,False,True,2025-09-08
verb,NURSE,10000 list,0,0,False,True,2025-09-08
verbally,lettER ambiguous_TRAP_BATH happY,10000 list,0,106,False,True,2025-09-08
verbatim,lettER FACE commA,10000 list,0,0,False,True,2025-09-08
verbose,NOT_IN_CMU_DICT,10000 list,0,500,False,True,2025-09-08
verbs,NURSE,10000 list,0,0,False,True,2025-09-08
vertically,NURSE commA happY,10000 list,0,1,False,True,2025-09-08
vet,DRESS,10000 list,0,3,False,True,2025-09-08
viable,PRICE commA,10000 list,0,0,False,True,2025-09-08
vicar,KIT lettER,10000 list,0,0,False,True,2025-09-08
vicinity,commA KIT happY,10000 list,0,1,True,True,2025-09-08
vicious,KIT commA,10000 list,0,0,False,True,2025-09-08
vigorously,KIT lettER commA happY,10000 list,0,1,False,True,2025-09-08
vile,PRICE,10000 list,0,0,False,True,2025-09-08
violently,PRICE commA happY,10000 list,0,1,True,True,2025-09-08
visually,KIT commA happY,10000 list,0,1,False,True,2025-09-08
voluntarily,ambiguous_LOT_PALM commA SQUARE happY,10000 list,0,116,False,True,2025-09-08
waded,FACE commA,10000 list,0,0,False,True,2025-09-08
waffle,LOT commA,10000 list,0,5,False,True,2025-09-08
waked,NOT_IN_CMU_DICT,10000 list,0,500,False,True,2025-09-08
wandered,ambiguous_LOT_PALM lettER,10000 list,0,105,False,True,2025-09-08
wandering,LOT lettER commA,10000 list,0,5,False,True,2025-09-08
wanders,ambiguous_LOT_PALM lettER,10000 list,0,105,False,True,2025-09-08
warns,ambiguous_NORTH_FORCE,10000 list,0,5,False,True,2025-09-08
washes,ambiguous_LOT_PALM commA,10000 list,0,105,False,True,2025-09-08
wasn't,LOT commA,10000 list,0,1,True,True,2025-09-08
wasn't,STRUT commA,10000 list,0,1,True,True,2025-09-08
wasted,FACE commA,10000 list,0,0,False,True,2025-09-08
wasteful,FACE commA,10000 list,0,0,False,True,2025-09-08
weaknesses,FLEECE commA,10000 list,0,0,True,True,2025-09-08
weasel,FLEECE commA,10000 list,0,0,False,True,2025-09-08
weasels,FLEECE commA,10000 list,0,0,False,True,2025-09-08
weekday,FLEECE FACE,10000 list,0,0,False,True,2025-09-08
welcomed,DRESS commA,10000 list,0,3,False,True,2025-09-08
whatsoever,STRUT GOAT DRESS lettER,10000 list,0,4,True,True,2025-09-08
whence,DRESS,10000 list,0,3,True,True,2025-09-08
whereupon,SQUARE commA ambiguous_LOT_PALM,10000 list,0,115,True,True,2025-09-08
whim,KIT,10000 list,0,0,True,True,2025-09-08
whiskey,KIT happY,10000 list,0,1,True,True,2025-09-08
whistle,KIT commA,10000 list,0,0,True,True,2025-09-08
whistles,KIT commA,10000 list,0,0,True,True,2025-09-08
whoever,commA DRESS lettER,10000 list,0,3,False,True,2025-09-08
wholeheartedly,GOAT START commA happY,10000 list,0,2,False,True,2025-09-08
wholly,GOAT happY,10000 list,0,1,False,True,2025-09-08
whoop,GOOSE,10000 list,0,0,True,True,2025-09-08
widest,PRICE commA,10000 list,0,0,False,True,2025-09-08
wildly,PRICE happY,10000 list,0,1,False,True,2025-09-08
willingly,KIT commA happY,10000 list,0,1,False,True,2025-09-08
winded,KIT commA,10000 list,0,0,True,True,2025-09-08
winded,PRICE commA,10000 list,0,0,True,True,2025-09-08
winding,PRICE commA,10000 list,0,0,False,True,2025-09-08
wiped,PRICE,10000 list,0,0,False,True,2025-09-08
wiser,PRICE lettER,10000 list,0,0,False,True,2025-09-08
wisest,PRICE commA,10000 list,0,0,False,True,2025-09-08
withdrawing,commA THOUGHT,10000 list,0,5,True,True,2025-09-08
withdrew,commA GOOSE,10000 list,0,0,True,True,2025-09-08
witty,KIT happY,10000 list,0,1,False,True,2025-09-08
wive,NOT_IN_CMU_DICT,10000 list,0,500,False,True,2025-09-08
woke,GOAT,10000 list,0,0,False,True,2025-09-08
woken,GOAT commA,10000 list,0,0,False,True,2025-09-08
wombat,ambiguous_LOT_PALM TRAP,10000 list,0,106,False,True,2025-09-08
won't,GOAT,10000 list,0,0,False,True,2025-09-08
wonderfully,STRUT lettER commA happY,10000 list,0,2,True,True,2025-09-08
wonderfully,STRUT lettER happY,10000 list,0,2,True,True,2025-09-08
wondrous,STRUT commA,10000 list,0,1,False,True,2025-09-08
wont,GOAT,10000 list,0,0,False,True,2025-09-08
wrapper,TRAP lettER,10000 list,0,1,False,True,2025-09-08
wrappers,TRAP lettER,10000 list,0,1,False,True,2025-09-08
wreck,DRESS,10000 list,0,3,False,True,2025-09-08
wrecked,DRESS,10000 list,0,3,False,True,2025-09-08
wrecker,DRESS lettER,10000 list,0,3,False,True,2025-09-08
wrecking,DRESS commA,10000 list,0,3,False,True,2025-09-08
wrecks,DRESS,10000 list,0,3,False,True,2025-09-08
wren,DRESS,10000 list,0,3,False,True,2025-09-08
wrongly,CLOTH happY,10000 list,0,2,False,True,2025-09-08
yawn,THOUGHT,10000 list,0,5,False,True,2025-09-08
yourselves,CURE DRESS,10000 list,0,106,True,True,2025-09-08
yourselves,ambiguous_NORTH_FORCE commA,10000 list,0,106,True,True,2025-09-08